13:12:59 **** Build of configuration Debug for project quadrature_to_usb_midi ****
make -j28 all 
arm-none-eabi-gcc "../Drivers/STM32F1xx_HAL_Driver/Src/stm32f1xx_hal.c" -mcpu=cortex-m3 -std=gnu11 -g3 -DDEBUG -DUSE_HAL_DRIVER -DSTM32F103xB -c -I../Core/Inc -I../Drivers/STM32F1xx_HAL_Driver/Inc -I../Drivers/STM32F1xx_HAL_Driver/Inc/Legacy -I../Drivers/CMSIS/Device/ST/STM32F1xx/Include -I../Drivers/CMSIS/Include -O0 -ffunction-sections -fdata-sections -Wall -fstack-usage -fcyclomatic-complexity -MMD -MP -MF"Drivers/STM32F1xx_HAL_Driver/Src/stm32f1xx_hal.d" -MT"Drivers/STM32F1xx_HAL_Driver/Src/stm32f1xx_hal.o" --specs=nano.specs -mfloat-abi=soft -mthumb -o "Drivers/STM32F1xx_HAL_Driver/Src/stm32f1xx_hal.o"
arm-none-eabi-gcc "../Drivers/STM32F1xx_HAL_Driver/Src/stm32f1xx_hal_cortex.c" -mcpu=cortex-m3 -std=gnu11 -g3 -DDEBUG -DUSE_HAL_DRIVER -DSTM32F103xB -c -I../Core/Inc -I../Drivers/STM32F1xx_HAL_Driver/Inc -I../Drivers/STM32F1xx_HAL_Driver/Inc/Legacy -I../Drivers/CMSIS/Device/ST/STM32F1xx/Include -I../Drivers/CMSIS/Include -O0 -ffunction-sections -fdata-sections -Wall -fstack-usage -fcyclomatic-complexity -MMD -MP -MF"Drivers/STM32F1xx_HAL_Driver/Src/stm32f1xx_hal_cortex.d" -MT"Drivers/STM32F1xx_HAL_Driver/Src/stm32f1xx_hal_cortex.o" --specs=nano.specs -mfloat-abi=soft -mthumb -o "Drivers/STM32F1xx_HAL_Driver/Src/stm32f1xx_hal_cortex.o"
arm-none-eabi-gcc "../Drivers/STM32F1xx_HAL_Driver/Src/stm32f1xx_hal_dma.c" -mcpu=cortex-m3 -std=gnu11 -g3 -DDEBUG -DUSE_HAL_DRIVER -DSTM32F103xB -c -I../Core/Inc -I../Drivers/STM32F1xx_HAL_Driver/Inc -I../Drivers/STM32F1xx_HAL_Driver/Inc/Legacy -I../Drivers/CMSIS/Device/ST/STM32F1xx/Include -I../Drivers/CMSIS/Include -O0 -ffunction-sections -fdata-sections -Wall -fstack-usage -fcyclomatic-complexity -MMD -MP -MF"Drivers/STM32F1xx_HAL_Driver/Src/stm32f1xx_hal_dma.d" -MT"Drivers/STM32F1xx_HAL_Driver/Src/stm32f1xx_hal_dma.o" --specs=nano.specs -mfloat-abi=soft -mthumb -o "Drivers/STM32F1xx_HAL_Driver/Src/stm32f1xx_hal_dma.o"
arm-none-eabi-gcc "../Drivers/STM32F1xx_HAL_Driver/Src/stm32f1xx_hal_exti.c" -mcpu=cortex-m3 -std=gnu11 -g3 -DDEBUG -DUSE_HAL_DRIVER -DSTM32F103xB -c -I../Core/Inc -I../Drivers/STM32F1xx_HAL_Driver/Inc -I../Drivers/STM32F1xx_HAL_Driver/Inc/Legacy -I../Drivers/CMSIS/Device/ST/STM32F1xx/Include -I../Drivers/CMSIS/Include -O0 -ffunction-sections -fdata-sections -Wall -fstack-usage -fcyclomatic-complexity -MMD -MP -MF"Drivers/STM32F1xx_HAL_Driver/Src/stm32f1xx_hal_exti.d" -MT"Drivers/STM32F1xx_HAL_Driver/Src/stm32f1xx_hal_exti.o" --specs=nano.specs -mfloat-abi=soft -mthumb -o "Drivers/STM32F1xx_HAL_Driver/Src/stm32f1xx_hal_exti.o"
arm-none-eabi-gcc "../Drivers/STM32F1xx_HAL_Driver/Src/stm32f1xx_hal_flash.c" -mcpu=cortex-m3 -std=gnu11 -g3 -DDEBUG -DUSE_HAL_DRIVER -DSTM32F103xB -c -I../Core/Inc -I../Drivers/STM32F1xx_HAL_Driver/Inc -I../Drivers/STM32F1xx_HAL_Driver/Inc/Legacy -I../Drivers/CMSIS/Device/ST/STM32F1xx/Include -I../Drivers/CMSIS/Include -O0 -ffunction-sections -fdata-sections -Wall -fstack-usage -fcyclomatic-complexity -MMD -MP -MF"Drivers/STM32F1xx_HAL_Driver/Src/stm32f1xx_hal_flash.d" -MT"Drivers/STM32F1xx_HAL_Driver/Src/stm32f1xx_hal_flash.o" --specs=nano.specs -mfloat-abi=soft -mthumb -o "Drivers/STM32F1xx_HAL_Driver/Src/stm32f1xx_hal_flash.o"
arm-none-eabi-gcc "../Drivers/STM32F1xx_HAL_Driver/Src/stm32f1xx_hal_flash_ex.c" -mcpu=cortex-m3 -std=gnu11 -g3 -DDEBUG -DUSE_HAL_DRIVER -DSTM32F103xB -c -I../Core/Inc -I../Drivers/STM32F1xx_HAL_Driver/Inc -I../Drivers/STM32F1xx_HAL_Driver/Inc/Legacy -I../Drivers/CMSIS/Device/ST/STM32F1xx/Include -I../Drivers/CMSIS/Include -O0 -ffunction-sections -fdata-sections -Wall -fstack-usage -fcyclomatic-complexity -MMD -MP -MF"Drivers/STM32F1xx_HAL_Driver/Src/stm32f1xx_hal_flash_ex.d" -MT"Drivers/STM32F1xx_HAL_Driver/Src/stm32f1xx_hal_flash_ex.o" --specs=nano.specs -mfloat-abi=soft -mthumb -o "Drivers/STM32F1xx_HAL_Driver/Src/stm32f1xx_hal_flash_ex.o"
arm-none-eabi-gcc "../Drivers/STM32F1xx_HAL_Driver/Src/stm32f1xx_hal_gpio.c" -mcpu=cortex-m3 -std=gnu11 -g3 -DDEBUG -DUSE_HAL_DRIVER -DSTM32F103xB -c -I../Core/Inc -I../Drivers/STM32F1xx_HAL_Driver/Inc -I../Drivers/STM32F1xx_HAL_Driver/Inc/Legacy -I../Drivers/CMSIS/Device/ST/STM32F1xx/Include -I../Drivers/CMSIS/Include -O0 -ffunction-sections -fdata-sections -Wall -fstack-usage -fcyclomatic-complexity -MMD -MP -MF"Drivers/STM32F1xx_HAL_Driver/Src/stm32f1xx_hal_gpio.d" -MT"Drivers/STM32F1xx_HAL_Driver/Src/stm32f1xx_hal_gpio.o" --specs=nano.specs -mfloat-abi=soft -mthumb -o "Drivers/STM32F1xx_HAL_Driver/Src/stm32f1xx_hal_gpio.o"
arm-none-eabi-gcc "../Drivers/STM32F1xx_HAL_Driver/Src/stm32f1xx_hal_gpio_ex.c" -mcpu=cortex-m3 -std=gnu11 -g3 -DDEBUG -DUSE_HAL_DRIVER -DSTM32F103xB -c -I../Core/Inc -I../Drivers/STM32F1xx_HAL_Driver/Inc -I../Drivers/STM32F1xx_HAL_Driver/Inc/Legacy -I../Drivers/CMSIS/Device/ST/STM32F1xx/Include -I../Drivers/CMSIS/Include -O0 -ffunction-sections -fdata-sections -Wall -fstack-usage -fcyclomatic-complexity -MMD -MP -MF"Drivers/STM32F1xx_HAL_Driver/Src/stm32f1xx_hal_gpio_ex.d" -MT"Drivers/STM32F1xx_HAL_Driver/Src/stm32f1xx_hal_gpio_ex.o" --specs=nano.specs -mfloat-abi=soft -mthumb -o "Drivers/STM32F1xx_HAL_Driver/Src/stm32f1xx_hal_gpio_ex.o"
arm-none-eabi-gcc "../Drivers/STM32F1xx_HAL_Driver/Src/stm32f1xx_hal_pwr.c" -mcpu=cortex-m3 -std=gnu11 -g3 -DDEBUG -DUSE_HAL_DRIVER -DSTM32F103xB -c -I../Core/Inc -I../Drivers/STM32F1xx_HAL_Driver/Inc -I../Drivers/STM32F1xx_HAL_Driver/Inc/Legacy -I../Drivers/CMSIS/Device/ST/STM32F1xx/Include -I../Drivers/CMSIS/Include -O0 -ffunction-sections -fdata-sections -Wall -fstack-usage -fcyclomatic-complexity -MMD -MP -MF"Drivers/STM32F1xx_HAL_Driver/Src/stm32f1xx_hal_pwr.d" -MT"Drivers/STM32F1xx_HAL_Driver/Src/stm32f1xx_hal_pwr.o" --specs=nano.specs -mfloat-abi=soft -mthumb -o "Drivers/STM32F1xx_HAL_Driver/Src/stm32f1xx_hal_pwr.o"
arm-none-eabi-gcc "../Drivers/STM32F1xx_HAL_Driver/Src/stm32f1xx_hal_rcc.c" -mcpu=cortex-m3 -std=gnu11 -g3 -DDEBUG -DUSE_HAL_DRIVER -DSTM32F103xB -c -I../Core/Inc -I../Drivers/STM32F1xx_HAL_Driver/Inc -I../Drivers/STM32F1xx_HAL_Driver/Inc/Legacy -I../Drivers/CMSIS/Device/ST/STM32F1xx/Include -I../Drivers/CMSIS/Include -O0 -ffunction-sections -fdata-sections -Wall -fstack-usage -fcyclomatic-complexity -MMD -MP -MF"Drivers/STM32F1xx_HAL_Driver/Src/stm32f1xx_hal_rcc.d" -MT"Drivers/STM32F1xx_HAL_Driver/Src/stm32f1xx_hal_rcc.o" --specs=nano.specs -mfloat-abi=soft -mthumb -o "Drivers/STM32F1xx_HAL_Driver/Src/stm32f1xx_hal_rcc.o"
arm-none-eabi-gcc "../Drivers/STM32F1xx_HAL_Driver/Src/stm32f1xx_hal_rcc_ex.c" -mcpu=cortex-m3 -std=gnu11 -g3 -DDEBUG -DUSE_HAL_DRIVER -DSTM32F103xB -c -I../Core/Inc -I../Drivers/STM32F1xx_HAL_Driver/Inc -I../Drivers/STM32F1xx_HAL_Driver/Inc/Legacy -I../Drivers/CMSIS/Device/ST/STM32F1xx/Include -I../Drivers/CMSIS/Include -O0 -ffunction-sections -fdata-sections -Wall -fstack-usage -fcyclomatic-complexity -MMD -MP -MF"Drivers/STM32F1xx_HAL_Driver/Src/stm32f1xx_hal_rcc_ex.d" -MT"Drivers/STM32F1xx_HAL_Driver/Src/stm32f1xx_hal_rcc_ex.o" --specs=nano.specs -mfloat-abi=soft -mthumb -o "Drivers/STM32F1xx_HAL_Driver/Src/stm32f1xx_hal_rcc_ex.o"
arm-none-eabi-gcc "../Drivers/STM32F1xx_HAL_Driver/Src/stm32f1xx_hal_tim.c" -mcpu=cortex-m3 -std=gnu11 -g3 -DDEBUG -DUSE_HAL_DRIVER -DSTM32F103xB -c -I../Core/Inc -I../Drivers/STM32F1xx_HAL_Driver/Inc -I../Drivers/STM32F1xx_HAL_Driver/Inc/Legacy -I../Drivers/CMSIS/Device/ST/STM32F1xx/Include -I../Drivers/CMSIS/Include -O0 -ffunction-sections -fdata-sections -Wall -fstack-usage -fcyclomatic-complexity -MMD -MP -MF"Drivers/STM32F1xx_HAL_Driver/Src/stm32f1xx_hal_tim.d" -MT"Drivers/STM32F1xx_HAL_Driver/Src/stm32f1xx_hal_tim.o" --specs=nano.specs -mfloat-abi=soft -mthumb -o "Drivers/STM32F1xx_HAL_Driver/Src/stm32f1xx_hal_tim.o"
arm-none-eabi-gcc "../Drivers/STM32F1xx_HAL_Driver/Src/stm32f1xx_hal_tim_ex.c" -mcpu=cortex-m3 -std=gnu11 -g3 -DDEBUG -DUSE_HAL_DRIVER -DSTM32F103xB -c -I../Core/Inc -I../Drivers/STM32F1xx_HAL_Driver/Inc -I../Drivers/STM32F1xx_HAL_Driver/Inc/Legacy -I../Drivers/CMSIS/Device/ST/STM32F1xx/Include -I../Drivers/CMSIS/Include -O0 -ffunction-sections -fdata-sections -Wall -fstack-usage -fcyclomatic-complexity -MMD -MP -MF"Drivers/STM32F1xx_HAL_Driver/Src/stm32f1xx_hal_tim_ex.d" -MT"Drivers/STM32F1xx_HAL_Driver/Src/stm32f1xx_hal_tim_ex.o" --specs=nano.specs -mfloat-abi=soft -mthumb -o "Drivers/STM32F1xx_HAL_Driver/Src/stm32f1xx_hal_tim_ex.o"
arm-none-eabi-gcc -mcpu=cortex-m3 -g3 -DDEBUG -c -x assembler-with-cpp -MMD -MP -MF"Core/Startup/startup_stm32f103c8tx.d" -MT"Core/Startup/startup_stm32f103c8tx.o" --specs=nano.specs -mfloat-abi=soft -mthumb -o "Core/Startup/startup_stm32f103c8tx.o" "../Core/Startup/startup_stm32f103c8tx.s"
arm-none-eabi-gcc "../Core/Src/main.c" -mcpu=cortex-m3 -std=gnu11 -g3 -DDEBUG -DUSE_HAL_DRIVER -DSTM32F103xB -c -I../Core/Inc -I../Drivers/STM32F1xx_HAL_Driver/Inc -I../Drivers/STM32F1xx_HAL_Driver/Inc/Legacy -I../Drivers/CMSIS/Device/ST/STM32F1xx/Include -I../Drivers/CMSIS/Include -O0 -ffunction-sections -fdata-sections -Wall -fstack-usage -fcyclomatic-complexity -MMD -MP -MF"Core/Src/main.d" -MT"Core/Src/main.o" --specs=nano.specs -mfloat-abi=soft -mthumb -o "Core/Src/main.o"
arm-none-eabi-gcc "../Core/Src/stm32f1xx_hal_msp.c" -mcpu=cortex-m3 -std=gnu11 -g3 -DDEBUG -DUSE_HAL_DRIVER -DSTM32F103xB -c -I../Core/Inc -I../Drivers/STM32F1xx_HAL_Driver/Inc -I../Drivers/STM32F1xx_HAL_Driver/Inc/Legacy -I../Drivers/CMSIS/Device/ST/STM32F1xx/Include -I../Drivers/CMSIS/Include -O0 -ffunction-sections -fdata-sections -Wall -fstack-usage -fcyclomatic-complexity -MMD -MP -MF"Core/Src/stm32f1xx_hal_msp.d" -MT"Core/Src/stm32f1xx_hal_msp.o" --specs=nano.specs -mfloat-abi=soft -mthumb -o "Core/Src/stm32f1xx_hal_msp.o"
arm-none-eabi-gcc "../Core/Src/stm32f1xx_it.c" -mcpu=cortex-m3 -std=gnu11 -g3 -DDEBUG -DUSE_HAL_DRIVER -DSTM32F103xB -c -I../Core/Inc -I../Drivers/STM32F1xx_HAL_Driver/Inc -I../Drivers/STM32F1xx_HAL_Driver/Inc/Legacy -I../Drivers/CMSIS/Device/ST/STM32F1xx/Include -I../Drivers/CMSIS/Include -O0 -ffunction-sections -fdata-sections -Wall -fstack-usage -fcyclomatic-complexity -MMD -MP -MF"Core/Src/stm32f1xx_it.d" -MT"Core/Src/stm32f1xx_it.o" --specs=nano.specs -mfloat-abi=soft -mthumb -o "Core/Src/stm32f1xx_it.o"
arm-none-eabi-gcc "../Core/Src/syscalls.c" -mcpu=cortex-m3 -std=gnu11 -g3 -DDEBUG -DUSE_HAL_DRIVER -DSTM32F103xB -c -I../Core/Inc -I../Drivers/STM32F1xx_HAL_Driver/Inc -I../Drivers/STM32F1xx_HAL_Driver/Inc/Legacy -I../Drivers/CMSIS/Device/ST/STM32F1xx/Include -I../Drivers/CMSIS/Include -O0 -ffunction-sections -fdata-sections -Wall -fstack-usage -fcyclomatic-complexity -MMD -MP -MF"Core/Src/syscalls.d" -MT"Core/Src/syscalls.o" --specs=nano.specs -mfloat-abi=soft -mthumb -o "Core/Src/syscalls.o"
arm-none-eabi-gcc "../Core/Src/sysmem.c" -mcpu=cortex-m3 -std=gnu11 -g3 -DDEBUG -DUSE_HAL_DRIVER -DSTM32F103xB -c -I../Core/Inc -I../Drivers/STM32F1xx_HAL_Driver/Inc -I../Drivers/STM32F1xx_HAL_Driver/Inc/Legacy -I../Drivers/CMSIS/Device/ST/STM32F1xx/Include -I../Drivers/CMSIS/Include -O0 -ffunction-sections -fdata-sections -Wall -fstack-usage -fcyclomatic-complexity -MMD -MP -MF"Core/Src/sysmem.d" -MT"Core/Src/sysmem.o" --specs=nano.specs -mfloat-abi=soft -mthumb -o "Core/Src/sysmem.o"
arm-none-eabi-gcc "../Core/Src/system_stm32f1xx.c" -mcpu=cortex-m3 -std=gnu11 -g3 -DDEBUG -DUSE_HAL_DRIVER -DSTM32F103xB -c -I../Core/Inc -I../Drivers/STM32F1xx_HAL_Driver/Inc -I../Drivers/STM32F1xx_HAL_Driver/Inc/Legacy -I../Drivers/CMSIS/Device/ST/STM32F1xx/Include -I../Drivers/CMSIS/Include -O0 -ffunction-sections -fdata-sections -Wall -fstack-usage -fcyclomatic-complexity -MMD -MP -MF"Core/Src/system_stm32f1xx.d" -MT"Core/Src/system_stm32f1xx.o" --specs=nano.specs -mfloat-abi=soft -mthumb -o "Core/Src/system_stm32f1xx.o"
../Core/Src/main.c: In function 'main':
../Core/Src/main.c:101:15: warning: unused variable 'encoder_value' [-Wunused-variable]
  101 |           int encoder_value = TIM1->CNT;
      |               ^~~~~~~~~~~~~
arm-none-eabi-gcc -o "quadrature_to_usb_midi.elf" @"objects.list"   -mcpu=cortex-m3 -T"C:\Users\Samuel\Software\arduor_controller_lw\stm_32_quadrature_encoder_to_usb_midi\quadrature_to_usb_midi\STM32F103C8TX_FLASH.ld" --specs=nosys.specs -Wl,-Map="quadrature_to_usb_midi.map" -Wl,--gc-sections -static --specs=nano.specs -mfloat-abi=soft -mthumb -Wl,--start-group -lc -lm -Wl,--end-group
Finished building target: quadrature_to_usb_midi.elf
 
arm-none-eabi-size  quadrature_to_usb_midi.elf 
arm-none-eabi-objdump -h -S quadrature_to_usb_midi.elf  > "quadrature_to_usb_midi.list"
   text	   data	    bss	    dec	    hex	filename
   5420	     12	   1644	   7076	   1ba4	quadrature_to_usb_midi.elf
Finished building: default.size.stdout
 
Finished building: quadrature_to_usb_midi.list
 
13:13:16 **** Incremental Build of configuration Debug for project quadrature_to_usb_midi ****
make -j28 all 
arm-none-eabi-size  quadrature_to_usb_midi.elf 
   text	   data	    bss	    dec	    hex	filename
   5420	     12	   1644	   7076	   1ba4	quadrature_to_usb_midi.elf
Finished building: default.size.stdout
 
13:16:14 **** Incremental Build of configuration Debug for project quadrature_to_usb_midi ****
make -j28 all 
arm-none-eabi-size  quadrature_to_usb_midi.elf 
   text	   data	    bss	    dec	    hex	filename
   5420	     12	   1644	   7076	   1ba4	quadrature_to_usb_midi.elf
Finished building: default.size.stdout
 
13:18:46 **** Incremental Build of configuration Debug for project quadrature_to_usb_midi ****
make -j28 all 
arm-none-eabi-gcc "../Core/Src/main.c" -mcpu=cortex-m3 -std=gnu11 -g3 -DDEBUG -DUSE_HAL_DRIVER -DSTM32F103xB -c -I../Core/Inc -I../Drivers/STM32F1xx_HAL_Driver/Inc -I../Drivers/STM32F1xx_HAL_Driver/Inc/Legacy -I../Drivers/CMSIS/Device/ST/STM32F1xx/Include -I../Drivers/CMSIS/Include -O0 -ffunction-sections -fdata-sections -Wall -fstack-usage -fcyclomatic-complexity -MMD -MP -MF"Core/Src/main.d" -MT"Core/Src/main.o" --specs=nano.specs -mfloat-abi=soft -mthumb -o "Core/Src/main.o"
arm-none-eabi-gcc "../Core/Src/stm32f1xx_hal_msp.c" -mcpu=cortex-m3 -std=gnu11 -g3 -DDEBUG -DUSE_HAL_DRIVER -DSTM32F103xB -c -I../Core/Inc -I../Drivers/STM32F1xx_HAL_Driver/Inc -I../Drivers/STM32F1xx_HAL_Driver/Inc/Legacy -I../Drivers/CMSIS/Device/ST/STM32F1xx/Include -I../Drivers/CMSIS/Include -O0 -ffunction-sections -fdata-sections -Wall -fstack-usage -fcyclomatic-complexity -MMD -MP -MF"Core/Src/stm32f1xx_hal_msp.d" -MT"Core/Src/stm32f1xx_hal_msp.o" --specs=nano.specs -mfloat-abi=soft -mthumb -o "Core/Src/stm32f1xx_hal_msp.o"
arm-none-eabi-gcc -o "quadrature_to_usb_midi.elf" @"objects.list"   -mcpu=cortex-m3 -T"C:\Users\Samuel\Software\arduor_controller_lw\stm_32_quadrature_encoder_to_usb_midi\quadrature_to_usb_midi\STM32F103C8TX_FLASH.ld" --specs=nosys.specs -Wl,-Map="quadrature_to_usb_midi.map" -Wl,--gc-sections -static --specs=nano.specs -mfloat-abi=soft -mthumb -Wl,--start-group -lc -lm -Wl,--end-group
Finished building target: quadrature_to_usb_midi.elf
 
arm-none-eabi-size  quadrature_to_usb_midi.elf 
arm-none-eabi-objdump -h -S quadrature_to_usb_midi.elf  > "quadrature_to_usb_midi.list"
   text	   data	    bss	    dec	    hex	filename
   5420	     12	   1644	   7076	   1ba4	quadrature_to_usb_midi.elf
Finished building: default.size.stdout
 
Finished building: quadrature_to_usb_midi.list
 
13:19:17 **** Incremental Build of configuration Debug for project quadrature_to_usb_midi ****
make -j28 all 
arm-none-eabi-gcc "../Core/Src/main.c" -mcpu=cortex-m3 -std=gnu11 -g3 -DDEBUG -DUSE_HAL_DRIVER -DSTM32F103xB -c -I../Core/Inc -I../Drivers/STM32F1xx_HAL_Driver/Inc -I../Drivers/STM32F1xx_HAL_Driver/Inc/Legacy -I../Drivers/CMSIS/Device/ST/STM32F1xx/Include -I../Drivers/CMSIS/Include -O0 -ffunction-sections -fdata-sections -Wall -fstack-usage -fcyclomatic-complexity -MMD -MP -MF"Core/Src/main.d" -MT"Core/Src/main.o" --specs=nano.specs -mfloat-abi=soft -mthumb -o "Core/Src/main.o"
../Core/Src/main.c: In function 'main':
../Core/Src/main.c:100:15: warning: unused variable 'encoder_value' [-Wunused-variable]
  100 |           int encoder_value = TIM1->CNT;
      |               ^~~~~~~~~~~~~
arm-none-eabi-gcc -o "quadrature_to_usb_midi.elf" @"objects.list"   -mcpu=cortex-m3 -T"C:\Users\Samuel\Software\arduor_controller_lw\stm_32_quadrature_encoder_to_usb_midi\quadrature_to_usb_midi\STM32F103C8TX_FLASH.ld" --specs=nosys.specs -Wl,-Map="quadrature_to_usb_midi.map" -Wl,--gc-sections -static --specs=nano.specs -mfloat-abi=soft -mthumb -Wl,--start-group -lc -lm -Wl,--end-group
Finished building target: quadrature_to_usb_midi.elf
 
arm-none-eabi-size  quadrature_to_usb_midi.elf 
arm-none-eabi-objdump -h -S quadrature_to_usb_midi.elf  > "quadrature_to_usb_midi.list"
   text	   data	    bss	    dec	    hex	filename
   5432	     12	   1644	   7088	   1bb0	quadrature_to_usb_midi.elf
Finished building: default.size.stdout
 
Finished building: quadrature_to_usb_midi.list
 
13:19:48 **** Incremental Build of configuration Debug for project quadrature_to_usb_midi ****
make -j28 all 
arm-none-eabi-size  quadrature_to_usb_midi.elf 
   text	   data	    bss	    dec	    hex	filename
   5432	     12	   1644	   7088	   1bb0	quadrature_to_usb_midi.elf
Finished building: default.size.stdout
 
13:20:21 **** Incremental Build of configuration Debug for project quadrature_to_usb_midi ****
make -j28 all 
arm-none-eabi-size  quadrature_to_usb_midi.elf 
   text	   data	    bss	    dec	    hex	filename
   5432	     12	   1644	   7088	   1bb0	quadrature_to_usb_midi.elf
Finished building: default.size.stdout
 
13:21:17 **** Incremental Build of configuration Debug for project quadrature_to_usb_midi ****
make -j28 all 
arm-none-eabi-size  quadrature_to_usb_midi.elf 
   text	   data	    bss	    dec	    hex	filename
   5432	     12	   1644	   7088	   1bb0	quadrature_to_usb_midi.elf
Finished building: default.size.stdout
 
13:21:56 **** Incremental Build of configuration Debug for project quadrature_to_usb_midi ****
make -j28 all 
arm-none-eabi-size  quadrature_to_usb_midi.elf 
   text	   data	    bss	    dec	    hex	filename
   5432	     12	   1644	   7088	   1bb0	quadrature_to_usb_midi.elf
Finished building: default.size.stdout
 
13:22:27 **** Incremental Build of configuration Debug for project quadrature_to_usb_midi ****
make -j28 all 
arm-none-eabi-size  quadrature_to_usb_midi.elf 
   text	   data	    bss	    dec	    hex	filename
   5432	     12	   1644	   7088	   1bb0	quadrature_to_usb_midi.elf
Finished building: default.size.stdout
 
13:23:11 **** Incremental Build of configuration Debug for project quadrature_to_usb_midi ****
make -j28 all 
arm-none-eabi-size  quadrature_to_usb_midi.elf 
   text	   data	    bss	    dec	    hex	filename
   5432	     12	   1644	   7088	   1bb0	quadrature_to_usb_midi.elf
Finished building: default.size.stdout
 
13:23:44 **** Incremental Build of configuration Debug for project quadrature_to_usb_midi ****
make -j28 all 
arm-none-eabi-size  quadrature_to_usb_midi.elf 
   text	   data	    bss	    dec	    hex	filename
   5432	     12	   1644	   7088	   1bb0	quadrature_to_usb_midi.elf
Finished building: default.size.stdout
 
13:26:21 **** Incremental Build of configuration Debug for project quadrature_to_usb_midi ****
make -j28 all 
arm-none-eabi-size  quadrature_to_usb_midi.elf 
   text	   data	    bss	    dec	    hex	filename
   5432	     12	   1644	   7088	   1bb0	quadrature_to_usb_midi.elf
Finished building: default.size.stdout
 
13:27:29 **** Incremental Build of configuration Debug for project quadrature_to_usb_midi ****
make -j28 all 
arm-none-eabi-size  quadrature_to_usb_midi.elf 
   text	   data	    bss	    dec	    hex	filename
   5432	     12	   1644	   7088	   1bb0	quadrature_to_usb_midi.elf
Finished building: default.size.stdout
 
13:29:36 **** Incremental Build of configuration Debug for project quadrature_to_usb_midi ****
make -j28 all 
arm-none-eabi-size  quadrature_to_usb_midi.elf 
   text	   data	    bss	    dec	    hex	filename
   5432	     12	   1644	   7088	   1bb0	quadrature_to_usb_midi.elf
Finished building: default.size.stdout
 
13:43:27 **** Incremental Build of configuration Debug for project quadrature_to_usb_midi ****
make -j28 all 
arm-none-eabi-gcc "../Core/Src/main.c" -mcpu=cortex-m3 -std=gnu11 -g3 -DDEBUG -DUSE_HAL_DRIVER -DSTM32F103xB -c -I../Core/Inc -I../Drivers/STM32F1xx_HAL_Driver/Inc -I../Drivers/STM32F1xx_HAL_Driver/Inc/Legacy -I../Drivers/CMSIS/Device/ST/STM32F1xx/Include -I../Drivers/CMSIS/Include -O0 -ffunction-sections -fdata-sections -Wall -fstack-usage -fcyclomatic-complexity -MMD -MP -MF"Core/Src/main.d" -MT"Core/Src/main.o" --specs=nano.specs -mfloat-abi=soft -mthumb -o "Core/Src/main.o"
arm-none-eabi-gcc -o "quadrature_to_usb_midi.elf" @"objects.list"   -mcpu=cortex-m3 -T"C:\Users\Samuel\Software\arduor_controller_lw\stm_32_quadrature_encoder_to_usb_midi\quadrature_to_usb_midi\STM32F103C8TX_FLASH.ld" --specs=nosys.specs -Wl,-Map="quadrature_to_usb_midi.map" -Wl,--gc-sections -static --specs=nano.specs -mfloat-abi=soft -mthumb -Wl,--start-group -lc -lm -Wl,--end-group
Finished building target: quadrature_to_usb_midi.elf
 
arm-none-eabi-size  quadrature_to_usb_midi.elf 
arm-none-eabi-objdump -h -S quadrature_to_usb_midi.elf  > "quadrature_to_usb_midi.list"
   text	   data	    bss	    dec	    hex	filename
   5436	     12	   1644	   7092	   1bb4	quadrature_to_usb_midi.elf
Finished building: default.size.stdout
 
Finished building: quadrature_to_usb_midi.list
 
13:48:50 **** Incremental Build of configuration Debug for project quadrature_to_usb_midi ****
make -j28 all 
arm-none-eabi-size  quadrature_to_usb_midi.elf 
   text	   data	    bss	    dec	    hex	filename
   5436	     12	   1644	   7092	   1bb4	quadrature_to_usb_midi.elf
Finished building: default.size.stdout
 
13:53:15 **** Incremental Build of configuration Debug for project quadrature_to_usb_midi ****
make -j28 all 
arm-none-eabi-gcc "../Core/Src/main.c" -mcpu=cortex-m3 -std=gnu11 -g3 -DDEBUG -DUSE_HAL_DRIVER -DSTM32F103xB -c -I../Core/Inc -I../Drivers/STM32F1xx_HAL_Driver/Inc -I../Drivers/STM32F1xx_HAL_Driver/Inc/Legacy -I../Drivers/CMSIS/Device/ST/STM32F1xx/Include -I../Drivers/CMSIS/Include -O0 -ffunction-sections -fdata-sections -Wall -fstack-usage -fcyclomatic-complexity -MMD -MP -MF"Core/Src/main.d" -MT"Core/Src/main.o" --specs=nano.specs -mfloat-abi=soft -mthumb -o "Core/Src/main.o"
arm-none-eabi-gcc -o "quadrature_to_usb_midi.elf" @"objects.list"   -mcpu=cortex-m3 -T"C:\Users\Samuel\Software\arduor_controller_lw\stm_32_quadrature_encoder_to_usb_midi\quadrature_to_usb_midi\STM32F103C8TX_FLASH.ld" --specs=nosys.specs -Wl,-Map="quadrature_to_usb_midi.map" -Wl,--gc-sections -static --specs=nano.specs -mfloat-abi=soft -mthumb -Wl,--start-group -lc -lm -Wl,--end-group
Finished building target: quadrature_to_usb_midi.elf
 
arm-none-eabi-size  quadrature_to_usb_midi.elf 
arm-none-eabi-objdump -h -S quadrature_to_usb_midi.elf  > "quadrature_to_usb_midi.list"
   text	   data	    bss	    dec	    hex	filename
   5448	     12	   1644	   7104	   1bc0	quadrature_to_usb_midi.elf
Finished building: default.size.stdout
 
Finished building: quadrature_to_usb_midi.list
 
14:05:47 **** Incremental Build of configuration Debug for project quadrature_to_usb_midi ****
make -j28 all 
arm-none-eabi-gcc "../Core/Src/stm32f1xx_hal_msp.c" -mcpu=cortex-m3 -std=gnu11 -g3 -DDEBUG -DUSE_HAL_DRIVER -DSTM32F103xB -c -I../Core/Inc -I../Drivers/STM32F1xx_HAL_Driver/Inc -I../Drivers/STM32F1xx_HAL_Driver/Inc/Legacy -I../Drivers/CMSIS/Device/ST/STM32F1xx/Include -I../Drivers/CMSIS/Include -O0 -ffunction-sections -fdata-sections -Wall -fstack-usage -fcyclomatic-complexity -MMD -MP -MF"Core/Src/stm32f1xx_hal_msp.d" -MT"Core/Src/stm32f1xx_hal_msp.o" --specs=nano.specs -mfloat-abi=soft -mthumb -o "Core/Src/stm32f1xx_hal_msp.o"
arm-none-eabi-gcc -o "quadrature_to_usb_midi.elf" @"objects.list"   -mcpu=cortex-m3 -T"C:\Users\Samuel\Software\arduor_controller_lw\stm_32_quadrature_encoder_to_usb_midi\quadrature_to_usb_midi\STM32F103C8TX_FLASH.ld" --specs=nosys.specs -Wl,-Map="quadrature_to_usb_midi.map" -Wl,--gc-sections -static --specs=nano.specs -mfloat-abi=soft -mthumb -Wl,--start-group -lc -lm -Wl,--end-group
Finished building target: quadrature_to_usb_midi.elf
 
arm-none-eabi-size  quadrature_to_usb_midi.elf 
arm-none-eabi-objdump -h -S quadrature_to_usb_midi.elf  > "quadrature_to_usb_midi.list"
   text	   data	    bss	    dec	    hex	filename
   5448	     12	   1644	   7104	   1bc0	quadrature_to_usb_midi.elf
Finished building: default.size.stdout
 
Finished building: quadrature_to_usb_midi.list
 
14:24:08 **** Clean-only build of configuration Debug for project quadrature_to_usb_midi ****
make -j28 clean 
rm -rf ./Drivers/STM32F1xx_HAL_Driver/Src/stm32f1xx_hal.cyclo ./Drivers/STM32F1xx_HAL_Driver/Src/stm32f1xx_hal.d ./Drivers/STM32F1xx_HAL_Driver/Src/stm32f1xx_hal.o ./Drivers/STM32F1xx_HAL_Driver/Src/stm32f1xx_hal.su ./Drivers/STM32F1xx_HAL_Driver/Src/stm32f1xx_hal_cortex.cyclo ./Drivers/STM32F1xx_HAL_Driver/Src/stm32f1xx_hal_cortex.d ./Drivers/STM32F1xx_HAL_Driver/Src/stm32f1xx_hal_cortex.o ./Drivers/STM32F1xx_HAL_Driver/Src/stm32f1xx_hal_cortex.su ./Drivers/STM32F1xx_HAL_Driver/Src/stm32f1xx_hal_dma.cyclo ./Drivers/STM32F1xx_HAL_Driver/Src/stm32f1xx_hal_dma.d ./Drivers/STM32F1xx_HAL_Driver/Src/stm32f1xx_hal_dma.o ./Drivers/STM32F1xx_HAL_Driver/Src/stm32f1xx_hal_dma.su ./Drivers/STM32F1xx_HAL_Driver/Src/stm32f1xx_hal_exti.cyclo ./Drivers/STM32F1xx_HAL_Driver/Src/stm32f1xx_hal_exti.d ./Drivers/STM32F1xx_HAL_Driver/Src/stm32f1xx_hal_exti.o ./Drivers/STM32F1xx_HAL_Driver/Src/stm32f1xx_hal_exti.su ./Drivers/STM32F1xx_HAL_Driver/Src/stm32f1xx_hal_flash.cyclo ./Drivers/STM32F1xx_HAL_Driver/Src/stm32f1xx_hal_flash.d ./Drivers/STM32F1xx_HAL_Driver/Src/stm32f1xx_hal_flash.o ./Drivers/STM32F1xx_HAL_Driver/Src/stm32f1xx_hal_flash.su ./Drivers/STM32F1xx_HAL_Driver/Src/stm32f1xx_hal_flash_ex.cyclo ./Drivers/STM32F1xx_HAL_Driver/Src/stm32f1xx_hal_flash_ex.d ./Drivers/STM32F1xx_HAL_Driver/Src/stm32f1xx_hal_flash_ex.o ./Drivers/STM32F1xx_HAL_Driver/Src/stm32f1xx_hal_flash_ex.su ./Drivers/STM32F1xx_HAL_Driver/Src/stm32f1xx_hal_gpio.cyclo ./Drivers/STM32F1xx_HAL_Driver/Src/stm32f1xx_hal_gpio.d ./Drivers/STM32F1xx_HAL_Driver/Src/stm32f1xx_hal_gpio.o ./Drivers/STM32F1xx_HAL_Driver/Src/stm32f1xx_hal_gpio.su ./Drivers/STM32F1xx_HAL_Driver/Src/stm32f1xx_hal_gpio_ex.cyclo ./Drivers/STM32F1xx_HAL_Driver/Src/stm32f1xx_hal_gpio_ex.d ./Drivers/STM32F1xx_HAL_Driver/Src/stm32f1xx_hal_gpio_ex.o ./Drivers/STM32F1xx_HAL_Driver/Src/stm32f1xx_hal_gpio_ex.su ./Drivers/STM32F1xx_HAL_Driver/Src/stm32f1xx_hal_pwr.cyclo ./Drivers/STM32F1xx_HAL_Driver/Src/stm32f1xx_hal_pwr.d ./Drivers/STM32F1xx_HAL_Driver/Src/stm32f1xx_hal_pwr.o ./Drivers/STM32F1xx_HAL_Driver/Src/stm32f1xx_hal_pwr.su ./Drivers/STM32F1xx_HAL_Driver/Src/stm32f1xx_hal_rcc.cyclo ./Drivers/STM32F1xx_HAL_Driver/Src/stm32f1xx_hal_rcc.d ./Drivers/STM32F1xx_HAL_Driver/Src/stm32f1xx_hal_rcc.o ./Drivers/STM32F1xx_HAL_Driver/Src/stm32f1xx_hal_rcc.su ./Drivers/STM32F1xx_HAL_Driver/Src/stm32f1xx_hal_rcc_ex.cyclo ./Drivers/STM32F1xx_HAL_Driver/Src/stm32f1xx_hal_rcc_ex.d ./Drivers/STM32F1xx_HAL_Driver/Src/stm32f1xx_hal_rcc_ex.o ./Drivers/STM32F1xx_HAL_Driver/Src/stm32f1xx_hal_rcc_ex.su ./Drivers/STM32F1xx_HAL_Driver/Src/stm32f1xx_hal_tim.cyclo ./Drivers/STM32F1xx_HAL_Driver/Src/stm32f1xx_hal_tim.d ./Drivers/STM32F1xx_HAL_Driver/Src/stm32f1xx_hal_tim.o ./Drivers/STM32F1xx_HAL_Driver/Src/stm32f1xx_hal_tim.su ./Drivers/STM32F1xx_HAL_Driver/Src/stm32f1xx_hal_tim_ex.cyclo ./Drivers/STM32F1xx_HAL_Driver/Src/stm32f1xx_hal_tim_ex.d ./Drivers/STM32F1xx_HAL_Driver/Src/stm32f1xx_hal_tim_ex.o ./Drivers/STM32F1xx_HAL_Driver/Src/stm32f1xx_hal_tim_ex.su
rm -rf ./Core/Startup/startup_stm32f103c8tx.d ./Core/Startup/startup_stm32f103c8tx.o
rm -rf ./Core/Src/main.cyclo ./Core/Src/main.d ./Core/Src/main.o ./Core/Src/main.su ./Core/Src/stm32f1xx_hal_msp.cyclo ./Core/Src/stm32f1xx_hal_msp.d ./Core/Src/stm32f1xx_hal_msp.o ./Core/Src/stm32f1xx_hal_msp.su ./Core/Src/stm32f1xx_it.cyclo ./Core/Src/stm32f1xx_it.d ./Core/Src/stm32f1xx_it.o ./Core/Src/stm32f1xx_it.su ./Core/Src/syscalls.cyclo ./Core/Src/syscalls.d ./Core/Src/syscalls.o ./Core/Src/syscalls.su ./Core/Src/sysmem.cyclo ./Core/Src/sysmem.d ./Core/Src/sysmem.o ./Core/Src/sysmem.su ./Core/Src/system_stm32f1xx.cyclo ./Core/Src/system_stm32f1xx.d ./Core/Src/system_stm32f1xx.o ./Core/Src/system_stm32f1xx.su
rm -rf default.size.stdout quadrature_to_usb_midi.elf quadrature_to_usb_midi.list quadrature_to_usb_midi.map
 
14:24:09 **** Incremental Build of configuration Debug for project quadrature_to_usb_midi ****
make -j28 all 
arm-none-eabi-gcc "../USB_DEVICE/Target/usbd_conf.c" -mcpu=cortex-m3 -std=gnu11 -g3 -DDEBUG -DUSE_HAL_DRIVER -DSTM32F103xB -c -I../Core/Inc -I../Drivers/STM32F1xx_HAL_Driver/Inc -I../Drivers/STM32F1xx_HAL_Driver/Inc/Legacy -I../Drivers/CMSIS/Device/ST/STM32F1xx/Include -I../Drivers/CMSIS/Include -I../USB_DEVICE/App -I../USB_DEVICE/Target -I../Middlewares/ST/STM32_USB_Device_Library/Core/Inc -I../Middlewares/ST/STM32_USB_Device_Library/Class/HID/Inc -O0 -ffunction-sections -fdata-sections -Wall -fstack-usage -fcyclomatic-complexity -MMD -MP -MF"USB_DEVICE/Target/usbd_conf.d" -MT"USB_DEVICE/Target/usbd_conf.o" --specs=nano.specs -mfloat-abi=soft -mthumb -o "USB_DEVICE/Target/usbd_conf.o"
arm-none-eabi-gcc "../USB_DEVICE/App/usb_device.c" -mcpu=cortex-m3 -std=gnu11 -g3 -DDEBUG -DUSE_HAL_DRIVER -DSTM32F103xB -c -I../Core/Inc -I../Drivers/STM32F1xx_HAL_Driver/Inc -I../Drivers/STM32F1xx_HAL_Driver/Inc/Legacy -I../Drivers/CMSIS/Device/ST/STM32F1xx/Include -I../Drivers/CMSIS/Include -I../USB_DEVICE/App -I../USB_DEVICE/Target -I../Middlewares/ST/STM32_USB_Device_Library/Core/Inc -I../Middlewares/ST/STM32_USB_Device_Library/Class/HID/Inc -O0 -ffunction-sections -fdata-sections -Wall -fstack-usage -fcyclomatic-complexity -MMD -MP -MF"USB_DEVICE/App/usb_device.d" -MT"USB_DEVICE/App/usb_device.o" --specs=nano.specs -mfloat-abi=soft -mthumb -o "USB_DEVICE/App/usb_device.o"
arm-none-eabi-gcc "../USB_DEVICE/App/usbd_desc.c" -mcpu=cortex-m3 -std=gnu11 -g3 -DDEBUG -DUSE_HAL_DRIVER -DSTM32F103xB -c -I../Core/Inc -I../Drivers/STM32F1xx_HAL_Driver/Inc -I../Drivers/STM32F1xx_HAL_Driver/Inc/Legacy -I../Drivers/CMSIS/Device/ST/STM32F1xx/Include -I../Drivers/CMSIS/Include -I../USB_DEVICE/App -I../USB_DEVICE/Target -I../Middlewares/ST/STM32_USB_Device_Library/Core/Inc -I../Middlewares/ST/STM32_USB_Device_Library/Class/HID/Inc -O0 -ffunction-sections -fdata-sections -Wall -fstack-usage -fcyclomatic-complexity -MMD -MP -MF"USB_DEVICE/App/usbd_desc.d" -MT"USB_DEVICE/App/usbd_desc.o" --specs=nano.specs -mfloat-abi=soft -mthumb -o "USB_DEVICE/App/usbd_desc.o"
arm-none-eabi-gcc "../Middlewares/ST/STM32_USB_Device_Library/Core/Src/usbd_core.c" -mcpu=cortex-m3 -std=gnu11 -g3 -DDEBUG -DUSE_HAL_DRIVER -DSTM32F103xB -c -I../Core/Inc -I../Drivers/STM32F1xx_HAL_Driver/Inc -I../Drivers/STM32F1xx_HAL_Driver/Inc/Legacy -I../Drivers/CMSIS/Device/ST/STM32F1xx/Include -I../Drivers/CMSIS/Include -I../USB_DEVICE/App -I../USB_DEVICE/Target -I../Middlewares/ST/STM32_USB_Device_Library/Core/Inc -I../Middlewares/ST/STM32_USB_Device_Library/Class/HID/Inc -O0 -ffunction-sections -fdata-sections -Wall -fstack-usage -fcyclomatic-complexity -MMD -MP -MF"Middlewares/ST/STM32_USB_Device_Library/Core/Src/usbd_core.d" -MT"Middlewares/ST/STM32_USB_Device_Library/Core/Src/usbd_core.o" --specs=nano.specs -mfloat-abi=soft -mthumb -o "Middlewares/ST/STM32_USB_Device_Library/Core/Src/usbd_core.o"
arm-none-eabi-gcc "../Middlewares/ST/STM32_USB_Device_Library/Core/Src/usbd_ctlreq.c" -mcpu=cortex-m3 -std=gnu11 -g3 -DDEBUG -DUSE_HAL_DRIVER -DSTM32F103xB -c -I../Core/Inc -I../Drivers/STM32F1xx_HAL_Driver/Inc -I../Drivers/STM32F1xx_HAL_Driver/Inc/Legacy -I../Drivers/CMSIS/Device/ST/STM32F1xx/Include -I../Drivers/CMSIS/Include -I../USB_DEVICE/App -I../USB_DEVICE/Target -I../Middlewares/ST/STM32_USB_Device_Library/Core/Inc -I../Middlewares/ST/STM32_USB_Device_Library/Class/HID/Inc -O0 -ffunction-sections -fdata-sections -Wall -fstack-usage -fcyclomatic-complexity -MMD -MP -MF"Middlewares/ST/STM32_USB_Device_Library/Core/Src/usbd_ctlreq.d" -MT"Middlewares/ST/STM32_USB_Device_Library/Core/Src/usbd_ctlreq.o" --specs=nano.specs -mfloat-abi=soft -mthumb -o "Middlewares/ST/STM32_USB_Device_Library/Core/Src/usbd_ctlreq.o"
arm-none-eabi-gcc "../Middlewares/ST/STM32_USB_Device_Library/Core/Src/usbd_ioreq.c" -mcpu=cortex-m3 -std=gnu11 -g3 -DDEBUG -DUSE_HAL_DRIVER -DSTM32F103xB -c -I../Core/Inc -I../Drivers/STM32F1xx_HAL_Driver/Inc -I../Drivers/STM32F1xx_HAL_Driver/Inc/Legacy -I../Drivers/CMSIS/Device/ST/STM32F1xx/Include -I../Drivers/CMSIS/Include -I../USB_DEVICE/App -I../USB_DEVICE/Target -I../Middlewares/ST/STM32_USB_Device_Library/Core/Inc -I../Middlewares/ST/STM32_USB_Device_Library/Class/HID/Inc -O0 -ffunction-sections -fdata-sections -Wall -fstack-usage -fcyclomatic-complexity -MMD -MP -MF"Middlewares/ST/STM32_USB_Device_Library/Core/Src/usbd_ioreq.d" -MT"Middlewares/ST/STM32_USB_Device_Library/Core/Src/usbd_ioreq.o" --specs=nano.specs -mfloat-abi=soft -mthumb -o "Middlewares/ST/STM32_USB_Device_Library/Core/Src/usbd_ioreq.o"
arm-none-eabi-gcc "../Middlewares/ST/STM32_USB_Device_Library/Class/HID/Src/usbd_hid.c" -mcpu=cortex-m3 -std=gnu11 -g3 -DDEBUG -DUSE_HAL_DRIVER -DSTM32F103xB -c -I../Core/Inc -I../Drivers/STM32F1xx_HAL_Driver/Inc -I../Drivers/STM32F1xx_HAL_Driver/Inc/Legacy -I../Drivers/CMSIS/Device/ST/STM32F1xx/Include -I../Drivers/CMSIS/Include -I../USB_DEVICE/App -I../USB_DEVICE/Target -I../Middlewares/ST/STM32_USB_Device_Library/Core/Inc -I../Middlewares/ST/STM32_USB_Device_Library/Class/HID/Inc -O0 -ffunction-sections -fdata-sections -Wall -fstack-usage -fcyclomatic-complexity -MMD -MP -MF"Middlewares/ST/STM32_USB_Device_Library/Class/HID/Src/usbd_hid.d" -MT"Middlewares/ST/STM32_USB_Device_Library/Class/HID/Src/usbd_hid.o" --specs=nano.specs -mfloat-abi=soft -mthumb -o "Middlewares/ST/STM32_USB_Device_Library/Class/HID/Src/usbd_hid.o"
arm-none-eabi-gcc "../Drivers/STM32F1xx_HAL_Driver/Src/stm32f1xx_hal.c" -mcpu=cortex-m3 -std=gnu11 -g3 -DDEBUG -DUSE_HAL_DRIVER -DSTM32F103xB -c -I../Core/Inc -I../Drivers/STM32F1xx_HAL_Driver/Inc -I../Drivers/STM32F1xx_HAL_Driver/Inc/Legacy -I../Drivers/CMSIS/Device/ST/STM32F1xx/Include -I../Drivers/CMSIS/Include -I../USB_DEVICE/App -I../USB_DEVICE/Target -I../Middlewares/ST/STM32_USB_Device_Library/Core/Inc -I../Middlewares/ST/STM32_USB_Device_Library/Class/HID/Inc -O0 -ffunction-sections -fdata-sections -Wall -fstack-usage -fcyclomatic-complexity -MMD -MP -MF"Drivers/STM32F1xx_HAL_Driver/Src/stm32f1xx_hal.d" -MT"Drivers/STM32F1xx_HAL_Driver/Src/stm32f1xx_hal.o" --specs=nano.specs -mfloat-abi=soft -mthumb -o "Drivers/STM32F1xx_HAL_Driver/Src/stm32f1xx_hal.o"
arm-none-eabi-gcc "../Drivers/STM32F1xx_HAL_Driver/Src/stm32f1xx_hal_cortex.c" -mcpu=cortex-m3 -std=gnu11 -g3 -DDEBUG -DUSE_HAL_DRIVER -DSTM32F103xB -c -I../Core/Inc -I../Drivers/STM32F1xx_HAL_Driver/Inc -I../Drivers/STM32F1xx_HAL_Driver/Inc/Legacy -I../Drivers/CMSIS/Device/ST/STM32F1xx/Include -I../Drivers/CMSIS/Include -I../USB_DEVICE/App -I../USB_DEVICE/Target -I../Middlewares/ST/STM32_USB_Device_Library/Core/Inc -I../Middlewares/ST/STM32_USB_Device_Library/Class/HID/Inc -O0 -ffunction-sections -fdata-sections -Wall -fstack-usage -fcyclomatic-complexity -MMD -MP -MF"Drivers/STM32F1xx_HAL_Driver/Src/stm32f1xx_hal_cortex.d" -MT"Drivers/STM32F1xx_HAL_Driver/Src/stm32f1xx_hal_cortex.o" --specs=nano.specs -mfloat-abi=soft -mthumb -o "Drivers/STM32F1xx_HAL_Driver/Src/stm32f1xx_hal_cortex.o"
arm-none-eabi-gcc "../Drivers/STM32F1xx_HAL_Driver/Src/stm32f1xx_hal_dma.c" -mcpu=cortex-m3 -std=gnu11 -g3 -DDEBUG -DUSE_HAL_DRIVER -DSTM32F103xB -c -I../Core/Inc -I../Drivers/STM32F1xx_HAL_Driver/Inc -I../Drivers/STM32F1xx_HAL_Driver/Inc/Legacy -I../Drivers/CMSIS/Device/ST/STM32F1xx/Include -I../Drivers/CMSIS/Include -I../USB_DEVICE/App -I../USB_DEVICE/Target -I../Middlewares/ST/STM32_USB_Device_Library/Core/Inc -I../Middlewares/ST/STM32_USB_Device_Library/Class/HID/Inc -O0 -ffunction-sections -fdata-sections -Wall -fstack-usage -fcyclomatic-complexity -MMD -MP -MF"Drivers/STM32F1xx_HAL_Driver/Src/stm32f1xx_hal_dma.d" -MT"Drivers/STM32F1xx_HAL_Driver/Src/stm32f1xx_hal_dma.o" --specs=nano.specs -mfloat-abi=soft -mthumb -o "Drivers/STM32F1xx_HAL_Driver/Src/stm32f1xx_hal_dma.o"
arm-none-eabi-gcc "../Drivers/STM32F1xx_HAL_Driver/Src/stm32f1xx_hal_exti.c" -mcpu=cortex-m3 -std=gnu11 -g3 -DDEBUG -DUSE_HAL_DRIVER -DSTM32F103xB -c -I../Core/Inc -I../Drivers/STM32F1xx_HAL_Driver/Inc -I../Drivers/STM32F1xx_HAL_Driver/Inc/Legacy -I../Drivers/CMSIS/Device/ST/STM32F1xx/Include -I../Drivers/CMSIS/Include -I../USB_DEVICE/App -I../USB_DEVICE/Target -I../Middlewares/ST/STM32_USB_Device_Library/Core/Inc -I../Middlewares/ST/STM32_USB_Device_Library/Class/HID/Inc -O0 -ffunction-sections -fdata-sections -Wall -fstack-usage -fcyclomatic-complexity -MMD -MP -MF"Drivers/STM32F1xx_HAL_Driver/Src/stm32f1xx_hal_exti.d" -MT"Drivers/STM32F1xx_HAL_Driver/Src/stm32f1xx_hal_exti.o" --specs=nano.specs -mfloat-abi=soft -mthumb -o "Drivers/STM32F1xx_HAL_Driver/Src/stm32f1xx_hal_exti.o"
arm-none-eabi-gcc "../Drivers/STM32F1xx_HAL_Driver/Src/stm32f1xx_hal_flash.c" -mcpu=cortex-m3 -std=gnu11 -g3 -DDEBUG -DUSE_HAL_DRIVER -DSTM32F103xB -c -I../Core/Inc -I../Drivers/STM32F1xx_HAL_Driver/Inc -I../Drivers/STM32F1xx_HAL_Driver/Inc/Legacy -I../Drivers/CMSIS/Device/ST/STM32F1xx/Include -I../Drivers/CMSIS/Include -I../USB_DEVICE/App -I../USB_DEVICE/Target -I../Middlewares/ST/STM32_USB_Device_Library/Core/Inc -I../Middlewares/ST/STM32_USB_Device_Library/Class/HID/Inc -O0 -ffunction-sections -fdata-sections -Wall -fstack-usage -fcyclomatic-complexity -MMD -MP -MF"Drivers/STM32F1xx_HAL_Driver/Src/stm32f1xx_hal_flash.d" -MT"Drivers/STM32F1xx_HAL_Driver/Src/stm32f1xx_hal_flash.o" --specs=nano.specs -mfloat-abi=soft -mthumb -o "Drivers/STM32F1xx_HAL_Driver/Src/stm32f1xx_hal_flash.o"
arm-none-eabi-gcc "../Drivers/STM32F1xx_HAL_Driver/Src/stm32f1xx_hal_flash_ex.c" -mcpu=cortex-m3 -std=gnu11 -g3 -DDEBUG -DUSE_HAL_DRIVER -DSTM32F103xB -c -I../Core/Inc -I../Drivers/STM32F1xx_HAL_Driver/Inc -I../Drivers/STM32F1xx_HAL_Driver/Inc/Legacy -I../Drivers/CMSIS/Device/ST/STM32F1xx/Include -I../Drivers/CMSIS/Include -I../USB_DEVICE/App -I../USB_DEVICE/Target -I../Middlewares/ST/STM32_USB_Device_Library/Core/Inc -I../Middlewares/ST/STM32_USB_Device_Library/Class/HID/Inc -O0 -ffunction-sections -fdata-sections -Wall -fstack-usage -fcyclomatic-complexity -MMD -MP -MF"Drivers/STM32F1xx_HAL_Driver/Src/stm32f1xx_hal_flash_ex.d" -MT"Drivers/STM32F1xx_HAL_Driver/Src/stm32f1xx_hal_flash_ex.o" --specs=nano.specs -mfloat-abi=soft -mthumb -o "Drivers/STM32F1xx_HAL_Driver/Src/stm32f1xx_hal_flash_ex.o"
arm-none-eabi-gcc "../Drivers/STM32F1xx_HAL_Driver/Src/stm32f1xx_hal_gpio.c" -mcpu=cortex-m3 -std=gnu11 -g3 -DDEBUG -DUSE_HAL_DRIVER -DSTM32F103xB -c -I../Core/Inc -I../Drivers/STM32F1xx_HAL_Driver/Inc -I../Drivers/STM32F1xx_HAL_Driver/Inc/Legacy -I../Drivers/CMSIS/Device/ST/STM32F1xx/Include -I../Drivers/CMSIS/Include -I../USB_DEVICE/App -I../USB_DEVICE/Target -I../Middlewares/ST/STM32_USB_Device_Library/Core/Inc -I../Middlewares/ST/STM32_USB_Device_Library/Class/HID/Inc -O0 -ffunction-sections -fdata-sections -Wall -fstack-usage -fcyclomatic-complexity -MMD -MP -MF"Drivers/STM32F1xx_HAL_Driver/Src/stm32f1xx_hal_gpio.d" -MT"Drivers/STM32F1xx_HAL_Driver/Src/stm32f1xx_hal_gpio.o" --specs=nano.specs -mfloat-abi=soft -mthumb -o "Drivers/STM32F1xx_HAL_Driver/Src/stm32f1xx_hal_gpio.o"
arm-none-eabi-gcc "../Drivers/STM32F1xx_HAL_Driver/Src/stm32f1xx_hal_gpio_ex.c" -mcpu=cortex-m3 -std=gnu11 -g3 -DDEBUG -DUSE_HAL_DRIVER -DSTM32F103xB -c -I../Core/Inc -I../Drivers/STM32F1xx_HAL_Driver/Inc -I../Drivers/STM32F1xx_HAL_Driver/Inc/Legacy -I../Drivers/CMSIS/Device/ST/STM32F1xx/Include -I../Drivers/CMSIS/Include -I../USB_DEVICE/App -I../USB_DEVICE/Target -I../Middlewares/ST/STM32_USB_Device_Library/Core/Inc -I../Middlewares/ST/STM32_USB_Device_Library/Class/HID/Inc -O0 -ffunction-sections -fdata-sections -Wall -fstack-usage -fcyclomatic-complexity -MMD -MP -MF"Drivers/STM32F1xx_HAL_Driver/Src/stm32f1xx_hal_gpio_ex.d" -MT"Drivers/STM32F1xx_HAL_Driver/Src/stm32f1xx_hal_gpio_ex.o" --specs=nano.specs -mfloat-abi=soft -mthumb -o "Drivers/STM32F1xx_HAL_Driver/Src/stm32f1xx_hal_gpio_ex.o"
arm-none-eabi-gcc "../Drivers/STM32F1xx_HAL_Driver/Src/stm32f1xx_hal_pcd.c" -mcpu=cortex-m3 -std=gnu11 -g3 -DDEBUG -DUSE_HAL_DRIVER -DSTM32F103xB -c -I../Core/Inc -I../Drivers/STM32F1xx_HAL_Driver/Inc -I../Drivers/STM32F1xx_HAL_Driver/Inc/Legacy -I../Drivers/CMSIS/Device/ST/STM32F1xx/Include -I../Drivers/CMSIS/Include -I../USB_DEVICE/App -I../USB_DEVICE/Target -I../Middlewares/ST/STM32_USB_Device_Library/Core/Inc -I../Middlewares/ST/STM32_USB_Device_Library/Class/HID/Inc -O0 -ffunction-sections -fdata-sections -Wall -fstack-usage -fcyclomatic-complexity -MMD -MP -MF"Drivers/STM32F1xx_HAL_Driver/Src/stm32f1xx_hal_pcd.d" -MT"Drivers/STM32F1xx_HAL_Driver/Src/stm32f1xx_hal_pcd.o" --specs=nano.specs -mfloat-abi=soft -mthumb -o "Drivers/STM32F1xx_HAL_Driver/Src/stm32f1xx_hal_pcd.o"
arm-none-eabi-gcc "../Drivers/STM32F1xx_HAL_Driver/Src/stm32f1xx_hal_pcd_ex.c" -mcpu=cortex-m3 -std=gnu11 -g3 -DDEBUG -DUSE_HAL_DRIVER -DSTM32F103xB -c -I../Core/Inc -I../Drivers/STM32F1xx_HAL_Driver/Inc -I../Drivers/STM32F1xx_HAL_Driver/Inc/Legacy -I../Drivers/CMSIS/Device/ST/STM32F1xx/Include -I../Drivers/CMSIS/Include -I../USB_DEVICE/App -I../USB_DEVICE/Target -I../Middlewares/ST/STM32_USB_Device_Library/Core/Inc -I../Middlewares/ST/STM32_USB_Device_Library/Class/HID/Inc -O0 -ffunction-sections -fdata-sections -Wall -fstack-usage -fcyclomatic-complexity -MMD -MP -MF"Drivers/STM32F1xx_HAL_Driver/Src/stm32f1xx_hal_pcd_ex.d" -MT"Drivers/STM32F1xx_HAL_Driver/Src/stm32f1xx_hal_pcd_ex.o" --specs=nano.specs -mfloat-abi=soft -mthumb -o "Drivers/STM32F1xx_HAL_Driver/Src/stm32f1xx_hal_pcd_ex.o"
arm-none-eabi-gcc "../Drivers/STM32F1xx_HAL_Driver/Src/stm32f1xx_hal_pwr.c" -mcpu=cortex-m3 -std=gnu11 -g3 -DDEBUG -DUSE_HAL_DRIVER -DSTM32F103xB -c -I../Core/Inc -I../Drivers/STM32F1xx_HAL_Driver/Inc -I../Drivers/STM32F1xx_HAL_Driver/Inc/Legacy -I../Drivers/CMSIS/Device/ST/STM32F1xx/Include -I../Drivers/CMSIS/Include -I../USB_DEVICE/App -I../USB_DEVICE/Target -I../Middlewares/ST/STM32_USB_Device_Library/Core/Inc -I../Middlewares/ST/STM32_USB_Device_Library/Class/HID/Inc -O0 -ffunction-sections -fdata-sections -Wall -fstack-usage -fcyclomatic-complexity -MMD -MP -MF"Drivers/STM32F1xx_HAL_Driver/Src/stm32f1xx_hal_pwr.d" -MT"Drivers/STM32F1xx_HAL_Driver/Src/stm32f1xx_hal_pwr.o" --specs=nano.specs -mfloat-abi=soft -mthumb -o "Drivers/STM32F1xx_HAL_Driver/Src/stm32f1xx_hal_pwr.o"
arm-none-eabi-gcc "../Drivers/STM32F1xx_HAL_Driver/Src/stm32f1xx_hal_rcc.c" -mcpu=cortex-m3 -std=gnu11 -g3 -DDEBUG -DUSE_HAL_DRIVER -DSTM32F103xB -c -I../Core/Inc -I../Drivers/STM32F1xx_HAL_Driver/Inc -I../Drivers/STM32F1xx_HAL_Driver/Inc/Legacy -I../Drivers/CMSIS/Device/ST/STM32F1xx/Include -I../Drivers/CMSIS/Include -I../USB_DEVICE/App -I../USB_DEVICE/Target -I../Middlewares/ST/STM32_USB_Device_Library/Core/Inc -I../Middlewares/ST/STM32_USB_Device_Library/Class/HID/Inc -O0 -ffunction-sections -fdata-sections -Wall -fstack-usage -fcyclomatic-complexity -MMD -MP -MF"Drivers/STM32F1xx_HAL_Driver/Src/stm32f1xx_hal_rcc.d" -MT"Drivers/STM32F1xx_HAL_Driver/Src/stm32f1xx_hal_rcc.o" --specs=nano.specs -mfloat-abi=soft -mthumb -o "Drivers/STM32F1xx_HAL_Driver/Src/stm32f1xx_hal_rcc.o"
arm-none-eabi-gcc "../Drivers/STM32F1xx_HAL_Driver/Src/stm32f1xx_hal_rcc_ex.c" -mcpu=cortex-m3 -std=gnu11 -g3 -DDEBUG -DUSE_HAL_DRIVER -DSTM32F103xB -c -I../Core/Inc -I../Drivers/STM32F1xx_HAL_Driver/Inc -I../Drivers/STM32F1xx_HAL_Driver/Inc/Legacy -I../Drivers/CMSIS/Device/ST/STM32F1xx/Include -I../Drivers/CMSIS/Include -I../USB_DEVICE/App -I../USB_DEVICE/Target -I../Middlewares/ST/STM32_USB_Device_Library/Core/Inc -I../Middlewares/ST/STM32_USB_Device_Library/Class/HID/Inc -O0 -ffunction-sections -fdata-sections -Wall -fstack-usage -fcyclomatic-complexity -MMD -MP -MF"Drivers/STM32F1xx_HAL_Driver/Src/stm32f1xx_hal_rcc_ex.d" -MT"Drivers/STM32F1xx_HAL_Driver/Src/stm32f1xx_hal_rcc_ex.o" --specs=nano.specs -mfloat-abi=soft -mthumb -o "Drivers/STM32F1xx_HAL_Driver/Src/stm32f1xx_hal_rcc_ex.o"
arm-none-eabi-gcc "../Drivers/STM32F1xx_HAL_Driver/Src/stm32f1xx_hal_tim.c" -mcpu=cortex-m3 -std=gnu11 -g3 -DDEBUG -DUSE_HAL_DRIVER -DSTM32F103xB -c -I../Core/Inc -I../Drivers/STM32F1xx_HAL_Driver/Inc -I../Drivers/STM32F1xx_HAL_Driver/Inc/Legacy -I../Drivers/CMSIS/Device/ST/STM32F1xx/Include -I../Drivers/CMSIS/Include -I../USB_DEVICE/App -I../USB_DEVICE/Target -I../Middlewares/ST/STM32_USB_Device_Library/Core/Inc -I../Middlewares/ST/STM32_USB_Device_Library/Class/HID/Inc -O0 -ffunction-sections -fdata-sections -Wall -fstack-usage -fcyclomatic-complexity -MMD -MP -MF"Drivers/STM32F1xx_HAL_Driver/Src/stm32f1xx_hal_tim.d" -MT"Drivers/STM32F1xx_HAL_Driver/Src/stm32f1xx_hal_tim.o" --specs=nano.specs -mfloat-abi=soft -mthumb -o "Drivers/STM32F1xx_HAL_Driver/Src/stm32f1xx_hal_tim.o"
arm-none-eabi-gcc "../Drivers/STM32F1xx_HAL_Driver/Src/stm32f1xx_hal_tim_ex.c" -mcpu=cortex-m3 -std=gnu11 -g3 -DDEBUG -DUSE_HAL_DRIVER -DSTM32F103xB -c -I../Core/Inc -I../Drivers/STM32F1xx_HAL_Driver/Inc -I../Drivers/STM32F1xx_HAL_Driver/Inc/Legacy -I../Drivers/CMSIS/Device/ST/STM32F1xx/Include -I../Drivers/CMSIS/Include -I../USB_DEVICE/App -I../USB_DEVICE/Target -I../Middlewares/ST/STM32_USB_Device_Library/Core/Inc -I../Middlewares/ST/STM32_USB_Device_Library/Class/HID/Inc -O0 -ffunction-sections -fdata-sections -Wall -fstack-usage -fcyclomatic-complexity -MMD -MP -MF"Drivers/STM32F1xx_HAL_Driver/Src/stm32f1xx_hal_tim_ex.d" -MT"Drivers/STM32F1xx_HAL_Driver/Src/stm32f1xx_hal_tim_ex.o" --specs=nano.specs -mfloat-abi=soft -mthumb -o "Drivers/STM32F1xx_HAL_Driver/Src/stm32f1xx_hal_tim_ex.o"
arm-none-eabi-gcc "../Drivers/STM32F1xx_HAL_Driver/Src/stm32f1xx_ll_usb.c" -mcpu=cortex-m3 -std=gnu11 -g3 -DDEBUG -DUSE_HAL_DRIVER -DSTM32F103xB -c -I../Core/Inc -I../Drivers/STM32F1xx_HAL_Driver/Inc -I../Drivers/STM32F1xx_HAL_Driver/Inc/Legacy -I../Drivers/CMSIS/Device/ST/STM32F1xx/Include -I../Drivers/CMSIS/Include -I../USB_DEVICE/App -I../USB_DEVICE/Target -I../Middlewares/ST/STM32_USB_Device_Library/Core/Inc -I../Middlewares/ST/STM32_USB_Device_Library/Class/HID/Inc -O0 -ffunction-sections -fdata-sections -Wall -fstack-usage -fcyclomatic-complexity -MMD -MP -MF"Drivers/STM32F1xx_HAL_Driver/Src/stm32f1xx_ll_usb.d" -MT"Drivers/STM32F1xx_HAL_Driver/Src/stm32f1xx_ll_usb.o" --specs=nano.specs -mfloat-abi=soft -mthumb -o "Drivers/STM32F1xx_HAL_Driver/Src/stm32f1xx_ll_usb.o"
arm-none-eabi-gcc -mcpu=cortex-m3 -g3 -DDEBUG -c -x assembler-with-cpp -MMD -MP -MF"Core/Startup/startup_stm32f103c8tx.d" -MT"Core/Startup/startup_stm32f103c8tx.o" --specs=nano.specs -mfloat-abi=soft -mthumb -o "Core/Startup/startup_stm32f103c8tx.o" "../Core/Startup/startup_stm32f103c8tx.s"
arm-none-eabi-gcc "../Core/Src/main.c" -mcpu=cortex-m3 -std=gnu11 -g3 -DDEBUG -DUSE_HAL_DRIVER -DSTM32F103xB -c -I../Core/Inc -I../Drivers/STM32F1xx_HAL_Driver/Inc -I../Drivers/STM32F1xx_HAL_Driver/Inc/Legacy -I../Drivers/CMSIS/Device/ST/STM32F1xx/Include -I../Drivers/CMSIS/Include -I../USB_DEVICE/App -I../USB_DEVICE/Target -I../Middlewares/ST/STM32_USB_Device_Library/Core/Inc -I../Middlewares/ST/STM32_USB_Device_Library/Class/HID/Inc -O0 -ffunction-sections -fdata-sections -Wall -fstack-usage -fcyclomatic-complexity -MMD -MP -MF"Core/Src/main.d" -MT"Core/Src/main.o" --specs=nano.specs -mfloat-abi=soft -mthumb -o "Core/Src/main.o"
arm-none-eabi-gcc "../Core/Src/stm32f1xx_hal_msp.c" -mcpu=cortex-m3 -std=gnu11 -g3 -DDEBUG -DUSE_HAL_DRIVER -DSTM32F103xB -c -I../Core/Inc -I../Drivers/STM32F1xx_HAL_Driver/Inc -I../Drivers/STM32F1xx_HAL_Driver/Inc/Legacy -I../Drivers/CMSIS/Device/ST/STM32F1xx/Include -I../Drivers/CMSIS/Include -I../USB_DEVICE/App -I../USB_DEVICE/Target -I../Middlewares/ST/STM32_USB_Device_Library/Core/Inc -I../Middlewares/ST/STM32_USB_Device_Library/Class/HID/Inc -O0 -ffunction-sections -fdata-sections -Wall -fstack-usage -fcyclomatic-complexity -MMD -MP -MF"Core/Src/stm32f1xx_hal_msp.d" -MT"Core/Src/stm32f1xx_hal_msp.o" --specs=nano.specs -mfloat-abi=soft -mthumb -o "Core/Src/stm32f1xx_hal_msp.o"
arm-none-eabi-gcc "../Core/Src/stm32f1xx_it.c" -mcpu=cortex-m3 -std=gnu11 -g3 -DDEBUG -DUSE_HAL_DRIVER -DSTM32F103xB -c -I../Core/Inc -I../Drivers/STM32F1xx_HAL_Driver/Inc -I../Drivers/STM32F1xx_HAL_Driver/Inc/Legacy -I../Drivers/CMSIS/Device/ST/STM32F1xx/Include -I../Drivers/CMSIS/Include -I../USB_DEVICE/App -I../USB_DEVICE/Target -I../Middlewares/ST/STM32_USB_Device_Library/Core/Inc -I../Middlewares/ST/STM32_USB_Device_Library/Class/HID/Inc -O0 -ffunction-sections -fdata-sections -Wall -fstack-usage -fcyclomatic-complexity -MMD -MP -MF"Core/Src/stm32f1xx_it.d" -MT"Core/Src/stm32f1xx_it.o" --specs=nano.specs -mfloat-abi=soft -mthumb -o "Core/Src/stm32f1xx_it.o"
arm-none-eabi-gcc "../Core/Src/syscalls.c" -mcpu=cortex-m3 -std=gnu11 -g3 -DDEBUG -DUSE_HAL_DRIVER -DSTM32F103xB -c -I../Core/Inc -I../Drivers/STM32F1xx_HAL_Driver/Inc -I../Drivers/STM32F1xx_HAL_Driver/Inc/Legacy -I../Drivers/CMSIS/Device/ST/STM32F1xx/Include -I../Drivers/CMSIS/Include -I../USB_DEVICE/App -I../USB_DEVICE/Target -I../Middlewares/ST/STM32_USB_Device_Library/Core/Inc -I../Middlewares/ST/STM32_USB_Device_Library/Class/HID/Inc -O0 -ffunction-sections -fdata-sections -Wall -fstack-usage -fcyclomatic-complexity -MMD -MP -MF"Core/Src/syscalls.d" -MT"Core/Src/syscalls.o" --specs=nano.specs -mfloat-abi=soft -mthumb -o "Core/Src/syscalls.o"
arm-none-eabi-gcc "../Core/Src/sysmem.c" -mcpu=cortex-m3 -std=gnu11 -g3 -DDEBUG -DUSE_HAL_DRIVER -DSTM32F103xB -c -I../Core/Inc -I../Drivers/STM32F1xx_HAL_Driver/Inc -I../Drivers/STM32F1xx_HAL_Driver/Inc/Legacy -I../Drivers/CMSIS/Device/ST/STM32F1xx/Include -I../Drivers/CMSIS/Include -I../USB_DEVICE/App -I../USB_DEVICE/Target -I../Middlewares/ST/STM32_USB_Device_Library/Core/Inc -I../Middlewares/ST/STM32_USB_Device_Library/Class/HID/Inc -O0 -ffunction-sections -fdata-sections -Wall -fstack-usage -fcyclomatic-complexity -MMD -MP -MF"Core/Src/sysmem.d" -MT"Core/Src/sysmem.o" --specs=nano.specs -mfloat-abi=soft -mthumb -o "Core/Src/sysmem.o"
arm-none-eabi-gcc "../Core/Src/system_stm32f1xx.c" -mcpu=cortex-m3 -std=gnu11 -g3 -DDEBUG -DUSE_HAL_DRIVER -DSTM32F103xB -c -I../Core/Inc -I../Drivers/STM32F1xx_HAL_Driver/Inc -I../Drivers/STM32F1xx_HAL_Driver/Inc/Legacy -I../Drivers/CMSIS/Device/ST/STM32F1xx/Include -I../Drivers/CMSIS/Include -I../USB_DEVICE/App -I../USB_DEVICE/Target -I../Middlewares/ST/STM32_USB_Device_Library/Core/Inc -I../Middlewares/ST/STM32_USB_Device_Library/Class/HID/Inc -O0 -ffunction-sections -fdata-sections -Wall -fstack-usage -fcyclomatic-complexity -MMD -MP -MF"Core/Src/system_stm32f1xx.d" -MT"Core/Src/system_stm32f1xx.o" --specs=nano.specs -mfloat-abi=soft -mthumb -o "Core/Src/system_stm32f1xx.o"
arm-none-eabi-gcc -o "quadrature_to_usb_midi.elf" @"objects.list"   -mcpu=cortex-m3 -T"C:\Users\Samuel\Software\arduor_controller_lw\stm_32_quadrature_encoder_to_usb_midi\quadrature_to_usb_midi\STM32F103C8TX_FLASH.ld" --specs=nosys.specs -Wl,-Map="quadrature_to_usb_midi.map" -Wl,--gc-sections -static --specs=nano.specs -mfloat-abi=soft -mthumb -Wl,--start-group -lc -lm -Wl,--end-group
Finished building target: quadrature_to_usb_midi.elf
 
arm-none-eabi-size  quadrature_to_usb_midi.elf 
arm-none-eabi-objdump -h -S quadrature_to_usb_midi.elf  > "quadrature_to_usb_midi.list"
   text	   data	    bss	    dec	    hex	filename
  29924	    356	   3612	  33892	   8464	quadrature_to_usb_midi.elf
Finished building: default.size.stdout
 
Finished building: quadrature_to_usb_midi.list
 
14:28:38 **** Incremental Build of configuration Debug for project quadrature_to_usb_midi ****
make -j28 all 
arm-none-eabi-gcc "../Middlewares/ST/STM32_USB_Device_Library/Class/MIDI/Src/usbd_midi.c" -mcpu=cortex-m3 -std=gnu11 -g3 -DDEBUG -DUSE_HAL_DRIVER -DSTM32F103xB -c -I../Core/Inc -I../Drivers/STM32F1xx_HAL_Driver/Inc -I../Drivers/STM32F1xx_HAL_Driver/Inc/Legacy -I../Drivers/CMSIS/Device/ST/STM32F1xx/Include -I../Drivers/CMSIS/Include -I../USB_DEVICE/App -I../USB_DEVICE/Target -I../Middlewares/ST/STM32_USB_Device_Library/Core/Inc -I../Middlewares/ST/STM32_USB_Device_Library/Class/HID/Inc -O0 -ffunction-sections -fdata-sections -Wall -fstack-usage -fcyclomatic-complexity -MMD -MP -MF"Middlewares/ST/STM32_USB_Device_Library/Class/MIDI/Src/usbd_midi.d" -MT"Middlewares/ST/STM32_USB_Device_Library/Class/MIDI/Src/usbd_midi.o" --specs=nano.specs -mfloat-abi=soft -mthumb -o "Middlewares/ST/STM32_USB_Device_Library/Class/MIDI/Src/usbd_midi.o"
../Middlewares/ST/STM32_USB_Device_Library/Class/MIDI/Src/usbd_midi.c:68:10: fatal error: usbd_midi.h: No such file or directory
   68 | #include "usbd_midi.h"
      |          ^~~~~~~~~~~~~
compilation terminated.
make: *** [Middlewares/ST/STM32_USB_Device_Library/Class/MIDI/Src/subdir.mk:19: Middlewares/ST/STM32_USB_Device_Library/Class/MIDI/Src/usbd_midi.o] Error 1
"make -j28 all" terminated with exit code 2. Build might be incomplete.
14:32:23 **** Incremental Build of configuration Debug for project quadrature_to_usb_midi ****
make -j28 all 
arm-none-eabi-gcc "../USB_DEVICE/Target/usbd_conf.c" -mcpu=cortex-m3 -std=gnu11 -g3 -DDEBUG -DUSE_HAL_DRIVER -DSTM32F103xB -c -I../Core/Inc -I../Drivers/STM32F1xx_HAL_Driver/Inc -I../Drivers/STM32F1xx_HAL_Driver/Inc/Legacy -I../Drivers/CMSIS/Device/ST/STM32F1xx/Include -I../Drivers/CMSIS/Include -I../USB_DEVICE/App -I../USB_DEVICE/Target -I../Middlewares/ST/STM32_USB_Device_Library/Core/Inc -I../Middlewares/ST/STM32_USB_Device_Library/Class/HID/Inc -O0 -ffunction-sections -fdata-sections -Wall -fstack-usage -fcyclomatic-complexity -MMD -MP -MF"USB_DEVICE/Target/usbd_conf.d" -MT"USB_DEVICE/Target/usbd_conf.o" --specs=nano.specs -mfloat-abi=soft -mthumb -o "USB_DEVICE/Target/usbd_conf.o"
arm-none-eabi-gcc "../USB_DEVICE/App/usb_device.c" -mcpu=cortex-m3 -std=gnu11 -g3 -DDEBUG -DUSE_HAL_DRIVER -DSTM32F103xB -c -I../Core/Inc -I../Drivers/STM32F1xx_HAL_Driver/Inc -I../Drivers/STM32F1xx_HAL_Driver/Inc/Legacy -I../Drivers/CMSIS/Device/ST/STM32F1xx/Include -I../Drivers/CMSIS/Include -I../USB_DEVICE/App -I../USB_DEVICE/Target -I../Middlewares/ST/STM32_USB_Device_Library/Core/Inc -I../Middlewares/ST/STM32_USB_Device_Library/Class/HID/Inc -O0 -ffunction-sections -fdata-sections -Wall -fstack-usage -fcyclomatic-complexity -MMD -MP -MF"USB_DEVICE/App/usb_device.d" -MT"USB_DEVICE/App/usb_device.o" --specs=nano.specs -mfloat-abi=soft -mthumb -o "USB_DEVICE/App/usb_device.o"
arm-none-eabi-gcc "../Middlewares/ST/STM32_USB_Device_Library/Class/MIDI/Src/usbd_midi.c" -mcpu=cortex-m3 -std=gnu11 -g3 -DDEBUG -DUSE_HAL_DRIVER -DSTM32F103xB -c -I../Core/Inc -I../Drivers/STM32F1xx_HAL_Driver/Inc -I../Drivers/STM32F1xx_HAL_Driver/Inc/Legacy -I../Drivers/CMSIS/Device/ST/STM32F1xx/Include -I../Drivers/CMSIS/Include -I../USB_DEVICE/App -I../USB_DEVICE/Target -I../Middlewares/ST/STM32_USB_Device_Library/Core/Inc -I../Middlewares/ST/STM32_USB_Device_Library/Class/HID/Inc -O0 -ffunction-sections -fdata-sections -Wall -fstack-usage -fcyclomatic-complexity -MMD -MP -MF"Middlewares/ST/STM32_USB_Device_Library/Class/MIDI/Src/usbd_midi.d" -MT"Middlewares/ST/STM32_USB_Device_Library/Class/MIDI/Src/usbd_midi.o" --specs=nano.specs -mfloat-abi=soft -mthumb -o "Middlewares/ST/STM32_USB_Device_Library/Class/MIDI/Src/usbd_midi.o"
../Middlewares/ST/STM32_USB_Device_Library/Class/MIDI/Src/usbd_midi.c:68:10: fatal error: usbd_midi.h: No such file or directory
   68 | #include "usbd_midi.h"
      |          ^~~~~~~~~~~~~
compilation terminated.
make: *** [Middlewares/ST/STM32_USB_Device_Library/Class/MIDI/Src/subdir.mk:19: Middlewares/ST/STM32_USB_Device_Library/Class/MIDI/Src/usbd_midi.o] Error 1
make: *** Waiting for unfinished jobs....
../USB_DEVICE/Target/usbd_conf.c:29:10: fatal error: usbd_midi.h: No such file or directory
   29 | #include "usbd_midi.h"
      |          ^~~~~~~~~~~~~
../USB_DEVICE/App/usb_device.c:29:10: fatal error: usbd_midi.h: No such file or directory
   29 | #include "usbd_midi.h"
      |          ^~~~~~~~~~~~~
compilation terminated.
compilation terminated.
make: *** [USB_DEVICE/Target/subdir.mk:19: USB_DEVICE/Target/usbd_conf.o] Error 1
make: *** [USB_DEVICE/App/subdir.mk:22: USB_DEVICE/App/usb_device.o] Error 1
"make -j28 all" terminated with exit code 2. Build might be incomplete.
14:33:09 **** Incremental Build of configuration Debug for project quadrature_to_usb_midi ****
make -j28 all 
arm-none-eabi-gcc "../USB_DEVICE/Target/usbd_conf.c" -mcpu=cortex-m3 -std=gnu11 -g3 -DDEBUG -DUSE_HAL_DRIVER -DSTM32F103xB -c -I../Core/Inc -I"C:/Users/Samuel/Software/arduor_controller_lw/stm_32_quadrature_encoder_to_usb_midi/quadrature_to_usb_midi/Middlewares/ST/STM32_USB_Device_Library/Class/MIDI/Inc" -I../Drivers/STM32F1xx_HAL_Driver/Inc -I../Drivers/STM32F1xx_HAL_Driver/Inc/Legacy -I../Drivers/CMSIS/Device/ST/STM32F1xx/Include -I../Drivers/CMSIS/Include -I../USB_DEVICE/App -I../USB_DEVICE/Target -I../Middlewares/ST/STM32_USB_Device_Library/Core/Inc -I../Middlewares/ST/STM32_USB_Device_Library/Class/HID/Inc -O0 -ffunction-sections -fdata-sections -Wall -fstack-usage -fcyclomatic-complexity -MMD -MP -MF"USB_DEVICE/Target/usbd_conf.d" -MT"USB_DEVICE/Target/usbd_conf.o" --specs=nano.specs -mfloat-abi=soft -mthumb -o "USB_DEVICE/Target/usbd_conf.o"
arm-none-eabi-gcc "../USB_DEVICE/App/usb_device.c" -mcpu=cortex-m3 -std=gnu11 -g3 -DDEBUG -DUSE_HAL_DRIVER -DSTM32F103xB -c -I../Core/Inc -I"C:/Users/Samuel/Software/arduor_controller_lw/stm_32_quadrature_encoder_to_usb_midi/quadrature_to_usb_midi/Middlewares/ST/STM32_USB_Device_Library/Class/MIDI/Inc" -I../Drivers/STM32F1xx_HAL_Driver/Inc -I../Drivers/STM32F1xx_HAL_Driver/Inc/Legacy -I../Drivers/CMSIS/Device/ST/STM32F1xx/Include -I../Drivers/CMSIS/Include -I../USB_DEVICE/App -I../USB_DEVICE/Target -I../Middlewares/ST/STM32_USB_Device_Library/Core/Inc -I../Middlewares/ST/STM32_USB_Device_Library/Class/HID/Inc -O0 -ffunction-sections -fdata-sections -Wall -fstack-usage -fcyclomatic-complexity -MMD -MP -MF"USB_DEVICE/App/usb_device.d" -MT"USB_DEVICE/App/usb_device.o" --specs=nano.specs -mfloat-abi=soft -mthumb -o "USB_DEVICE/App/usb_device.o"
arm-none-eabi-gcc "../USB_DEVICE/App/usbd_desc.c" -mcpu=cortex-m3 -std=gnu11 -g3 -DDEBUG -DUSE_HAL_DRIVER -DSTM32F103xB -c -I../Core/Inc -I"C:/Users/Samuel/Software/arduor_controller_lw/stm_32_quadrature_encoder_to_usb_midi/quadrature_to_usb_midi/Middlewares/ST/STM32_USB_Device_Library/Class/MIDI/Inc" -I../Drivers/STM32F1xx_HAL_Driver/Inc -I../Drivers/STM32F1xx_HAL_Driver/Inc/Legacy -I../Drivers/CMSIS/Device/ST/STM32F1xx/Include -I../Drivers/CMSIS/Include -I../USB_DEVICE/App -I../USB_DEVICE/Target -I../Middlewares/ST/STM32_USB_Device_Library/Core/Inc -I../Middlewares/ST/STM32_USB_Device_Library/Class/HID/Inc -O0 -ffunction-sections -fdata-sections -Wall -fstack-usage -fcyclomatic-complexity -MMD -MP -MF"USB_DEVICE/App/usbd_desc.d" -MT"USB_DEVICE/App/usbd_desc.o" --specs=nano.specs -mfloat-abi=soft -mthumb -o "USB_DEVICE/App/usbd_desc.o"
arm-none-eabi-gcc "../Middlewares/ST/STM32_USB_Device_Library/Core/Src/usbd_core.c" -mcpu=cortex-m3 -std=gnu11 -g3 -DDEBUG -DUSE_HAL_DRIVER -DSTM32F103xB -c -I../Core/Inc -I"C:/Users/Samuel/Software/arduor_controller_lw/stm_32_quadrature_encoder_to_usb_midi/quadrature_to_usb_midi/Middlewares/ST/STM32_USB_Device_Library/Class/MIDI/Inc" -I../Drivers/STM32F1xx_HAL_Driver/Inc -I../Drivers/STM32F1xx_HAL_Driver/Inc/Legacy -I../Drivers/CMSIS/Device/ST/STM32F1xx/Include -I../Drivers/CMSIS/Include -I../USB_DEVICE/App -I../USB_DEVICE/Target -I../Middlewares/ST/STM32_USB_Device_Library/Core/Inc -I../Middlewares/ST/STM32_USB_Device_Library/Class/HID/Inc -O0 -ffunction-sections -fdata-sections -Wall -fstack-usage -fcyclomatic-complexity -MMD -MP -MF"Middlewares/ST/STM32_USB_Device_Library/Core/Src/usbd_core.d" -MT"Middlewares/ST/STM32_USB_Device_Library/Core/Src/usbd_core.o" --specs=nano.specs -mfloat-abi=soft -mthumb -o "Middlewares/ST/STM32_USB_Device_Library/Core/Src/usbd_core.o"
arm-none-eabi-gcc "../Middlewares/ST/STM32_USB_Device_Library/Core/Src/usbd_ctlreq.c" -mcpu=cortex-m3 -std=gnu11 -g3 -DDEBUG -DUSE_HAL_DRIVER -DSTM32F103xB -c -I../Core/Inc -I"C:/Users/Samuel/Software/arduor_controller_lw/stm_32_quadrature_encoder_to_usb_midi/quadrature_to_usb_midi/Middlewares/ST/STM32_USB_Device_Library/Class/MIDI/Inc" -I../Drivers/STM32F1xx_HAL_Driver/Inc -I../Drivers/STM32F1xx_HAL_Driver/Inc/Legacy -I../Drivers/CMSIS/Device/ST/STM32F1xx/Include -I../Drivers/CMSIS/Include -I../USB_DEVICE/App -I../USB_DEVICE/Target -I../Middlewares/ST/STM32_USB_Device_Library/Core/Inc -I../Middlewares/ST/STM32_USB_Device_Library/Class/HID/Inc -O0 -ffunction-sections -fdata-sections -Wall -fstack-usage -fcyclomatic-complexity -MMD -MP -MF"Middlewares/ST/STM32_USB_Device_Library/Core/Src/usbd_ctlreq.d" -MT"Middlewares/ST/STM32_USB_Device_Library/Core/Src/usbd_ctlreq.o" --specs=nano.specs -mfloat-abi=soft -mthumb -o "Middlewares/ST/STM32_USB_Device_Library/Core/Src/usbd_ctlreq.o"
arm-none-eabi-gcc "../Middlewares/ST/STM32_USB_Device_Library/Core/Src/usbd_ioreq.c" -mcpu=cortex-m3 -std=gnu11 -g3 -DDEBUG -DUSE_HAL_DRIVER -DSTM32F103xB -c -I../Core/Inc -I"C:/Users/Samuel/Software/arduor_controller_lw/stm_32_quadrature_encoder_to_usb_midi/quadrature_to_usb_midi/Middlewares/ST/STM32_USB_Device_Library/Class/MIDI/Inc" -I../Drivers/STM32F1xx_HAL_Driver/Inc -I../Drivers/STM32F1xx_HAL_Driver/Inc/Legacy -I../Drivers/CMSIS/Device/ST/STM32F1xx/Include -I../Drivers/CMSIS/Include -I../USB_DEVICE/App -I../USB_DEVICE/Target -I../Middlewares/ST/STM32_USB_Device_Library/Core/Inc -I../Middlewares/ST/STM32_USB_Device_Library/Class/HID/Inc -O0 -ffunction-sections -fdata-sections -Wall -fstack-usage -fcyclomatic-complexity -MMD -MP -MF"Middlewares/ST/STM32_USB_Device_Library/Core/Src/usbd_ioreq.d" -MT"Middlewares/ST/STM32_USB_Device_Library/Core/Src/usbd_ioreq.o" --specs=nano.specs -mfloat-abi=soft -mthumb -o "Middlewares/ST/STM32_USB_Device_Library/Core/Src/usbd_ioreq.o"
arm-none-eabi-gcc "../Middlewares/ST/STM32_USB_Device_Library/Class/MIDI/Src/usbd_midi.c" -mcpu=cortex-m3 -std=gnu11 -g3 -DDEBUG -DUSE_HAL_DRIVER -DSTM32F103xB -c -I../Core/Inc -I"C:/Users/Samuel/Software/arduor_controller_lw/stm_32_quadrature_encoder_to_usb_midi/quadrature_to_usb_midi/Middlewares/ST/STM32_USB_Device_Library/Class/MIDI/Inc" -I../Drivers/STM32F1xx_HAL_Driver/Inc -I../Drivers/STM32F1xx_HAL_Driver/Inc/Legacy -I../Drivers/CMSIS/Device/ST/STM32F1xx/Include -I../Drivers/CMSIS/Include -I../USB_DEVICE/App -I../USB_DEVICE/Target -I../Middlewares/ST/STM32_USB_Device_Library/Core/Inc -I../Middlewares/ST/STM32_USB_Device_Library/Class/HID/Inc -O0 -ffunction-sections -fdata-sections -Wall -fstack-usage -fcyclomatic-complexity -MMD -MP -MF"Middlewares/ST/STM32_USB_Device_Library/Class/MIDI/Src/usbd_midi.d" -MT"Middlewares/ST/STM32_USB_Device_Library/Class/MIDI/Src/usbd_midi.o" --specs=nano.specs -mfloat-abi=soft -mthumb -o "Middlewares/ST/STM32_USB_Device_Library/Class/MIDI/Src/usbd_midi.o"
arm-none-eabi-gcc "../Middlewares/ST/STM32_USB_Device_Library/Class/HID/Src/usbd_hid.c" -mcpu=cortex-m3 -std=gnu11 -g3 -DDEBUG -DUSE_HAL_DRIVER -DSTM32F103xB -c -I../Core/Inc -I"C:/Users/Samuel/Software/arduor_controller_lw/stm_32_quadrature_encoder_to_usb_midi/quadrature_to_usb_midi/Middlewares/ST/STM32_USB_Device_Library/Class/MIDI/Inc" -I../Drivers/STM32F1xx_HAL_Driver/Inc -I../Drivers/STM32F1xx_HAL_Driver/Inc/Legacy -I../Drivers/CMSIS/Device/ST/STM32F1xx/Include -I../Drivers/CMSIS/Include -I../USB_DEVICE/App -I../USB_DEVICE/Target -I../Middlewares/ST/STM32_USB_Device_Library/Core/Inc -I../Middlewares/ST/STM32_USB_Device_Library/Class/HID/Inc -O0 -ffunction-sections -fdata-sections -Wall -fstack-usage -fcyclomatic-complexity -MMD -MP -MF"Middlewares/ST/STM32_USB_Device_Library/Class/HID/Src/usbd_hid.d" -MT"Middlewares/ST/STM32_USB_Device_Library/Class/HID/Src/usbd_hid.o" --specs=nano.specs -mfloat-abi=soft -mthumb -o "Middlewares/ST/STM32_USB_Device_Library/Class/HID/Src/usbd_hid.o"
arm-none-eabi-gcc "../Drivers/STM32F1xx_HAL_Driver/Src/stm32f1xx_hal.c" -mcpu=cortex-m3 -std=gnu11 -g3 -DDEBUG -DUSE_HAL_DRIVER -DSTM32F103xB -c -I../Core/Inc -I"C:/Users/Samuel/Software/arduor_controller_lw/stm_32_quadrature_encoder_to_usb_midi/quadrature_to_usb_midi/Middlewares/ST/STM32_USB_Device_Library/Class/MIDI/Inc" -I../Drivers/STM32F1xx_HAL_Driver/Inc -I../Drivers/STM32F1xx_HAL_Driver/Inc/Legacy -I../Drivers/CMSIS/Device/ST/STM32F1xx/Include -I../Drivers/CMSIS/Include -I../USB_DEVICE/App -I../USB_DEVICE/Target -I../Middlewares/ST/STM32_USB_Device_Library/Core/Inc -I../Middlewares/ST/STM32_USB_Device_Library/Class/HID/Inc -O0 -ffunction-sections -fdata-sections -Wall -fstack-usage -fcyclomatic-complexity -MMD -MP -MF"Drivers/STM32F1xx_HAL_Driver/Src/stm32f1xx_hal.d" -MT"Drivers/STM32F1xx_HAL_Driver/Src/stm32f1xx_hal.o" --specs=nano.specs -mfloat-abi=soft -mthumb -o "Drivers/STM32F1xx_HAL_Driver/Src/stm32f1xx_hal.o"
arm-none-eabi-gcc "../Drivers/STM32F1xx_HAL_Driver/Src/stm32f1xx_hal_cortex.c" -mcpu=cortex-m3 -std=gnu11 -g3 -DDEBUG -DUSE_HAL_DRIVER -DSTM32F103xB -c -I../Core/Inc -I"C:/Users/Samuel/Software/arduor_controller_lw/stm_32_quadrature_encoder_to_usb_midi/quadrature_to_usb_midi/Middlewares/ST/STM32_USB_Device_Library/Class/MIDI/Inc" -I../Drivers/STM32F1xx_HAL_Driver/Inc -I../Drivers/STM32F1xx_HAL_Driver/Inc/Legacy -I../Drivers/CMSIS/Device/ST/STM32F1xx/Include -I../Drivers/CMSIS/Include -I../USB_DEVICE/App -I../USB_DEVICE/Target -I../Middlewares/ST/STM32_USB_Device_Library/Core/Inc -I../Middlewares/ST/STM32_USB_Device_Library/Class/HID/Inc -O0 -ffunction-sections -fdata-sections -Wall -fstack-usage -fcyclomatic-complexity -MMD -MP -MF"Drivers/STM32F1xx_HAL_Driver/Src/stm32f1xx_hal_cortex.d" -MT"Drivers/STM32F1xx_HAL_Driver/Src/stm32f1xx_hal_cortex.o" --specs=nano.specs -mfloat-abi=soft -mthumb -o "Drivers/STM32F1xx_HAL_Driver/Src/stm32f1xx_hal_cortex.o"
arm-none-eabi-gcc "../Drivers/STM32F1xx_HAL_Driver/Src/stm32f1xx_hal_dma.c" -mcpu=cortex-m3 -std=gnu11 -g3 -DDEBUG -DUSE_HAL_DRIVER -DSTM32F103xB -c -I../Core/Inc -I"C:/Users/Samuel/Software/arduor_controller_lw/stm_32_quadrature_encoder_to_usb_midi/quadrature_to_usb_midi/Middlewares/ST/STM32_USB_Device_Library/Class/MIDI/Inc" -I../Drivers/STM32F1xx_HAL_Driver/Inc -I../Drivers/STM32F1xx_HAL_Driver/Inc/Legacy -I../Drivers/CMSIS/Device/ST/STM32F1xx/Include -I../Drivers/CMSIS/Include -I../USB_DEVICE/App -I../USB_DEVICE/Target -I../Middlewares/ST/STM32_USB_Device_Library/Core/Inc -I../Middlewares/ST/STM32_USB_Device_Library/Class/HID/Inc -O0 -ffunction-sections -fdata-sections -Wall -fstack-usage -fcyclomatic-complexity -MMD -MP -MF"Drivers/STM32F1xx_HAL_Driver/Src/stm32f1xx_hal_dma.d" -MT"Drivers/STM32F1xx_HAL_Driver/Src/stm32f1xx_hal_dma.o" --specs=nano.specs -mfloat-abi=soft -mthumb -o "Drivers/STM32F1xx_HAL_Driver/Src/stm32f1xx_hal_dma.o"
arm-none-eabi-gcc "../Drivers/STM32F1xx_HAL_Driver/Src/stm32f1xx_hal_exti.c" -mcpu=cortex-m3 -std=gnu11 -g3 -DDEBUG -DUSE_HAL_DRIVER -DSTM32F103xB -c -I../Core/Inc -I"C:/Users/Samuel/Software/arduor_controller_lw/stm_32_quadrature_encoder_to_usb_midi/quadrature_to_usb_midi/Middlewares/ST/STM32_USB_Device_Library/Class/MIDI/Inc" -I../Drivers/STM32F1xx_HAL_Driver/Inc -I../Drivers/STM32F1xx_HAL_Driver/Inc/Legacy -I../Drivers/CMSIS/Device/ST/STM32F1xx/Include -I../Drivers/CMSIS/Include -I../USB_DEVICE/App -I../USB_DEVICE/Target -I../Middlewares/ST/STM32_USB_Device_Library/Core/Inc -I../Middlewares/ST/STM32_USB_Device_Library/Class/HID/Inc -O0 -ffunction-sections -fdata-sections -Wall -fstack-usage -fcyclomatic-complexity -MMD -MP -MF"Drivers/STM32F1xx_HAL_Driver/Src/stm32f1xx_hal_exti.d" -MT"Drivers/STM32F1xx_HAL_Driver/Src/stm32f1xx_hal_exti.o" --specs=nano.specs -mfloat-abi=soft -mthumb -o "Drivers/STM32F1xx_HAL_Driver/Src/stm32f1xx_hal_exti.o"
arm-none-eabi-gcc "../Drivers/STM32F1xx_HAL_Driver/Src/stm32f1xx_hal_flash.c" -mcpu=cortex-m3 -std=gnu11 -g3 -DDEBUG -DUSE_HAL_DRIVER -DSTM32F103xB -c -I../Core/Inc -I"C:/Users/Samuel/Software/arduor_controller_lw/stm_32_quadrature_encoder_to_usb_midi/quadrature_to_usb_midi/Middlewares/ST/STM32_USB_Device_Library/Class/MIDI/Inc" -I../Drivers/STM32F1xx_HAL_Driver/Inc -I../Drivers/STM32F1xx_HAL_Driver/Inc/Legacy -I../Drivers/CMSIS/Device/ST/STM32F1xx/Include -I../Drivers/CMSIS/Include -I../USB_DEVICE/App -I../USB_DEVICE/Target -I../Middlewares/ST/STM32_USB_Device_Library/Core/Inc -I../Middlewares/ST/STM32_USB_Device_Library/Class/HID/Inc -O0 -ffunction-sections -fdata-sections -Wall -fstack-usage -fcyclomatic-complexity -MMD -MP -MF"Drivers/STM32F1xx_HAL_Driver/Src/stm32f1xx_hal_flash.d" -MT"Drivers/STM32F1xx_HAL_Driver/Src/stm32f1xx_hal_flash.o" --specs=nano.specs -mfloat-abi=soft -mthumb -o "Drivers/STM32F1xx_HAL_Driver/Src/stm32f1xx_hal_flash.o"
arm-none-eabi-gcc "../Drivers/STM32F1xx_HAL_Driver/Src/stm32f1xx_hal_flash_ex.c" -mcpu=cortex-m3 -std=gnu11 -g3 -DDEBUG -DUSE_HAL_DRIVER -DSTM32F103xB -c -I../Core/Inc -I"C:/Users/Samuel/Software/arduor_controller_lw/stm_32_quadrature_encoder_to_usb_midi/quadrature_to_usb_midi/Middlewares/ST/STM32_USB_Device_Library/Class/MIDI/Inc" -I../Drivers/STM32F1xx_HAL_Driver/Inc -I../Drivers/STM32F1xx_HAL_Driver/Inc/Legacy -I../Drivers/CMSIS/Device/ST/STM32F1xx/Include -I../Drivers/CMSIS/Include -I../USB_DEVICE/App -I../USB_DEVICE/Target -I../Middlewares/ST/STM32_USB_Device_Library/Core/Inc -I../Middlewares/ST/STM32_USB_Device_Library/Class/HID/Inc -O0 -ffunction-sections -fdata-sections -Wall -fstack-usage -fcyclomatic-complexity -MMD -MP -MF"Drivers/STM32F1xx_HAL_Driver/Src/stm32f1xx_hal_flash_ex.d" -MT"Drivers/STM32F1xx_HAL_Driver/Src/stm32f1xx_hal_flash_ex.o" --specs=nano.specs -mfloat-abi=soft -mthumb -o "Drivers/STM32F1xx_HAL_Driver/Src/stm32f1xx_hal_flash_ex.o"
arm-none-eabi-gcc "../Drivers/STM32F1xx_HAL_Driver/Src/stm32f1xx_hal_gpio.c" -mcpu=cortex-m3 -std=gnu11 -g3 -DDEBUG -DUSE_HAL_DRIVER -DSTM32F103xB -c -I../Core/Inc -I"C:/Users/Samuel/Software/arduor_controller_lw/stm_32_quadrature_encoder_to_usb_midi/quadrature_to_usb_midi/Middlewares/ST/STM32_USB_Device_Library/Class/MIDI/Inc" -I../Drivers/STM32F1xx_HAL_Driver/Inc -I../Drivers/STM32F1xx_HAL_Driver/Inc/Legacy -I../Drivers/CMSIS/Device/ST/STM32F1xx/Include -I../Drivers/CMSIS/Include -I../USB_DEVICE/App -I../USB_DEVICE/Target -I../Middlewares/ST/STM32_USB_Device_Library/Core/Inc -I../Middlewares/ST/STM32_USB_Device_Library/Class/HID/Inc -O0 -ffunction-sections -fdata-sections -Wall -fstack-usage -fcyclomatic-complexity -MMD -MP -MF"Drivers/STM32F1xx_HAL_Driver/Src/stm32f1xx_hal_gpio.d" -MT"Drivers/STM32F1xx_HAL_Driver/Src/stm32f1xx_hal_gpio.o" --specs=nano.specs -mfloat-abi=soft -mthumb -o "Drivers/STM32F1xx_HAL_Driver/Src/stm32f1xx_hal_gpio.o"
arm-none-eabi-gcc "../Drivers/STM32F1xx_HAL_Driver/Src/stm32f1xx_hal_gpio_ex.c" -mcpu=cortex-m3 -std=gnu11 -g3 -DDEBUG -DUSE_HAL_DRIVER -DSTM32F103xB -c -I../Core/Inc -I"C:/Users/Samuel/Software/arduor_controller_lw/stm_32_quadrature_encoder_to_usb_midi/quadrature_to_usb_midi/Middlewares/ST/STM32_USB_Device_Library/Class/MIDI/Inc" -I../Drivers/STM32F1xx_HAL_Driver/Inc -I../Drivers/STM32F1xx_HAL_Driver/Inc/Legacy -I../Drivers/CMSIS/Device/ST/STM32F1xx/Include -I../Drivers/CMSIS/Include -I../USB_DEVICE/App -I../USB_DEVICE/Target -I../Middlewares/ST/STM32_USB_Device_Library/Core/Inc -I../Middlewares/ST/STM32_USB_Device_Library/Class/HID/Inc -O0 -ffunction-sections -fdata-sections -Wall -fstack-usage -fcyclomatic-complexity -MMD -MP -MF"Drivers/STM32F1xx_HAL_Driver/Src/stm32f1xx_hal_gpio_ex.d" -MT"Drivers/STM32F1xx_HAL_Driver/Src/stm32f1xx_hal_gpio_ex.o" --specs=nano.specs -mfloat-abi=soft -mthumb -o "Drivers/STM32F1xx_HAL_Driver/Src/stm32f1xx_hal_gpio_ex.o"
arm-none-eabi-gcc "../Drivers/STM32F1xx_HAL_Driver/Src/stm32f1xx_hal_pcd.c" -mcpu=cortex-m3 -std=gnu11 -g3 -DDEBUG -DUSE_HAL_DRIVER -DSTM32F103xB -c -I../Core/Inc -I"C:/Users/Samuel/Software/arduor_controller_lw/stm_32_quadrature_encoder_to_usb_midi/quadrature_to_usb_midi/Middlewares/ST/STM32_USB_Device_Library/Class/MIDI/Inc" -I../Drivers/STM32F1xx_HAL_Driver/Inc -I../Drivers/STM32F1xx_HAL_Driver/Inc/Legacy -I../Drivers/CMSIS/Device/ST/STM32F1xx/Include -I../Drivers/CMSIS/Include -I../USB_DEVICE/App -I../USB_DEVICE/Target -I../Middlewares/ST/STM32_USB_Device_Library/Core/Inc -I../Middlewares/ST/STM32_USB_Device_Library/Class/HID/Inc -O0 -ffunction-sections -fdata-sections -Wall -fstack-usage -fcyclomatic-complexity -MMD -MP -MF"Drivers/STM32F1xx_HAL_Driver/Src/stm32f1xx_hal_pcd.d" -MT"Drivers/STM32F1xx_HAL_Driver/Src/stm32f1xx_hal_pcd.o" --specs=nano.specs -mfloat-abi=soft -mthumb -o "Drivers/STM32F1xx_HAL_Driver/Src/stm32f1xx_hal_pcd.o"
arm-none-eabi-gcc "../Drivers/STM32F1xx_HAL_Driver/Src/stm32f1xx_hal_pcd_ex.c" -mcpu=cortex-m3 -std=gnu11 -g3 -DDEBUG -DUSE_HAL_DRIVER -DSTM32F103xB -c -I../Core/Inc -I"C:/Users/Samuel/Software/arduor_controller_lw/stm_32_quadrature_encoder_to_usb_midi/quadrature_to_usb_midi/Middlewares/ST/STM32_USB_Device_Library/Class/MIDI/Inc" -I../Drivers/STM32F1xx_HAL_Driver/Inc -I../Drivers/STM32F1xx_HAL_Driver/Inc/Legacy -I../Drivers/CMSIS/Device/ST/STM32F1xx/Include -I../Drivers/CMSIS/Include -I../USB_DEVICE/App -I../USB_DEVICE/Target -I../Middlewares/ST/STM32_USB_Device_Library/Core/Inc -I../Middlewares/ST/STM32_USB_Device_Library/Class/HID/Inc -O0 -ffunction-sections -fdata-sections -Wall -fstack-usage -fcyclomatic-complexity -MMD -MP -MF"Drivers/STM32F1xx_HAL_Driver/Src/stm32f1xx_hal_pcd_ex.d" -MT"Drivers/STM32F1xx_HAL_Driver/Src/stm32f1xx_hal_pcd_ex.o" --specs=nano.specs -mfloat-abi=soft -mthumb -o "Drivers/STM32F1xx_HAL_Driver/Src/stm32f1xx_hal_pcd_ex.o"
arm-none-eabi-gcc "../Drivers/STM32F1xx_HAL_Driver/Src/stm32f1xx_hal_pwr.c" -mcpu=cortex-m3 -std=gnu11 -g3 -DDEBUG -DUSE_HAL_DRIVER -DSTM32F103xB -c -I../Core/Inc -I"C:/Users/Samuel/Software/arduor_controller_lw/stm_32_quadrature_encoder_to_usb_midi/quadrature_to_usb_midi/Middlewares/ST/STM32_USB_Device_Library/Class/MIDI/Inc" -I../Drivers/STM32F1xx_HAL_Driver/Inc -I../Drivers/STM32F1xx_HAL_Driver/Inc/Legacy -I../Drivers/CMSIS/Device/ST/STM32F1xx/Include -I../Drivers/CMSIS/Include -I../USB_DEVICE/App -I../USB_DEVICE/Target -I../Middlewares/ST/STM32_USB_Device_Library/Core/Inc -I../Middlewares/ST/STM32_USB_Device_Library/Class/HID/Inc -O0 -ffunction-sections -fdata-sections -Wall -fstack-usage -fcyclomatic-complexity -MMD -MP -MF"Drivers/STM32F1xx_HAL_Driver/Src/stm32f1xx_hal_pwr.d" -MT"Drivers/STM32F1xx_HAL_Driver/Src/stm32f1xx_hal_pwr.o" --specs=nano.specs -mfloat-abi=soft -mthumb -o "Drivers/STM32F1xx_HAL_Driver/Src/stm32f1xx_hal_pwr.o"
arm-none-eabi-gcc "../Drivers/STM32F1xx_HAL_Driver/Src/stm32f1xx_hal_rcc.c" -mcpu=cortex-m3 -std=gnu11 -g3 -DDEBUG -DUSE_HAL_DRIVER -DSTM32F103xB -c -I../Core/Inc -I"C:/Users/Samuel/Software/arduor_controller_lw/stm_32_quadrature_encoder_to_usb_midi/quadrature_to_usb_midi/Middlewares/ST/STM32_USB_Device_Library/Class/MIDI/Inc" -I../Drivers/STM32F1xx_HAL_Driver/Inc -I../Drivers/STM32F1xx_HAL_Driver/Inc/Legacy -I../Drivers/CMSIS/Device/ST/STM32F1xx/Include -I../Drivers/CMSIS/Include -I../USB_DEVICE/App -I../USB_DEVICE/Target -I../Middlewares/ST/STM32_USB_Device_Library/Core/Inc -I../Middlewares/ST/STM32_USB_Device_Library/Class/HID/Inc -O0 -ffunction-sections -fdata-sections -Wall -fstack-usage -fcyclomatic-complexity -MMD -MP -MF"Drivers/STM32F1xx_HAL_Driver/Src/stm32f1xx_hal_rcc.d" -MT"Drivers/STM32F1xx_HAL_Driver/Src/stm32f1xx_hal_rcc.o" --specs=nano.specs -mfloat-abi=soft -mthumb -o "Drivers/STM32F1xx_HAL_Driver/Src/stm32f1xx_hal_rcc.o"
arm-none-eabi-gcc "../Drivers/STM32F1xx_HAL_Driver/Src/stm32f1xx_hal_rcc_ex.c" -mcpu=cortex-m3 -std=gnu11 -g3 -DDEBUG -DUSE_HAL_DRIVER -DSTM32F103xB -c -I../Core/Inc -I"C:/Users/Samuel/Software/arduor_controller_lw/stm_32_quadrature_encoder_to_usb_midi/quadrature_to_usb_midi/Middlewares/ST/STM32_USB_Device_Library/Class/MIDI/Inc" -I../Drivers/STM32F1xx_HAL_Driver/Inc -I../Drivers/STM32F1xx_HAL_Driver/Inc/Legacy -I../Drivers/CMSIS/Device/ST/STM32F1xx/Include -I../Drivers/CMSIS/Include -I../USB_DEVICE/App -I../USB_DEVICE/Target -I../Middlewares/ST/STM32_USB_Device_Library/Core/Inc -I../Middlewares/ST/STM32_USB_Device_Library/Class/HID/Inc -O0 -ffunction-sections -fdata-sections -Wall -fstack-usage -fcyclomatic-complexity -MMD -MP -MF"Drivers/STM32F1xx_HAL_Driver/Src/stm32f1xx_hal_rcc_ex.d" -MT"Drivers/STM32F1xx_HAL_Driver/Src/stm32f1xx_hal_rcc_ex.o" --specs=nano.specs -mfloat-abi=soft -mthumb -o "Drivers/STM32F1xx_HAL_Driver/Src/stm32f1xx_hal_rcc_ex.o"
arm-none-eabi-gcc "../Drivers/STM32F1xx_HAL_Driver/Src/stm32f1xx_hal_tim.c" -mcpu=cortex-m3 -std=gnu11 -g3 -DDEBUG -DUSE_HAL_DRIVER -DSTM32F103xB -c -I../Core/Inc -I"C:/Users/Samuel/Software/arduor_controller_lw/stm_32_quadrature_encoder_to_usb_midi/quadrature_to_usb_midi/Middlewares/ST/STM32_USB_Device_Library/Class/MIDI/Inc" -I../Drivers/STM32F1xx_HAL_Driver/Inc -I../Drivers/STM32F1xx_HAL_Driver/Inc/Legacy -I../Drivers/CMSIS/Device/ST/STM32F1xx/Include -I../Drivers/CMSIS/Include -I../USB_DEVICE/App -I../USB_DEVICE/Target -I../Middlewares/ST/STM32_USB_Device_Library/Core/Inc -I../Middlewares/ST/STM32_USB_Device_Library/Class/HID/Inc -O0 -ffunction-sections -fdata-sections -Wall -fstack-usage -fcyclomatic-complexity -MMD -MP -MF"Drivers/STM32F1xx_HAL_Driver/Src/stm32f1xx_hal_tim.d" -MT"Drivers/STM32F1xx_HAL_Driver/Src/stm32f1xx_hal_tim.o" --specs=nano.specs -mfloat-abi=soft -mthumb -o "Drivers/STM32F1xx_HAL_Driver/Src/stm32f1xx_hal_tim.o"
arm-none-eabi-gcc "../Drivers/STM32F1xx_HAL_Driver/Src/stm32f1xx_hal_tim_ex.c" -mcpu=cortex-m3 -std=gnu11 -g3 -DDEBUG -DUSE_HAL_DRIVER -DSTM32F103xB -c -I../Core/Inc -I"C:/Users/Samuel/Software/arduor_controller_lw/stm_32_quadrature_encoder_to_usb_midi/quadrature_to_usb_midi/Middlewares/ST/STM32_USB_Device_Library/Class/MIDI/Inc" -I../Drivers/STM32F1xx_HAL_Driver/Inc -I../Drivers/STM32F1xx_HAL_Driver/Inc/Legacy -I../Drivers/CMSIS/Device/ST/STM32F1xx/Include -I../Drivers/CMSIS/Include -I../USB_DEVICE/App -I../USB_DEVICE/Target -I../Middlewares/ST/STM32_USB_Device_Library/Core/Inc -I../Middlewares/ST/STM32_USB_Device_Library/Class/HID/Inc -O0 -ffunction-sections -fdata-sections -Wall -fstack-usage -fcyclomatic-complexity -MMD -MP -MF"Drivers/STM32F1xx_HAL_Driver/Src/stm32f1xx_hal_tim_ex.d" -MT"Drivers/STM32F1xx_HAL_Driver/Src/stm32f1xx_hal_tim_ex.o" --specs=nano.specs -mfloat-abi=soft -mthumb -o "Drivers/STM32F1xx_HAL_Driver/Src/stm32f1xx_hal_tim_ex.o"
arm-none-eabi-gcc "../Drivers/STM32F1xx_HAL_Driver/Src/stm32f1xx_ll_usb.c" -mcpu=cortex-m3 -std=gnu11 -g3 -DDEBUG -DUSE_HAL_DRIVER -DSTM32F103xB -c -I../Core/Inc -I"C:/Users/Samuel/Software/arduor_controller_lw/stm_32_quadrature_encoder_to_usb_midi/quadrature_to_usb_midi/Middlewares/ST/STM32_USB_Device_Library/Class/MIDI/Inc" -I../Drivers/STM32F1xx_HAL_Driver/Inc -I../Drivers/STM32F1xx_HAL_Driver/Inc/Legacy -I../Drivers/CMSIS/Device/ST/STM32F1xx/Include -I../Drivers/CMSIS/Include -I../USB_DEVICE/App -I../USB_DEVICE/Target -I../Middlewares/ST/STM32_USB_Device_Library/Core/Inc -I../Middlewares/ST/STM32_USB_Device_Library/Class/HID/Inc -O0 -ffunction-sections -fdata-sections -Wall -fstack-usage -fcyclomatic-complexity -MMD -MP -MF"Drivers/STM32F1xx_HAL_Driver/Src/stm32f1xx_ll_usb.d" -MT"Drivers/STM32F1xx_HAL_Driver/Src/stm32f1xx_ll_usb.o" --specs=nano.specs -mfloat-abi=soft -mthumb -o "Drivers/STM32F1xx_HAL_Driver/Src/stm32f1xx_ll_usb.o"
arm-none-eabi-gcc "../Core/Src/main.c" -mcpu=cortex-m3 -std=gnu11 -g3 -DDEBUG -DUSE_HAL_DRIVER -DSTM32F103xB -c -I../Core/Inc -I"C:/Users/Samuel/Software/arduor_controller_lw/stm_32_quadrature_encoder_to_usb_midi/quadrature_to_usb_midi/Middlewares/ST/STM32_USB_Device_Library/Class/MIDI/Inc" -I../Drivers/STM32F1xx_HAL_Driver/Inc -I../Drivers/STM32F1xx_HAL_Driver/Inc/Legacy -I../Drivers/CMSIS/Device/ST/STM32F1xx/Include -I../Drivers/CMSIS/Include -I../USB_DEVICE/App -I../USB_DEVICE/Target -I../Middlewares/ST/STM32_USB_Device_Library/Core/Inc -I../Middlewares/ST/STM32_USB_Device_Library/Class/HID/Inc -O0 -ffunction-sections -fdata-sections -Wall -fstack-usage -fcyclomatic-complexity -MMD -MP -MF"Core/Src/main.d" -MT"Core/Src/main.o" --specs=nano.specs -mfloat-abi=soft -mthumb -o "Core/Src/main.o"
arm-none-eabi-gcc "../Core/Src/stm32f1xx_hal_msp.c" -mcpu=cortex-m3 -std=gnu11 -g3 -DDEBUG -DUSE_HAL_DRIVER -DSTM32F103xB -c -I../Core/Inc -I"C:/Users/Samuel/Software/arduor_controller_lw/stm_32_quadrature_encoder_to_usb_midi/quadrature_to_usb_midi/Middlewares/ST/STM32_USB_Device_Library/Class/MIDI/Inc" -I../Drivers/STM32F1xx_HAL_Driver/Inc -I../Drivers/STM32F1xx_HAL_Driver/Inc/Legacy -I../Drivers/CMSIS/Device/ST/STM32F1xx/Include -I../Drivers/CMSIS/Include -I../USB_DEVICE/App -I../USB_DEVICE/Target -I../Middlewares/ST/STM32_USB_Device_Library/Core/Inc -I../Middlewares/ST/STM32_USB_Device_Library/Class/HID/Inc -O0 -ffunction-sections -fdata-sections -Wall -fstack-usage -fcyclomatic-complexity -MMD -MP -MF"Core/Src/stm32f1xx_hal_msp.d" -MT"Core/Src/stm32f1xx_hal_msp.o" --specs=nano.specs -mfloat-abi=soft -mthumb -o "Core/Src/stm32f1xx_hal_msp.o"
arm-none-eabi-gcc "../Core/Src/stm32f1xx_it.c" -mcpu=cortex-m3 -std=gnu11 -g3 -DDEBUG -DUSE_HAL_DRIVER -DSTM32F103xB -c -I../Core/Inc -I"C:/Users/Samuel/Software/arduor_controller_lw/stm_32_quadrature_encoder_to_usb_midi/quadrature_to_usb_midi/Middlewares/ST/STM32_USB_Device_Library/Class/MIDI/Inc" -I../Drivers/STM32F1xx_HAL_Driver/Inc -I../Drivers/STM32F1xx_HAL_Driver/Inc/Legacy -I../Drivers/CMSIS/Device/ST/STM32F1xx/Include -I../Drivers/CMSIS/Include -I../USB_DEVICE/App -I../USB_DEVICE/Target -I../Middlewares/ST/STM32_USB_Device_Library/Core/Inc -I../Middlewares/ST/STM32_USB_Device_Library/Class/HID/Inc -O0 -ffunction-sections -fdata-sections -Wall -fstack-usage -fcyclomatic-complexity -MMD -MP -MF"Core/Src/stm32f1xx_it.d" -MT"Core/Src/stm32f1xx_it.o" --specs=nano.specs -mfloat-abi=soft -mthumb -o "Core/Src/stm32f1xx_it.o"
arm-none-eabi-gcc "../Core/Src/syscalls.c" -mcpu=cortex-m3 -std=gnu11 -g3 -DDEBUG -DUSE_HAL_DRIVER -DSTM32F103xB -c -I../Core/Inc -I"C:/Users/Samuel/Software/arduor_controller_lw/stm_32_quadrature_encoder_to_usb_midi/quadrature_to_usb_midi/Middlewares/ST/STM32_USB_Device_Library/Class/MIDI/Inc" -I../Drivers/STM32F1xx_HAL_Driver/Inc -I../Drivers/STM32F1xx_HAL_Driver/Inc/Legacy -I../Drivers/CMSIS/Device/ST/STM32F1xx/Include -I../Drivers/CMSIS/Include -I../USB_DEVICE/App -I../USB_DEVICE/Target -I../Middlewares/ST/STM32_USB_Device_Library/Core/Inc -I../Middlewares/ST/STM32_USB_Device_Library/Class/HID/Inc -O0 -ffunction-sections -fdata-sections -Wall -fstack-usage -fcyclomatic-complexity -MMD -MP -MF"Core/Src/syscalls.d" -MT"Core/Src/syscalls.o" --specs=nano.specs -mfloat-abi=soft -mthumb -o "Core/Src/syscalls.o"
In file included from ../Middlewares/ST/STM32_USB_Device_Library/Class/MIDI/Src/usbd_midi.c:68:
C:/Users/Samuel/Software/arduor_controller_lw/stm_32_quadrature_encoder_to_usb_midi/quadrature_to_usb_midi/Middlewares/ST/STM32_USB_Device_Library/Class/MIDI/Inc/usbd_midi.h:74:41: error: 'MIDI_IN_PORTS_NUM' undeclared here (not in a function)
   74 | #define USB_MIDI_INTERFACE_DESC_SIZE   (MIDI_IN_PORTS_NUM * 16 + MIDI_OUT_PORTS_NUM * 16 + 33)
      |                                         ^~~~~~~~~~~~~~~~~
C:/Users/Samuel/Software/arduor_controller_lw/stm_32_quadrature_encoder_to_usb_midi/quadrature_to_usb_midi/Middlewares/ST/STM32_USB_Device_Library/Class/MIDI/Inc/usbd_midi.h:75:41: note: in expansion of macro 'USB_MIDI_INTERFACE_DESC_SIZE'
   75 | #define USB_MIDI_CONFIG_DESC_SIZE      (USB_MIDI_INTERFACE_DESC_SIZE + USB_MIDI_CLASS_DESC_SHIFT)
      |                                         ^~~~~~~~~~~~~~~~~~~~~~~~~~~~
../Middlewares/ST/STM32_USB_Device_Library/Class/MIDI/Src/usbd_midi.c:152:48: note: in expansion of macro 'USB_MIDI_CONFIG_DESC_SIZE'
  152 | __ALIGN_BEGIN static uint8_t USBD_MIDI_CfgDesc[USB_MIDI_CONFIG_DESC_SIZE]  __ALIGN_END =
      |                                                ^~~~~~~~~~~~~~~~~~~~~~~~~
C:/Users/Samuel/Software/arduor_controller_lw/stm_32_quadrature_encoder_to_usb_midi/quadrature_to_usb_midi/Middlewares/ST/STM32_USB_Device_Library/Class/MIDI/Inc/usbd_midi.h:74:66: error: 'MIDI_OUT_PORTS_NUM' undeclared here (not in a function)
   74 | #define USB_MIDI_INTERFACE_DESC_SIZE   (MIDI_IN_PORTS_NUM * 16 + MIDI_OUT_PORTS_NUM * 16 + 33)
      |                                                                  ^~~~~~~~~~~~~~~~~~
C:/Users/Samuel/Software/arduor_controller_lw/stm_32_quadrature_encoder_to_usb_midi/quadrature_to_usb_midi/Middlewares/ST/STM32_USB_Device_Library/Class/MIDI/Inc/usbd_midi.h:75:41: note: in expansion of macro 'USB_MIDI_INTERFACE_DESC_SIZE'
   75 | #define USB_MIDI_CONFIG_DESC_SIZE      (USB_MIDI_INTERFACE_DESC_SIZE + USB_MIDI_CLASS_DESC_SHIFT)
      |                                         ^~~~~~~~~~~~~~~~~~~~~~~~~~~~
../Middlewares/ST/STM32_USB_Device_Library/Class/MIDI/Src/usbd_midi.c:152:48: note: in expansion of macro 'USB_MIDI_CONFIG_DESC_SIZE'
  152 | __ALIGN_BEGIN static uint8_t USBD_MIDI_CfgDesc[USB_MIDI_CONFIG_DESC_SIZE]  __ALIGN_END =
      |                                                ^~~~~~~~~~~~~~~~~~~~~~~~~
../Middlewares/ST/STM32_USB_Device_Library/Class/MIDI/Src/usbd_midi.c: In function 'USBD_MIDI_GetCfgDesc':
../Middlewares/ST/STM32_USB_Device_Library/Class/MIDI/Src/usbd_midi.c:820:1: warning: control reaches end of non-void function [-Wreturn-type]
  820 | }
      | ^
../Middlewares/ST/STM32_USB_Device_Library/Class/MIDI/Src/usbd_midi.c: At top level:
../Middlewares/ST/STM32_USB_Device_Library/Class/MIDI/Src/usbd_midi.c:152:30: warning: 'USBD_MIDI_CfgDesc' defined but not used [-Wunused-variable]
  152 | __ALIGN_BEGIN static uint8_t USBD_MIDI_CfgDesc[USB_MIDI_CONFIG_DESC_SIZE]  __ALIGN_END =
      |                              ^~~~~~~~~~~~~~~~~
make: *** [Middlewares/ST/STM32_USB_Device_Library/Class/MIDI/Src/subdir.mk:19: Middlewares/ST/STM32_USB_Device_Library/Class/MIDI/Src/usbd_midi.o] Error 1
make: *** Waiting for unfinished jobs....
"make -j28 all" terminated with exit code 2. Build might be incomplete.
14:34:25 **** Incremental Build of configuration Debug for project quadrature_to_usb_midi ****
make -j28 all 
arm-none-eabi-gcc "../USB_DEVICE/Target/usbd_conf.c" -mcpu=cortex-m3 -std=gnu11 -g3 -DDEBUG -DUSE_HAL_DRIVER -DSTM32F103xB -c -I../Core/Inc -I"C:/Users/Samuel/Software/arduor_controller_lw/stm_32_quadrature_encoder_to_usb_midi/quadrature_to_usb_midi/Middlewares/ST/STM32_USB_Device_Library/Class/MIDI/Inc" -I../Drivers/STM32F1xx_HAL_Driver/Inc -I../Drivers/STM32F1xx_HAL_Driver/Inc/Legacy -I../Drivers/CMSIS/Device/ST/STM32F1xx/Include -I../Drivers/CMSIS/Include -I../USB_DEVICE/App -I../USB_DEVICE/Target -I../Middlewares/ST/STM32_USB_Device_Library/Core/Inc -I../Middlewares/ST/STM32_USB_Device_Library/Class/HID/Inc -O0 -ffunction-sections -fdata-sections -Wall -fstack-usage -fcyclomatic-complexity -MMD -MP -MF"USB_DEVICE/Target/usbd_conf.d" -MT"USB_DEVICE/Target/usbd_conf.o" --specs=nano.specs -mfloat-abi=soft -mthumb -o "USB_DEVICE/Target/usbd_conf.o"
arm-none-eabi-gcc "../USB_DEVICE/App/usb_device.c" -mcpu=cortex-m3 -std=gnu11 -g3 -DDEBUG -DUSE_HAL_DRIVER -DSTM32F103xB -c -I../Core/Inc -I"C:/Users/Samuel/Software/arduor_controller_lw/stm_32_quadrature_encoder_to_usb_midi/quadrature_to_usb_midi/Middlewares/ST/STM32_USB_Device_Library/Class/MIDI/Inc" -I../Drivers/STM32F1xx_HAL_Driver/Inc -I../Drivers/STM32F1xx_HAL_Driver/Inc/Legacy -I../Drivers/CMSIS/Device/ST/STM32F1xx/Include -I../Drivers/CMSIS/Include -I../USB_DEVICE/App -I../USB_DEVICE/Target -I../Middlewares/ST/STM32_USB_Device_Library/Core/Inc -I../Middlewares/ST/STM32_USB_Device_Library/Class/HID/Inc -O0 -ffunction-sections -fdata-sections -Wall -fstack-usage -fcyclomatic-complexity -MMD -MP -MF"USB_DEVICE/App/usb_device.d" -MT"USB_DEVICE/App/usb_device.o" --specs=nano.specs -mfloat-abi=soft -mthumb -o "USB_DEVICE/App/usb_device.o"
arm-none-eabi-gcc "../USB_DEVICE/App/usbd_desc.c" -mcpu=cortex-m3 -std=gnu11 -g3 -DDEBUG -DUSE_HAL_DRIVER -DSTM32F103xB -c -I../Core/Inc -I"C:/Users/Samuel/Software/arduor_controller_lw/stm_32_quadrature_encoder_to_usb_midi/quadrature_to_usb_midi/Middlewares/ST/STM32_USB_Device_Library/Class/MIDI/Inc" -I../Drivers/STM32F1xx_HAL_Driver/Inc -I../Drivers/STM32F1xx_HAL_Driver/Inc/Legacy -I../Drivers/CMSIS/Device/ST/STM32F1xx/Include -I../Drivers/CMSIS/Include -I../USB_DEVICE/App -I../USB_DEVICE/Target -I../Middlewares/ST/STM32_USB_Device_Library/Core/Inc -I../Middlewares/ST/STM32_USB_Device_Library/Class/HID/Inc -O0 -ffunction-sections -fdata-sections -Wall -fstack-usage -fcyclomatic-complexity -MMD -MP -MF"USB_DEVICE/App/usbd_desc.d" -MT"USB_DEVICE/App/usbd_desc.o" --specs=nano.specs -mfloat-abi=soft -mthumb -o "USB_DEVICE/App/usbd_desc.o"
arm-none-eabi-gcc "../Middlewares/ST/STM32_USB_Device_Library/Core/Src/usbd_core.c" -mcpu=cortex-m3 -std=gnu11 -g3 -DDEBUG -DUSE_HAL_DRIVER -DSTM32F103xB -c -I../Core/Inc -I"C:/Users/Samuel/Software/arduor_controller_lw/stm_32_quadrature_encoder_to_usb_midi/quadrature_to_usb_midi/Middlewares/ST/STM32_USB_Device_Library/Class/MIDI/Inc" -I../Drivers/STM32F1xx_HAL_Driver/Inc -I../Drivers/STM32F1xx_HAL_Driver/Inc/Legacy -I../Drivers/CMSIS/Device/ST/STM32F1xx/Include -I../Drivers/CMSIS/Include -I../USB_DEVICE/App -I../USB_DEVICE/Target -I../Middlewares/ST/STM32_USB_Device_Library/Core/Inc -I../Middlewares/ST/STM32_USB_Device_Library/Class/HID/Inc -O0 -ffunction-sections -fdata-sections -Wall -fstack-usage -fcyclomatic-complexity -MMD -MP -MF"Middlewares/ST/STM32_USB_Device_Library/Core/Src/usbd_core.d" -MT"Middlewares/ST/STM32_USB_Device_Library/Core/Src/usbd_core.o" --specs=nano.specs -mfloat-abi=soft -mthumb -o "Middlewares/ST/STM32_USB_Device_Library/Core/Src/usbd_core.o"
arm-none-eabi-gcc "../Middlewares/ST/STM32_USB_Device_Library/Core/Src/usbd_ctlreq.c" -mcpu=cortex-m3 -std=gnu11 -g3 -DDEBUG -DUSE_HAL_DRIVER -DSTM32F103xB -c -I../Core/Inc -I"C:/Users/Samuel/Software/arduor_controller_lw/stm_32_quadrature_encoder_to_usb_midi/quadrature_to_usb_midi/Middlewares/ST/STM32_USB_Device_Library/Class/MIDI/Inc" -I../Drivers/STM32F1xx_HAL_Driver/Inc -I../Drivers/STM32F1xx_HAL_Driver/Inc/Legacy -I../Drivers/CMSIS/Device/ST/STM32F1xx/Include -I../Drivers/CMSIS/Include -I../USB_DEVICE/App -I../USB_DEVICE/Target -I../Middlewares/ST/STM32_USB_Device_Library/Core/Inc -I../Middlewares/ST/STM32_USB_Device_Library/Class/HID/Inc -O0 -ffunction-sections -fdata-sections -Wall -fstack-usage -fcyclomatic-complexity -MMD -MP -MF"Middlewares/ST/STM32_USB_Device_Library/Core/Src/usbd_ctlreq.d" -MT"Middlewares/ST/STM32_USB_Device_Library/Core/Src/usbd_ctlreq.o" --specs=nano.specs -mfloat-abi=soft -mthumb -o "Middlewares/ST/STM32_USB_Device_Library/Core/Src/usbd_ctlreq.o"
arm-none-eabi-gcc "../Middlewares/ST/STM32_USB_Device_Library/Core/Src/usbd_ioreq.c" -mcpu=cortex-m3 -std=gnu11 -g3 -DDEBUG -DUSE_HAL_DRIVER -DSTM32F103xB -c -I../Core/Inc -I"C:/Users/Samuel/Software/arduor_controller_lw/stm_32_quadrature_encoder_to_usb_midi/quadrature_to_usb_midi/Middlewares/ST/STM32_USB_Device_Library/Class/MIDI/Inc" -I../Drivers/STM32F1xx_HAL_Driver/Inc -I../Drivers/STM32F1xx_HAL_Driver/Inc/Legacy -I../Drivers/CMSIS/Device/ST/STM32F1xx/Include -I../Drivers/CMSIS/Include -I../USB_DEVICE/App -I../USB_DEVICE/Target -I../Middlewares/ST/STM32_USB_Device_Library/Core/Inc -I../Middlewares/ST/STM32_USB_Device_Library/Class/HID/Inc -O0 -ffunction-sections -fdata-sections -Wall -fstack-usage -fcyclomatic-complexity -MMD -MP -MF"Middlewares/ST/STM32_USB_Device_Library/Core/Src/usbd_ioreq.d" -MT"Middlewares/ST/STM32_USB_Device_Library/Core/Src/usbd_ioreq.o" --specs=nano.specs -mfloat-abi=soft -mthumb -o "Middlewares/ST/STM32_USB_Device_Library/Core/Src/usbd_ioreq.o"
arm-none-eabi-gcc "../Middlewares/ST/STM32_USB_Device_Library/Class/MIDI/Src/usbd_midi.c" -mcpu=cortex-m3 -std=gnu11 -g3 -DDEBUG -DUSE_HAL_DRIVER -DSTM32F103xB -c -I../Core/Inc -I"C:/Users/Samuel/Software/arduor_controller_lw/stm_32_quadrature_encoder_to_usb_midi/quadrature_to_usb_midi/Middlewares/ST/STM32_USB_Device_Library/Class/MIDI/Inc" -I../Drivers/STM32F1xx_HAL_Driver/Inc -I../Drivers/STM32F1xx_HAL_Driver/Inc/Legacy -I../Drivers/CMSIS/Device/ST/STM32F1xx/Include -I../Drivers/CMSIS/Include -I../USB_DEVICE/App -I../USB_DEVICE/Target -I../Middlewares/ST/STM32_USB_Device_Library/Core/Inc -I../Middlewares/ST/STM32_USB_Device_Library/Class/HID/Inc -O0 -ffunction-sections -fdata-sections -Wall -fstack-usage -fcyclomatic-complexity -MMD -MP -MF"Middlewares/ST/STM32_USB_Device_Library/Class/MIDI/Src/usbd_midi.d" -MT"Middlewares/ST/STM32_USB_Device_Library/Class/MIDI/Src/usbd_midi.o" --specs=nano.specs -mfloat-abi=soft -mthumb -o "Middlewares/ST/STM32_USB_Device_Library/Class/MIDI/Src/usbd_midi.o"
arm-none-eabi-gcc "../Middlewares/ST/STM32_USB_Device_Library/Class/HID/Src/usbd_hid.c" -mcpu=cortex-m3 -std=gnu11 -g3 -DDEBUG -DUSE_HAL_DRIVER -DSTM32F103xB -c -I../Core/Inc -I"C:/Users/Samuel/Software/arduor_controller_lw/stm_32_quadrature_encoder_to_usb_midi/quadrature_to_usb_midi/Middlewares/ST/STM32_USB_Device_Library/Class/MIDI/Inc" -I../Drivers/STM32F1xx_HAL_Driver/Inc -I../Drivers/STM32F1xx_HAL_Driver/Inc/Legacy -I../Drivers/CMSIS/Device/ST/STM32F1xx/Include -I../Drivers/CMSIS/Include -I../USB_DEVICE/App -I../USB_DEVICE/Target -I../Middlewares/ST/STM32_USB_Device_Library/Core/Inc -I../Middlewares/ST/STM32_USB_Device_Library/Class/HID/Inc -O0 -ffunction-sections -fdata-sections -Wall -fstack-usage -fcyclomatic-complexity -MMD -MP -MF"Middlewares/ST/STM32_USB_Device_Library/Class/HID/Src/usbd_hid.d" -MT"Middlewares/ST/STM32_USB_Device_Library/Class/HID/Src/usbd_hid.o" --specs=nano.specs -mfloat-abi=soft -mthumb -o "Middlewares/ST/STM32_USB_Device_Library/Class/HID/Src/usbd_hid.o"
arm-none-eabi-gcc "../Core/Src/main.c" -mcpu=cortex-m3 -std=gnu11 -g3 -DDEBUG -DUSE_HAL_DRIVER -DSTM32F103xB -c -I../Core/Inc -I"C:/Users/Samuel/Software/arduor_controller_lw/stm_32_quadrature_encoder_to_usb_midi/quadrature_to_usb_midi/Middlewares/ST/STM32_USB_Device_Library/Class/MIDI/Inc" -I../Drivers/STM32F1xx_HAL_Driver/Inc -I../Drivers/STM32F1xx_HAL_Driver/Inc/Legacy -I../Drivers/CMSIS/Device/ST/STM32F1xx/Include -I../Drivers/CMSIS/Include -I../USB_DEVICE/App -I../USB_DEVICE/Target -I../Middlewares/ST/STM32_USB_Device_Library/Core/Inc -I../Middlewares/ST/STM32_USB_Device_Library/Class/HID/Inc -O0 -ffunction-sections -fdata-sections -Wall -fstack-usage -fcyclomatic-complexity -MMD -MP -MF"Core/Src/main.d" -MT"Core/Src/main.o" --specs=nano.specs -mfloat-abi=soft -mthumb -o "Core/Src/main.o"
arm-none-eabi-gcc "../Core/Src/stm32f1xx_hal_msp.c" -mcpu=cortex-m3 -std=gnu11 -g3 -DDEBUG -DUSE_HAL_DRIVER -DSTM32F103xB -c -I../Core/Inc -I"C:/Users/Samuel/Software/arduor_controller_lw/stm_32_quadrature_encoder_to_usb_midi/quadrature_to_usb_midi/Middlewares/ST/STM32_USB_Device_Library/Class/MIDI/Inc" -I../Drivers/STM32F1xx_HAL_Driver/Inc -I../Drivers/STM32F1xx_HAL_Driver/Inc/Legacy -I../Drivers/CMSIS/Device/ST/STM32F1xx/Include -I../Drivers/CMSIS/Include -I../USB_DEVICE/App -I../USB_DEVICE/Target -I../Middlewares/ST/STM32_USB_Device_Library/Core/Inc -I../Middlewares/ST/STM32_USB_Device_Library/Class/HID/Inc -O0 -ffunction-sections -fdata-sections -Wall -fstack-usage -fcyclomatic-complexity -MMD -MP -MF"Core/Src/stm32f1xx_hal_msp.d" -MT"Core/Src/stm32f1xx_hal_msp.o" --specs=nano.specs -mfloat-abi=soft -mthumb -o "Core/Src/stm32f1xx_hal_msp.o"
arm-none-eabi-gcc "../Core/Src/stm32f1xx_it.c" -mcpu=cortex-m3 -std=gnu11 -g3 -DDEBUG -DUSE_HAL_DRIVER -DSTM32F103xB -c -I../Core/Inc -I"C:/Users/Samuel/Software/arduor_controller_lw/stm_32_quadrature_encoder_to_usb_midi/quadrature_to_usb_midi/Middlewares/ST/STM32_USB_Device_Library/Class/MIDI/Inc" -I../Drivers/STM32F1xx_HAL_Driver/Inc -I../Drivers/STM32F1xx_HAL_Driver/Inc/Legacy -I../Drivers/CMSIS/Device/ST/STM32F1xx/Include -I../Drivers/CMSIS/Include -I../USB_DEVICE/App -I../USB_DEVICE/Target -I../Middlewares/ST/STM32_USB_Device_Library/Core/Inc -I../Middlewares/ST/STM32_USB_Device_Library/Class/HID/Inc -O0 -ffunction-sections -fdata-sections -Wall -fstack-usage -fcyclomatic-complexity -MMD -MP -MF"Core/Src/stm32f1xx_it.d" -MT"Core/Src/stm32f1xx_it.o" --specs=nano.specs -mfloat-abi=soft -mthumb -o "Core/Src/stm32f1xx_it.o"
arm-none-eabi-gcc "../Core/Src/sysmem.c" -mcpu=cortex-m3 -std=gnu11 -g3 -DDEBUG -DUSE_HAL_DRIVER -DSTM32F103xB -c -I../Core/Inc -I"C:/Users/Samuel/Software/arduor_controller_lw/stm_32_quadrature_encoder_to_usb_midi/quadrature_to_usb_midi/Middlewares/ST/STM32_USB_Device_Library/Class/MIDI/Inc" -I../Drivers/STM32F1xx_HAL_Driver/Inc -I../Drivers/STM32F1xx_HAL_Driver/Inc/Legacy -I../Drivers/CMSIS/Device/ST/STM32F1xx/Include -I../Drivers/CMSIS/Include -I../USB_DEVICE/App -I../USB_DEVICE/Target -I../Middlewares/ST/STM32_USB_Device_Library/Core/Inc -I../Middlewares/ST/STM32_USB_Device_Library/Class/HID/Inc -O0 -ffunction-sections -fdata-sections -Wall -fstack-usage -fcyclomatic-complexity -MMD -MP -MF"Core/Src/sysmem.d" -MT"Core/Src/sysmem.o" --specs=nano.specs -mfloat-abi=soft -mthumb -o "Core/Src/sysmem.o"
arm-none-eabi-gcc "../Core/Src/system_stm32f1xx.c" -mcpu=cortex-m3 -std=gnu11 -g3 -DDEBUG -DUSE_HAL_DRIVER -DSTM32F103xB -c -I../Core/Inc -I"C:/Users/Samuel/Software/arduor_controller_lw/stm_32_quadrature_encoder_to_usb_midi/quadrature_to_usb_midi/Middlewares/ST/STM32_USB_Device_Library/Class/MIDI/Inc" -I../Drivers/STM32F1xx_HAL_Driver/Inc -I../Drivers/STM32F1xx_HAL_Driver/Inc/Legacy -I../Drivers/CMSIS/Device/ST/STM32F1xx/Include -I../Drivers/CMSIS/Include -I../USB_DEVICE/App -I../USB_DEVICE/Target -I../Middlewares/ST/STM32_USB_Device_Library/Core/Inc -I../Middlewares/ST/STM32_USB_Device_Library/Class/HID/Inc -O0 -ffunction-sections -fdata-sections -Wall -fstack-usage -fcyclomatic-complexity -MMD -MP -MF"Core/Src/system_stm32f1xx.d" -MT"Core/Src/system_stm32f1xx.o" --specs=nano.specs -mfloat-abi=soft -mthumb -o "Core/Src/system_stm32f1xx.o"
arm-none-eabi-gcc -o "quadrature_to_usb_midi.elf" @"objects.list"   -mcpu=cortex-m3 -T"C:\Users\Samuel\Software\arduor_controller_lw\stm_32_quadrature_encoder_to_usb_midi\quadrature_to_usb_midi\STM32F103C8TX_FLASH.ld" --specs=nosys.specs -Wl,-Map="quadrature_to_usb_midi.map" -Wl,--gc-sections -static --specs=nano.specs -mfloat-abi=soft -mthumb -Wl,--start-group -lc -lm -Wl,--end-group
Finished building target: quadrature_to_usb_midi.elf
 
arm-none-eabi-size  quadrature_to_usb_midi.elf 
arm-none-eabi-objdump -h -S quadrature_to_usb_midi.elf  > "quadrature_to_usb_midi.list"
   text	   data	    bss	    dec	    hex	filename
  29836	    244	   3676	  33756	   83dc	quadrature_to_usb_midi.elf
Finished building: default.size.stdout
 
Finished building: quadrature_to_usb_midi.list
 
14:34:34 **** Incremental Build of configuration Debug for project quadrature_to_usb_midi ****
make -j28 all 
arm-none-eabi-size  quadrature_to_usb_midi.elf 
   text	   data	    bss	    dec	    hex	filename
  29836	    244	   3676	  33756	   83dc	quadrature_to_usb_midi.elf
Finished building: default.size.stdout
 
14:36:48 **** Incremental Build of configuration Debug for project quadrature_to_usb_midi ****
make -j28 all 
arm-none-eabi-size  quadrature_to_usb_midi.elf 
   text	   data	    bss	    dec	    hex	filename
  29836	    244	   3676	  33756	   83dc	quadrature_to_usb_midi.elf
Finished building: default.size.stdout
 
14:44:23 **** Incremental Build of configuration Debug for project quadrature_to_usb_midi ****
make -j28 all 
arm-none-eabi-gcc "../Core/Src/main.c" -mcpu=cortex-m3 -std=gnu11 -g3 -DDEBUG -DUSE_HAL_DRIVER -DSTM32F103xB -c -I../Core/Inc -I"C:/Users/Samuel/Software/arduor_controller_lw/stm_32_quadrature_encoder_to_usb_midi/quadrature_to_usb_midi/Middlewares/ST/STM32_USB_Device_Library/Class/MIDI/Inc" -I../Drivers/STM32F1xx_HAL_Driver/Inc -I../Drivers/STM32F1xx_HAL_Driver/Inc/Legacy -I../Drivers/CMSIS/Device/ST/STM32F1xx/Include -I../Drivers/CMSIS/Include -I../USB_DEVICE/App -I../USB_DEVICE/Target -I../Middlewares/ST/STM32_USB_Device_Library/Core/Inc -I../Middlewares/ST/STM32_USB_Device_Library/Class/HID/Inc -O0 -ffunction-sections -fdata-sections -Wall -fstack-usage -fcyclomatic-complexity -MMD -MP -MF"Core/Src/main.d" -MT"Core/Src/main.o" --specs=nano.specs -mfloat-abi=soft -mthumb -o "Core/Src/main.o"
../Core/Src/main.c: In function 'main':
../Core/Src/main.c:113:36: error: 'channel' undeclared (first use in this function)
  113 |                   (message << 4) | channel,
      |                                    ^~~~~~~
../Core/Src/main.c:113:36: note: each undeclared identifier is reported only once for each function it appears in
../Core/Src/main.c:118:26: warning: implicit declaration of function 'USBD_MIDI_GetState' [-Wimplicit-function-declaration]
  118 |                   while (USBD_MIDI_GetState(&hUsbDeviceFS) != MIDI_IDLE) {};
      |                          ^~~~~~~~~~~~~~~~~~
../Core/Src/main.c:118:46: error: 'hUsbDeviceFS' undeclared (first use in this function)
  118 |                   while (USBD_MIDI_GetState(&hUsbDeviceFS) != MIDI_IDLE) {};
      |                                              ^~~~~~~~~~~~
../Core/Src/main.c:118:63: error: 'MIDI_IDLE' undeclared (first use in this function)
  118 |                   while (USBD_MIDI_GetState(&hUsbDeviceFS) != MIDI_IDLE) {};
      |                                                               ^~~~~~~~~
../Core/Src/main.c:119:19: warning: implicit declaration of function 'USBD_MIDI_SendPackets' [-Wimplicit-function-declaration]
  119 |                   USBD_MIDI_SendPackets(&hUsbDeviceFS, packetsBuffer, 4);
      |                   ^~~~~~~~~~~~~~~~~~~~~
make: *** [Core/Src/subdir.mk:34: Core/Src/main.o] Error 1
"make -j28 all" terminated with exit code 2. Build might be incomplete.
14:44:56 **** Incremental Build of configuration Debug for project quadrature_to_usb_midi ****
make -j28 all 
arm-none-eabi-gcc "../Core/Src/main.c" -mcpu=cortex-m3 -std=gnu11 -g3 -DDEBUG -DUSE_HAL_DRIVER -DSTM32F103xB -c -I../Core/Inc -I"C:/Users/Samuel/Software/arduor_controller_lw/stm_32_quadrature_encoder_to_usb_midi/quadrature_to_usb_midi/Middlewares/ST/STM32_USB_Device_Library/Class/MIDI/Inc" -I../Drivers/STM32F1xx_HAL_Driver/Inc -I../Drivers/STM32F1xx_HAL_Driver/Inc/Legacy -I../Drivers/CMSIS/Device/ST/STM32F1xx/Include -I../Drivers/CMSIS/Include -I../USB_DEVICE/App -I../USB_DEVICE/Target -I../Middlewares/ST/STM32_USB_Device_Library/Core/Inc -I../Middlewares/ST/STM32_USB_Device_Library/Class/HID/Inc -O0 -ffunction-sections -fdata-sections -Wall -fstack-usage -fcyclomatic-complexity -MMD -MP -MF"Core/Src/main.d" -MT"Core/Src/main.o" --specs=nano.specs -mfloat-abi=soft -mthumb -o "Core/Src/main.o"
../Core/Src/main.c: In function 'main':
../Core/Src/main.c:113:36: error: 'channel' undeclared (first use in this function)
  113 |                   (message << 4) | channel,
      |                                    ^~~~~~~
../Core/Src/main.c:113:36: note: each undeclared identifier is reported only once for each function it appears in
../Core/Src/main.c:118:46: error: 'hUsbDeviceFS' undeclared (first use in this function)
  118 |                   while (USBD_MIDI_GetState(&hUsbDeviceFS) != MIDI_IDLE) {};
      |                                              ^~~~~~~~~~~~
make: *** [Core/Src/subdir.mk:34: Core/Src/main.o] Error 1
"make -j28 all" terminated with exit code 2. Build might be incomplete.
14:45:36 **** Incremental Build of configuration Debug for project quadrature_to_usb_midi ****
make -j28 all 
arm-none-eabi-gcc "../Core/Src/main.c" -mcpu=cortex-m3 -std=gnu11 -g3 -DDEBUG -DUSE_HAL_DRIVER -DSTM32F103xB -c -I../Core/Inc -I"C:/Users/Samuel/Software/arduor_controller_lw/stm_32_quadrature_encoder_to_usb_midi/quadrature_to_usb_midi/Middlewares/ST/STM32_USB_Device_Library/Class/MIDI/Inc" -I../Drivers/STM32F1xx_HAL_Driver/Inc -I../Drivers/STM32F1xx_HAL_Driver/Inc/Legacy -I../Drivers/CMSIS/Device/ST/STM32F1xx/Include -I../Drivers/CMSIS/Include -I../USB_DEVICE/App -I../USB_DEVICE/Target -I../Middlewares/ST/STM32_USB_Device_Library/Core/Inc -I../Middlewares/ST/STM32_USB_Device_Library/Class/HID/Inc -O0 -ffunction-sections -fdata-sections -Wall -fstack-usage -fcyclomatic-complexity -MMD -MP -MF"Core/Src/main.d" -MT"Core/Src/main.o" --specs=nano.specs -mfloat-abi=soft -mthumb -o "Core/Src/main.o"
../Core/Src/main.c: In function 'main':
../Core/Src/main.c:119:46: error: 'hUsbDeviceFS' undeclared (first use in this function)
  119 |                   while (USBD_MIDI_GetState(&hUsbDeviceFS) != MIDI_IDLE) {};
      |                                              ^~~~~~~~~~~~
../Core/Src/main.c:119:46: note: each undeclared identifier is reported only once for each function it appears in
make: *** [Core/Src/subdir.mk:34: Core/Src/main.o] Error 1
"make -j28 all" terminated with exit code 2. Build might be incomplete.
14:46:10 **** Incremental Build of configuration Debug for project quadrature_to_usb_midi ****
make -j28 all 
arm-none-eabi-gcc "../Core/Src/main.c" -mcpu=cortex-m3 -std=gnu11 -g3 -DDEBUG -DUSE_HAL_DRIVER -DSTM32F103xB -c -I../Core/Inc -I"C:/Users/Samuel/Software/arduor_controller_lw/stm_32_quadrature_encoder_to_usb_midi/quadrature_to_usb_midi/Middlewares/ST/STM32_USB_Device_Library/Class/MIDI/Inc" -I../Drivers/STM32F1xx_HAL_Driver/Inc -I../Drivers/STM32F1xx_HAL_Driver/Inc/Legacy -I../Drivers/CMSIS/Device/ST/STM32F1xx/Include -I../Drivers/CMSIS/Include -I../USB_DEVICE/App -I../USB_DEVICE/Target -I../Middlewares/ST/STM32_USB_Device_Library/Core/Inc -I../Middlewares/ST/STM32_USB_Device_Library/Class/HID/Inc -O0 -ffunction-sections -fdata-sections -Wall -fstack-usage -fcyclomatic-complexity -MMD -MP -MF"Core/Src/main.d" -MT"Core/Src/main.o" --specs=nano.specs -mfloat-abi=soft -mthumb -o "Core/Src/main.o"
arm-none-eabi-gcc -o "quadrature_to_usb_midi.elf" @"objects.list"   -mcpu=cortex-m3 -T"C:\Users\Samuel\Software\arduor_controller_lw\stm_32_quadrature_encoder_to_usb_midi\quadrature_to_usb_midi\STM32F103C8TX_FLASH.ld" --specs=nosys.specs -Wl,-Map="quadrature_to_usb_midi.map" -Wl,--gc-sections -static --specs=nano.specs -mfloat-abi=soft -mthumb -Wl,--start-group -lc -lm -Wl,--end-group
Finished building target: quadrature_to_usb_midi.elf
 
arm-none-eabi-size  quadrature_to_usb_midi.elf 
arm-none-eabi-objdump -h -S quadrature_to_usb_midi.elf  > "quadrature_to_usb_midi.list"
   text	   data	    bss	    dec	    hex	filename
  30084	    244	   3676	  34004	   84d4	quadrature_to_usb_midi.elf
Finished building: default.size.stdout
 
Finished building: quadrature_to_usb_midi.list
 
14:46:14 **** Incremental Build of configuration Debug for project quadrature_to_usb_midi ****
make -j28 all 
arm-none-eabi-size  quadrature_to_usb_midi.elf 
   text	   data	    bss	    dec	    hex	filename
  30084	    244	   3676	  34004	   84d4	quadrature_to_usb_midi.elf
Finished building: default.size.stdout
 
14:51:52 **** Incremental Build of configuration Debug for project quadrature_to_usb_midi ****
make -j28 all 
arm-none-eabi-gcc "../Core/Src/main.c" -mcpu=cortex-m3 -std=gnu11 -g3 -DDEBUG -DUSE_HAL_DRIVER -DSTM32F103xB -c -I../Core/Inc -I"C:/Users/Samuel/Software/arduor_controller_lw/stm_32_quadrature_encoder_to_usb_midi/quadrature_to_usb_midi/Middlewares/ST/STM32_USB_Device_Library/Class/MIDI/Inc" -I../Drivers/STM32F1xx_HAL_Driver/Inc -I../Drivers/STM32F1xx_HAL_Driver/Inc/Legacy -I../Drivers/CMSIS/Device/ST/STM32F1xx/Include -I../Drivers/CMSIS/Include -I../USB_DEVICE/App -I../USB_DEVICE/Target -I../Middlewares/ST/STM32_USB_Device_Library/Core/Inc -I../Middlewares/ST/STM32_USB_Device_Library/Class/HID/Inc -O0 -ffunction-sections -fdata-sections -Wall -fstack-usage -fcyclomatic-complexity -MMD -MP -MF"Core/Src/main.d" -MT"Core/Src/main.o" --specs=nano.specs -mfloat-abi=soft -mthumb -o "Core/Src/main.o"
../Core/Src/main.c: In function 'main':
../Core/Src/main.c:112:19: warning: unused variable 'packetsBuffer' [-Wunused-variable]
  112 |           uint8_t packetsBuffer[4] = {
      |                   ^~~~~~~~~~~~~
../Core/Src/main.c:102:7: warning: unused variable 'counter' [-Wunused-variable]
  102 |   int counter = 0;
      |       ^~~~~~~
arm-none-eabi-gcc -o "quadrature_to_usb_midi.elf" @"objects.list"   -mcpu=cortex-m3 -T"C:\Users\Samuel\Software\arduor_controller_lw\stm_32_quadrature_encoder_to_usb_midi\quadrature_to_usb_midi\STM32F103C8TX_FLASH.ld" --specs=nosys.specs -Wl,-Map="quadrature_to_usb_midi.map" -Wl,--gc-sections -static --specs=nano.specs -mfloat-abi=soft -mthumb -Wl,--start-group -lc -lm -Wl,--end-group
Finished building target: quadrature_to_usb_midi.elf
 
arm-none-eabi-size  quadrature_to_usb_midi.elf 
arm-none-eabi-objdump -h -S quadrature_to_usb_midi.elf  > "quadrature_to_usb_midi.list"
   text	   data	    bss	    dec	    hex	filename
  29920	    244	   3676	  33840	   8430	quadrature_to_usb_midi.elf
Finished building: default.size.stdout
 
Finished building: quadrature_to_usb_midi.list
 
14:52:56 **** Incremental Build of configuration Debug for project quadrature_to_usb_midi ****
make -j28 all 
arm-none-eabi-gcc "../Core/Src/main.c" -mcpu=cortex-m3 -std=gnu11 -g3 -DDEBUG -DUSE_HAL_DRIVER -DSTM32F103xB -c -I../Core/Inc -I"C:/Users/Samuel/Software/arduor_controller_lw/stm_32_quadrature_encoder_to_usb_midi/quadrature_to_usb_midi/Middlewares/ST/STM32_USB_Device_Library/Class/MIDI/Inc" -I../Drivers/STM32F1xx_HAL_Driver/Inc -I../Drivers/STM32F1xx_HAL_Driver/Inc/Legacy -I../Drivers/CMSIS/Device/ST/STM32F1xx/Include -I../Drivers/CMSIS/Include -I../USB_DEVICE/App -I../USB_DEVICE/Target -I../Middlewares/ST/STM32_USB_Device_Library/Core/Inc -I../Middlewares/ST/STM32_USB_Device_Library/Class/HID/Inc -O0 -ffunction-sections -fdata-sections -Wall -fstack-usage -fcyclomatic-complexity -MMD -MP -MF"Core/Src/main.d" -MT"Core/Src/main.o" --specs=nano.specs -mfloat-abi=soft -mthumb -o "Core/Src/main.o"
../Core/Src/main.c: In function 'main':
../Core/Src/main.c:113:19: warning: unused variable 'packetsBuffer' [-Wunused-variable]
  113 |           uint8_t packetsBuffer[4] = {
      |                   ^~~~~~~~~~~~~
../Core/Src/main.c:108:20: warning: unused variable 'devided_value' [-Wunused-variable]
  108 |           uint32_t devided_value = encoder_value / 512;
      |                    ^~~~~~~~~~~~~
../Core/Src/main.c:102:7: warning: unused variable 'counter' [-Wunused-variable]
  102 |   int counter = 0;
      |       ^~~~~~~
arm-none-eabi-gcc -o "quadrature_to_usb_midi.elf" @"objects.list"   -mcpu=cortex-m3 -T"C:\Users\Samuel\Software\arduor_controller_lw\stm_32_quadrature_encoder_to_usb_midi\quadrature_to_usb_midi\STM32F103C8TX_FLASH.ld" --specs=nosys.specs -Wl,-Map="quadrature_to_usb_midi.map" -Wl,--gc-sections -static --specs=nano.specs -mfloat-abi=soft -mthumb -Wl,--start-group -lc -lm -Wl,--end-group
Finished building target: quadrature_to_usb_midi.elf
 
arm-none-eabi-size  quadrature_to_usb_midi.elf 
arm-none-eabi-objdump -h -S quadrature_to_usb_midi.elf  > "quadrature_to_usb_midi.list"
   text	   data	    bss	    dec	    hex	filename
  29936	    244	   3676	  33856	   8440	quadrature_to_usb_midi.elf
Finished building: default.size.stdout
 
Finished building: quadrature_to_usb_midi.list
 
14:55:06 **** Incremental Build of configuration Debug for project quadrature_to_usb_midi ****
make -j28 all 
arm-none-eabi-gcc "../USB_DEVICE/Target/usbd_conf.c" -mcpu=cortex-m3 -std=gnu11 -g3 -DDEBUG -DUSE_HAL_DRIVER -DSTM32F103xB -c -I../Core/Inc -I"C:/Users/Samuel/Software/arduor_controller_lw/stm_32_quadrature_encoder_to_usb_midi/quadrature_to_usb_midi/Middlewares/ST/STM32_USB_Device_Library/Class/MIDI/Inc" -I../Drivers/STM32F1xx_HAL_Driver/Inc -I../Drivers/STM32F1xx_HAL_Driver/Inc/Legacy -I../Drivers/CMSIS/Device/ST/STM32F1xx/Include -I../Drivers/CMSIS/Include -I../USB_DEVICE/App -I../USB_DEVICE/Target -I../Middlewares/ST/STM32_USB_Device_Library/Core/Inc -I../Middlewares/ST/STM32_USB_Device_Library/Class/HID/Inc -O0 -ffunction-sections -fdata-sections -Wall -fstack-usage -fcyclomatic-complexity -MMD -MP -MF"USB_DEVICE/Target/usbd_conf.d" -MT"USB_DEVICE/Target/usbd_conf.o" --specs=nano.specs -mfloat-abi=soft -mthumb -o "USB_DEVICE/Target/usbd_conf.o"
arm-none-eabi-gcc "../USB_DEVICE/App/usb_device.c" -mcpu=cortex-m3 -std=gnu11 -g3 -DDEBUG -DUSE_HAL_DRIVER -DSTM32F103xB -c -I../Core/Inc -I"C:/Users/Samuel/Software/arduor_controller_lw/stm_32_quadrature_encoder_to_usb_midi/quadrature_to_usb_midi/Middlewares/ST/STM32_USB_Device_Library/Class/MIDI/Inc" -I../Drivers/STM32F1xx_HAL_Driver/Inc -I../Drivers/STM32F1xx_HAL_Driver/Inc/Legacy -I../Drivers/CMSIS/Device/ST/STM32F1xx/Include -I../Drivers/CMSIS/Include -I../USB_DEVICE/App -I../USB_DEVICE/Target -I../Middlewares/ST/STM32_USB_Device_Library/Core/Inc -I../Middlewares/ST/STM32_USB_Device_Library/Class/HID/Inc -O0 -ffunction-sections -fdata-sections -Wall -fstack-usage -fcyclomatic-complexity -MMD -MP -MF"USB_DEVICE/App/usb_device.d" -MT"USB_DEVICE/App/usb_device.o" --specs=nano.specs -mfloat-abi=soft -mthumb -o "USB_DEVICE/App/usb_device.o"
arm-none-eabi-gcc "../Core/Src/main.c" -mcpu=cortex-m3 -std=gnu11 -g3 -DDEBUG -DUSE_HAL_DRIVER -DSTM32F103xB -c -I../Core/Inc -I"C:/Users/Samuel/Software/arduor_controller_lw/stm_32_quadrature_encoder_to_usb_midi/quadrature_to_usb_midi/Middlewares/ST/STM32_USB_Device_Library/Class/MIDI/Inc" -I../Drivers/STM32F1xx_HAL_Driver/Inc -I../Drivers/STM32F1xx_HAL_Driver/Inc/Legacy -I../Drivers/CMSIS/Device/ST/STM32F1xx/Include -I../Drivers/CMSIS/Include -I../USB_DEVICE/App -I../USB_DEVICE/Target -I../Middlewares/ST/STM32_USB_Device_Library/Core/Inc -I../Middlewares/ST/STM32_USB_Device_Library/Class/HID/Inc -O0 -ffunction-sections -fdata-sections -Wall -fstack-usage -fcyclomatic-complexity -MMD -MP -MF"Core/Src/main.d" -MT"Core/Src/main.o" --specs=nano.specs -mfloat-abi=soft -mthumb -o "Core/Src/main.o"
../Core/Src/main.c: In function 'main':
../Core/Src/main.c:113:19: warning: unused variable 'packetsBuffer' [-Wunused-variable]
  113 |           uint8_t packetsBuffer[4] = {
      |                   ^~~~~~~~~~~~~
../Core/Src/main.c:108:20: warning: unused variable 'devided_value' [-Wunused-variable]
  108 |           uint32_t devided_value = encoder_value / 512;
      |                    ^~~~~~~~~~~~~
../Core/Src/main.c:102:7: warning: unused variable 'counter' [-Wunused-variable]
  102 |   int counter = 0;
      |       ^~~~~~~
arm-none-eabi-gcc -o "quadrature_to_usb_midi.elf" @"objects.list"   -mcpu=cortex-m3 -T"C:\Users\Samuel\Software\arduor_controller_lw\stm_32_quadrature_encoder_to_usb_midi\quadrature_to_usb_midi\STM32F103C8TX_FLASH.ld" --specs=nosys.specs -Wl,-Map="quadrature_to_usb_midi.map" -Wl,--gc-sections -static --specs=nano.specs -mfloat-abi=soft -mthumb -Wl,--start-group -lc -lm -Wl,--end-group
Finished building target: quadrature_to_usb_midi.elf
 
arm-none-eabi-size  quadrature_to_usb_midi.elf 
arm-none-eabi-objdump -h -S quadrature_to_usb_midi.elf  > "quadrature_to_usb_midi.list"
   text	   data	    bss	    dec	    hex	filename
  30040	    356	   3612	  34008	   84d8	quadrature_to_usb_midi.elf
Finished building: default.size.stdout
 
Finished building: quadrature_to_usb_midi.list
 
14:56:45 **** Incremental Build of configuration Debug for project quadrature_to_usb_midi ****
make -j28 all 
arm-none-eabi-gcc "../Core/Src/main.c" -mcpu=cortex-m3 -std=gnu11 -g3 -DDEBUG -DUSE_HAL_DRIVER -DSTM32F103xB -c -I../Core/Inc -I"C:/Users/Samuel/Software/arduor_controller_lw/stm_32_quadrature_encoder_to_usb_midi/quadrature_to_usb_midi/Middlewares/ST/STM32_USB_Device_Library/Class/MIDI/Inc" -I../Drivers/STM32F1xx_HAL_Driver/Inc -I../Drivers/STM32F1xx_HAL_Driver/Inc/Legacy -I../Drivers/CMSIS/Device/ST/STM32F1xx/Include -I../Drivers/CMSIS/Include -I../USB_DEVICE/App -I../USB_DEVICE/Target -I../Middlewares/ST/STM32_USB_Device_Library/Core/Inc -I../Middlewares/ST/STM32_USB_Device_Library/Class/HID/Inc -O0 -ffunction-sections -fdata-sections -Wall -fstack-usage -fcyclomatic-complexity -MMD -MP -MF"Core/Src/main.d" -MT"Core/Src/main.o" --specs=nano.specs -mfloat-abi=soft -mthumb -o "Core/Src/main.o"
../Core/Src/main.c: In function 'main':
../Core/Src/main.c:113:19: warning: unused variable 'packetsBuffer' [-Wunused-variable]
  113 |           uint8_t packetsBuffer[4] = {
      |                   ^~~~~~~~~~~~~
../Core/Src/main.c:108:20: warning: unused variable 'devided_value' [-Wunused-variable]
  108 |           uint32_t devided_value = encoder_value / 18;
      |                    ^~~~~~~~~~~~~
../Core/Src/main.c:102:7: warning: unused variable 'counter' [-Wunused-variable]
  102 |   int counter = 0;
      |       ^~~~~~~
arm-none-eabi-gcc -o "quadrature_to_usb_midi.elf" @"objects.list"   -mcpu=cortex-m3 -T"C:\Users\Samuel\Software\arduor_controller_lw\stm_32_quadrature_encoder_to_usb_midi\quadrature_to_usb_midi\STM32F103C8TX_FLASH.ld" --specs=nosys.specs -Wl,-Map="quadrature_to_usb_midi.map" -Wl,--gc-sections -static --specs=nano.specs -mfloat-abi=soft -mthumb -Wl,--start-group -lc -lm -Wl,--end-group
Finished building target: quadrature_to_usb_midi.elf
 
arm-none-eabi-size  quadrature_to_usb_midi.elf 
arm-none-eabi-objdump -h -S quadrature_to_usb_midi.elf  > "quadrature_to_usb_midi.list"
   text	   data	    bss	    dec	    hex	filename
  30044	    356	   3612	  34012	   84dc	quadrature_to_usb_midi.elf
Finished building: default.size.stdout
 
Finished building: quadrature_to_usb_midi.list
 
14:58:25 **** Incremental Build of configuration Debug for project quadrature_to_usb_midi ****
make -j28 all 
arm-none-eabi-gcc "../Core/Src/main.c" -mcpu=cortex-m3 -std=gnu11 -g3 -DDEBUG -DUSE_HAL_DRIVER -DSTM32F103xB -c -I../Core/Inc -I"C:/Users/Samuel/Software/arduor_controller_lw/stm_32_quadrature_encoder_to_usb_midi/quadrature_to_usb_midi/Middlewares/ST/STM32_USB_Device_Library/Class/MIDI/Inc" -I../Drivers/STM32F1xx_HAL_Driver/Inc -I../Drivers/STM32F1xx_HAL_Driver/Inc/Legacy -I../Drivers/CMSIS/Device/ST/STM32F1xx/Include -I../Drivers/CMSIS/Include -I../USB_DEVICE/App -I../USB_DEVICE/Target -I../Middlewares/ST/STM32_USB_Device_Library/Core/Inc -I../Middlewares/ST/STM32_USB_Device_Library/Class/HID/Inc -O0 -ffunction-sections -fdata-sections -Wall -fstack-usage -fcyclomatic-complexity -MMD -MP -MF"Core/Src/main.d" -MT"Core/Src/main.o" --specs=nano.specs -mfloat-abi=soft -mthumb -o "Core/Src/main.o"
../Core/Src/main.c: In function 'main':
../Core/Src/main.c:113:19: warning: unused variable 'packetsBuffer' [-Wunused-variable]
  113 |           uint8_t packetsBuffer[4] = {
      |                   ^~~~~~~~~~~~~
../Core/Src/main.c:108:20: warning: unused variable 'devided_value' [-Wunused-variable]
  108 |           uint32_t devided_value = encoder_value / 18;
      |                    ^~~~~~~~~~~~~
../Core/Src/main.c:102:7: warning: unused variable 'counter' [-Wunused-variable]
  102 |   int counter = 0;
      |       ^~~~~~~
arm-none-eabi-gcc -o "quadrature_to_usb_midi.elf" @"objects.list"   -mcpu=cortex-m3 -T"C:\Users\Samuel\Software\arduor_controller_lw\stm_32_quadrature_encoder_to_usb_midi\quadrature_to_usb_midi\STM32F103C8TX_FLASH.ld" --specs=nosys.specs -Wl,-Map="quadrature_to_usb_midi.map" -Wl,--gc-sections -static --specs=nano.specs -mfloat-abi=soft -mthumb -Wl,--start-group -lc -lm -Wl,--end-group
Finished building target: quadrature_to_usb_midi.elf
 
arm-none-eabi-size  quadrature_to_usb_midi.elf 
arm-none-eabi-objdump -h -S quadrature_to_usb_midi.elf  > "quadrature_to_usb_midi.list"
   text	   data	    bss	    dec	    hex	filename
  30076	    356	   3612	  34044	   84fc	quadrature_to_usb_midi.elf
Finished building: default.size.stdout
 
Finished building: quadrature_to_usb_midi.list
 
14:58:58 **** Incremental Build of configuration Debug for project quadrature_to_usb_midi ****
make -j28 all 
arm-none-eabi-gcc "../Core/Src/main.c" -mcpu=cortex-m3 -std=gnu11 -g3 -DDEBUG -DUSE_HAL_DRIVER -DSTM32F103xB -c -I../Core/Inc -I"C:/Users/Samuel/Software/arduor_controller_lw/stm_32_quadrature_encoder_to_usb_midi/quadrature_to_usb_midi/Middlewares/ST/STM32_USB_Device_Library/Class/MIDI/Inc" -I../Drivers/STM32F1xx_HAL_Driver/Inc -I../Drivers/STM32F1xx_HAL_Driver/Inc/Legacy -I../Drivers/CMSIS/Device/ST/STM32F1xx/Include -I../Drivers/CMSIS/Include -I../USB_DEVICE/App -I../USB_DEVICE/Target -I../Middlewares/ST/STM32_USB_Device_Library/Core/Inc -I../Middlewares/ST/STM32_USB_Device_Library/Class/HID/Inc -O0 -ffunction-sections -fdata-sections -Wall -fstack-usage -fcyclomatic-complexity -MMD -MP -MF"Core/Src/main.d" -MT"Core/Src/main.o" --specs=nano.specs -mfloat-abi=soft -mthumb -o "Core/Src/main.o"
../Core/Src/main.c: In function 'main':
../Core/Src/main.c:113:19: warning: unused variable 'packetsBuffer' [-Wunused-variable]
  113 |           uint8_t packetsBuffer[4] = {
      |                   ^~~~~~~~~~~~~
../Core/Src/main.c:102:7: warning: unused variable 'counter' [-Wunused-variable]
  102 |   int counter = 0;
      |       ^~~~~~~
arm-none-eabi-gcc -o "quadrature_to_usb_midi.elf" @"objects.list"   -mcpu=cortex-m3 -T"C:\Users\Samuel\Software\arduor_controller_lw\stm_32_quadrature_encoder_to_usb_midi\quadrature_to_usb_midi\STM32F103C8TX_FLASH.ld" --specs=nosys.specs -Wl,-Map="quadrature_to_usb_midi.map" -Wl,--gc-sections -static --specs=nano.specs -mfloat-abi=soft -mthumb -Wl,--start-group -lc -lm -Wl,--end-group
Finished building target: quadrature_to_usb_midi.elf
 
arm-none-eabi-size  quadrature_to_usb_midi.elf 
arm-none-eabi-objdump -h -S quadrature_to_usb_midi.elf  > "quadrature_to_usb_midi.list"
   text	   data	    bss	    dec	    hex	filename
  30056	    356	   3612	  34024	   84e8	quadrature_to_usb_midi.elf
Finished building: default.size.stdout
 
Finished building: quadrature_to_usb_midi.list
 
15:01:30 **** Incremental Build of configuration Debug for project quadrature_to_usb_midi ****
make -j28 all 
arm-none-eabi-gcc "../Core/Src/main.c" -mcpu=cortex-m3 -std=gnu11 -g3 -DDEBUG -DUSE_HAL_DRIVER -DSTM32F103xB -c -I../Core/Inc -I"C:/Users/Samuel/Software/arduor_controller_lw/stm_32_quadrature_encoder_to_usb_midi/quadrature_to_usb_midi/Middlewares/ST/STM32_USB_Device_Library/Class/MIDI/Inc" -I../Drivers/STM32F1xx_HAL_Driver/Inc -I../Drivers/STM32F1xx_HAL_Driver/Inc/Legacy -I../Drivers/CMSIS/Device/ST/STM32F1xx/Include -I../Drivers/CMSIS/Include -I../USB_DEVICE/App -I../USB_DEVICE/Target -I../Middlewares/ST/STM32_USB_Device_Library/Core/Inc -I../Middlewares/ST/STM32_USB_Device_Library/Class/HID/Inc -O0 -ffunction-sections -fdata-sections -Wall -fstack-usage -fcyclomatic-complexity -MMD -MP -MF"Core/Src/main.d" -MT"Core/Src/main.o" --specs=nano.specs -mfloat-abi=soft -mthumb -o "Core/Src/main.o"
arm-none-eabi-gcc -o "quadrature_to_usb_midi.elf" @"objects.list"   -mcpu=cortex-m3 -T"C:\Users\Samuel\Software\arduor_controller_lw\stm_32_quadrature_encoder_to_usb_midi\quadrature_to_usb_midi\STM32F103C8TX_FLASH.ld" --specs=nosys.specs -Wl,-Map="quadrature_to_usb_midi.map" -Wl,--gc-sections -static --specs=nano.specs -mfloat-abi=soft -mthumb -Wl,--start-group -lc -lm -Wl,--end-group
Finished building target: quadrature_to_usb_midi.elf
 
arm-none-eabi-size  quadrature_to_usb_midi.elf 
arm-none-eabi-objdump -h -S quadrature_to_usb_midi.elf  > "quadrature_to_usb_midi.list"
   text	   data	    bss	    dec	    hex	filename
  30220	    356	   3612	  34188	   858c	quadrature_to_usb_midi.elf
Finished building: default.size.stdout
 
Finished building: quadrature_to_usb_midi.list
 
15:02:56 **** Incremental Build of configuration Debug for project quadrature_to_usb_midi ****
make -j28 all 
arm-none-eabi-gcc "../USB_DEVICE/Target/usbd_conf.c" -mcpu=cortex-m3 -std=gnu11 -g3 -DDEBUG -DUSE_HAL_DRIVER -DSTM32F103xB -c -I../Core/Inc -I"C:/Users/Samuel/Software/arduor_controller_lw/stm_32_quadrature_encoder_to_usb_midi/quadrature_to_usb_midi/Middlewares/ST/STM32_USB_Device_Library/Class/MIDI/Inc" -I../Drivers/STM32F1xx_HAL_Driver/Inc -I../Drivers/STM32F1xx_HAL_Driver/Inc/Legacy -I../Drivers/CMSIS/Device/ST/STM32F1xx/Include -I../Drivers/CMSIS/Include -I../USB_DEVICE/App -I../USB_DEVICE/Target -I../Middlewares/ST/STM32_USB_Device_Library/Core/Inc -I../Middlewares/ST/STM32_USB_Device_Library/Class/HID/Inc -O0 -ffunction-sections -fdata-sections -Wall -fstack-usage -fcyclomatic-complexity -MMD -MP -MF"USB_DEVICE/Target/usbd_conf.d" -MT"USB_DEVICE/Target/usbd_conf.o" --specs=nano.specs -mfloat-abi=soft -mthumb -o "USB_DEVICE/Target/usbd_conf.o"
arm-none-eabi-gcc "../USB_DEVICE/App/usb_device.c" -mcpu=cortex-m3 -std=gnu11 -g3 -DDEBUG -DUSE_HAL_DRIVER -DSTM32F103xB -c -I../Core/Inc -I"C:/Users/Samuel/Software/arduor_controller_lw/stm_32_quadrature_encoder_to_usb_midi/quadrature_to_usb_midi/Middlewares/ST/STM32_USB_Device_Library/Class/MIDI/Inc" -I../Drivers/STM32F1xx_HAL_Driver/Inc -I../Drivers/STM32F1xx_HAL_Driver/Inc/Legacy -I../Drivers/CMSIS/Device/ST/STM32F1xx/Include -I../Drivers/CMSIS/Include -I../USB_DEVICE/App -I../USB_DEVICE/Target -I../Middlewares/ST/STM32_USB_Device_Library/Core/Inc -I../Middlewares/ST/STM32_USB_Device_Library/Class/HID/Inc -O0 -ffunction-sections -fdata-sections -Wall -fstack-usage -fcyclomatic-complexity -MMD -MP -MF"USB_DEVICE/App/usb_device.d" -MT"USB_DEVICE/App/usb_device.o" --specs=nano.specs -mfloat-abi=soft -mthumb -o "USB_DEVICE/App/usb_device.o"
../USB_DEVICE/App/usb_device.c: In function 'MX_USB_DEVICE_Init':
../USB_DEVICE/App/usb_device.c:74:42: error: 'USBD_HID' undeclared (first use in this function); did you mean 'USBD_MIDI'?
   74 |   if (USBD_RegisterClass(&hUsbDeviceFS, &USBD_HID) != USBD_OK)
      |                                          ^~~~~~~~
      |                                          USBD_MIDI
../USB_DEVICE/App/usb_device.c:74:42: note: each undeclared identifier is reported only once for each function it appears in
../USB_DEVICE/Target/usbd_conf.c: In function 'USBD_static_malloc':
../USB_DEVICE/Target/usbd_conf.c:591:31: error: 'USBD_HID_HandleTypeDef' undeclared (first use in this function); did you mean 'USBD_MIDI_HandleTypeDef'?
  591 |   static uint32_t mem[(sizeof(USBD_HID_HandleTypeDef)/4)+1];/* On 32-bit boundary */
      |                               ^~~~~~~~~~~~~~~~~~~~~~
      |                               USBD_MIDI_HandleTypeDef
../USB_DEVICE/Target/usbd_conf.c:591:31: note: each undeclared identifier is reported only once for each function it appears in
../USB_DEVICE/Target/usbd_conf.c:591:19: warning: unused variable 'mem' [-Wunused-variable]
  591 |   static uint32_t mem[(sizeof(USBD_HID_HandleTypeDef)/4)+1];/* On 32-bit boundary */
      |                   ^~~
../USB_DEVICE/Target/usbd_conf.c:593:1: warning: control reaches end of non-void function [-Wreturn-type]
  593 | }
      | ^
make: *** [USB_DEVICE/App/subdir.mk:22: USB_DEVICE/App/usb_device.o] Error 1
make: *** Waiting for unfinished jobs....
make: *** [USB_DEVICE/Target/subdir.mk:19: USB_DEVICE/Target/usbd_conf.o] Error 1
"make -j28 all" terminated with exit code 2. Build might be incomplete.
15:03:19 **** Incremental Build of configuration Debug for project quadrature_to_usb_midi ****
make -j28 all 
arm-none-eabi-gcc "../USB_DEVICE/Target/usbd_conf.c" -mcpu=cortex-m3 -std=gnu11 -g3 -DDEBUG -DUSE_HAL_DRIVER -DSTM32F103xB -c -I../Core/Inc -I"C:/Users/Samuel/Software/arduor_controller_lw/stm_32_quadrature_encoder_to_usb_midi/quadrature_to_usb_midi/Middlewares/ST/STM32_USB_Device_Library/Class/MIDI/Inc" -I../Drivers/STM32F1xx_HAL_Driver/Inc -I../Drivers/STM32F1xx_HAL_Driver/Inc/Legacy -I../Drivers/CMSIS/Device/ST/STM32F1xx/Include -I../Drivers/CMSIS/Include -I../USB_DEVICE/App -I../USB_DEVICE/Target -I../Middlewares/ST/STM32_USB_Device_Library/Core/Inc -I../Middlewares/ST/STM32_USB_Device_Library/Class/HID/Inc -O0 -ffunction-sections -fdata-sections -Wall -fstack-usage -fcyclomatic-complexity -MMD -MP -MF"USB_DEVICE/Target/usbd_conf.d" -MT"USB_DEVICE/Target/usbd_conf.o" --specs=nano.specs -mfloat-abi=soft -mthumb -o "USB_DEVICE/Target/usbd_conf.o"
arm-none-eabi-gcc "../USB_DEVICE/App/usb_device.c" -mcpu=cortex-m3 -std=gnu11 -g3 -DDEBUG -DUSE_HAL_DRIVER -DSTM32F103xB -c -I../Core/Inc -I"C:/Users/Samuel/Software/arduor_controller_lw/stm_32_quadrature_encoder_to_usb_midi/quadrature_to_usb_midi/Middlewares/ST/STM32_USB_Device_Library/Class/MIDI/Inc" -I../Drivers/STM32F1xx_HAL_Driver/Inc -I../Drivers/STM32F1xx_HAL_Driver/Inc/Legacy -I../Drivers/CMSIS/Device/ST/STM32F1xx/Include -I../Drivers/CMSIS/Include -I../USB_DEVICE/App -I../USB_DEVICE/Target -I../Middlewares/ST/STM32_USB_Device_Library/Core/Inc -I../Middlewares/ST/STM32_USB_Device_Library/Class/HID/Inc -O0 -ffunction-sections -fdata-sections -Wall -fstack-usage -fcyclomatic-complexity -MMD -MP -MF"USB_DEVICE/App/usb_device.d" -MT"USB_DEVICE/App/usb_device.o" --specs=nano.specs -mfloat-abi=soft -mthumb -o "USB_DEVICE/App/usb_device.o"
../USB_DEVICE/Target/usbd_conf.c: In function 'USBD_static_malloc':
../USB_DEVICE/Target/usbd_conf.c:591:31: error: 'USBD_HID_HandleTypeDef' undeclared (first use in this function); did you mean 'USBD_MIDI_HandleTypeDef'?
  591 |   static uint32_t mem[(sizeof(USBD_HID_HandleTypeDef)/4)+1];/* On 32-bit boundary */
      |                               ^~~~~~~~~~~~~~~~~~~~~~
      |                               USBD_MIDI_HandleTypeDef
../USB_DEVICE/Target/usbd_conf.c:591:31: note: each undeclared identifier is reported only once for each function it appears in
../USB_DEVICE/Target/usbd_conf.c:591:19: warning: unused variable 'mem' [-Wunused-variable]
  591 |   static uint32_t mem[(sizeof(USBD_HID_HandleTypeDef)/4)+1];/* On 32-bit boundary */
      |                   ^~~
../USB_DEVICE/Target/usbd_conf.c:593:1: warning: control reaches end of non-void function [-Wreturn-type]
  593 | }
      | ^
make: *** [USB_DEVICE/Target/subdir.mk:19: USB_DEVICE/Target/usbd_conf.o] Error 1
make: *** Waiting for unfinished jobs....
"make -j28 all" terminated with exit code 2. Build might be incomplete.
15:03:29 **** Incremental Build of configuration Debug for project quadrature_to_usb_midi ****
make -j28 all 
arm-none-eabi-gcc "../USB_DEVICE/Target/usbd_conf.c" -mcpu=cortex-m3 -std=gnu11 -g3 -DDEBUG -DUSE_HAL_DRIVER -DSTM32F103xB -c -I../Core/Inc -I"C:/Users/Samuel/Software/arduor_controller_lw/stm_32_quadrature_encoder_to_usb_midi/quadrature_to_usb_midi/Middlewares/ST/STM32_USB_Device_Library/Class/MIDI/Inc" -I../Drivers/STM32F1xx_HAL_Driver/Inc -I../Drivers/STM32F1xx_HAL_Driver/Inc/Legacy -I../Drivers/CMSIS/Device/ST/STM32F1xx/Include -I../Drivers/CMSIS/Include -I../USB_DEVICE/App -I../USB_DEVICE/Target -I../Middlewares/ST/STM32_USB_Device_Library/Core/Inc -I../Middlewares/ST/STM32_USB_Device_Library/Class/HID/Inc -O0 -ffunction-sections -fdata-sections -Wall -fstack-usage -fcyclomatic-complexity -MMD -MP -MF"USB_DEVICE/Target/usbd_conf.d" -MT"USB_DEVICE/Target/usbd_conf.o" --specs=nano.specs -mfloat-abi=soft -mthumb -o "USB_DEVICE/Target/usbd_conf.o"
arm-none-eabi-gcc -o "quadrature_to_usb_midi.elf" @"objects.list"   -mcpu=cortex-m3 -T"C:\Users\Samuel\Software\arduor_controller_lw\stm_32_quadrature_encoder_to_usb_midi\quadrature_to_usb_midi\STM32F103C8TX_FLASH.ld" --specs=nosys.specs -Wl,-Map="quadrature_to_usb_midi.map" -Wl,--gc-sections -static --specs=nano.specs -mfloat-abi=soft -mthumb -Wl,--start-group -lc -lm -Wl,--end-group
Finished building target: quadrature_to_usb_midi.elf
 
arm-none-eabi-size  quadrature_to_usb_midi.elf 
arm-none-eabi-objdump -h -S quadrature_to_usb_midi.elf  > "quadrature_to_usb_midi.list"
   text	   data	    bss	    dec	    hex	filename
  30116	    244	   3676	  34036	   84f4	quadrature_to_usb_midi.elf
Finished building: default.size.stdout
 
Finished building: quadrature_to_usb_midi.list
 
15:03:33 **** Incremental Build of configuration Debug for project quadrature_to_usb_midi ****
make -j28 all 
arm-none-eabi-size  quadrature_to_usb_midi.elf 
   text	   data	    bss	    dec	    hex	filename
  30116	    244	   3676	  34036	   84f4	quadrature_to_usb_midi.elf
Finished building: default.size.stdout
 
16:14:31 **** Incremental Build of configuration Debug for project quadrature_to_usb_midi ****
make -j28 all 
arm-none-eabi-gcc "../Core/Src/main.c" -mcpu=cortex-m3 -std=gnu11 -g3 -DDEBUG -DUSE_HAL_DRIVER -DSTM32F103xB -c -I../Core/Inc -I"C:/Users/Samuel/Software/arduor_controller_lw/stm_32_quadrature_encoder_to_usb_midi/quadrature_to_usb_midi/Middlewares/ST/STM32_USB_Device_Library/Class/MIDI/Inc" -I../Drivers/STM32F1xx_HAL_Driver/Inc -I../Drivers/STM32F1xx_HAL_Driver/Inc/Legacy -I../Drivers/CMSIS/Device/ST/STM32F1xx/Include -I../Drivers/CMSIS/Include -I../USB_DEVICE/App -I../USB_DEVICE/Target -I../Middlewares/ST/STM32_USB_Device_Library/Core/Inc -I../Middlewares/ST/STM32_USB_Device_Library/Class/HID/Inc -O0 -ffunction-sections -fdata-sections -Wall -fstack-usage -fcyclomatic-complexity -MMD -MP -MF"Core/Src/main.d" -MT"Core/Src/main.o" --specs=nano.specs -mfloat-abi=soft -mthumb -o "Core/Src/main.o"
arm-none-eabi-gcc -o "quadrature_to_usb_midi.elf" @"objects.list"   -mcpu=cortex-m3 -T"C:\Users\Samuel\Software\arduor_controller_lw\stm_32_quadrature_encoder_to_usb_midi\quadrature_to_usb_midi\STM32F103C8TX_FLASH.ld" --specs=nosys.specs -Wl,-Map="quadrature_to_usb_midi.map" -Wl,--gc-sections -static --specs=nano.specs -mfloat-abi=soft -mthumb -Wl,--start-group -lc -lm -Wl,--end-group
Finished building target: quadrature_to_usb_midi.elf
 
arm-none-eabi-size  quadrature_to_usb_midi.elf 
arm-none-eabi-objdump -h -S quadrature_to_usb_midi.elf  > "quadrature_to_usb_midi.list"
   text	   data	    bss	    dec	    hex	filename
  30108	    244	   3676	  34028	   84ec	quadrature_to_usb_midi.elf
Finished building: default.size.stdout
 
Finished building: quadrature_to_usb_midi.list
 
16:19:16 **** Incremental Build of configuration Debug for project quadrature_to_usb_midi ****
make -j28 all 
arm-none-eabi-gcc "../Core/Src/main.c" -mcpu=cortex-m3 -std=gnu11 -g3 -DDEBUG -DUSE_HAL_DRIVER -DSTM32F103xB -c -I../Core/Inc -I"C:/Users/Samuel/Software/arduor_controller_lw/stm_32_quadrature_encoder_to_usb_midi/quadrature_to_usb_midi/Middlewares/ST/STM32_USB_Device_Library/Class/MIDI/Inc" -I../Drivers/STM32F1xx_HAL_Driver/Inc -I../Drivers/STM32F1xx_HAL_Driver/Inc/Legacy -I../Drivers/CMSIS/Device/ST/STM32F1xx/Include -I../Drivers/CMSIS/Include -I../USB_DEVICE/App -I../USB_DEVICE/Target -I../Middlewares/ST/STM32_USB_Device_Library/Core/Inc -I../Middlewares/ST/STM32_USB_Device_Library/Class/HID/Inc -O0 -ffunction-sections -fdata-sections -Wall -fstack-usage -fcyclomatic-complexity -MMD -MP -MF"Core/Src/main.d" -MT"Core/Src/main.o" --specs=nano.specs -mfloat-abi=soft -mthumb -o "Core/Src/main.o"
arm-none-eabi-gcc -o "quadrature_to_usb_midi.elf" @"objects.list"   -mcpu=cortex-m3 -T"C:\Users\Samuel\Software\arduor_controller_lw\stm_32_quadrature_encoder_to_usb_midi\quadrature_to_usb_midi\STM32F103C8TX_FLASH.ld" --specs=nosys.specs -Wl,-Map="quadrature_to_usb_midi.map" -Wl,--gc-sections -static --specs=nano.specs -mfloat-abi=soft -mthumb -Wl,--start-group -lc -lm -Wl,--end-group
Finished building target: quadrature_to_usb_midi.elf
 
arm-none-eabi-size  quadrature_to_usb_midi.elf 
arm-none-eabi-objdump -h -S quadrature_to_usb_midi.elf  > "quadrature_to_usb_midi.list"
   text	   data	    bss	    dec	    hex	filename
  30088	    244	   3676	  34008	   84d8	quadrature_to_usb_midi.elf
Finished building: default.size.stdout
 
Finished building: quadrature_to_usb_midi.list
 
16:21:35 **** Incremental Build of configuration Debug for project quadrature_to_usb_midi ****
make -j28 all 
arm-none-eabi-gcc "../Core/Src/main.c" -mcpu=cortex-m3 -std=gnu11 -g3 -DDEBUG -DUSE_HAL_DRIVER -DSTM32F103xB -c -I../Core/Inc -I"C:/Users/Samuel/Software/arduor_controller_lw/stm_32_quadrature_encoder_to_usb_midi/quadrature_to_usb_midi/Middlewares/ST/STM32_USB_Device_Library/Class/MIDI/Inc" -I../Drivers/STM32F1xx_HAL_Driver/Inc -I../Drivers/STM32F1xx_HAL_Driver/Inc/Legacy -I../Drivers/CMSIS/Device/ST/STM32F1xx/Include -I../Drivers/CMSIS/Include -I../USB_DEVICE/App -I../USB_DEVICE/Target -I../Middlewares/ST/STM32_USB_Device_Library/Core/Inc -I../Middlewares/ST/STM32_USB_Device_Library/Class/HID/Inc -O0 -ffunction-sections -fdata-sections -Wall -fstack-usage -fcyclomatic-complexity -MMD -MP -MF"Core/Src/main.d" -MT"Core/Src/main.o" --specs=nano.specs -mfloat-abi=soft -mthumb -o "Core/Src/main.o"
arm-none-eabi-gcc -o "quadrature_to_usb_midi.elf" @"objects.list"   -mcpu=cortex-m3 -T"C:\Users\Samuel\Software\arduor_controller_lw\stm_32_quadrature_encoder_to_usb_midi\quadrature_to_usb_midi\STM32F103C8TX_FLASH.ld" --specs=nosys.specs -Wl,-Map="quadrature_to_usb_midi.map" -Wl,--gc-sections -static --specs=nano.specs -mfloat-abi=soft -mthumb -Wl,--start-group -lc -lm -Wl,--end-group
Finished building target: quadrature_to_usb_midi.elf
 
arm-none-eabi-size  quadrature_to_usb_midi.elf 
arm-none-eabi-objdump -h -S quadrature_to_usb_midi.elf  > "quadrature_to_usb_midi.list"
   text	   data	    bss	    dec	    hex	filename
  30088	    244	   3676	  34008	   84d8	quadrature_to_usb_midi.elf
Finished building: default.size.stdout
 
Finished building: quadrature_to_usb_midi.list
 
16:29:48 **** Incremental Build of configuration Debug for project quadrature_to_usb_midi ****
make -j28 all 
arm-none-eabi-gcc "../Core/Src/main.c" -mcpu=cortex-m3 -std=gnu11 -g3 -DDEBUG -DUSE_HAL_DRIVER -DSTM32F103xB -c -I../Core/Inc -I"C:/Users/Samuel/Software/arduor_controller_lw/stm_32_quadrature_encoder_to_usb_midi/quadrature_to_usb_midi/Middlewares/ST/STM32_USB_Device_Library/Class/MIDI/Inc" -I../Drivers/STM32F1xx_HAL_Driver/Inc -I../Drivers/STM32F1xx_HAL_Driver/Inc/Legacy -I../Drivers/CMSIS/Device/ST/STM32F1xx/Include -I../Drivers/CMSIS/Include -I../USB_DEVICE/App -I../USB_DEVICE/Target -I../Middlewares/ST/STM32_USB_Device_Library/Core/Inc -I../Middlewares/ST/STM32_USB_Device_Library/Class/HID/Inc -O0 -ffunction-sections -fdata-sections -Wall -fstack-usage -fcyclomatic-complexity -MMD -MP -MF"Core/Src/main.d" -MT"Core/Src/main.o" --specs=nano.specs -mfloat-abi=soft -mthumb -o "Core/Src/main.o"
../Core/Src/main.c: In function 'main':
../Core/Src/main.c:114:19: warning: unused variable 'packetsBuffer' [-Wunused-variable]
  114 |           uint8_t packetsBuffer[4] = {
      |                   ^~~~~~~~~~~~~
../Core/Src/main.c:102:7: warning: unused variable 'counter' [-Wunused-variable]
  102 |   int counter = 0;
      |       ^~~~~~~
arm-none-eabi-gcc -o "quadrature_to_usb_midi.elf" @"objects.list"   -mcpu=cortex-m3 -T"C:\Users\Samuel\Software\arduor_controller_lw\stm_32_quadrature_encoder_to_usb_midi\quadrature_to_usb_midi\STM32F103C8TX_FLASH.ld" --specs=nosys.specs -Wl,-Map="quadrature_to_usb_midi.map" -Wl,--gc-sections -static --specs=nano.specs -mfloat-abi=soft -mthumb -Wl,--start-group -lc -lm -Wl,--end-group
Finished building target: quadrature_to_usb_midi.elf
 
arm-none-eabi-size  quadrature_to_usb_midi.elf 
arm-none-eabi-objdump -h -S quadrature_to_usb_midi.elf  > "quadrature_to_usb_midi.list"
   text	   data	    bss	    dec	    hex	filename
  29928	    244	   3676	  33848	   8438	quadrature_to_usb_midi.elf
Finished building: default.size.stdout
 
Finished building: quadrature_to_usb_midi.list
 
16:31:13 **** Incremental Build of configuration Debug for project quadrature_to_usb_midi ****
make -j28 all 
arm-none-eabi-gcc "../Core/Src/main.c" -mcpu=cortex-m3 -std=gnu11 -g3 -DDEBUG -DUSE_HAL_DRIVER -DSTM32F103xB -c -I../Core/Inc -I"C:/Users/Samuel/Software/arduor_controller_lw/stm_32_quadrature_encoder_to_usb_midi/quadrature_to_usb_midi/Middlewares/ST/STM32_USB_Device_Library/Class/MIDI/Inc" -I../Drivers/STM32F1xx_HAL_Driver/Inc -I../Drivers/STM32F1xx_HAL_Driver/Inc/Legacy -I../Drivers/CMSIS/Device/ST/STM32F1xx/Include -I../Drivers/CMSIS/Include -I../USB_DEVICE/App -I../USB_DEVICE/Target -I../Middlewares/ST/STM32_USB_Device_Library/Core/Inc -I../Middlewares/ST/STM32_USB_Device_Library/Class/HID/Inc -O0 -ffunction-sections -fdata-sections -Wall -fstack-usage -fcyclomatic-complexity -MMD -MP -MF"Core/Src/main.d" -MT"Core/Src/main.o" --specs=nano.specs -mfloat-abi=soft -mthumb -o "Core/Src/main.o"
../Core/Src/main.c: In function 'main':
../Core/Src/main.c:114:19: warning: unused variable 'packetsBuffer' [-Wunused-variable]
  114 |           uint8_t packetsBuffer[4] = {
      |                   ^~~~~~~~~~~~~
../Core/Src/main.c:102:7: warning: unused variable 'counter' [-Wunused-variable]
  102 |   int counter = 0;
      |       ^~~~~~~
arm-none-eabi-gcc -o "quadrature_to_usb_midi.elf" @"objects.list"   -mcpu=cortex-m3 -T"C:\Users\Samuel\Software\arduor_controller_lw\stm_32_quadrature_encoder_to_usb_midi\quadrature_to_usb_midi\STM32F103C8TX_FLASH.ld" --specs=nosys.specs -Wl,-Map="quadrature_to_usb_midi.map" -Wl,--gc-sections -static --specs=nano.specs -mfloat-abi=soft -mthumb -Wl,--start-group -lc -lm -Wl,--end-group
Finished building target: quadrature_to_usb_midi.elf
 
arm-none-eabi-size  quadrature_to_usb_midi.elf 
arm-none-eabi-objdump -h -S quadrature_to_usb_midi.elf  > "quadrature_to_usb_midi.list"
   text	   data	    bss	    dec	    hex	filename
  29932	    244	   3676	  33852	   843c	quadrature_to_usb_midi.elf
Finished building: default.size.stdout
 
Finished building: quadrature_to_usb_midi.list
 
16:49:30 **** Incremental Build of configuration Debug for project quadrature_to_usb_midi ****
make -j28 all 
arm-none-eabi-size  quadrature_to_usb_midi.elf 
   text	   data	    bss	    dec	    hex	filename
  29932	    244	   3676	  33852	   843c	quadrature_to_usb_midi.elf
Finished building: default.size.stdout
 
16:51:11 **** Incremental Build of configuration Debug for project quadrature_to_usb_midi ****
make -j28 all 
arm-none-eabi-gcc "../Core/Src/main.c" -mcpu=cortex-m3 -std=gnu11 -g3 -DDEBUG -DUSE_HAL_DRIVER -DSTM32F103xB -c -I../Core/Inc -I"C:/Users/Samuel/Software/arduor_controller_lw/stm_32_quadrature_encoder_to_usb_midi/quadrature_to_usb_midi/Middlewares/ST/STM32_USB_Device_Library/Class/MIDI/Inc" -I../Drivers/STM32F1xx_HAL_Driver/Inc -I../Drivers/STM32F1xx_HAL_Driver/Inc/Legacy -I../Drivers/CMSIS/Device/ST/STM32F1xx/Include -I../Drivers/CMSIS/Include -I../USB_DEVICE/App -I../USB_DEVICE/Target -I../Middlewares/ST/STM32_USB_Device_Library/Core/Inc -I../Middlewares/ST/STM32_USB_Device_Library/Class/HID/Inc -O0 -ffunction-sections -fdata-sections -Wall -fstack-usage -fcyclomatic-complexity -MMD -MP -MF"Core/Src/main.d" -MT"Core/Src/main.o" --specs=nano.specs -mfloat-abi=soft -mthumb -o "Core/Src/main.o"
arm-none-eabi-gcc -o "quadrature_to_usb_midi.elf" @"objects.list"   -mcpu=cortex-m3 -T"C:\Users\Samuel\Software\arduor_controller_lw\stm_32_quadrature_encoder_to_usb_midi\quadrature_to_usb_midi\STM32F103C8TX_FLASH.ld" --specs=nosys.specs -Wl,-Map="quadrature_to_usb_midi.map" -Wl,--gc-sections -static --specs=nano.specs -mfloat-abi=soft -mthumb -Wl,--start-group -lc -lm -Wl,--end-group
Finished building target: quadrature_to_usb_midi.elf
 
arm-none-eabi-size  quadrature_to_usb_midi.elf 
arm-none-eabi-objdump -h -S quadrature_to_usb_midi.elf  > "quadrature_to_usb_midi.list"
   text	   data	    bss	    dec	    hex	filename
  30092	    244	   3676	  34012	   84dc	quadrature_to_usb_midi.elf
Finished building: default.size.stdout
 
Finished building: quadrature_to_usb_midi.list
 
16:53:54 **** Incremental Build of configuration Debug for project quadrature_to_usb_midi ****
make -j28 all 
arm-none-eabi-gcc "../Core/Src/main.c" -mcpu=cortex-m3 -std=gnu11 -g3 -DDEBUG -DUSE_HAL_DRIVER -DSTM32F103xB -c -I../Core/Inc -I"C:/Users/Samuel/Software/arduor_controller_lw/stm_32_quadrature_encoder_to_usb_midi/quadrature_to_usb_midi/Middlewares/ST/STM32_USB_Device_Library/Class/MIDI/Inc" -I../Drivers/STM32F1xx_HAL_Driver/Inc -I../Drivers/STM32F1xx_HAL_Driver/Inc/Legacy -I../Drivers/CMSIS/Device/ST/STM32F1xx/Include -I../Drivers/CMSIS/Include -I../USB_DEVICE/App -I../USB_DEVICE/Target -I../Middlewares/ST/STM32_USB_Device_Library/Core/Inc -I../Middlewares/ST/STM32_USB_Device_Library/Class/HID/Inc -O0 -ffunction-sections -fdata-sections -Wall -fstack-usage -fcyclomatic-complexity -MMD -MP -MF"Core/Src/main.d" -MT"Core/Src/main.o" --specs=nano.specs -mfloat-abi=soft -mthumb -o "Core/Src/main.o"
arm-none-eabi-gcc -o "quadrature_to_usb_midi.elf" @"objects.list"   -mcpu=cortex-m3 -T"C:\Users\Samuel\Software\arduor_controller_lw\stm_32_quadrature_encoder_to_usb_midi\quadrature_to_usb_midi\STM32F103C8TX_FLASH.ld" --specs=nosys.specs -Wl,-Map="quadrature_to_usb_midi.map" -Wl,--gc-sections -static --specs=nano.specs -mfloat-abi=soft -mthumb -Wl,--start-group -lc -lm -Wl,--end-group
Finished building target: quadrature_to_usb_midi.elf
 
arm-none-eabi-size  quadrature_to_usb_midi.elf 
arm-none-eabi-objdump -h -S quadrature_to_usb_midi.elf  > "quadrature_to_usb_midi.list"
   text	   data	    bss	    dec	    hex	filename
  30092	    244	   3676	  34012	   84dc	quadrature_to_usb_midi.elf
Finished building: default.size.stdout
 
Finished building: quadrature_to_usb_midi.list
 
17:54:24 **** Incremental Build of configuration Debug for project quadrature_to_usb_midi ****
make -j28 all 
arm-none-eabi-gcc "../USB_DEVICE/Target/usbd_conf.c" -mcpu=cortex-m3 -std=gnu11 -g3 -DDEBUG -DUSE_HAL_DRIVER -DSTM32F103xB -c -I../Core/Inc -I"C:/Users/Samuel/Software/arduor_controller_lw/stm_32_quadrature_encoder_to_usb_midi/quadrature_to_usb_midi/Middlewares/ST/STM32_USB_Device_Library/Class/MIDI/Inc" -I../Drivers/STM32F1xx_HAL_Driver/Inc -I../Drivers/STM32F1xx_HAL_Driver/Inc/Legacy -I../Drivers/CMSIS/Device/ST/STM32F1xx/Include -I../Drivers/CMSIS/Include -I../USB_DEVICE/App -I../USB_DEVICE/Target -I../Middlewares/ST/STM32_USB_Device_Library/Core/Inc -I../Middlewares/ST/STM32_USB_Device_Library/Class/HID/Inc -O0 -ffunction-sections -fdata-sections -Wall -fstack-usage -fcyclomatic-complexity -MMD -MP -MF"USB_DEVICE/Target/usbd_conf.d" -MT"USB_DEVICE/Target/usbd_conf.o" --specs=nano.specs -mfloat-abi=soft -mthumb -o "USB_DEVICE/Target/usbd_conf.o"
arm-none-eabi-gcc "../USB_DEVICE/App/usb_device.c" -mcpu=cortex-m3 -std=gnu11 -g3 -DDEBUG -DUSE_HAL_DRIVER -DSTM32F103xB -c -I../Core/Inc -I"C:/Users/Samuel/Software/arduor_controller_lw/stm_32_quadrature_encoder_to_usb_midi/quadrature_to_usb_midi/Middlewares/ST/STM32_USB_Device_Library/Class/MIDI/Inc" -I../Drivers/STM32F1xx_HAL_Driver/Inc -I../Drivers/STM32F1xx_HAL_Driver/Inc/Legacy -I../Drivers/CMSIS/Device/ST/STM32F1xx/Include -I../Drivers/CMSIS/Include -I../USB_DEVICE/App -I../USB_DEVICE/Target -I../Middlewares/ST/STM32_USB_Device_Library/Core/Inc -I../Middlewares/ST/STM32_USB_Device_Library/Class/HID/Inc -O0 -ffunction-sections -fdata-sections -Wall -fstack-usage -fcyclomatic-complexity -MMD -MP -MF"USB_DEVICE/App/usb_device.d" -MT"USB_DEVICE/App/usb_device.o" --specs=nano.specs -mfloat-abi=soft -mthumb -o "USB_DEVICE/App/usb_device.o"
arm-none-eabi-gcc "../USB_DEVICE/App/usbd_desc.c" -mcpu=cortex-m3 -std=gnu11 -g3 -DDEBUG -DUSE_HAL_DRIVER -DSTM32F103xB -c -I../Core/Inc -I"C:/Users/Samuel/Software/arduor_controller_lw/stm_32_quadrature_encoder_to_usb_midi/quadrature_to_usb_midi/Middlewares/ST/STM32_USB_Device_Library/Class/MIDI/Inc" -I../Drivers/STM32F1xx_HAL_Driver/Inc -I../Drivers/STM32F1xx_HAL_Driver/Inc/Legacy -I../Drivers/CMSIS/Device/ST/STM32F1xx/Include -I../Drivers/CMSIS/Include -I../USB_DEVICE/App -I../USB_DEVICE/Target -I../Middlewares/ST/STM32_USB_Device_Library/Core/Inc -I../Middlewares/ST/STM32_USB_Device_Library/Class/HID/Inc -O0 -ffunction-sections -fdata-sections -Wall -fstack-usage -fcyclomatic-complexity -MMD -MP -MF"USB_DEVICE/App/usbd_desc.d" -MT"USB_DEVICE/App/usbd_desc.o" --specs=nano.specs -mfloat-abi=soft -mthumb -o "USB_DEVICE/App/usbd_desc.o"
arm-none-eabi-gcc "../Middlewares/ST/STM32_USB_Device_Library/Core/Src/usbd_core.c" -mcpu=cortex-m3 -std=gnu11 -g3 -DDEBUG -DUSE_HAL_DRIVER -DSTM32F103xB -c -I../Core/Inc -I"C:/Users/Samuel/Software/arduor_controller_lw/stm_32_quadrature_encoder_to_usb_midi/quadrature_to_usb_midi/Middlewares/ST/STM32_USB_Device_Library/Class/MIDI/Inc" -I../Drivers/STM32F1xx_HAL_Driver/Inc -I../Drivers/STM32F1xx_HAL_Driver/Inc/Legacy -I../Drivers/CMSIS/Device/ST/STM32F1xx/Include -I../Drivers/CMSIS/Include -I../USB_DEVICE/App -I../USB_DEVICE/Target -I../Middlewares/ST/STM32_USB_Device_Library/Core/Inc -I../Middlewares/ST/STM32_USB_Device_Library/Class/HID/Inc -O0 -ffunction-sections -fdata-sections -Wall -fstack-usage -fcyclomatic-complexity -MMD -MP -MF"Middlewares/ST/STM32_USB_Device_Library/Core/Src/usbd_core.d" -MT"Middlewares/ST/STM32_USB_Device_Library/Core/Src/usbd_core.o" --specs=nano.specs -mfloat-abi=soft -mthumb -o "Middlewares/ST/STM32_USB_Device_Library/Core/Src/usbd_core.o"
arm-none-eabi-gcc "../Middlewares/ST/STM32_USB_Device_Library/Core/Src/usbd_ctlreq.c" -mcpu=cortex-m3 -std=gnu11 -g3 -DDEBUG -DUSE_HAL_DRIVER -DSTM32F103xB -c -I../Core/Inc -I"C:/Users/Samuel/Software/arduor_controller_lw/stm_32_quadrature_encoder_to_usb_midi/quadrature_to_usb_midi/Middlewares/ST/STM32_USB_Device_Library/Class/MIDI/Inc" -I../Drivers/STM32F1xx_HAL_Driver/Inc -I../Drivers/STM32F1xx_HAL_Driver/Inc/Legacy -I../Drivers/CMSIS/Device/ST/STM32F1xx/Include -I../Drivers/CMSIS/Include -I../USB_DEVICE/App -I../USB_DEVICE/Target -I../Middlewares/ST/STM32_USB_Device_Library/Core/Inc -I../Middlewares/ST/STM32_USB_Device_Library/Class/HID/Inc -O0 -ffunction-sections -fdata-sections -Wall -fstack-usage -fcyclomatic-complexity -MMD -MP -MF"Middlewares/ST/STM32_USB_Device_Library/Core/Src/usbd_ctlreq.d" -MT"Middlewares/ST/STM32_USB_Device_Library/Core/Src/usbd_ctlreq.o" --specs=nano.specs -mfloat-abi=soft -mthumb -o "Middlewares/ST/STM32_USB_Device_Library/Core/Src/usbd_ctlreq.o"
arm-none-eabi-gcc "../Middlewares/ST/STM32_USB_Device_Library/Core/Src/usbd_ioreq.c" -mcpu=cortex-m3 -std=gnu11 -g3 -DDEBUG -DUSE_HAL_DRIVER -DSTM32F103xB -c -I../Core/Inc -I"C:/Users/Samuel/Software/arduor_controller_lw/stm_32_quadrature_encoder_to_usb_midi/quadrature_to_usb_midi/Middlewares/ST/STM32_USB_Device_Library/Class/MIDI/Inc" -I../Drivers/STM32F1xx_HAL_Driver/Inc -I../Drivers/STM32F1xx_HAL_Driver/Inc/Legacy -I../Drivers/CMSIS/Device/ST/STM32F1xx/Include -I../Drivers/CMSIS/Include -I../USB_DEVICE/App -I../USB_DEVICE/Target -I../Middlewares/ST/STM32_USB_Device_Library/Core/Inc -I../Middlewares/ST/STM32_USB_Device_Library/Class/HID/Inc -O0 -ffunction-sections -fdata-sections -Wall -fstack-usage -fcyclomatic-complexity -MMD -MP -MF"Middlewares/ST/STM32_USB_Device_Library/Core/Src/usbd_ioreq.d" -MT"Middlewares/ST/STM32_USB_Device_Library/Core/Src/usbd_ioreq.o" --specs=nano.specs -mfloat-abi=soft -mthumb -o "Middlewares/ST/STM32_USB_Device_Library/Core/Src/usbd_ioreq.o"
arm-none-eabi-gcc "../Middlewares/ST/STM32_USB_Device_Library/Class/MIDI/Src/usbd_midi.c" -mcpu=cortex-m3 -std=gnu11 -g3 -DDEBUG -DUSE_HAL_DRIVER -DSTM32F103xB -c -I../Core/Inc -I"C:/Users/Samuel/Software/arduor_controller_lw/stm_32_quadrature_encoder_to_usb_midi/quadrature_to_usb_midi/Middlewares/ST/STM32_USB_Device_Library/Class/MIDI/Inc" -I../Drivers/STM32F1xx_HAL_Driver/Inc -I../Drivers/STM32F1xx_HAL_Driver/Inc/Legacy -I../Drivers/CMSIS/Device/ST/STM32F1xx/Include -I../Drivers/CMSIS/Include -I../USB_DEVICE/App -I../USB_DEVICE/Target -I../Middlewares/ST/STM32_USB_Device_Library/Core/Inc -I../Middlewares/ST/STM32_USB_Device_Library/Class/HID/Inc -O0 -ffunction-sections -fdata-sections -Wall -fstack-usage -fcyclomatic-complexity -MMD -MP -MF"Middlewares/ST/STM32_USB_Device_Library/Class/MIDI/Src/usbd_midi.d" -MT"Middlewares/ST/STM32_USB_Device_Library/Class/MIDI/Src/usbd_midi.o" --specs=nano.specs -mfloat-abi=soft -mthumb -o "Middlewares/ST/STM32_USB_Device_Library/Class/MIDI/Src/usbd_midi.o"
arm-none-eabi-gcc "../Middlewares/ST/STM32_USB_Device_Library/Class/HID/Src/usbd_hid.c" -mcpu=cortex-m3 -std=gnu11 -g3 -DDEBUG -DUSE_HAL_DRIVER -DSTM32F103xB -c -I../Core/Inc -I"C:/Users/Samuel/Software/arduor_controller_lw/stm_32_quadrature_encoder_to_usb_midi/quadrature_to_usb_midi/Middlewares/ST/STM32_USB_Device_Library/Class/MIDI/Inc" -I../Drivers/STM32F1xx_HAL_Driver/Inc -I../Drivers/STM32F1xx_HAL_Driver/Inc/Legacy -I../Drivers/CMSIS/Device/ST/STM32F1xx/Include -I../Drivers/CMSIS/Include -I../USB_DEVICE/App -I../USB_DEVICE/Target -I../Middlewares/ST/STM32_USB_Device_Library/Core/Inc -I../Middlewares/ST/STM32_USB_Device_Library/Class/HID/Inc -O0 -ffunction-sections -fdata-sections -Wall -fstack-usage -fcyclomatic-complexity -MMD -MP -MF"Middlewares/ST/STM32_USB_Device_Library/Class/HID/Src/usbd_hid.d" -MT"Middlewares/ST/STM32_USB_Device_Library/Class/HID/Src/usbd_hid.o" --specs=nano.specs -mfloat-abi=soft -mthumb -o "Middlewares/ST/STM32_USB_Device_Library/Class/HID/Src/usbd_hid.o"
arm-none-eabi-gcc "../Core/Src/main.c" -mcpu=cortex-m3 -std=gnu11 -g3 -DDEBUG -DUSE_HAL_DRIVER -DSTM32F103xB -c -I../Core/Inc -I"C:/Users/Samuel/Software/arduor_controller_lw/stm_32_quadrature_encoder_to_usb_midi/quadrature_to_usb_midi/Middlewares/ST/STM32_USB_Device_Library/Class/MIDI/Inc" -I../Drivers/STM32F1xx_HAL_Driver/Inc -I../Drivers/STM32F1xx_HAL_Driver/Inc/Legacy -I../Drivers/CMSIS/Device/ST/STM32F1xx/Include -I../Drivers/CMSIS/Include -I../USB_DEVICE/App -I../USB_DEVICE/Target -I../Middlewares/ST/STM32_USB_Device_Library/Core/Inc -I../Middlewares/ST/STM32_USB_Device_Library/Class/HID/Inc -O0 -ffunction-sections -fdata-sections -Wall -fstack-usage -fcyclomatic-complexity -MMD -MP -MF"Core/Src/main.d" -MT"Core/Src/main.o" --specs=nano.specs -mfloat-abi=soft -mthumb -o "Core/Src/main.o"
arm-none-eabi-gcc "../Core/Src/stm32f1xx_hal_msp.c" -mcpu=cortex-m3 -std=gnu11 -g3 -DDEBUG -DUSE_HAL_DRIVER -DSTM32F103xB -c -I../Core/Inc -I"C:/Users/Samuel/Software/arduor_controller_lw/stm_32_quadrature_encoder_to_usb_midi/quadrature_to_usb_midi/Middlewares/ST/STM32_USB_Device_Library/Class/MIDI/Inc" -I../Drivers/STM32F1xx_HAL_Driver/Inc -I../Drivers/STM32F1xx_HAL_Driver/Inc/Legacy -I../Drivers/CMSIS/Device/ST/STM32F1xx/Include -I../Drivers/CMSIS/Include -I../USB_DEVICE/App -I../USB_DEVICE/Target -I../Middlewares/ST/STM32_USB_Device_Library/Core/Inc -I../Middlewares/ST/STM32_USB_Device_Library/Class/HID/Inc -O0 -ffunction-sections -fdata-sections -Wall -fstack-usage -fcyclomatic-complexity -MMD -MP -MF"Core/Src/stm32f1xx_hal_msp.d" -MT"Core/Src/stm32f1xx_hal_msp.o" --specs=nano.specs -mfloat-abi=soft -mthumb -o "Core/Src/stm32f1xx_hal_msp.o"
arm-none-eabi-gcc "../Core/Src/stm32f1xx_it.c" -mcpu=cortex-m3 -std=gnu11 -g3 -DDEBUG -DUSE_HAL_DRIVER -DSTM32F103xB -c -I../Core/Inc -I"C:/Users/Samuel/Software/arduor_controller_lw/stm_32_quadrature_encoder_to_usb_midi/quadrature_to_usb_midi/Middlewares/ST/STM32_USB_Device_Library/Class/MIDI/Inc" -I../Drivers/STM32F1xx_HAL_Driver/Inc -I../Drivers/STM32F1xx_HAL_Driver/Inc/Legacy -I../Drivers/CMSIS/Device/ST/STM32F1xx/Include -I../Drivers/CMSIS/Include -I../USB_DEVICE/App -I../USB_DEVICE/Target -I../Middlewares/ST/STM32_USB_Device_Library/Core/Inc -I../Middlewares/ST/STM32_USB_Device_Library/Class/HID/Inc -O0 -ffunction-sections -fdata-sections -Wall -fstack-usage -fcyclomatic-complexity -MMD -MP -MF"Core/Src/stm32f1xx_it.d" -MT"Core/Src/stm32f1xx_it.o" --specs=nano.specs -mfloat-abi=soft -mthumb -o "Core/Src/stm32f1xx_it.o"
arm-none-eabi-gcc -o "quadrature_to_usb_midi.elf" @"objects.list"   -mcpu=cortex-m3 -T"C:\Users\Samuel\Software\arduor_controller_lw\stm_32_quadrature_encoder_to_usb_midi\quadrature_to_usb_midi\STM32F103C8TX_FLASH.ld" --specs=nosys.specs -Wl,-Map="quadrature_to_usb_midi.map" -Wl,--gc-sections -static --specs=nano.specs -mfloat-abi=soft -mthumb -Wl,--start-group -lc -lm -Wl,--end-group
Finished building target: quadrature_to_usb_midi.elf
 
arm-none-eabi-size  quadrature_to_usb_midi.elf 
arm-none-eabi-objdump -h -S quadrature_to_usb_midi.elf  > "quadrature_to_usb_midi.list"
   text	   data	    bss	    dec	    hex	filename
  31100	    244	   3908	  35252	   89b4	quadrature_to_usb_midi.elf
Finished building: default.size.stdout
 
Finished building: quadrature_to_usb_midi.list
 
17:55:20 **** Incremental Build of configuration Debug for project quadrature_to_usb_midi ****
make -j28 all 
arm-none-eabi-size  quadrature_to_usb_midi.elf 
   text	   data	    bss	    dec	    hex	filename
  31100	    244	   3908	  35252	   89b4	quadrature_to_usb_midi.elf
Finished building: default.size.stdout
 
17:58:39 **** Incremental Build of configuration Debug for project quadrature_to_usb_midi ****
make -j28 all 
arm-none-eabi-gcc "../USB_DEVICE/Target/usbd_conf.c" -mcpu=cortex-m3 -std=gnu11 -g3 -DDEBUG -DUSE_HAL_DRIVER -DSTM32F103xB -c -I../Core/Inc -I"C:/Users/Samuel/Software/arduor_controller_lw/stm_32_quadrature_encoder_to_usb_midi/quadrature_to_usb_midi/Middlewares/ST/STM32_USB_Device_Library/Class/MIDI/Inc" -I../Drivers/STM32F1xx_HAL_Driver/Inc -I../Drivers/STM32F1xx_HAL_Driver/Inc/Legacy -I../Drivers/CMSIS/Device/ST/STM32F1xx/Include -I../Drivers/CMSIS/Include -I../USB_DEVICE/App -I../USB_DEVICE/Target -I../Middlewares/ST/STM32_USB_Device_Library/Core/Inc -I../Middlewares/ST/STM32_USB_Device_Library/Class/HID/Inc -O0 -ffunction-sections -fdata-sections -Wall -fstack-usage -fcyclomatic-complexity -MMD -MP -MF"USB_DEVICE/Target/usbd_conf.d" -MT"USB_DEVICE/Target/usbd_conf.o" --specs=nano.specs -mfloat-abi=soft -mthumb -o "USB_DEVICE/Target/usbd_conf.o"
arm-none-eabi-gcc "../USB_DEVICE/App/usb_device.c" -mcpu=cortex-m3 -std=gnu11 -g3 -DDEBUG -DUSE_HAL_DRIVER -DSTM32F103xB -c -I../Core/Inc -I"C:/Users/Samuel/Software/arduor_controller_lw/stm_32_quadrature_encoder_to_usb_midi/quadrature_to_usb_midi/Middlewares/ST/STM32_USB_Device_Library/Class/MIDI/Inc" -I../Drivers/STM32F1xx_HAL_Driver/Inc -I../Drivers/STM32F1xx_HAL_Driver/Inc/Legacy -I../Drivers/CMSIS/Device/ST/STM32F1xx/Include -I../Drivers/CMSIS/Include -I../USB_DEVICE/App -I../USB_DEVICE/Target -I../Middlewares/ST/STM32_USB_Device_Library/Core/Inc -I../Middlewares/ST/STM32_USB_Device_Library/Class/HID/Inc -O0 -ffunction-sections -fdata-sections -Wall -fstack-usage -fcyclomatic-complexity -MMD -MP -MF"USB_DEVICE/App/usb_device.d" -MT"USB_DEVICE/App/usb_device.o" --specs=nano.specs -mfloat-abi=soft -mthumb -o "USB_DEVICE/App/usb_device.o"
arm-none-eabi-gcc "../Core/Src/stm32f1xx_hal_msp.c" -mcpu=cortex-m3 -std=gnu11 -g3 -DDEBUG -DUSE_HAL_DRIVER -DSTM32F103xB -c -I../Core/Inc -I"C:/Users/Samuel/Software/arduor_controller_lw/stm_32_quadrature_encoder_to_usb_midi/quadrature_to_usb_midi/Middlewares/ST/STM32_USB_Device_Library/Class/MIDI/Inc" -I../Drivers/STM32F1xx_HAL_Driver/Inc -I../Drivers/STM32F1xx_HAL_Driver/Inc/Legacy -I../Drivers/CMSIS/Device/ST/STM32F1xx/Include -I../Drivers/CMSIS/Include -I../USB_DEVICE/App -I../USB_DEVICE/Target -I../Middlewares/ST/STM32_USB_Device_Library/Core/Inc -I../Middlewares/ST/STM32_USB_Device_Library/Class/HID/Inc -O0 -ffunction-sections -fdata-sections -Wall -fstack-usage -fcyclomatic-complexity -MMD -MP -MF"Core/Src/stm32f1xx_hal_msp.d" -MT"Core/Src/stm32f1xx_hal_msp.o" --specs=nano.specs -mfloat-abi=soft -mthumb -o "Core/Src/stm32f1xx_hal_msp.o"
arm-none-eabi-gcc -o "quadrature_to_usb_midi.elf" @"objects.list"   -mcpu=cortex-m3 -T"C:\Users\Samuel\Software\arduor_controller_lw\stm_32_quadrature_encoder_to_usb_midi\quadrature_to_usb_midi\STM32F103C8TX_FLASH.ld" --specs=nosys.specs -Wl,-Map="quadrature_to_usb_midi.map" -Wl,--gc-sections -static --specs=nano.specs -mfloat-abi=soft -mthumb -Wl,--start-group -lc -lm -Wl,--end-group
Finished building target: quadrature_to_usb_midi.elf
 
arm-none-eabi-size  quadrature_to_usb_midi.elf 
arm-none-eabi-objdump -h -S quadrature_to_usb_midi.elf  > "quadrature_to_usb_midi.list"
   text	   data	    bss	    dec	    hex	filename
  31204	    356	   3844	  35404	   8a4c	quadrature_to_usb_midi.elf
Finished building: default.size.stdout
 
Finished building: quadrature_to_usb_midi.list
 
18:01:49 **** Incremental Build of configuration Debug for project quadrature_to_usb_midi ****
make -j28 all 
arm-none-eabi-gcc "../USB_DEVICE/Target/usbd_conf.c" -mcpu=cortex-m3 -std=gnu11 -g3 -DDEBUG -DUSE_HAL_DRIVER -DSTM32F103xB -c -I../Core/Inc -I"C:/Users/Samuel/Software/arduor_controller_lw/stm_32_quadrature_encoder_to_usb_midi/quadrature_to_usb_midi/Middlewares/ST/STM32_USB_Device_Library/Class/MIDI/Inc" -I../Drivers/STM32F1xx_HAL_Driver/Inc -I../Drivers/STM32F1xx_HAL_Driver/Inc/Legacy -I../Drivers/CMSIS/Device/ST/STM32F1xx/Include -I../Drivers/CMSIS/Include -I../USB_DEVICE/App -I../USB_DEVICE/Target -I../Middlewares/ST/STM32_USB_Device_Library/Core/Inc -I../Middlewares/ST/STM32_USB_Device_Library/Class/HID/Inc -O0 -ffunction-sections -fdata-sections -Wall -fstack-usage -fcyclomatic-complexity -MMD -MP -MF"USB_DEVICE/Target/usbd_conf.d" -MT"USB_DEVICE/Target/usbd_conf.o" --specs=nano.specs -mfloat-abi=soft -mthumb -o "USB_DEVICE/Target/usbd_conf.o"
arm-none-eabi-gcc "../USB_DEVICE/App/usb_device.c" -mcpu=cortex-m3 -std=gnu11 -g3 -DDEBUG -DUSE_HAL_DRIVER -DSTM32F103xB -c -I../Core/Inc -I"C:/Users/Samuel/Software/arduor_controller_lw/stm_32_quadrature_encoder_to_usb_midi/quadrature_to_usb_midi/Middlewares/ST/STM32_USB_Device_Library/Class/MIDI/Inc" -I../Drivers/STM32F1xx_HAL_Driver/Inc -I../Drivers/STM32F1xx_HAL_Driver/Inc/Legacy -I../Drivers/CMSIS/Device/ST/STM32F1xx/Include -I../Drivers/CMSIS/Include -I../USB_DEVICE/App -I../USB_DEVICE/Target -I../Middlewares/ST/STM32_USB_Device_Library/Core/Inc -I../Middlewares/ST/STM32_USB_Device_Library/Class/HID/Inc -O0 -ffunction-sections -fdata-sections -Wall -fstack-usage -fcyclomatic-complexity -MMD -MP -MF"USB_DEVICE/App/usb_device.d" -MT"USB_DEVICE/App/usb_device.o" --specs=nano.specs -mfloat-abi=soft -mthumb -o "USB_DEVICE/App/usb_device.o"
arm-none-eabi-gcc -o "quadrature_to_usb_midi.elf" @"objects.list"   -mcpu=cortex-m3 -T"C:\Users\Samuel\Software\arduor_controller_lw\stm_32_quadrature_encoder_to_usb_midi\quadrature_to_usb_midi\STM32F103C8TX_FLASH.ld" --specs=nosys.specs -Wl,-Map="quadrature_to_usb_midi.map" -Wl,--gc-sections -static --specs=nano.specs -mfloat-abi=soft -mthumb -Wl,--start-group -lc -lm -Wl,--end-group
Finished building target: quadrature_to_usb_midi.elf
 
arm-none-eabi-size  quadrature_to_usb_midi.elf 
arm-none-eabi-objdump -h -S quadrature_to_usb_midi.elf  > "quadrature_to_usb_midi.list"
   text	   data	    bss	    dec	    hex	filename
  31100	    244	   3908	  35252	   89b4	quadrature_to_usb_midi.elf
Finished building: default.size.stdout
 
Finished building: quadrature_to_usb_midi.list
 
14:25:59 **** Incremental Build of configuration Debug for project quadrature_to_usb_midi ****
make -j28 all 
arm-none-eabi-gcc "../Core/Src/main.c" -mcpu=cortex-m3 -std=gnu11 -g3 -DDEBUG -DUSE_HAL_DRIVER -DSTM32F103xB -c -I../Core/Inc -I"C:/Users/Samuel/Software/arduor_controller_lw/stm_32_quadrature_encoder_to_usb_midi/quadrature_to_usb_midi/Middlewares/ST/STM32_USB_Device_Library/Class/MIDI/Inc" -I../Drivers/STM32F1xx_HAL_Driver/Inc -I../Drivers/STM32F1xx_HAL_Driver/Inc/Legacy -I../Drivers/CMSIS/Device/ST/STM32F1xx/Include -I../Drivers/CMSIS/Include -I../USB_DEVICE/App -I../USB_DEVICE/Target -I../Middlewares/ST/STM32_USB_Device_Library/Core/Inc -I../Middlewares/ST/STM32_USB_Device_Library/Class/HID/Inc -O0 -ffunction-sections -fdata-sections -Wall -fstack-usage -fcyclomatic-complexity -MMD -MP -MF"Core/Src/main.d" -MT"Core/Src/main.o" --specs=nano.specs -mfloat-abi=soft -mthumb -o "Core/Src/main.o"
arm-none-eabi-gcc -o "quadrature_to_usb_midi.elf" @"objects.list"   -mcpu=cortex-m3 -T"C:\Users\Samuel\Software\arduor_controller_lw\stm_32_quadrature_encoder_to_usb_midi\quadrature_to_usb_midi\STM32F103C8TX_FLASH.ld" --specs=nosys.specs -Wl,-Map="quadrature_to_usb_midi.map" -Wl,--gc-sections -static --specs=nano.specs -mfloat-abi=soft -mthumb -Wl,--start-group -lc -lm -Wl,--end-group
Finished building target: quadrature_to_usb_midi.elf
 
arm-none-eabi-size  quadrature_to_usb_midi.elf 
arm-none-eabi-objdump -h -S quadrature_to_usb_midi.elf  > "quadrature_to_usb_midi.list"
   text	   data	    bss	    dec	    hex	filename
  30840	    244	   3908	  34992	   88b0	quadrature_to_usb_midi.elf
Finished building: default.size.stdout
 
Finished building: quadrature_to_usb_midi.list
 
14:27:58 **** Incremental Build of configuration Debug for project quadrature_to_usb_midi ****
make -j28 all 
arm-none-eabi-gcc "../Core/Src/main.c" -mcpu=cortex-m3 -std=gnu11 -g3 -DDEBUG -DUSE_HAL_DRIVER -DSTM32F103xB -c -I../Core/Inc -I"C:/Users/Samuel/Software/arduor_controller_lw/stm_32_quadrature_encoder_to_usb_midi/quadrature_to_usb_midi/Middlewares/ST/STM32_USB_Device_Library/Class/MIDI/Inc" -I../Drivers/STM32F1xx_HAL_Driver/Inc -I../Drivers/STM32F1xx_HAL_Driver/Inc/Legacy -I../Drivers/CMSIS/Device/ST/STM32F1xx/Include -I../Drivers/CMSIS/Include -I../USB_DEVICE/App -I../USB_DEVICE/Target -I../Middlewares/ST/STM32_USB_Device_Library/Core/Inc -I../Middlewares/ST/STM32_USB_Device_Library/Class/HID/Inc -O0 -ffunction-sections -fdata-sections -Wall -fstack-usage -fcyclomatic-complexity -MMD -MP -MF"Core/Src/main.d" -MT"Core/Src/main.o" --specs=nano.specs -mfloat-abi=soft -mthumb -o "Core/Src/main.o"
arm-none-eabi-gcc -o "quadrature_to_usb_midi.elf" @"objects.list"   -mcpu=cortex-m3 -T"C:\Users\Samuel\Software\arduor_controller_lw\stm_32_quadrature_encoder_to_usb_midi\quadrature_to_usb_midi\STM32F103C8TX_FLASH.ld" --specs=nosys.specs -Wl,-Map="quadrature_to_usb_midi.map" -Wl,--gc-sections -static --specs=nano.specs -mfloat-abi=soft -mthumb -Wl,--start-group -lc -lm -Wl,--end-group
Finished building target: quadrature_to_usb_midi.elf
 
arm-none-eabi-size  quadrature_to_usb_midi.elf 
arm-none-eabi-objdump -h -S quadrature_to_usb_midi.elf  > "quadrature_to_usb_midi.list"
   text	   data	    bss	    dec	    hex	filename
  30844	    244	   3908	  34996	   88b4	quadrature_to_usb_midi.elf
Finished building: default.size.stdout
 
Finished building: quadrature_to_usb_midi.list
 
14:28:40 **** Incremental Build of configuration Debug for project quadrature_to_usb_midi ****
make -j28 all 
arm-none-eabi-gcc "../Core/Src/main.c" -mcpu=cortex-m3 -std=gnu11 -g3 -DDEBUG -DUSE_HAL_DRIVER -DSTM32F103xB -c -I../Core/Inc -I"C:/Users/Samuel/Software/arduor_controller_lw/stm_32_quadrature_encoder_to_usb_midi/quadrature_to_usb_midi/Middlewares/ST/STM32_USB_Device_Library/Class/MIDI/Inc" -I../Drivers/STM32F1xx_HAL_Driver/Inc -I../Drivers/STM32F1xx_HAL_Driver/Inc/Legacy -I../Drivers/CMSIS/Device/ST/STM32F1xx/Include -I../Drivers/CMSIS/Include -I../USB_DEVICE/App -I../USB_DEVICE/Target -I../Middlewares/ST/STM32_USB_Device_Library/Core/Inc -I../Middlewares/ST/STM32_USB_Device_Library/Class/HID/Inc -O0 -ffunction-sections -fdata-sections -Wall -fstack-usage -fcyclomatic-complexity -MMD -MP -MF"Core/Src/main.d" -MT"Core/Src/main.o" --specs=nano.specs -mfloat-abi=soft -mthumb -o "Core/Src/main.o"
arm-none-eabi-gcc -o "quadrature_to_usb_midi.elf" @"objects.list"   -mcpu=cortex-m3 -T"C:\Users\Samuel\Software\arduor_controller_lw\stm_32_quadrature_encoder_to_usb_midi\quadrature_to_usb_midi\STM32F103C8TX_FLASH.ld" --specs=nosys.specs -Wl,-Map="quadrature_to_usb_midi.map" -Wl,--gc-sections -static --specs=nano.specs -mfloat-abi=soft -mthumb -Wl,--start-group -lc -lm -Wl,--end-group
Finished building target: quadrature_to_usb_midi.elf
 
arm-none-eabi-size  quadrature_to_usb_midi.elf 
arm-none-eabi-objdump -h -S quadrature_to_usb_midi.elf  > "quadrature_to_usb_midi.list"
   text	   data	    bss	    dec	    hex	filename
  30828	    244	   3916	  34988	   88ac	quadrature_to_usb_midi.elf
Finished building: default.size.stdout
 
Finished building: quadrature_to_usb_midi.list
 
14:30:49 **** Incremental Build of configuration Debug for project quadrature_to_usb_midi ****
make -j28 all 
arm-none-eabi-gcc "../Core/Src/main.c" -mcpu=cortex-m3 -std=gnu11 -g3 -DDEBUG -DUSE_HAL_DRIVER -DSTM32F103xB -c -I../Core/Inc -I"C:/Users/Samuel/Software/arduor_controller_lw/stm_32_quadrature_encoder_to_usb_midi/quadrature_to_usb_midi/Middlewares/ST/STM32_USB_Device_Library/Class/MIDI/Inc" -I../Drivers/STM32F1xx_HAL_Driver/Inc -I../Drivers/STM32F1xx_HAL_Driver/Inc/Legacy -I../Drivers/CMSIS/Device/ST/STM32F1xx/Include -I../Drivers/CMSIS/Include -I../USB_DEVICE/App -I../USB_DEVICE/Target -I../Middlewares/ST/STM32_USB_Device_Library/Core/Inc -I../Middlewares/ST/STM32_USB_Device_Library/Class/HID/Inc -O0 -ffunction-sections -fdata-sections -Wall -fstack-usage -fcyclomatic-complexity -MMD -MP -MF"Core/Src/main.d" -MT"Core/Src/main.o" --specs=nano.specs -mfloat-abi=soft -mthumb -o "Core/Src/main.o"
arm-none-eabi-gcc -o "quadrature_to_usb_midi.elf" @"objects.list"   -mcpu=cortex-m3 -T"C:\Users\Samuel\Software\arduor_controller_lw\stm_32_quadrature_encoder_to_usb_midi\quadrature_to_usb_midi\STM32F103C8TX_FLASH.ld" --specs=nosys.specs -Wl,-Map="quadrature_to_usb_midi.map" -Wl,--gc-sections -static --specs=nano.specs -mfloat-abi=soft -mthumb -Wl,--start-group -lc -lm -Wl,--end-group
Finished building target: quadrature_to_usb_midi.elf
 
arm-none-eabi-size  quadrature_to_usb_midi.elf 
arm-none-eabi-objdump -h -S quadrature_to_usb_midi.elf  > "quadrature_to_usb_midi.list"
   text	   data	    bss	    dec	    hex	filename
  31088	    244	   3916	  35248	   89b0	quadrature_to_usb_midi.elf
Finished building: default.size.stdout
 
Finished building: quadrature_to_usb_midi.list
 
14:43:32 **** Incremental Build of configuration Debug for project quadrature_to_usb_midi ****
make -j28 all 
arm-none-eabi-size  quadrature_to_usb_midi.elf 
   text	   data	    bss	    dec	    hex	filename
  31088	    244	   3916	  35248	   89b0	quadrature_to_usb_midi.elf
Finished building: default.size.stdout
 
15:02:18 **** Incremental Build of configuration Debug for project quadrature_to_usb_midi ****
make -j28 all 
arm-none-eabi-gcc "../Core/Src/main.c" -mcpu=cortex-m3 -std=gnu11 -g3 -DDEBUG -DUSE_HAL_DRIVER -DSTM32F103xB -c -I../Core/Inc -I"C:/Users/Samuel/Software/arduor_controller_lw/stm_32_quadrature_encoder_to_usb_midi/quadrature_to_usb_midi/Middlewares/ST/STM32_USB_Device_Library/Class/MIDI/Inc" -I../Drivers/STM32F1xx_HAL_Driver/Inc -I../Drivers/STM32F1xx_HAL_Driver/Inc/Legacy -I../Drivers/CMSIS/Device/ST/STM32F1xx/Include -I../Drivers/CMSIS/Include -I../USB_DEVICE/App -I../USB_DEVICE/Target -I../Middlewares/ST/STM32_USB_Device_Library/Core/Inc -I../Middlewares/ST/STM32_USB_Device_Library/Class/HID/Inc -O0 -ffunction-sections -fdata-sections -Wall -fstack-usage -fcyclomatic-complexity -MMD -MP -MF"Core/Src/main.d" -MT"Core/Src/main.o" --specs=nano.specs -mfloat-abi=soft -mthumb -o "Core/Src/main.o"
arm-none-eabi-gcc -o "quadrature_to_usb_midi.elf" @"objects.list"   -mcpu=cortex-m3 -T"C:\Users\Samuel\Software\arduor_controller_lw\stm_32_quadrature_encoder_to_usb_midi\quadrature_to_usb_midi\STM32F103C8TX_FLASH.ld" --specs=nosys.specs -Wl,-Map="quadrature_to_usb_midi.map" -Wl,--gc-sections -static --specs=nano.specs -mfloat-abi=soft -mthumb -Wl,--start-group -lc -lm -Wl,--end-group
Finished building target: quadrature_to_usb_midi.elf
 
arm-none-eabi-size  quadrature_to_usb_midi.elf 
arm-none-eabi-objdump -h -S quadrature_to_usb_midi.elf  > "quadrature_to_usb_midi.list"
   text	   data	    bss	    dec	    hex	filename
  31156	    244	   3924	  35324	   89fc	quadrature_to_usb_midi.elf
Finished building: default.size.stdout
 
Finished building: quadrature_to_usb_midi.list
 
15:05:45 **** Incremental Build of configuration Debug for project quadrature_to_usb_midi ****
make -j28 all 
arm-none-eabi-size  quadrature_to_usb_midi.elf 
   text	   data	    bss	    dec	    hex	filename
  31156	    244	   3924	  35324	   89fc	quadrature_to_usb_midi.elf
Finished building: default.size.stdout
 
18:25:13 **** Build of configuration Debug for project quadrature_to_usb_midi ****
make -j28 all 
arm-none-eabi-gcc "../Core/Src/main.c" -mcpu=cortex-m3 -std=gnu11 -g3 -DDEBUG -DUSE_HAL_DRIVER -DSTM32F103xB -c -I../Core/Inc -I"C:/Users/Samuel/Software/arduor_controller_lw/stm_32_quadrature_encoder_to_usb_midi/quadrature_to_usb_midi/Middlewares/ST/STM32_USB_Device_Library/Class/MIDI/Inc" -I../Drivers/STM32F1xx_HAL_Driver/Inc -I../Drivers/STM32F1xx_HAL_Driver/Inc/Legacy -I../Drivers/CMSIS/Device/ST/STM32F1xx/Include -I../Drivers/CMSIS/Include -I../USB_DEVICE/App -I../USB_DEVICE/Target -I../Middlewares/ST/STM32_USB_Device_Library/Core/Inc -I../Middlewares/ST/STM32_USB_Device_Library/Class/HID/Inc -O0 -ffunction-sections -fdata-sections -Wall -fstack-usage -fcyclomatic-complexity -MMD -MP -MF"Core/Src/main.d" -MT"Core/Src/main.o" --specs=nano.specs -mfloat-abi=soft -mthumb -o "Core/Src/main.o"
../Core/Src/main.c: In function 'store_new_value_as_previous':
../Core/Src/main.c:132:6: warning: type of 'encoder_nr' defaults to 'int' [-Wimplicit-int]
  132 | void store_new_value_as_previous(encoder_nr)
      |      ^~~~~~~~~~~~~~~~~~~~~~~~~~~
arm-none-eabi-gcc -o "quadrature_to_usb_midi.elf" @"objects.list"   -mcpu=cortex-m3 -T"C:\Users\Samuel\Software\arduor_controller_lw\stm_32_quadrature_encoder_to_usb_midi\quadrature_to_usb_midi\STM32F103C8TX_FLASH.ld" --specs=nosys.specs -Wl,-Map="quadrature_to_usb_midi.map" -Wl,--gc-sections -static --specs=nano.specs -mfloat-abi=soft -mthumb -Wl,--start-group -lc -lm -Wl,--end-group
Finished building target: quadrature_to_usb_midi.elf
 
arm-none-eabi-size  quadrature_to_usb_midi.elf 
arm-none-eabi-objdump -h -S quadrature_to_usb_midi.elf  > "quadrature_to_usb_midi.list"
   text	   data	    bss	    dec	    hex	filename
  31260	    244	   3924	  35428	   8a64	quadrature_to_usb_midi.elf
Finished building: default.size.stdout
 
Finished building: quadrature_to_usb_midi.list
 
18:25:32 **** Incremental Build of configuration Debug for project quadrature_to_usb_midi ****
make -j28 all 
arm-none-eabi-size  quadrature_to_usb_midi.elf 
   text	   data	    bss	    dec	    hex	filename
  31260	    244	   3924	  35428	   8a64	quadrature_to_usb_midi.elf
Finished building: default.size.stdout
 
18:28:31 **** Incremental Build of configuration Debug for project quadrature_to_usb_midi ****
make -j28 all 
arm-none-eabi-gcc "../Core/Src/main.c" -mcpu=cortex-m3 -std=gnu11 -g3 -DDEBUG -DUSE_HAL_DRIVER -DSTM32F103xB -c -I../Core/Inc -I"C:/Users/Samuel/Software/arduor_controller_lw/stm_32_quadrature_encoder_to_usb_midi/quadrature_to_usb_midi/Middlewares/ST/STM32_USB_Device_Library/Class/MIDI/Inc" -I../Drivers/STM32F1xx_HAL_Driver/Inc -I../Drivers/STM32F1xx_HAL_Driver/Inc/Legacy -I../Drivers/CMSIS/Device/ST/STM32F1xx/Include -I../Drivers/CMSIS/Include -I../USB_DEVICE/App -I../USB_DEVICE/Target -I../Middlewares/ST/STM32_USB_Device_Library/Core/Inc -I../Middlewares/ST/STM32_USB_Device_Library/Class/HID/Inc -O0 -ffunction-sections -fdata-sections -Wall -fstack-usage -fcyclomatic-complexity -MMD -MP -MF"Core/Src/main.d" -MT"Core/Src/main.o" --specs=nano.specs -mfloat-abi=soft -mthumb -o "Core/Src/main.o"
../Core/Src/main.c: In function 'store_new_value_as_previous':
../Core/Src/main.c:132:6: warning: type of 'encoder_nr' defaults to 'int' [-Wimplicit-int]
  132 | void store_new_value_as_previous(encoder_nr)
      |      ^~~~~~~~~~~~~~~~~~~~~~~~~~~
arm-none-eabi-gcc -o "quadrature_to_usb_midi.elf" @"objects.list"   -mcpu=cortex-m3 -T"C:\Users\Samuel\Software\arduor_controller_lw\stm_32_quadrature_encoder_to_usb_midi\quadrature_to_usb_midi\STM32F103C8TX_FLASH.ld" --specs=nosys.specs -Wl,-Map="quadrature_to_usb_midi.map" -Wl,--gc-sections -static --specs=nano.specs -mfloat-abi=soft -mthumb -Wl,--start-group -lc -lm -Wl,--end-group
Finished building target: quadrature_to_usb_midi.elf
 
arm-none-eabi-size  quadrature_to_usb_midi.elf 
arm-none-eabi-objdump -h -S quadrature_to_usb_midi.elf  > "quadrature_to_usb_midi.list"
   text	   data	    bss	    dec	    hex	filename
  31004	    244	   3924	  35172	   8964	quadrature_to_usb_midi.elf
Finished building: default.size.stdout
 
Finished building: quadrature_to_usb_midi.list
 
18:32:02 **** Incremental Build of configuration Debug for project quadrature_to_usb_midi ****
make -j28 all 
arm-none-eabi-gcc "../Core/Src/main.c" -mcpu=cortex-m3 -std=gnu11 -g3 -DDEBUG -DUSE_HAL_DRIVER -DSTM32F103xB -c -I../Core/Inc -I"C:/Users/Samuel/Software/arduor_controller_lw/stm_32_quadrature_encoder_to_usb_midi/quadrature_to_usb_midi/Middlewares/ST/STM32_USB_Device_Library/Class/MIDI/Inc" -I../Drivers/STM32F1xx_HAL_Driver/Inc -I../Drivers/STM32F1xx_HAL_Driver/Inc/Legacy -I../Drivers/CMSIS/Device/ST/STM32F1xx/Include -I../Drivers/CMSIS/Include -I../USB_DEVICE/App -I../USB_DEVICE/Target -I../Middlewares/ST/STM32_USB_Device_Library/Core/Inc -I../Middlewares/ST/STM32_USB_Device_Library/Class/HID/Inc -O0 -ffunction-sections -fdata-sections -Wall -fstack-usage -fcyclomatic-complexity -MMD -MP -MF"Core/Src/main.d" -MT"Core/Src/main.o" --specs=nano.specs -mfloat-abi=soft -mthumb -o "Core/Src/main.o"
../Core/Src/main.c: In function 'send_new_value':
../Core/Src/main.c:108:27: error: 'encoder_nr' undeclared (first use in this function); did you mean 'encoder'?
  108 |         uint8_t channel = encoder_nr;
      |                           ^~~~~~~~~~
      |                           encoder
../Core/Src/main.c:108:27: note: each undeclared identifier is reported only once for each function it appears in
../Core/Src/main.c: In function 'store_new_value_as_previous':
../Core/Src/main.c:131:6: warning: type of 'encoder_nr' defaults to 'int' [-Wimplicit-int]
  131 | void store_new_value_as_previous(encoder_nr)
      |      ^~~~~~~~~~~~~~~~~~~~~~~~~~~
make: *** [Core/Src/subdir.mk:34: Core/Src/main.o] Error 1
"make -j28 all" terminated with exit code 2. Build might be incomplete.
18:32:29 **** Incremental Build of configuration Debug for project quadrature_to_usb_midi ****
make -j28 all 
arm-none-eabi-gcc "../Core/Src/main.c" -mcpu=cortex-m3 -std=gnu11 -g3 -DDEBUG -DUSE_HAL_DRIVER -DSTM32F103xB -c -I../Core/Inc -I"C:/Users/Samuel/Software/arduor_controller_lw/stm_32_quadrature_encoder_to_usb_midi/quadrature_to_usb_midi/Middlewares/ST/STM32_USB_Device_Library/Class/MIDI/Inc" -I../Drivers/STM32F1xx_HAL_Driver/Inc -I../Drivers/STM32F1xx_HAL_Driver/Inc/Legacy -I../Drivers/CMSIS/Device/ST/STM32F1xx/Include -I../Drivers/CMSIS/Include -I../USB_DEVICE/App -I../USB_DEVICE/Target -I../Middlewares/ST/STM32_USB_Device_Library/Core/Inc -I../Middlewares/ST/STM32_USB_Device_Library/Class/HID/Inc -O0 -ffunction-sections -fdata-sections -Wall -fstack-usage -fcyclomatic-complexity -MMD -MP -MF"Core/Src/main.d" -MT"Core/Src/main.o" --specs=nano.specs -mfloat-abi=soft -mthumb -o "Core/Src/main.o"
../Core/Src/main.c: In function 'send_new_value':
../Core/Src/main.c:108:17: error: 'channel' redeclared as different kind of symbol
  108 |         uint8_t channel = encoder_nr;
      |                 ^~~~~~~
../Core/Src/main.c:103:25: note: previous definition of 'channel' with type 'int'
  103 | void send_new_value(int channel, int value)
      |                     ~~~~^~~~~~~
../Core/Src/main.c:108:27: error: 'encoder_nr' undeclared (first use in this function); did you mean 'encoder'?
  108 |         uint8_t channel = encoder_nr;
      |                           ^~~~~~~~~~
      |                           encoder
../Core/Src/main.c:108:27: note: each undeclared identifier is reported only once for each function it appears in
../Core/Src/main.c: In function 'store_new_value_as_previous':
../Core/Src/main.c:131:6: warning: type of 'encoder_nr' defaults to 'int' [-Wimplicit-int]
  131 | void store_new_value_as_previous(encoder_nr)
      |      ^~~~~~~~~~~~~~~~~~~~~~~~~~~
make: *** [Core/Src/subdir.mk:34: Core/Src/main.o] Error 1
"make -j28 all" terminated with exit code 2. Build might be incomplete.
18:32:39 **** Incremental Build of configuration Debug for project quadrature_to_usb_midi ****
make -j28 all 
arm-none-eabi-gcc "../Core/Src/main.c" -mcpu=cortex-m3 -std=gnu11 -g3 -DDEBUG -DUSE_HAL_DRIVER -DSTM32F103xB -c -I../Core/Inc -I"C:/Users/Samuel/Software/arduor_controller_lw/stm_32_quadrature_encoder_to_usb_midi/quadrature_to_usb_midi/Middlewares/ST/STM32_USB_Device_Library/Class/MIDI/Inc" -I../Drivers/STM32F1xx_HAL_Driver/Inc -I../Drivers/STM32F1xx_HAL_Driver/Inc/Legacy -I../Drivers/CMSIS/Device/ST/STM32F1xx/Include -I../Drivers/CMSIS/Include -I../USB_DEVICE/App -I../USB_DEVICE/Target -I../Middlewares/ST/STM32_USB_Device_Library/Core/Inc -I../Middlewares/ST/STM32_USB_Device_Library/Class/HID/Inc -O0 -ffunction-sections -fdata-sections -Wall -fstack-usage -fcyclomatic-complexity -MMD -MP -MF"Core/Src/main.d" -MT"Core/Src/main.o" --specs=nano.specs -mfloat-abi=soft -mthumb -o "Core/Src/main.o"
../Core/Src/main.c: In function 'store_new_value_as_previous':
../Core/Src/main.c:130:6: warning: type of 'encoder_nr' defaults to 'int' [-Wimplicit-int]
  130 | void store_new_value_as_previous(encoder_nr)
      |      ^~~~~~~~~~~~~~~~~~~~~~~~~~~
arm-none-eabi-gcc -o "quadrature_to_usb_midi.elf" @"objects.list"   -mcpu=cortex-m3 -T"C:\Users\Samuel\Software\arduor_controller_lw\stm_32_quadrature_encoder_to_usb_midi\quadrature_to_usb_midi\STM32F103C8TX_FLASH.ld" --specs=nosys.specs -Wl,-Map="quadrature_to_usb_midi.map" -Wl,--gc-sections -static --specs=nano.specs -mfloat-abi=soft -mthumb -Wl,--start-group -lc -lm -Wl,--end-group
Finished building target: quadrature_to_usb_midi.elf
 
arm-none-eabi-size  quadrature_to_usb_midi.elf 
arm-none-eabi-objdump -h -S quadrature_to_usb_midi.elf  > "quadrature_to_usb_midi.list"
   text	   data	    bss	    dec	    hex	filename
  31244	    244	   3924	  35412	   8a54	quadrature_to_usb_midi.elf
Finished building: default.size.stdout
 
Finished building: quadrature_to_usb_midi.list
 
18:33:10 **** Incremental Build of configuration Debug for project quadrature_to_usb_midi ****
make -j28 all 
arm-none-eabi-size  quadrature_to_usb_midi.elf 
   text	   data	    bss	    dec	    hex	filename
  31244	    244	   3924	  35412	   8a54	quadrature_to_usb_midi.elf
Finished building: default.size.stdout
 
18:35:07 **** Incremental Build of configuration Debug for project quadrature_to_usb_midi ****
make -j28 all 
arm-none-eabi-gcc "../Core/Src/main.c" -mcpu=cortex-m3 -std=gnu11 -g3 -DDEBUG -DUSE_HAL_DRIVER -DSTM32F103xB -c -I../Core/Inc -I"C:/Users/Samuel/Software/arduor_controller_lw/stm_32_quadrature_encoder_to_usb_midi/quadrature_to_usb_midi/Middlewares/ST/STM32_USB_Device_Library/Class/MIDI/Inc" -I../Drivers/STM32F1xx_HAL_Driver/Inc -I../Drivers/STM32F1xx_HAL_Driver/Inc/Legacy -I../Drivers/CMSIS/Device/ST/STM32F1xx/Include -I../Drivers/CMSIS/Include -I../USB_DEVICE/App -I../USB_DEVICE/Target -I../Middlewares/ST/STM32_USB_Device_Library/Core/Inc -I../Middlewares/ST/STM32_USB_Device_Library/Class/HID/Inc -O0 -ffunction-sections -fdata-sections -Wall -fstack-usage -fcyclomatic-complexity -MMD -MP -MF"Core/Src/main.d" -MT"Core/Src/main.o" --specs=nano.specs -mfloat-abi=soft -mthumb -o "Core/Src/main.o"
../Core/Src/main.c: In function 'send_new_value':
../Core/Src/main.c:110:17: warning: unused variable 'packetsBuffer' [-Wunused-variable]
  110 |         uint8_t packetsBuffer[4] = {
      |                 ^~~~~~~~~~~~~
../Core/Src/main.c: In function 'store_new_value_as_previous':
../Core/Src/main.c:130:6: warning: type of 'encoder_nr' defaults to 'int' [-Wimplicit-int]
  130 | void store_new_value_as_previous(encoder_nr)
      |      ^~~~~~~~~~~~~~~~~~~~~~~~~~~
arm-none-eabi-gcc -o "quadrature_to_usb_midi.elf" @"objects.list"   -mcpu=cortex-m3 -T"C:\Users\Samuel\Software\arduor_controller_lw\stm_32_quadrature_encoder_to_usb_midi\quadrature_to_usb_midi\STM32F103C8TX_FLASH.ld" --specs=nosys.specs -Wl,-Map="quadrature_to_usb_midi.map" -Wl,--gc-sections -static --specs=nano.specs -mfloat-abi=soft -mthumb -Wl,--start-group -lc -lm -Wl,--end-group
Finished building target: quadrature_to_usb_midi.elf
 
arm-none-eabi-size  quadrature_to_usb_midi.elf 
arm-none-eabi-objdump -h -S quadrature_to_usb_midi.elf  > "quadrature_to_usb_midi.list"
   text	   data	    bss	    dec	    hex	filename
  31120	    244	   3924	  35288	   89d8	quadrature_to_usb_midi.elf
Finished building: default.size.stdout
 
Finished building: quadrature_to_usb_midi.list
 
18:35:24 **** Incremental Build of configuration Debug for project quadrature_to_usb_midi ****
make -j28 all 
arm-none-eabi-size  quadrature_to_usb_midi.elf 
   text	   data	    bss	    dec	    hex	filename
  31120	    244	   3924	  35288	   89d8	quadrature_to_usb_midi.elf
Finished building: default.size.stdout
 
18:39:24 **** Incremental Build of configuration Debug for project quadrature_to_usb_midi ****
make -j28 all 
arm-none-eabi-gcc "../Core/Src/main.c" -mcpu=cortex-m3 -std=gnu11 -g3 -DDEBUG -DUSE_HAL_DRIVER -DSTM32F103xB -c -I../Core/Inc -I"C:/Users/Samuel/Software/arduor_controller_lw/stm_32_quadrature_encoder_to_usb_midi/quadrature_to_usb_midi/Middlewares/ST/STM32_USB_Device_Library/Class/MIDI/Inc" -I../Drivers/STM32F1xx_HAL_Driver/Inc -I../Drivers/STM32F1xx_HAL_Driver/Inc/Legacy -I../Drivers/CMSIS/Device/ST/STM32F1xx/Include -I../Drivers/CMSIS/Include -I../USB_DEVICE/App -I../USB_DEVICE/Target -I../Middlewares/ST/STM32_USB_Device_Library/Core/Inc -I../Middlewares/ST/STM32_USB_Device_Library/Class/HID/Inc -O0 -ffunction-sections -fdata-sections -Wall -fstack-usage -fcyclomatic-complexity -MMD -MP -MF"Core/Src/main.d" -MT"Core/Src/main.o" --specs=nano.specs -mfloat-abi=soft -mthumb -o "Core/Src/main.o"
../Core/Src/main.c: In function 'store_new_value_as_previous':
../Core/Src/main.c:130:6: warning: type of 'encoder_nr' defaults to 'int' [-Wimplicit-int]
  130 | void store_new_value_as_previous(encoder_nr)
      |      ^~~~~~~~~~~~~~~~~~~~~~~~~~~
arm-none-eabi-gcc -o "quadrature_to_usb_midi.elf" @"objects.list"   -mcpu=cortex-m3 -T"C:\Users\Samuel\Software\arduor_controller_lw\stm_32_quadrature_encoder_to_usb_midi\quadrature_to_usb_midi\STM32F103C8TX_FLASH.ld" --specs=nosys.specs -Wl,-Map="quadrature_to_usb_midi.map" -Wl,--gc-sections -static --specs=nano.specs -mfloat-abi=soft -mthumb -Wl,--start-group -lc -lm -Wl,--end-group
Finished building target: quadrature_to_usb_midi.elf
 
arm-none-eabi-size  quadrature_to_usb_midi.elf 
arm-none-eabi-objdump -h -S quadrature_to_usb_midi.elf  > "quadrature_to_usb_midi.list"
   text	   data	    bss	    dec	    hex	filename
  31244	    244	   3924	  35412	   8a54	quadrature_to_usb_midi.elf
Finished building: default.size.stdout
 
Finished building: quadrature_to_usb_midi.list
 
17:03:14 **** Build of configuration Debug for project quadrature_to_usb_midi ****
make -j28 all 
arm-none-eabi-gcc "../USB_DEVICE/Target/usbd_conf.c" -mcpu=cortex-m3 -std=gnu11 -g3 -DDEBUG -DUSE_HAL_DRIVER -DSTM32F103xB -c -I../Core/Inc -I"C:/Users/Samuel/Software/arduor_controller_lw/stm_32_quadrature_encoder_to_usb_midi/quadrature_to_usb_midi/Middlewares/ST/STM32_USB_Device_Library/Class/MIDI/Inc" -I../Drivers/STM32F1xx_HAL_Driver/Inc -I../Drivers/STM32F1xx_HAL_Driver/Inc/Legacy -I../Drivers/CMSIS/Device/ST/STM32F1xx/Include -I../Drivers/CMSIS/Include -I../USB_DEVICE/App -I../USB_DEVICE/Target -I../Middlewares/ST/STM32_USB_Device_Library/Core/Inc -I../Middlewares/ST/STM32_USB_Device_Library/Class/HID/Inc -O0 -ffunction-sections -fdata-sections -Wall -fstack-usage -fcyclomatic-complexity -MMD -MP -MF"USB_DEVICE/Target/usbd_conf.d" -MT"USB_DEVICE/Target/usbd_conf.o" --specs=nano.specs -mfloat-abi=soft -mthumb -o "USB_DEVICE/Target/usbd_conf.o"
arm-none-eabi-gcc "../USB_DEVICE/App/usb_device.c" -mcpu=cortex-m3 -std=gnu11 -g3 -DDEBUG -DUSE_HAL_DRIVER -DSTM32F103xB -c -I../Core/Inc -I"C:/Users/Samuel/Software/arduor_controller_lw/stm_32_quadrature_encoder_to_usb_midi/quadrature_to_usb_midi/Middlewares/ST/STM32_USB_Device_Library/Class/MIDI/Inc" -I../Drivers/STM32F1xx_HAL_Driver/Inc -I../Drivers/STM32F1xx_HAL_Driver/Inc/Legacy -I../Drivers/CMSIS/Device/ST/STM32F1xx/Include -I../Drivers/CMSIS/Include -I../USB_DEVICE/App -I../USB_DEVICE/Target -I../Middlewares/ST/STM32_USB_Device_Library/Core/Inc -I../Middlewares/ST/STM32_USB_Device_Library/Class/HID/Inc -O0 -ffunction-sections -fdata-sections -Wall -fstack-usage -fcyclomatic-complexity -MMD -MP -MF"USB_DEVICE/App/usb_device.d" -MT"USB_DEVICE/App/usb_device.o" --specs=nano.specs -mfloat-abi=soft -mthumb -o "USB_DEVICE/App/usb_device.o"
arm-none-eabi-gcc "../Core/Src/stm32f1xx_hal_msp.c" -mcpu=cortex-m3 -std=gnu11 -g3 -DDEBUG -DUSE_HAL_DRIVER -DSTM32F103xB -c -I../Core/Inc -I"C:/Users/Samuel/Software/arduor_controller_lw/stm_32_quadrature_encoder_to_usb_midi/quadrature_to_usb_midi/Middlewares/ST/STM32_USB_Device_Library/Class/MIDI/Inc" -I../Drivers/STM32F1xx_HAL_Driver/Inc -I../Drivers/STM32F1xx_HAL_Driver/Inc/Legacy -I../Drivers/CMSIS/Device/ST/STM32F1xx/Include -I../Drivers/CMSIS/Include -I../USB_DEVICE/App -I../USB_DEVICE/Target -I../Middlewares/ST/STM32_USB_Device_Library/Core/Inc -I../Middlewares/ST/STM32_USB_Device_Library/Class/HID/Inc -O0 -ffunction-sections -fdata-sections -Wall -fstack-usage -fcyclomatic-complexity -MMD -MP -MF"Core/Src/stm32f1xx_hal_msp.d" -MT"Core/Src/stm32f1xx_hal_msp.o" --specs=nano.specs -mfloat-abi=soft -mthumb -o "Core/Src/stm32f1xx_hal_msp.o"
arm-none-eabi-gcc -o "quadrature_to_usb_midi.elf" @"objects.list"   -mcpu=cortex-m3 -T"C:\Users\Samuel\Software\arduor_controller_lw\stm_32_quadrature_encoder_to_usb_midi\quadrature_to_usb_midi\STM32F103C8TX_FLASH.ld" --specs=nosys.specs -Wl,-Map="quadrature_to_usb_midi.map" -Wl,--gc-sections -static --specs=nano.specs -mfloat-abi=soft -mthumb -Wl,--start-group -lc -lm -Wl,--end-group
Finished building target: quadrature_to_usb_midi.elf
 
arm-none-eabi-size  quadrature_to_usb_midi.elf 
arm-none-eabi-objdump -h -S quadrature_to_usb_midi.elf  > "quadrature_to_usb_midi.list"
   text	   data	    bss	    dec	    hex	filename
  31244	    244	   3924	  35412	   8a54	quadrature_to_usb_midi.elf
Finished building: default.size.stdout
 
Finished building: quadrature_to_usb_midi.list
 
17:13:18 **** Incremental Build of configuration Debug for project quadrature_to_usb_midi ****
make -j28 all 
arm-none-eabi-gcc "../USB_DEVICE/Target/usbd_conf.c" -mcpu=cortex-m3 -std=gnu11 -g3 -DDEBUG -DUSE_HAL_DRIVER -DSTM32F103xB -c -I../Core/Inc -I"C:/Users/Samuel/Software/arduor_controller_lw/stm_32_quadrature_encoder_to_usb_midi/quadrature_to_usb_midi/Middlewares/ST/STM32_USB_Device_Library/Class/MIDI/Inc" -I../Drivers/STM32F1xx_HAL_Driver/Inc -I../Drivers/STM32F1xx_HAL_Driver/Inc/Legacy -I../Drivers/CMSIS/Device/ST/STM32F1xx/Include -I../Drivers/CMSIS/Include -I../USB_DEVICE/App -I../USB_DEVICE/Target -I../Middlewares/ST/STM32_USB_Device_Library/Core/Inc -I../Middlewares/ST/STM32_USB_Device_Library/Class/HID/Inc -O0 -ffunction-sections -fdata-sections -Wall -fstack-usage -fcyclomatic-complexity -MMD -MP -MF"USB_DEVICE/Target/usbd_conf.d" -MT"USB_DEVICE/Target/usbd_conf.o" --specs=nano.specs -mfloat-abi=soft -mthumb -o "USB_DEVICE/Target/usbd_conf.o"
arm-none-eabi-gcc "../USB_DEVICE/App/usb_device.c" -mcpu=cortex-m3 -std=gnu11 -g3 -DDEBUG -DUSE_HAL_DRIVER -DSTM32F103xB -c -I../Core/Inc -I"C:/Users/Samuel/Software/arduor_controller_lw/stm_32_quadrature_encoder_to_usb_midi/quadrature_to_usb_midi/Middlewares/ST/STM32_USB_Device_Library/Class/MIDI/Inc" -I../Drivers/STM32F1xx_HAL_Driver/Inc -I../Drivers/STM32F1xx_HAL_Driver/Inc/Legacy -I../Drivers/CMSIS/Device/ST/STM32F1xx/Include -I../Drivers/CMSIS/Include -I../USB_DEVICE/App -I../USB_DEVICE/Target -I../Middlewares/ST/STM32_USB_Device_Library/Core/Inc -I../Middlewares/ST/STM32_USB_Device_Library/Class/HID/Inc -O0 -ffunction-sections -fdata-sections -Wall -fstack-usage -fcyclomatic-complexity -MMD -MP -MF"USB_DEVICE/App/usb_device.d" -MT"USB_DEVICE/App/usb_device.o" --specs=nano.specs -mfloat-abi=soft -mthumb -o "USB_DEVICE/App/usb_device.o"
arm-none-eabi-gcc "../Core/Src/stm32f1xx_hal_msp.c" -mcpu=cortex-m3 -std=gnu11 -g3 -DDEBUG -DUSE_HAL_DRIVER -DSTM32F103xB -c -I../Core/Inc -I"C:/Users/Samuel/Software/arduor_controller_lw/stm_32_quadrature_encoder_to_usb_midi/quadrature_to_usb_midi/Middlewares/ST/STM32_USB_Device_Library/Class/MIDI/Inc" -I../Drivers/STM32F1xx_HAL_Driver/Inc -I../Drivers/STM32F1xx_HAL_Driver/Inc/Legacy -I../Drivers/CMSIS/Device/ST/STM32F1xx/Include -I../Drivers/CMSIS/Include -I../USB_DEVICE/App -I../USB_DEVICE/Target -I../Middlewares/ST/STM32_USB_Device_Library/Core/Inc -I../Middlewares/ST/STM32_USB_Device_Library/Class/HID/Inc -O0 -ffunction-sections -fdata-sections -Wall -fstack-usage -fcyclomatic-complexity -MMD -MP -MF"Core/Src/stm32f1xx_hal_msp.d" -MT"Core/Src/stm32f1xx_hal_msp.o" --specs=nano.specs -mfloat-abi=soft -mthumb -o "Core/Src/stm32f1xx_hal_msp.o"
arm-none-eabi-gcc -o "quadrature_to_usb_midi.elf" @"objects.list"   -mcpu=cortex-m3 -T"C:\Users\Samuel\Software\arduor_controller_lw\stm_32_quadrature_encoder_to_usb_midi\quadrature_to_usb_midi\STM32F103C8TX_FLASH.ld" --specs=nosys.specs -Wl,-Map="quadrature_to_usb_midi.map" -Wl,--gc-sections -static --specs=nano.specs -mfloat-abi=soft -mthumb -Wl,--start-group -lc -lm -Wl,--end-group
Finished building target: quadrature_to_usb_midi.elf
 
arm-none-eabi-size  quadrature_to_usb_midi.elf 
arm-none-eabi-objdump -h -S quadrature_to_usb_midi.elf  > "quadrature_to_usb_midi.list"
   text	   data	    bss	    dec	    hex	filename
  31244	    244	   3924	  35412	   8a54	quadrature_to_usb_midi.elf
Finished building: default.size.stdout
 
Finished building: quadrature_to_usb_midi.list
 
16:36:01 **** Build of configuration Debug for project quadrature_to_usb_midi ****
make -j28 all 
arm-none-eabi-gcc "../USB_DEVICE/Target/usbd_conf.c" -mcpu=cortex-m3 -std=gnu11 -g3 -DDEBUG -DUSE_HAL_DRIVER -DSTM32F103xB -c -I../Core/Inc -I"C:/Users/Samuel/Software/arduor_controller_lw/stm_32_quadrature_encoder_to_usb_midi/quadrature_to_usb_midi/Middlewares/ST/STM32_USB_Device_Library/Class/MIDI/Inc" -I../Drivers/STM32F1xx_HAL_Driver/Inc -I../Drivers/STM32F1xx_HAL_Driver/Inc/Legacy -I../Drivers/CMSIS/Device/ST/STM32F1xx/Include -I../Drivers/CMSIS/Include -I../USB_DEVICE/App -I../USB_DEVICE/Target -I../Middlewares/ST/STM32_USB_Device_Library/Core/Inc -I../Middlewares/ST/STM32_USB_Device_Library/Class/HID/Inc -O0 -ffunction-sections -fdata-sections -Wall -fstack-usage -fcyclomatic-complexity -MMD -MP -MF"USB_DEVICE/Target/usbd_conf.d" -MT"USB_DEVICE/Target/usbd_conf.o" --specs=nano.specs -mfloat-abi=soft -mthumb -o "USB_DEVICE/Target/usbd_conf.o"
arm-none-eabi-gcc "../USB_DEVICE/App/usb_device.c" -mcpu=cortex-m3 -std=gnu11 -g3 -DDEBUG -DUSE_HAL_DRIVER -DSTM32F103xB -c -I../Core/Inc -I"C:/Users/Samuel/Software/arduor_controller_lw/stm_32_quadrature_encoder_to_usb_midi/quadrature_to_usb_midi/Middlewares/ST/STM32_USB_Device_Library/Class/MIDI/Inc" -I../Drivers/STM32F1xx_HAL_Driver/Inc -I../Drivers/STM32F1xx_HAL_Driver/Inc/Legacy -I../Drivers/CMSIS/Device/ST/STM32F1xx/Include -I../Drivers/CMSIS/Include -I../USB_DEVICE/App -I../USB_DEVICE/Target -I../Middlewares/ST/STM32_USB_Device_Library/Core/Inc -I../Middlewares/ST/STM32_USB_Device_Library/Class/HID/Inc -O0 -ffunction-sections -fdata-sections -Wall -fstack-usage -fcyclomatic-complexity -MMD -MP -MF"USB_DEVICE/App/usb_device.d" -MT"USB_DEVICE/App/usb_device.o" --specs=nano.specs -mfloat-abi=soft -mthumb -o "USB_DEVICE/App/usb_device.o"
arm-none-eabi-gcc "../USB_DEVICE/App/usbd_desc.c" -mcpu=cortex-m3 -std=gnu11 -g3 -DDEBUG -DUSE_HAL_DRIVER -DSTM32F103xB -c -I../Core/Inc -I"C:/Users/Samuel/Software/arduor_controller_lw/stm_32_quadrature_encoder_to_usb_midi/quadrature_to_usb_midi/Middlewares/ST/STM32_USB_Device_Library/Class/MIDI/Inc" -I../Drivers/STM32F1xx_HAL_Driver/Inc -I../Drivers/STM32F1xx_HAL_Driver/Inc/Legacy -I../Drivers/CMSIS/Device/ST/STM32F1xx/Include -I../Drivers/CMSIS/Include -I../USB_DEVICE/App -I../USB_DEVICE/Target -I../Middlewares/ST/STM32_USB_Device_Library/Core/Inc -I../Middlewares/ST/STM32_USB_Device_Library/Class/HID/Inc -O0 -ffunction-sections -fdata-sections -Wall -fstack-usage -fcyclomatic-complexity -MMD -MP -MF"USB_DEVICE/App/usbd_desc.d" -MT"USB_DEVICE/App/usbd_desc.o" --specs=nano.specs -mfloat-abi=soft -mthumb -o "USB_DEVICE/App/usbd_desc.o"
arm-none-eabi-gcc "../Middlewares/ST/STM32_USB_Device_Library/Core/Src/usbd_core.c" -mcpu=cortex-m3 -std=gnu11 -g3 -DDEBUG -DUSE_HAL_DRIVER -DSTM32F103xB -c -I../Core/Inc -I"C:/Users/Samuel/Software/arduor_controller_lw/stm_32_quadrature_encoder_to_usb_midi/quadrature_to_usb_midi/Middlewares/ST/STM32_USB_Device_Library/Class/MIDI/Inc" -I../Drivers/STM32F1xx_HAL_Driver/Inc -I../Drivers/STM32F1xx_HAL_Driver/Inc/Legacy -I../Drivers/CMSIS/Device/ST/STM32F1xx/Include -I../Drivers/CMSIS/Include -I../USB_DEVICE/App -I../USB_DEVICE/Target -I../Middlewares/ST/STM32_USB_Device_Library/Core/Inc -I../Middlewares/ST/STM32_USB_Device_Library/Class/HID/Inc -O0 -ffunction-sections -fdata-sections -Wall -fstack-usage -fcyclomatic-complexity -MMD -MP -MF"Middlewares/ST/STM32_USB_Device_Library/Core/Src/usbd_core.d" -MT"Middlewares/ST/STM32_USB_Device_Library/Core/Src/usbd_core.o" --specs=nano.specs -mfloat-abi=soft -mthumb -o "Middlewares/ST/STM32_USB_Device_Library/Core/Src/usbd_core.o"
arm-none-eabi-gcc "../Middlewares/ST/STM32_USB_Device_Library/Core/Src/usbd_ctlreq.c" -mcpu=cortex-m3 -std=gnu11 -g3 -DDEBUG -DUSE_HAL_DRIVER -DSTM32F103xB -c -I../Core/Inc -I"C:/Users/Samuel/Software/arduor_controller_lw/stm_32_quadrature_encoder_to_usb_midi/quadrature_to_usb_midi/Middlewares/ST/STM32_USB_Device_Library/Class/MIDI/Inc" -I../Drivers/STM32F1xx_HAL_Driver/Inc -I../Drivers/STM32F1xx_HAL_Driver/Inc/Legacy -I../Drivers/CMSIS/Device/ST/STM32F1xx/Include -I../Drivers/CMSIS/Include -I../USB_DEVICE/App -I../USB_DEVICE/Target -I../Middlewares/ST/STM32_USB_Device_Library/Core/Inc -I../Middlewares/ST/STM32_USB_Device_Library/Class/HID/Inc -O0 -ffunction-sections -fdata-sections -Wall -fstack-usage -fcyclomatic-complexity -MMD -MP -MF"Middlewares/ST/STM32_USB_Device_Library/Core/Src/usbd_ctlreq.d" -MT"Middlewares/ST/STM32_USB_Device_Library/Core/Src/usbd_ctlreq.o" --specs=nano.specs -mfloat-abi=soft -mthumb -o "Middlewares/ST/STM32_USB_Device_Library/Core/Src/usbd_ctlreq.o"
arm-none-eabi-gcc "../Middlewares/ST/STM32_USB_Device_Library/Core/Src/usbd_ioreq.c" -mcpu=cortex-m3 -std=gnu11 -g3 -DDEBUG -DUSE_HAL_DRIVER -DSTM32F103xB -c -I../Core/Inc -I"C:/Users/Samuel/Software/arduor_controller_lw/stm_32_quadrature_encoder_to_usb_midi/quadrature_to_usb_midi/Middlewares/ST/STM32_USB_Device_Library/Class/MIDI/Inc" -I../Drivers/STM32F1xx_HAL_Driver/Inc -I../Drivers/STM32F1xx_HAL_Driver/Inc/Legacy -I../Drivers/CMSIS/Device/ST/STM32F1xx/Include -I../Drivers/CMSIS/Include -I../USB_DEVICE/App -I../USB_DEVICE/Target -I../Middlewares/ST/STM32_USB_Device_Library/Core/Inc -I../Middlewares/ST/STM32_USB_Device_Library/Class/HID/Inc -O0 -ffunction-sections -fdata-sections -Wall -fstack-usage -fcyclomatic-complexity -MMD -MP -MF"Middlewares/ST/STM32_USB_Device_Library/Core/Src/usbd_ioreq.d" -MT"Middlewares/ST/STM32_USB_Device_Library/Core/Src/usbd_ioreq.o" --specs=nano.specs -mfloat-abi=soft -mthumb -o "Middlewares/ST/STM32_USB_Device_Library/Core/Src/usbd_ioreq.o"
arm-none-eabi-gcc "../Middlewares/ST/STM32_USB_Device_Library/Class/MIDI/Src/usbd_midi.c" -mcpu=cortex-m3 -std=gnu11 -g3 -DDEBUG -DUSE_HAL_DRIVER -DSTM32F103xB -c -I../Core/Inc -I"C:/Users/Samuel/Software/arduor_controller_lw/stm_32_quadrature_encoder_to_usb_midi/quadrature_to_usb_midi/Middlewares/ST/STM32_USB_Device_Library/Class/MIDI/Inc" -I../Drivers/STM32F1xx_HAL_Driver/Inc -I../Drivers/STM32F1xx_HAL_Driver/Inc/Legacy -I../Drivers/CMSIS/Device/ST/STM32F1xx/Include -I../Drivers/CMSIS/Include -I../USB_DEVICE/App -I../USB_DEVICE/Target -I../Middlewares/ST/STM32_USB_Device_Library/Core/Inc -I../Middlewares/ST/STM32_USB_Device_Library/Class/HID/Inc -O0 -ffunction-sections -fdata-sections -Wall -fstack-usage -fcyclomatic-complexity -MMD -MP -MF"Middlewares/ST/STM32_USB_Device_Library/Class/MIDI/Src/usbd_midi.d" -MT"Middlewares/ST/STM32_USB_Device_Library/Class/MIDI/Src/usbd_midi.o" --specs=nano.specs -mfloat-abi=soft -mthumb -o "Middlewares/ST/STM32_USB_Device_Library/Class/MIDI/Src/usbd_midi.o"
arm-none-eabi-gcc "../Middlewares/ST/STM32_USB_Device_Library/Class/HID/Src/usbd_hid.c" -mcpu=cortex-m3 -std=gnu11 -g3 -DDEBUG -DUSE_HAL_DRIVER -DSTM32F103xB -c -I../Core/Inc -I"C:/Users/Samuel/Software/arduor_controller_lw/stm_32_quadrature_encoder_to_usb_midi/quadrature_to_usb_midi/Middlewares/ST/STM32_USB_Device_Library/Class/MIDI/Inc" -I../Drivers/STM32F1xx_HAL_Driver/Inc -I../Drivers/STM32F1xx_HAL_Driver/Inc/Legacy -I../Drivers/CMSIS/Device/ST/STM32F1xx/Include -I../Drivers/CMSIS/Include -I../USB_DEVICE/App -I../USB_DEVICE/Target -I../Middlewares/ST/STM32_USB_Device_Library/Core/Inc -I../Middlewares/ST/STM32_USB_Device_Library/Class/HID/Inc -O0 -ffunction-sections -fdata-sections -Wall -fstack-usage -fcyclomatic-complexity -MMD -MP -MF"Middlewares/ST/STM32_USB_Device_Library/Class/HID/Src/usbd_hid.d" -MT"Middlewares/ST/STM32_USB_Device_Library/Class/HID/Src/usbd_hid.o" --specs=nano.specs -mfloat-abi=soft -mthumb -o "Middlewares/ST/STM32_USB_Device_Library/Class/HID/Src/usbd_hid.o"
arm-none-eabi-gcc "../Drivers/STM32F1xx_HAL_Driver/Src/stm32f1xx_hal.c" -mcpu=cortex-m3 -std=gnu11 -g3 -DDEBUG -DUSE_HAL_DRIVER -DSTM32F103xB -c -I../Core/Inc -I"C:/Users/Samuel/Software/arduor_controller_lw/stm_32_quadrature_encoder_to_usb_midi/quadrature_to_usb_midi/Middlewares/ST/STM32_USB_Device_Library/Class/MIDI/Inc" -I../Drivers/STM32F1xx_HAL_Driver/Inc -I../Drivers/STM32F1xx_HAL_Driver/Inc/Legacy -I../Drivers/CMSIS/Device/ST/STM32F1xx/Include -I../Drivers/CMSIS/Include -I../USB_DEVICE/App -I../USB_DEVICE/Target -I../Middlewares/ST/STM32_USB_Device_Library/Core/Inc -I../Middlewares/ST/STM32_USB_Device_Library/Class/HID/Inc -O0 -ffunction-sections -fdata-sections -Wall -fstack-usage -fcyclomatic-complexity -MMD -MP -MF"Drivers/STM32F1xx_HAL_Driver/Src/stm32f1xx_hal.d" -MT"Drivers/STM32F1xx_HAL_Driver/Src/stm32f1xx_hal.o" --specs=nano.specs -mfloat-abi=soft -mthumb -o "Drivers/STM32F1xx_HAL_Driver/Src/stm32f1xx_hal.o"
arm-none-eabi-gcc "../Drivers/STM32F1xx_HAL_Driver/Src/stm32f1xx_hal_cortex.c" -mcpu=cortex-m3 -std=gnu11 -g3 -DDEBUG -DUSE_HAL_DRIVER -DSTM32F103xB -c -I../Core/Inc -I"C:/Users/Samuel/Software/arduor_controller_lw/stm_32_quadrature_encoder_to_usb_midi/quadrature_to_usb_midi/Middlewares/ST/STM32_USB_Device_Library/Class/MIDI/Inc" -I../Drivers/STM32F1xx_HAL_Driver/Inc -I../Drivers/STM32F1xx_HAL_Driver/Inc/Legacy -I../Drivers/CMSIS/Device/ST/STM32F1xx/Include -I../Drivers/CMSIS/Include -I../USB_DEVICE/App -I../USB_DEVICE/Target -I../Middlewares/ST/STM32_USB_Device_Library/Core/Inc -I../Middlewares/ST/STM32_USB_Device_Library/Class/HID/Inc -O0 -ffunction-sections -fdata-sections -Wall -fstack-usage -fcyclomatic-complexity -MMD -MP -MF"Drivers/STM32F1xx_HAL_Driver/Src/stm32f1xx_hal_cortex.d" -MT"Drivers/STM32F1xx_HAL_Driver/Src/stm32f1xx_hal_cortex.o" --specs=nano.specs -mfloat-abi=soft -mthumb -o "Drivers/STM32F1xx_HAL_Driver/Src/stm32f1xx_hal_cortex.o"
arm-none-eabi-gcc "../Drivers/STM32F1xx_HAL_Driver/Src/stm32f1xx_hal_dma.c" -mcpu=cortex-m3 -std=gnu11 -g3 -DDEBUG -DUSE_HAL_DRIVER -DSTM32F103xB -c -I../Core/Inc -I"C:/Users/Samuel/Software/arduor_controller_lw/stm_32_quadrature_encoder_to_usb_midi/quadrature_to_usb_midi/Middlewares/ST/STM32_USB_Device_Library/Class/MIDI/Inc" -I../Drivers/STM32F1xx_HAL_Driver/Inc -I../Drivers/STM32F1xx_HAL_Driver/Inc/Legacy -I../Drivers/CMSIS/Device/ST/STM32F1xx/Include -I../Drivers/CMSIS/Include -I../USB_DEVICE/App -I../USB_DEVICE/Target -I../Middlewares/ST/STM32_USB_Device_Library/Core/Inc -I../Middlewares/ST/STM32_USB_Device_Library/Class/HID/Inc -O0 -ffunction-sections -fdata-sections -Wall -fstack-usage -fcyclomatic-complexity -MMD -MP -MF"Drivers/STM32F1xx_HAL_Driver/Src/stm32f1xx_hal_dma.d" -MT"Drivers/STM32F1xx_HAL_Driver/Src/stm32f1xx_hal_dma.o" --specs=nano.specs -mfloat-abi=soft -mthumb -o "Drivers/STM32F1xx_HAL_Driver/Src/stm32f1xx_hal_dma.o"
arm-none-eabi-gcc "../Drivers/STM32F1xx_HAL_Driver/Src/stm32f1xx_hal_exti.c" -mcpu=cortex-m3 -std=gnu11 -g3 -DDEBUG -DUSE_HAL_DRIVER -DSTM32F103xB -c -I../Core/Inc -I"C:/Users/Samuel/Software/arduor_controller_lw/stm_32_quadrature_encoder_to_usb_midi/quadrature_to_usb_midi/Middlewares/ST/STM32_USB_Device_Library/Class/MIDI/Inc" -I../Drivers/STM32F1xx_HAL_Driver/Inc -I../Drivers/STM32F1xx_HAL_Driver/Inc/Legacy -I../Drivers/CMSIS/Device/ST/STM32F1xx/Include -I../Drivers/CMSIS/Include -I../USB_DEVICE/App -I../USB_DEVICE/Target -I../Middlewares/ST/STM32_USB_Device_Library/Core/Inc -I../Middlewares/ST/STM32_USB_Device_Library/Class/HID/Inc -O0 -ffunction-sections -fdata-sections -Wall -fstack-usage -fcyclomatic-complexity -MMD -MP -MF"Drivers/STM32F1xx_HAL_Driver/Src/stm32f1xx_hal_exti.d" -MT"Drivers/STM32F1xx_HAL_Driver/Src/stm32f1xx_hal_exti.o" --specs=nano.specs -mfloat-abi=soft -mthumb -o "Drivers/STM32F1xx_HAL_Driver/Src/stm32f1xx_hal_exti.o"
arm-none-eabi-gcc "../Drivers/STM32F1xx_HAL_Driver/Src/stm32f1xx_hal_flash.c" -mcpu=cortex-m3 -std=gnu11 -g3 -DDEBUG -DUSE_HAL_DRIVER -DSTM32F103xB -c -I../Core/Inc -I"C:/Users/Samuel/Software/arduor_controller_lw/stm_32_quadrature_encoder_to_usb_midi/quadrature_to_usb_midi/Middlewares/ST/STM32_USB_Device_Library/Class/MIDI/Inc" -I../Drivers/STM32F1xx_HAL_Driver/Inc -I../Drivers/STM32F1xx_HAL_Driver/Inc/Legacy -I../Drivers/CMSIS/Device/ST/STM32F1xx/Include -I../Drivers/CMSIS/Include -I../USB_DEVICE/App -I../USB_DEVICE/Target -I../Middlewares/ST/STM32_USB_Device_Library/Core/Inc -I../Middlewares/ST/STM32_USB_Device_Library/Class/HID/Inc -O0 -ffunction-sections -fdata-sections -Wall -fstack-usage -fcyclomatic-complexity -MMD -MP -MF"Drivers/STM32F1xx_HAL_Driver/Src/stm32f1xx_hal_flash.d" -MT"Drivers/STM32F1xx_HAL_Driver/Src/stm32f1xx_hal_flash.o" --specs=nano.specs -mfloat-abi=soft -mthumb -o "Drivers/STM32F1xx_HAL_Driver/Src/stm32f1xx_hal_flash.o"
arm-none-eabi-gcc "../Drivers/STM32F1xx_HAL_Driver/Src/stm32f1xx_hal_flash_ex.c" -mcpu=cortex-m3 -std=gnu11 -g3 -DDEBUG -DUSE_HAL_DRIVER -DSTM32F103xB -c -I../Core/Inc -I"C:/Users/Samuel/Software/arduor_controller_lw/stm_32_quadrature_encoder_to_usb_midi/quadrature_to_usb_midi/Middlewares/ST/STM32_USB_Device_Library/Class/MIDI/Inc" -I../Drivers/STM32F1xx_HAL_Driver/Inc -I../Drivers/STM32F1xx_HAL_Driver/Inc/Legacy -I../Drivers/CMSIS/Device/ST/STM32F1xx/Include -I../Drivers/CMSIS/Include -I../USB_DEVICE/App -I../USB_DEVICE/Target -I../Middlewares/ST/STM32_USB_Device_Library/Core/Inc -I../Middlewares/ST/STM32_USB_Device_Library/Class/HID/Inc -O0 -ffunction-sections -fdata-sections -Wall -fstack-usage -fcyclomatic-complexity -MMD -MP -MF"Drivers/STM32F1xx_HAL_Driver/Src/stm32f1xx_hal_flash_ex.d" -MT"Drivers/STM32F1xx_HAL_Driver/Src/stm32f1xx_hal_flash_ex.o" --specs=nano.specs -mfloat-abi=soft -mthumb -o "Drivers/STM32F1xx_HAL_Driver/Src/stm32f1xx_hal_flash_ex.o"
arm-none-eabi-gcc "../Drivers/STM32F1xx_HAL_Driver/Src/stm32f1xx_hal_gpio.c" -mcpu=cortex-m3 -std=gnu11 -g3 -DDEBUG -DUSE_HAL_DRIVER -DSTM32F103xB -c -I../Core/Inc -I"C:/Users/Samuel/Software/arduor_controller_lw/stm_32_quadrature_encoder_to_usb_midi/quadrature_to_usb_midi/Middlewares/ST/STM32_USB_Device_Library/Class/MIDI/Inc" -I../Drivers/STM32F1xx_HAL_Driver/Inc -I../Drivers/STM32F1xx_HAL_Driver/Inc/Legacy -I../Drivers/CMSIS/Device/ST/STM32F1xx/Include -I../Drivers/CMSIS/Include -I../USB_DEVICE/App -I../USB_DEVICE/Target -I../Middlewares/ST/STM32_USB_Device_Library/Core/Inc -I../Middlewares/ST/STM32_USB_Device_Library/Class/HID/Inc -O0 -ffunction-sections -fdata-sections -Wall -fstack-usage -fcyclomatic-complexity -MMD -MP -MF"Drivers/STM32F1xx_HAL_Driver/Src/stm32f1xx_hal_gpio.d" -MT"Drivers/STM32F1xx_HAL_Driver/Src/stm32f1xx_hal_gpio.o" --specs=nano.specs -mfloat-abi=soft -mthumb -o "Drivers/STM32F1xx_HAL_Driver/Src/stm32f1xx_hal_gpio.o"
arm-none-eabi-gcc "../Drivers/STM32F1xx_HAL_Driver/Src/stm32f1xx_hal_gpio_ex.c" -mcpu=cortex-m3 -std=gnu11 -g3 -DDEBUG -DUSE_HAL_DRIVER -DSTM32F103xB -c -I../Core/Inc -I"C:/Users/Samuel/Software/arduor_controller_lw/stm_32_quadrature_encoder_to_usb_midi/quadrature_to_usb_midi/Middlewares/ST/STM32_USB_Device_Library/Class/MIDI/Inc" -I../Drivers/STM32F1xx_HAL_Driver/Inc -I../Drivers/STM32F1xx_HAL_Driver/Inc/Legacy -I../Drivers/CMSIS/Device/ST/STM32F1xx/Include -I../Drivers/CMSIS/Include -I../USB_DEVICE/App -I../USB_DEVICE/Target -I../Middlewares/ST/STM32_USB_Device_Library/Core/Inc -I../Middlewares/ST/STM32_USB_Device_Library/Class/HID/Inc -O0 -ffunction-sections -fdata-sections -Wall -fstack-usage -fcyclomatic-complexity -MMD -MP -MF"Drivers/STM32F1xx_HAL_Driver/Src/stm32f1xx_hal_gpio_ex.d" -MT"Drivers/STM32F1xx_HAL_Driver/Src/stm32f1xx_hal_gpio_ex.o" --specs=nano.specs -mfloat-abi=soft -mthumb -o "Drivers/STM32F1xx_HAL_Driver/Src/stm32f1xx_hal_gpio_ex.o"
arm-none-eabi-gcc "../Drivers/STM32F1xx_HAL_Driver/Src/stm32f1xx_hal_i2c.c" -mcpu=cortex-m3 -std=gnu11 -g3 -DDEBUG -DUSE_HAL_DRIVER -DSTM32F103xB -c -I../Core/Inc -I"C:/Users/Samuel/Software/arduor_controller_lw/stm_32_quadrature_encoder_to_usb_midi/quadrature_to_usb_midi/Middlewares/ST/STM32_USB_Device_Library/Class/MIDI/Inc" -I../Drivers/STM32F1xx_HAL_Driver/Inc -I../Drivers/STM32F1xx_HAL_Driver/Inc/Legacy -I../Drivers/CMSIS/Device/ST/STM32F1xx/Include -I../Drivers/CMSIS/Include -I../USB_DEVICE/App -I../USB_DEVICE/Target -I../Middlewares/ST/STM32_USB_Device_Library/Core/Inc -I../Middlewares/ST/STM32_USB_Device_Library/Class/HID/Inc -O0 -ffunction-sections -fdata-sections -Wall -fstack-usage -fcyclomatic-complexity -MMD -MP -MF"Drivers/STM32F1xx_HAL_Driver/Src/stm32f1xx_hal_i2c.d" -MT"Drivers/STM32F1xx_HAL_Driver/Src/stm32f1xx_hal_i2c.o" --specs=nano.specs -mfloat-abi=soft -mthumb -o "Drivers/STM32F1xx_HAL_Driver/Src/stm32f1xx_hal_i2c.o"
arm-none-eabi-gcc "../Drivers/STM32F1xx_HAL_Driver/Src/stm32f1xx_hal_pcd.c" -mcpu=cortex-m3 -std=gnu11 -g3 -DDEBUG -DUSE_HAL_DRIVER -DSTM32F103xB -c -I../Core/Inc -I"C:/Users/Samuel/Software/arduor_controller_lw/stm_32_quadrature_encoder_to_usb_midi/quadrature_to_usb_midi/Middlewares/ST/STM32_USB_Device_Library/Class/MIDI/Inc" -I../Drivers/STM32F1xx_HAL_Driver/Inc -I../Drivers/STM32F1xx_HAL_Driver/Inc/Legacy -I../Drivers/CMSIS/Device/ST/STM32F1xx/Include -I../Drivers/CMSIS/Include -I../USB_DEVICE/App -I../USB_DEVICE/Target -I../Middlewares/ST/STM32_USB_Device_Library/Core/Inc -I../Middlewares/ST/STM32_USB_Device_Library/Class/HID/Inc -O0 -ffunction-sections -fdata-sections -Wall -fstack-usage -fcyclomatic-complexity -MMD -MP -MF"Drivers/STM32F1xx_HAL_Driver/Src/stm32f1xx_hal_pcd.d" -MT"Drivers/STM32F1xx_HAL_Driver/Src/stm32f1xx_hal_pcd.o" --specs=nano.specs -mfloat-abi=soft -mthumb -o "Drivers/STM32F1xx_HAL_Driver/Src/stm32f1xx_hal_pcd.o"
arm-none-eabi-gcc "../Drivers/STM32F1xx_HAL_Driver/Src/stm32f1xx_hal_pcd_ex.c" -mcpu=cortex-m3 -std=gnu11 -g3 -DDEBUG -DUSE_HAL_DRIVER -DSTM32F103xB -c -I../Core/Inc -I"C:/Users/Samuel/Software/arduor_controller_lw/stm_32_quadrature_encoder_to_usb_midi/quadrature_to_usb_midi/Middlewares/ST/STM32_USB_Device_Library/Class/MIDI/Inc" -I../Drivers/STM32F1xx_HAL_Driver/Inc -I../Drivers/STM32F1xx_HAL_Driver/Inc/Legacy -I../Drivers/CMSIS/Device/ST/STM32F1xx/Include -I../Drivers/CMSIS/Include -I../USB_DEVICE/App -I../USB_DEVICE/Target -I../Middlewares/ST/STM32_USB_Device_Library/Core/Inc -I../Middlewares/ST/STM32_USB_Device_Library/Class/HID/Inc -O0 -ffunction-sections -fdata-sections -Wall -fstack-usage -fcyclomatic-complexity -MMD -MP -MF"Drivers/STM32F1xx_HAL_Driver/Src/stm32f1xx_hal_pcd_ex.d" -MT"Drivers/STM32F1xx_HAL_Driver/Src/stm32f1xx_hal_pcd_ex.o" --specs=nano.specs -mfloat-abi=soft -mthumb -o "Drivers/STM32F1xx_HAL_Driver/Src/stm32f1xx_hal_pcd_ex.o"
arm-none-eabi-gcc "../Drivers/STM32F1xx_HAL_Driver/Src/stm32f1xx_hal_pwr.c" -mcpu=cortex-m3 -std=gnu11 -g3 -DDEBUG -DUSE_HAL_DRIVER -DSTM32F103xB -c -I../Core/Inc -I"C:/Users/Samuel/Software/arduor_controller_lw/stm_32_quadrature_encoder_to_usb_midi/quadrature_to_usb_midi/Middlewares/ST/STM32_USB_Device_Library/Class/MIDI/Inc" -I../Drivers/STM32F1xx_HAL_Driver/Inc -I../Drivers/STM32F1xx_HAL_Driver/Inc/Legacy -I../Drivers/CMSIS/Device/ST/STM32F1xx/Include -I../Drivers/CMSIS/Include -I../USB_DEVICE/App -I../USB_DEVICE/Target -I../Middlewares/ST/STM32_USB_Device_Library/Core/Inc -I../Middlewares/ST/STM32_USB_Device_Library/Class/HID/Inc -O0 -ffunction-sections -fdata-sections -Wall -fstack-usage -fcyclomatic-complexity -MMD -MP -MF"Drivers/STM32F1xx_HAL_Driver/Src/stm32f1xx_hal_pwr.d" -MT"Drivers/STM32F1xx_HAL_Driver/Src/stm32f1xx_hal_pwr.o" --specs=nano.specs -mfloat-abi=soft -mthumb -o "Drivers/STM32F1xx_HAL_Driver/Src/stm32f1xx_hal_pwr.o"
arm-none-eabi-gcc "../Drivers/STM32F1xx_HAL_Driver/Src/stm32f1xx_hal_rcc.c" -mcpu=cortex-m3 -std=gnu11 -g3 -DDEBUG -DUSE_HAL_DRIVER -DSTM32F103xB -c -I../Core/Inc -I"C:/Users/Samuel/Software/arduor_controller_lw/stm_32_quadrature_encoder_to_usb_midi/quadrature_to_usb_midi/Middlewares/ST/STM32_USB_Device_Library/Class/MIDI/Inc" -I../Drivers/STM32F1xx_HAL_Driver/Inc -I../Drivers/STM32F1xx_HAL_Driver/Inc/Legacy -I../Drivers/CMSIS/Device/ST/STM32F1xx/Include -I../Drivers/CMSIS/Include -I../USB_DEVICE/App -I../USB_DEVICE/Target -I../Middlewares/ST/STM32_USB_Device_Library/Core/Inc -I../Middlewares/ST/STM32_USB_Device_Library/Class/HID/Inc -O0 -ffunction-sections -fdata-sections -Wall -fstack-usage -fcyclomatic-complexity -MMD -MP -MF"Drivers/STM32F1xx_HAL_Driver/Src/stm32f1xx_hal_rcc.d" -MT"Drivers/STM32F1xx_HAL_Driver/Src/stm32f1xx_hal_rcc.o" --specs=nano.specs -mfloat-abi=soft -mthumb -o "Drivers/STM32F1xx_HAL_Driver/Src/stm32f1xx_hal_rcc.o"
arm-none-eabi-gcc "../Drivers/STM32F1xx_HAL_Driver/Src/stm32f1xx_hal_rcc_ex.c" -mcpu=cortex-m3 -std=gnu11 -g3 -DDEBUG -DUSE_HAL_DRIVER -DSTM32F103xB -c -I../Core/Inc -I"C:/Users/Samuel/Software/arduor_controller_lw/stm_32_quadrature_encoder_to_usb_midi/quadrature_to_usb_midi/Middlewares/ST/STM32_USB_Device_Library/Class/MIDI/Inc" -I../Drivers/STM32F1xx_HAL_Driver/Inc -I../Drivers/STM32F1xx_HAL_Driver/Inc/Legacy -I../Drivers/CMSIS/Device/ST/STM32F1xx/Include -I../Drivers/CMSIS/Include -I../USB_DEVICE/App -I../USB_DEVICE/Target -I../Middlewares/ST/STM32_USB_Device_Library/Core/Inc -I../Middlewares/ST/STM32_USB_Device_Library/Class/HID/Inc -O0 -ffunction-sections -fdata-sections -Wall -fstack-usage -fcyclomatic-complexity -MMD -MP -MF"Drivers/STM32F1xx_HAL_Driver/Src/stm32f1xx_hal_rcc_ex.d" -MT"Drivers/STM32F1xx_HAL_Driver/Src/stm32f1xx_hal_rcc_ex.o" --specs=nano.specs -mfloat-abi=soft -mthumb -o "Drivers/STM32F1xx_HAL_Driver/Src/stm32f1xx_hal_rcc_ex.o"
arm-none-eabi-gcc "../Drivers/STM32F1xx_HAL_Driver/Src/stm32f1xx_hal_tim.c" -mcpu=cortex-m3 -std=gnu11 -g3 -DDEBUG -DUSE_HAL_DRIVER -DSTM32F103xB -c -I../Core/Inc -I"C:/Users/Samuel/Software/arduor_controller_lw/stm_32_quadrature_encoder_to_usb_midi/quadrature_to_usb_midi/Middlewares/ST/STM32_USB_Device_Library/Class/MIDI/Inc" -I../Drivers/STM32F1xx_HAL_Driver/Inc -I../Drivers/STM32F1xx_HAL_Driver/Inc/Legacy -I../Drivers/CMSIS/Device/ST/STM32F1xx/Include -I../Drivers/CMSIS/Include -I../USB_DEVICE/App -I../USB_DEVICE/Target -I../Middlewares/ST/STM32_USB_Device_Library/Core/Inc -I../Middlewares/ST/STM32_USB_Device_Library/Class/HID/Inc -O0 -ffunction-sections -fdata-sections -Wall -fstack-usage -fcyclomatic-complexity -MMD -MP -MF"Drivers/STM32F1xx_HAL_Driver/Src/stm32f1xx_hal_tim.d" -MT"Drivers/STM32F1xx_HAL_Driver/Src/stm32f1xx_hal_tim.o" --specs=nano.specs -mfloat-abi=soft -mthumb -o "Drivers/STM32F1xx_HAL_Driver/Src/stm32f1xx_hal_tim.o"
arm-none-eabi-gcc "../Drivers/STM32F1xx_HAL_Driver/Src/stm32f1xx_hal_tim_ex.c" -mcpu=cortex-m3 -std=gnu11 -g3 -DDEBUG -DUSE_HAL_DRIVER -DSTM32F103xB -c -I../Core/Inc -I"C:/Users/Samuel/Software/arduor_controller_lw/stm_32_quadrature_encoder_to_usb_midi/quadrature_to_usb_midi/Middlewares/ST/STM32_USB_Device_Library/Class/MIDI/Inc" -I../Drivers/STM32F1xx_HAL_Driver/Inc -I../Drivers/STM32F1xx_HAL_Driver/Inc/Legacy -I../Drivers/CMSIS/Device/ST/STM32F1xx/Include -I../Drivers/CMSIS/Include -I../USB_DEVICE/App -I../USB_DEVICE/Target -I../Middlewares/ST/STM32_USB_Device_Library/Core/Inc -I../Middlewares/ST/STM32_USB_Device_Library/Class/HID/Inc -O0 -ffunction-sections -fdata-sections -Wall -fstack-usage -fcyclomatic-complexity -MMD -MP -MF"Drivers/STM32F1xx_HAL_Driver/Src/stm32f1xx_hal_tim_ex.d" -MT"Drivers/STM32F1xx_HAL_Driver/Src/stm32f1xx_hal_tim_ex.o" --specs=nano.specs -mfloat-abi=soft -mthumb -o "Drivers/STM32F1xx_HAL_Driver/Src/stm32f1xx_hal_tim_ex.o"
arm-none-eabi-gcc "../Drivers/STM32F1xx_HAL_Driver/Src/stm32f1xx_ll_usb.c" -mcpu=cortex-m3 -std=gnu11 -g3 -DDEBUG -DUSE_HAL_DRIVER -DSTM32F103xB -c -I../Core/Inc -I"C:/Users/Samuel/Software/arduor_controller_lw/stm_32_quadrature_encoder_to_usb_midi/quadrature_to_usb_midi/Middlewares/ST/STM32_USB_Device_Library/Class/MIDI/Inc" -I../Drivers/STM32F1xx_HAL_Driver/Inc -I../Drivers/STM32F1xx_HAL_Driver/Inc/Legacy -I../Drivers/CMSIS/Device/ST/STM32F1xx/Include -I../Drivers/CMSIS/Include -I../USB_DEVICE/App -I../USB_DEVICE/Target -I../Middlewares/ST/STM32_USB_Device_Library/Core/Inc -I../Middlewares/ST/STM32_USB_Device_Library/Class/HID/Inc -O0 -ffunction-sections -fdata-sections -Wall -fstack-usage -fcyclomatic-complexity -MMD -MP -MF"Drivers/STM32F1xx_HAL_Driver/Src/stm32f1xx_ll_usb.d" -MT"Drivers/STM32F1xx_HAL_Driver/Src/stm32f1xx_ll_usb.o" --specs=nano.specs -mfloat-abi=soft -mthumb -o "Drivers/STM32F1xx_HAL_Driver/Src/stm32f1xx_ll_usb.o"
arm-none-eabi-gcc "../Core/Src/main.c" -mcpu=cortex-m3 -std=gnu11 -g3 -DDEBUG -DUSE_HAL_DRIVER -DSTM32F103xB -c -I../Core/Inc -I"C:/Users/Samuel/Software/arduor_controller_lw/stm_32_quadrature_encoder_to_usb_midi/quadrature_to_usb_midi/Middlewares/ST/STM32_USB_Device_Library/Class/MIDI/Inc" -I../Drivers/STM32F1xx_HAL_Driver/Inc -I../Drivers/STM32F1xx_HAL_Driver/Inc/Legacy -I../Drivers/CMSIS/Device/ST/STM32F1xx/Include -I../Drivers/CMSIS/Include -I../USB_DEVICE/App -I../USB_DEVICE/Target -I../Middlewares/ST/STM32_USB_Device_Library/Core/Inc -I../Middlewares/ST/STM32_USB_Device_Library/Class/HID/Inc -O0 -ffunction-sections -fdata-sections -Wall -fstack-usage -fcyclomatic-complexity -MMD -MP -MF"Core/Src/main.d" -MT"Core/Src/main.o" --specs=nano.specs -mfloat-abi=soft -mthumb -o "Core/Src/main.o"
arm-none-eabi-gcc "../Core/Src/stm32f1xx_hal_msp.c" -mcpu=cortex-m3 -std=gnu11 -g3 -DDEBUG -DUSE_HAL_DRIVER -DSTM32F103xB -c -I../Core/Inc -I"C:/Users/Samuel/Software/arduor_controller_lw/stm_32_quadrature_encoder_to_usb_midi/quadrature_to_usb_midi/Middlewares/ST/STM32_USB_Device_Library/Class/MIDI/Inc" -I../Drivers/STM32F1xx_HAL_Driver/Inc -I../Drivers/STM32F1xx_HAL_Driver/Inc/Legacy -I../Drivers/CMSIS/Device/ST/STM32F1xx/Include -I../Drivers/CMSIS/Include -I../USB_DEVICE/App -I../USB_DEVICE/Target -I../Middlewares/ST/STM32_USB_Device_Library/Core/Inc -I../Middlewares/ST/STM32_USB_Device_Library/Class/HID/Inc -O0 -ffunction-sections -fdata-sections -Wall -fstack-usage -fcyclomatic-complexity -MMD -MP -MF"Core/Src/stm32f1xx_hal_msp.d" -MT"Core/Src/stm32f1xx_hal_msp.o" --specs=nano.specs -mfloat-abi=soft -mthumb -o "Core/Src/stm32f1xx_hal_msp.o"
arm-none-eabi-gcc "../Core/Src/stm32f1xx_it.c" -mcpu=cortex-m3 -std=gnu11 -g3 -DDEBUG -DUSE_HAL_DRIVER -DSTM32F103xB -c -I../Core/Inc -I"C:/Users/Samuel/Software/arduor_controller_lw/stm_32_quadrature_encoder_to_usb_midi/quadrature_to_usb_midi/Middlewares/ST/STM32_USB_Device_Library/Class/MIDI/Inc" -I../Drivers/STM32F1xx_HAL_Driver/Inc -I../Drivers/STM32F1xx_HAL_Driver/Inc/Legacy -I../Drivers/CMSIS/Device/ST/STM32F1xx/Include -I../Drivers/CMSIS/Include -I../USB_DEVICE/App -I../USB_DEVICE/Target -I../Middlewares/ST/STM32_USB_Device_Library/Core/Inc -I../Middlewares/ST/STM32_USB_Device_Library/Class/HID/Inc -O0 -ffunction-sections -fdata-sections -Wall -fstack-usage -fcyclomatic-complexity -MMD -MP -MF"Core/Src/stm32f1xx_it.d" -MT"Core/Src/stm32f1xx_it.o" --specs=nano.specs -mfloat-abi=soft -mthumb -o "Core/Src/stm32f1xx_it.o"
../Core/Src/main.c: In function 'store_new_value_as_previous':
../Core/Src/main.c:135:6: warning: type of 'encoder_nr' defaults to 'int' [-Wimplicit-int]
  135 | void store_new_value_as_previous(encoder_nr)
      |      ^~~~~~~~~~~~~~~~~~~~~~~~~~~
../Core/Src/main.c: In function 'receive_i2c_data_from_slave':
../Core/Src/main.c:144:9: error: too few arguments to function 'HAL_I2C_Master_Receive_IT'
  144 |         HAL_I2C_Master_Receive_IT();
      |         ^~~~~~~~~~~~~~~~~~~~~~~~~
In file included from ../Core/Inc/stm32f1xx_hal_conf.h:298,
                 from ../Drivers/STM32F1xx_HAL_Driver/Inc/stm32f1xx_hal.h:29,
                 from ../Core/Inc/main.h:30,
                 from ../Core/Src/main.c:20:
../Drivers/STM32F1xx_HAL_Driver/Inc/stm32f1xx_hal_i2c.h:573:19: note: declared here
  573 | HAL_StatusTypeDef HAL_I2C_Master_Receive_IT(I2C_HandleTypeDef *hi2c, uint16_t DevAddress, uint8_t *pData, uint16_t Size);
      |                   ^~~~~~~~~~~~~~~~~~~~~~~~~
../Core/Src/main.c:145:9: error: too few arguments to function 'HAL_I2C_Slave_Transmit'
  145 |         HAL_I2C_Slave_Transmit();
      |         ^~~~~~~~~~~~~~~~~~~~~~
../Drivers/STM32F1xx_HAL_Driver/Inc/stm32f1xx_hal_i2c.h:565:19: note: declared here
  565 | HAL_StatusTypeDef HAL_I2C_Slave_Transmit(I2C_HandleTypeDef *hi2c, uint8_t *pData, uint16_t Size, uint32_t Timeout);
      |                   ^~~~~~~~~~~~~~~~~~~~~~
make: *** [Core/Src/subdir.mk:34: Core/Src/main.o] Error 1
make: *** Waiting for unfinished jobs....
"make -j28 all" terminated with exit code 2. Build might be incomplete.
16:36:15 **** Incremental Build of configuration Debug for project quadrature_to_usb_midi ****
make -j28 all 
arm-none-eabi-gcc "../Core/Src/main.c" -mcpu=cortex-m3 -std=gnu11 -g3 -DDEBUG -DUSE_HAL_DRIVER -DSTM32F103xB -c -I../Core/Inc -I"C:/Users/Samuel/Software/arduor_controller_lw/stm_32_quadrature_encoder_to_usb_midi/quadrature_to_usb_midi/Middlewares/ST/STM32_USB_Device_Library/Class/MIDI/Inc" -I../Drivers/STM32F1xx_HAL_Driver/Inc -I../Drivers/STM32F1xx_HAL_Driver/Inc/Legacy -I../Drivers/CMSIS/Device/ST/STM32F1xx/Include -I../Drivers/CMSIS/Include -I../USB_DEVICE/App -I../USB_DEVICE/Target -I../Middlewares/ST/STM32_USB_Device_Library/Core/Inc -I../Middlewares/ST/STM32_USB_Device_Library/Class/HID/Inc -O0 -ffunction-sections -fdata-sections -Wall -fstack-usage -fcyclomatic-complexity -MMD -MP -MF"Core/Src/main.d" -MT"Core/Src/main.o" --specs=nano.specs -mfloat-abi=soft -mthumb -o "Core/Src/main.o"
arm-none-eabi-gcc "../Core/Src/system_stm32f1xx.c" -mcpu=cortex-m3 -std=gnu11 -g3 -DDEBUG -DUSE_HAL_DRIVER -DSTM32F103xB -c -I../Core/Inc -I"C:/Users/Samuel/Software/arduor_controller_lw/stm_32_quadrature_encoder_to_usb_midi/quadrature_to_usb_midi/Middlewares/ST/STM32_USB_Device_Library/Class/MIDI/Inc" -I../Drivers/STM32F1xx_HAL_Driver/Inc -I../Drivers/STM32F1xx_HAL_Driver/Inc/Legacy -I../Drivers/CMSIS/Device/ST/STM32F1xx/Include -I../Drivers/CMSIS/Include -I../USB_DEVICE/App -I../USB_DEVICE/Target -I../Middlewares/ST/STM32_USB_Device_Library/Core/Inc -I../Middlewares/ST/STM32_USB_Device_Library/Class/HID/Inc -O0 -ffunction-sections -fdata-sections -Wall -fstack-usage -fcyclomatic-complexity -MMD -MP -MF"Core/Src/system_stm32f1xx.d" -MT"Core/Src/system_stm32f1xx.o" --specs=nano.specs -mfloat-abi=soft -mthumb -o "Core/Src/system_stm32f1xx.o"
../Core/Src/main.c: In function 'store_new_value_as_previous':
../Core/Src/main.c:135:6: warning: type of 'encoder_nr' defaults to 'int' [-Wimplicit-int]
  135 | void store_new_value_as_previous(encoder_nr)
      |      ^~~~~~~~~~~~~~~~~~~~~~~~~~~
arm-none-eabi-gcc -o "quadrature_to_usb_midi.elf" @"objects.list"   -mcpu=cortex-m3 -T"C:\Users\Samuel\Software\arduor_controller_lw\stm_32_quadrature_encoder_to_usb_midi\quadrature_to_usb_midi\STM32F103C8TX_FLASH.ld" --specs=nosys.specs -Wl,-Map="quadrature_to_usb_midi.map" -Wl,--gc-sections -static --specs=nano.specs -mfloat-abi=soft -mthumb -Wl,--start-group -lc -lm -Wl,--end-group
Finished building target: quadrature_to_usb_midi.elf
 
arm-none-eabi-size  quadrature_to_usb_midi.elf 
arm-none-eabi-objdump -h -S quadrature_to_usb_midi.elf  > "quadrature_to_usb_midi.list"
   text	   data	    bss	    dec	    hex	filename
  38728	    356	   3940	  43024	   a810	quadrature_to_usb_midi.elf
Finished building: default.size.stdout
 
Finished building: quadrature_to_usb_midi.list
 
16:36:20 **** Incremental Build of configuration Debug for project quadrature_to_usb_midi ****
make -j28 all 
arm-none-eabi-size  quadrature_to_usb_midi.elf 
   text	   data	    bss	    dec	    hex	filename
  38728	    356	   3940	  43024	   a810	quadrature_to_usb_midi.elf
Finished building: default.size.stdout
 
16:36:37 **** Incremental Build of configuration Debug for project quadrature_to_usb_midi ****
make -j28 all 
arm-none-eabi-size  quadrature_to_usb_midi.elf 
   text	   data	    bss	    dec	    hex	filename
  38728	    356	   3940	  43024	   a810	quadrature_to_usb_midi.elf
Finished building: default.size.stdout
 
16:37:23 **** Incremental Build of configuration Debug for project quadrature_to_usb_midi ****
make -j28 all 
arm-none-eabi-size  quadrature_to_usb_midi.elf 
   text	   data	    bss	    dec	    hex	filename
  38728	    356	   3940	  43024	   a810	quadrature_to_usb_midi.elf
Finished building: default.size.stdout
 
17:27:17 **** Incremental Build of configuration Debug for project quadrature_to_usb_midi ****
make -j28 all 
arm-none-eabi-gcc "../Core/Src/main.c" -mcpu=cortex-m3 -std=gnu11 -g3 -DDEBUG -DUSE_HAL_DRIVER -DSTM32F103xB -c -I../Core/Inc -I"C:/Users/Samuel/Software/arduor_controller_lw/stm_32_quadrature_encoder_to_usb_midi/quadrature_to_usb_midi/Middlewares/ST/STM32_USB_Device_Library/Class/MIDI/Inc" -I../Drivers/STM32F1xx_HAL_Driver/Inc -I../Drivers/STM32F1xx_HAL_Driver/Inc/Legacy -I../Drivers/CMSIS/Device/ST/STM32F1xx/Include -I../Drivers/CMSIS/Include -I../USB_DEVICE/App -I../USB_DEVICE/Target -I../Middlewares/ST/STM32_USB_Device_Library/Core/Inc -I../Middlewares/ST/STM32_USB_Device_Library/Class/HID/Inc -O0 -ffunction-sections -fdata-sections -Wall -fstack-usage -fcyclomatic-complexity -MMD -MP -MF"Core/Src/main.d" -MT"Core/Src/main.o" --specs=nano.specs -mfloat-abi=soft -mthumb -o "Core/Src/main.o"
../Core/Src/main.c: In function 'store_new_value_as_previous':
../Core/Src/main.c:135:6: warning: type of 'encoder_nr' defaults to 'int' [-Wimplicit-int]
  135 | void store_new_value_as_previous(encoder_nr)
      |      ^~~~~~~~~~~~~~~~~~~~~~~~~~~
arm-none-eabi-gcc -o "quadrature_to_usb_midi.elf" @"objects.list"   -mcpu=cortex-m3 -T"C:\Users\Samuel\Software\arduor_controller_lw\stm_32_quadrature_encoder_to_usb_midi\quadrature_to_usb_midi\STM32F103C8TX_FLASH.ld" --specs=nosys.specs -Wl,-Map="quadrature_to_usb_midi.map" -Wl,--gc-sections -static --specs=nano.specs -mfloat-abi=soft -mthumb -Wl,--start-group -lc -lm -Wl,--end-group
Finished building target: quadrature_to_usb_midi.elf
 
arm-none-eabi-size  quadrature_to_usb_midi.elf 
arm-none-eabi-objdump -h -S quadrature_to_usb_midi.elf  > "quadrature_to_usb_midi.list"
   text	   data	    bss	    dec	    hex	filename
  38728	    356	   3940	  43024	   a810	quadrature_to_usb_midi.elf
Finished building: default.size.stdout
 
Finished building: quadrature_to_usb_midi.list
 
17:27:40 **** Incremental Build of configuration Debug for project quadrature_to_usb_midi ****
make -j28 all 
arm-none-eabi-size  quadrature_to_usb_midi.elf 
   text	   data	    bss	    dec	    hex	filename
  38728	    356	   3940	  43024	   a810	quadrature_to_usb_midi.elf
Finished building: default.size.stdout
 
00:01:13 **** Build of configuration Debug for project quadrature_to_usb_midi ****
make -j28 all 
arm-none-eabi-gcc "../Core/Src/main.c" -mcpu=cortex-m3 -std=gnu11 -g3 -DDEBUG -DUSE_HAL_DRIVER -DSTM32F103xB -c -I../Core/Inc -I"C:/Users/Samuel/Software/arduor_controller_lw/stm_32_quadrature_encoder_to_usb_midi/quadrature_to_usb_midi/Middlewares/ST/STM32_USB_Device_Library/Class/MIDI/Inc" -I../Drivers/STM32F1xx_HAL_Driver/Inc -I../Drivers/STM32F1xx_HAL_Driver/Inc/Legacy -I../Drivers/CMSIS/Device/ST/STM32F1xx/Include -I../Drivers/CMSIS/Include -I../USB_DEVICE/App -I../USB_DEVICE/Target -I../Middlewares/ST/STM32_USB_Device_Library/Core/Inc -I../Middlewares/ST/STM32_USB_Device_Library/Class/HID/Inc -O0 -ffunction-sections -fdata-sections -Wall -fstack-usage -fcyclomatic-complexity -MMD -MP -MF"Core/Src/main.d" -MT"Core/Src/main.o" --specs=nano.specs -mfloat-abi=soft -mthumb -o "Core/Src/main.o"
../Core/Src/main.c: In function 'send_new_value':
../Core/Src/main.c:125:1: error: unknown type name 'indle'
  125 | indle   USBD_MIDI_SendPackets(&hUsbDeviceFS, packetsBuffer, 4);
      | ^~~~~
../Core/Src/main.c:125:31: error: expected declaration specifiers or '...' before '&' token
  125 | indle   USBD_MIDI_SendPackets(&hUsbDeviceFS, packetsBuffer, 4);
      |                               ^
../Core/Src/main.c:125:46: error: expected declaration specifiers or '...' before 'packetsBuffer'
  125 | indle   USBD_MIDI_SendPackets(&hUsbDeviceFS, packetsBuffer, 4);
      |                                              ^~~~~~~~~~~~~
../Core/Src/main.c:125:61: error: expected declaration specifiers or '...' before numeric constant
  125 | indle   USBD_MIDI_SendPackets(&hUsbDeviceFS, packetsBuffer, 4);
      |                                                             ^
../Core/Src/main.c:115:17: warning: unused variable 'packetsBuffer' [-Wunused-variable]
  115 |         uint8_t packetsBuffer[4] = {
      |                 ^~~~~~~~~~~~~
../Core/Src/main.c: In function 'store_new_value_as_previous':
../Core/Src/main.c:135:6: warning: type of 'encoder_nr' defaults to 'int' [-Wimplicit-int]
  135 | void store_new_value_as_previous(encoder_nr)
      |      ^~~~~~~~~~~~~~~~~~~~~~~~~~~
../Core/Src/main.c: In function 'main':
../Core/Src/main.c:225:11: error: 'data' undeclared (first use in this function)
  225 |           data[0] = 2002;
      |           ^~~~
../Core/Src/main.c:225:11: note: each undeclared identifier is reported only once for each function it appears in
../Core/Src/main.c:212:15: warning: unused variable 'encoder_nr' [-Wunused-variable]
  212 |           int encoder_nr = counter % ENCODER_QUANTITY;
      |               ^~~~~~~~~~
make: *** [Core/Src/subdir.mk:34: Core/Src/main.o] Error 1
"make -j28 all" terminated with exit code 2. Build might be incomplete.
00:01:32 **** Incremental Build of configuration Debug for project quadrature_to_usb_midi ****
make -j28 all 
arm-none-eabi-gcc "../Core/Src/main.c" -mcpu=cortex-m3 -std=gnu11 -g3 -DDEBUG -DUSE_HAL_DRIVER -DSTM32F103xB -c -I../Core/Inc -I"C:/Users/Samuel/Software/arduor_controller_lw/stm_32_quadrature_encoder_to_usb_midi/quadrature_to_usb_midi/Middlewares/ST/STM32_USB_Device_Library/Class/MIDI/Inc" -I../Drivers/STM32F1xx_HAL_Driver/Inc -I../Drivers/STM32F1xx_HAL_Driver/Inc/Legacy -I../Drivers/CMSIS/Device/ST/STM32F1xx/Include -I../Drivers/CMSIS/Include -I../USB_DEVICE/App -I../USB_DEVICE/Target -I../Middlewares/ST/STM32_USB_Device_Library/Core/Inc -I../Middlewares/ST/STM32_USB_Device_Library/Class/HID/Inc -O0 -ffunction-sections -fdata-sections -Wall -fstack-usage -fcyclomatic-complexity -MMD -MP -MF"Core/Src/main.d" -MT"Core/Src/main.o" --specs=nano.specs -mfloat-abi=soft -mthumb -o "Core/Src/main.o"
../Core/Src/main.c: In function 'send_new_value':
../Core/Src/main.c:125:1: error: unknown type name 'indle'
  125 | indle   USBD_MIDI_SendPackets(&hUsbDeviceFS, packetsBuffer, 4);
      | ^~~~~
../Core/Src/main.c:125:31: error: expected declaration specifiers or '...' before '&' token
  125 | indle   USBD_MIDI_SendPackets(&hUsbDeviceFS, packetsBuffer, 4);
      |                               ^
../Core/Src/main.c:125:46: error: expected declaration specifiers or '...' before 'packetsBuffer'
  125 | indle   USBD_MIDI_SendPackets(&hUsbDeviceFS, packetsBuffer, 4);
      |                                              ^~~~~~~~~~~~~
../Core/Src/main.c:125:61: error: expected declaration specifiers or '...' before numeric constant
  125 | indle   USBD_MIDI_SendPackets(&hUsbDeviceFS, packetsBuffer, 4);
      |                                                             ^
../Core/Src/main.c:115:17: warning: unused variable 'packetsBuffer' [-Wunused-variable]
  115 |         uint8_t packetsBuffer[4] = {
      |                 ^~~~~~~~~~~~~
../Core/Src/main.c: In function 'store_new_value_as_previous':
../Core/Src/main.c:135:6: warning: type of 'encoder_nr' defaults to 'int' [-Wimplicit-int]
  135 | void store_new_value_as_previous(encoder_nr)
      |      ^~~~~~~~~~~~~~~~~~~~~~~~~~~
../Core/Src/main.c: In function 'main':
../Core/Src/main.c:225:28: warning: unsigned conversion from 'int' to 'uint8_t' {aka 'unsigned char'} changes value from '2002' to '210' [-Woverflow]
  225 |           data_buffer[0] = 2002;
      |                            ^~~~
../Core/Src/main.c:212:15: warning: unused variable 'encoder_nr' [-Wunused-variable]
  212 |           int encoder_nr = counter % ENCODER_QUANTITY;
      |               ^~~~~~~~~~
make: *** [Core/Src/subdir.mk:34: Core/Src/main.o] Error 1
"make -j28 all" terminated with exit code 2. Build might be incomplete.
00:02:37 **** Incremental Build of configuration Debug for project quadrature_to_usb_midi ****
make -j28 all 
arm-none-eabi-gcc "../Core/Src/main.c" -mcpu=cortex-m3 -std=gnu11 -g3 -DDEBUG -DUSE_HAL_DRIVER -DSTM32F103xB -c -I../Core/Inc -I"C:/Users/Samuel/Software/arduor_controller_lw/stm_32_quadrature_encoder_to_usb_midi/quadrature_to_usb_midi/Middlewares/ST/STM32_USB_Device_Library/Class/MIDI/Inc" -I../Drivers/STM32F1xx_HAL_Driver/Inc -I../Drivers/STM32F1xx_HAL_Driver/Inc/Legacy -I../Drivers/CMSIS/Device/ST/STM32F1xx/Include -I../Drivers/CMSIS/Include -I../USB_DEVICE/App -I../USB_DEVICE/Target -I../Middlewares/ST/STM32_USB_Device_Library/Core/Inc -I../Middlewares/ST/STM32_USB_Device_Library/Class/HID/Inc -O0 -ffunction-sections -fdata-sections -Wall -fstack-usage -fcyclomatic-complexity -MMD -MP -MF"Core/Src/main.d" -MT"Core/Src/main.o" --specs=nano.specs -mfloat-abi=soft -mthumb -o "Core/Src/main.o"
../Core/Src/main.c: In function 'store_new_value_as_previous':
../Core/Src/main.c:135:6: warning: type of 'encoder_nr' defaults to 'int' [-Wimplicit-int]
  135 | void store_new_value_as_previous(encoder_nr)
      |      ^~~~~~~~~~~~~~~~~~~~~~~~~~~
../Core/Src/main.c: In function 'main':
../Core/Src/main.c:225:28: warning: unsigned conversion from 'int' to 'uint8_t' {aka 'unsigned char'} changes value from '2002' to '210' [-Woverflow]
  225 |           data_buffer[0] = 2002;
      |                            ^~~~
../Core/Src/main.c:212:15: warning: unused variable 'encoder_nr' [-Wunused-variable]
  212 |           int encoder_nr = counter % ENCODER_QUANTITY;
      |               ^~~~~~~~~~
arm-none-eabi-gcc -o "quadrature_to_usb_midi.elf" @"objects.list"   -mcpu=cortex-m3 -T"C:\Users\Samuel\Software\arduor_controller_lw\stm_32_quadrature_encoder_to_usb_midi\quadrature_to_usb_midi\STM32F103C8TX_FLASH.ld" --specs=nosys.specs -Wl,-Map="quadrature_to_usb_midi.map" -Wl,--gc-sections -static --specs=nano.specs -mfloat-abi=soft -mthumb -Wl,--start-group -lc -lm -Wl,--end-group
Finished building target: quadrature_to_usb_midi.elf
 
arm-none-eabi-size  quadrature_to_usb_midi.elf 
arm-none-eabi-objdump -h -S quadrature_to_usb_midi.elf  > "quadrature_to_usb_midi.list"
   text	   data	    bss	    dec	    hex	filename
  39320	    356	   3940	  43616	   aa60	quadrature_to_usb_midi.elf
Finished building: default.size.stdout
 
Finished building: quadrature_to_usb_midi.list
 
00:02:43 **** Incremental Build of configuration Debug for project quadrature_to_usb_midi ****
make -j28 all 
arm-none-eabi-size  quadrature_to_usb_midi.elf 
   text	   data	    bss	    dec	    hex	filename
  39320	    356	   3940	  43616	   aa60	quadrature_to_usb_midi.elf
Finished building: default.size.stdout
 
00:05:33 **** Incremental Build of configuration Debug for project quadrature_to_usb_midi ****
make -j28 all 
arm-none-eabi-gcc "../Core/Src/main.c" -mcpu=cortex-m3 -std=gnu11 -g3 -DDEBUG -DUSE_HAL_DRIVER -DSTM32F103xB -c -I../Core/Inc -I"C:/Users/Samuel/Software/arduor_controller_lw/stm_32_quadrature_encoder_to_usb_midi/quadrature_to_usb_midi/Middlewares/ST/STM32_USB_Device_Library/Class/MIDI/Inc" -I../Drivers/STM32F1xx_HAL_Driver/Inc -I../Drivers/STM32F1xx_HAL_Driver/Inc/Legacy -I../Drivers/CMSIS/Device/ST/STM32F1xx/Include -I../Drivers/CMSIS/Include -I../USB_DEVICE/App -I../USB_DEVICE/Target -I../Middlewares/ST/STM32_USB_Device_Library/Core/Inc -I../Middlewares/ST/STM32_USB_Device_Library/Class/HID/Inc -O0 -ffunction-sections -fdata-sections -Wall -fstack-usage -fcyclomatic-complexity -MMD -MP -MF"Core/Src/main.d" -MT"Core/Src/main.o" --specs=nano.specs -mfloat-abi=soft -mthumb -o "Core/Src/main.o"
../Core/Src/main.c: In function 'store_new_value_as_previous':
../Core/Src/main.c:135:6: warning: type of 'encoder_nr' defaults to 'int' [-Wimplicit-int]
  135 | void store_new_value_as_previous(encoder_nr)
      |      ^~~~~~~~~~~~~~~~~~~~~~~~~~~
../Core/Src/main.c: In function 'main':
../Core/Src/main.c:212:15: warning: unused variable 'encoder_nr' [-Wunused-variable]
  212 |           int encoder_nr = counter % ENCODER_QUANTITY;
      |               ^~~~~~~~~~
arm-none-eabi-gcc -o "quadrature_to_usb_midi.elf" @"objects.list"   -mcpu=cortex-m3 -T"C:\Users\Samuel\Software\arduor_controller_lw\stm_32_quadrature_encoder_to_usb_midi\quadrature_to_usb_midi\STM32F103C8TX_FLASH.ld" --specs=nosys.specs -Wl,-Map="quadrature_to_usb_midi.map" -Wl,--gc-sections -static --specs=nano.specs -mfloat-abi=soft -mthumb -Wl,--start-group -lc -lm -Wl,--end-group
Finished building target: quadrature_to_usb_midi.elf
 
arm-none-eabi-size  quadrature_to_usb_midi.elf 
arm-none-eabi-objdump -h -S quadrature_to_usb_midi.elf  > "quadrature_to_usb_midi.list"
   text	   data	    bss	    dec	    hex	filename
  40680	    356	   3940	  44976	   afb0	quadrature_to_usb_midi.elf
Finished building: default.size.stdout
 
Finished building: quadrature_to_usb_midi.list
 
00:10:27 **** Incremental Build of configuration Debug for project quadrature_to_usb_midi ****
make -j28 all 
arm-none-eabi-size  quadrature_to_usb_midi.elf 
   text	   data	    bss	    dec	    hex	filename
  40680	    356	   3940	  44976	   afb0	quadrature_to_usb_midi.elf
Finished building: default.size.stdout
 
00:11:32 **** Incremental Build of configuration Debug for project quadrature_to_usb_midi ****
make -j28 all 
arm-none-eabi-gcc "../Core/Src/main.c" -mcpu=cortex-m3 -std=gnu11 -g3 -DDEBUG -DUSE_HAL_DRIVER -DSTM32F103xB -c -I../Core/Inc -I"C:/Users/Samuel/Software/arduor_controller_lw/stm_32_quadrature_encoder_to_usb_midi/quadrature_to_usb_midi/Middlewares/ST/STM32_USB_Device_Library/Class/MIDI/Inc" -I../Drivers/STM32F1xx_HAL_Driver/Inc -I../Drivers/STM32F1xx_HAL_Driver/Inc/Legacy -I../Drivers/CMSIS/Device/ST/STM32F1xx/Include -I../Drivers/CMSIS/Include -I../USB_DEVICE/App -I../USB_DEVICE/Target -I../Middlewares/ST/STM32_USB_Device_Library/Core/Inc -I../Middlewares/ST/STM32_USB_Device_Library/Class/HID/Inc -O0 -ffunction-sections -fdata-sections -Wall -fstack-usage -fcyclomatic-complexity -MMD -MP -MF"Core/Src/main.d" -MT"Core/Src/main.o" --specs=nano.specs -mfloat-abi=soft -mthumb -o "Core/Src/main.o"
../Core/Src/main.c: In function 'store_new_value_as_previous':
../Core/Src/main.c:135:6: warning: type of 'encoder_nr' defaults to 'int' [-Wimplicit-int]
  135 | void store_new_value_as_previous(encoder_nr)
      |      ^~~~~~~~~~~~~~~~~~~~~~~~~~~
../Core/Src/main.c: In function 'receive_i2c_data_from_slave':
../Core/Src/main.c:144:43: warning: passing argument 3 of 'HAL_I2C_Master_Receive' from incompatible pointer type [-Wincompatible-pointer-types]
  144 |         HAL_I2C_Master_Receive(&hi2c1, 1, &data_buffer, 1, 10);
      |                                           ^~~~~~~~~~~~
      |                                           |
      |                                           uint8_t (*)[10] {aka unsigned char (*)[10]}
In file included from ../Core/Inc/stm32f1xx_hal_conf.h:298,
                 from ../Drivers/STM32F1xx_HAL_Driver/Inc/stm32f1xx_hal.h:29,
                 from ../Core/Inc/main.h:30,
                 from ../Core/Src/main.c:20:
../Drivers/STM32F1xx_HAL_Driver/Inc/stm32f1xx_hal_i2c.h:564:97: note: expected 'uint8_t *' {aka 'unsigned char *'} but argument is of type 'uint8_t (*)[10]' {aka 'unsigned char (*)[10]'}
  564 | HAL_StatusTypeDef HAL_I2C_Master_Receive(I2C_HandleTypeDef *hi2c, uint16_t DevAddress, uint8_t *pData, uint16_t Size, uint32_t Timeout);
      |                                                                                        ~~~~~~~~~^~~~~
../Core/Src/main.c: In function 'main':
../Core/Src/main.c:212:15: warning: unused variable 'encoder_nr' [-Wunused-variable]
  212 |           int encoder_nr = counter % ENCODER_QUANTITY;
      |               ^~~~~~~~~~
arm-none-eabi-gcc -o "quadrature_to_usb_midi.elf" @"objects.list"   -mcpu=cortex-m3 -T"C:\Users\Samuel\Software\arduor_controller_lw\stm_32_quadrature_encoder_to_usb_midi\quadrature_to_usb_midi\STM32F103C8TX_FLASH.ld" --specs=nosys.specs -Wl,-Map="quadrature_to_usb_midi.map" -Wl,--gc-sections -static --specs=nano.specs -mfloat-abi=soft -mthumb -Wl,--start-group -lc -lm -Wl,--end-group
Finished building target: quadrature_to_usb_midi.elf
 
arm-none-eabi-size  quadrature_to_usb_midi.elf 
arm-none-eabi-objdump -h -S quadrature_to_usb_midi.elf  > "quadrature_to_usb_midi.list"
   text	   data	    bss	    dec	    hex	filename
  40680	    356	   3940	  44976	   afb0	quadrature_to_usb_midi.elf
Finished building: default.size.stdout
 
Finished building: quadrature_to_usb_midi.list
 
00:11:55 **** Incremental Build of configuration Debug for project quadrature_to_usb_midi ****
make -j28 all 
arm-none-eabi-gcc "../Core/Src/main.c" -mcpu=cortex-m3 -std=gnu11 -g3 -DDEBUG -DUSE_HAL_DRIVER -DSTM32F103xB -c -I../Core/Inc -I"C:/Users/Samuel/Software/arduor_controller_lw/stm_32_quadrature_encoder_to_usb_midi/quadrature_to_usb_midi/Middlewares/ST/STM32_USB_Device_Library/Class/MIDI/Inc" -I../Drivers/STM32F1xx_HAL_Driver/Inc -I../Drivers/STM32F1xx_HAL_Driver/Inc/Legacy -I../Drivers/CMSIS/Device/ST/STM32F1xx/Include -I../Drivers/CMSIS/Include -I../USB_DEVICE/App -I../USB_DEVICE/Target -I../Middlewares/ST/STM32_USB_Device_Library/Core/Inc -I../Middlewares/ST/STM32_USB_Device_Library/Class/HID/Inc -O0 -ffunction-sections -fdata-sections -Wall -fstack-usage -fcyclomatic-complexity -MMD -MP -MF"Core/Src/main.d" -MT"Core/Src/main.o" --specs=nano.specs -mfloat-abi=soft -mthumb -o "Core/Src/main.o"
../Core/Src/main.c: In function 'store_new_value_as_previous':
../Core/Src/main.c:135:6: warning: type of 'encoder_nr' defaults to 'int' [-Wimplicit-int]
  135 | void store_new_value_as_previous(encoder_nr)
      |      ^~~~~~~~~~~~~~~~~~~~~~~~~~~
../Core/Src/main.c: In function 'main':
../Core/Src/main.c:212:15: warning: unused variable 'encoder_nr' [-Wunused-variable]
  212 |           int encoder_nr = counter % ENCODER_QUANTITY;
      |               ^~~~~~~~~~
arm-none-eabi-gcc -o "quadrature_to_usb_midi.elf" @"objects.list"   -mcpu=cortex-m3 -T"C:\Users\Samuel\Software\arduor_controller_lw\stm_32_quadrature_encoder_to_usb_midi\quadrature_to_usb_midi\STM32F103C8TX_FLASH.ld" --specs=nosys.specs -Wl,-Map="quadrature_to_usb_midi.map" -Wl,--gc-sections -static --specs=nano.specs -mfloat-abi=soft -mthumb -Wl,--start-group -lc -lm -Wl,--end-group
Finished building target: quadrature_to_usb_midi.elf
 
arm-none-eabi-size  quadrature_to_usb_midi.elf 
arm-none-eabi-objdump -h -S quadrature_to_usb_midi.elf  > "quadrature_to_usb_midi.list"
   text	   data	    bss	    dec	    hex	filename
  40680	    356	   3940	  44976	   afb0	quadrature_to_usb_midi.elf
Finished building: default.size.stdout
 
Finished building: quadrature_to_usb_midi.list
 
00:12:04 **** Incremental Build of configuration Debug for project quadrature_to_usb_midi ****
make -j28 all 
arm-none-eabi-size  quadrature_to_usb_midi.elf 
   text	   data	    bss	    dec	    hex	filename
  40680	    356	   3940	  44976	   afb0	quadrature_to_usb_midi.elf
Finished building: default.size.stdout
 
00:12:30 **** Incremental Build of configuration Debug for project quadrature_to_usb_midi ****
make -j28 all 
arm-none-eabi-gcc "../Core/Src/main.c" -mcpu=cortex-m3 -std=gnu11 -g3 -DDEBUG -DUSE_HAL_DRIVER -DSTM32F103xB -c -I../Core/Inc -I"C:/Users/Samuel/Software/arduor_controller_lw/stm_32_quadrature_encoder_to_usb_midi/quadrature_to_usb_midi/Middlewares/ST/STM32_USB_Device_Library/Class/MIDI/Inc" -I../Drivers/STM32F1xx_HAL_Driver/Inc -I../Drivers/STM32F1xx_HAL_Driver/Inc/Legacy -I../Drivers/CMSIS/Device/ST/STM32F1xx/Include -I../Drivers/CMSIS/Include -I../USB_DEVICE/App -I../USB_DEVICE/Target -I../Middlewares/ST/STM32_USB_Device_Library/Core/Inc -I../Middlewares/ST/STM32_USB_Device_Library/Class/HID/Inc -O0 -ffunction-sections -fdata-sections -Wall -fstack-usage -fcyclomatic-complexity -MMD -MP -MF"Core/Src/main.d" -MT"Core/Src/main.o" --specs=nano.specs -mfloat-abi=soft -mthumb -o "Core/Src/main.o"
../Core/Src/main.c: In function 'store_new_value_as_previous':
../Core/Src/main.c:135:6: warning: type of 'encoder_nr' defaults to 'int' [-Wimplicit-int]
  135 | void store_new_value_as_previous(encoder_nr)
      |      ^~~~~~~~~~~~~~~~~~~~~~~~~~~
../Core/Src/main.c: In function 'main':
../Core/Src/main.c:212:15: warning: unused variable 'encoder_nr' [-Wunused-variable]
  212 |           int encoder_nr = counter % ENCODER_QUANTITY;
      |               ^~~~~~~~~~
arm-none-eabi-gcc -o "quadrature_to_usb_midi.elf" @"objects.list"   -mcpu=cortex-m3 -T"C:\Users\Samuel\Software\arduor_controller_lw\stm_32_quadrature_encoder_to_usb_midi\quadrature_to_usb_midi\STM32F103C8TX_FLASH.ld" --specs=nosys.specs -Wl,-Map="quadrature_to_usb_midi.map" -Wl,--gc-sections -static --specs=nano.specs -mfloat-abi=soft -mthumb -Wl,--start-group -lc -lm -Wl,--end-group
Finished building target: quadrature_to_usb_midi.elf
 
arm-none-eabi-size  quadrature_to_usb_midi.elf 
arm-none-eabi-objdump -h -S quadrature_to_usb_midi.elf  > "quadrature_to_usb_midi.list"
   text	   data	    bss	    dec	    hex	filename
  40680	    356	   3940	  44976	   afb0	quadrature_to_usb_midi.elf
Finished building: default.size.stdout
 
Finished building: quadrature_to_usb_midi.list
 
00:13:44 **** Incremental Build of configuration Debug for project quadrature_to_usb_midi ****
make -j28 all 
arm-none-eabi-gcc "../Core/Src/main.c" -mcpu=cortex-m3 -std=gnu11 -g3 -DDEBUG -DUSE_HAL_DRIVER -DSTM32F103xB -c -I../Core/Inc -I"C:/Users/Samuel/Software/arduor_controller_lw/stm_32_quadrature_encoder_to_usb_midi/quadrature_to_usb_midi/Middlewares/ST/STM32_USB_Device_Library/Class/MIDI/Inc" -I../Drivers/STM32F1xx_HAL_Driver/Inc -I../Drivers/STM32F1xx_HAL_Driver/Inc/Legacy -I../Drivers/CMSIS/Device/ST/STM32F1xx/Include -I../Drivers/CMSIS/Include -I../USB_DEVICE/App -I../USB_DEVICE/Target -I../Middlewares/ST/STM32_USB_Device_Library/Core/Inc -I../Middlewares/ST/STM32_USB_Device_Library/Class/HID/Inc -O0 -ffunction-sections -fdata-sections -Wall -fstack-usage -fcyclomatic-complexity -MMD -MP -MF"Core/Src/main.d" -MT"Core/Src/main.o" --specs=nano.specs -mfloat-abi=soft -mthumb -o "Core/Src/main.o"
../Core/Src/main.c: In function 'store_new_value_as_previous':
../Core/Src/main.c:135:6: warning: type of 'encoder_nr' defaults to 'int' [-Wimplicit-int]
  135 | void store_new_value_as_previous(encoder_nr)
      |      ^~~~~~~~~~~~~~~~~~~~~~~~~~~
../Core/Src/main.c: In function 'main':
../Core/Src/main.c:225:28: warning: unsigned conversion from 'int' to 'uint8_t' {aka 'unsigned char'} changes value from '2002' to '210' [-Woverflow]
  225 |           data_buffer[0] = 2002;
      |                            ^~~~
../Core/Src/main.c:212:15: warning: unused variable 'encoder_nr' [-Wunused-variable]
  212 |           int encoder_nr = counter % ENCODER_QUANTITY;
      |               ^~~~~~~~~~
arm-none-eabi-gcc -o "quadrature_to_usb_midi.elf" @"objects.list"   -mcpu=cortex-m3 -T"C:\Users\Samuel\Software\arduor_controller_lw\stm_32_quadrature_encoder_to_usb_midi\quadrature_to_usb_midi\STM32F103C8TX_FLASH.ld" --specs=nosys.specs -Wl,-Map="quadrature_to_usb_midi.map" -Wl,--gc-sections -static --specs=nano.specs -mfloat-abi=soft -mthumb -Wl,--start-group -lc -lm -Wl,--end-group
Finished building target: quadrature_to_usb_midi.elf
 
arm-none-eabi-size  quadrature_to_usb_midi.elf 
arm-none-eabi-objdump -h -S quadrature_to_usb_midi.elf  > "quadrature_to_usb_midi.list"
   text	   data	    bss	    dec	    hex	filename
  39320	    356	   3940	  43616	   aa60	quadrature_to_usb_midi.elf
Finished building: default.size.stdout
 
Finished building: quadrature_to_usb_midi.list
 
00:22:42 **** Incremental Build of configuration Debug for project quadrature_to_usb_midi ****
make -j28 all 
arm-none-eabi-gcc "../Core/Src/main.c" -mcpu=cortex-m3 -std=gnu11 -g3 -DDEBUG -DUSE_HAL_DRIVER -DSTM32F103xB -c -I../Core/Inc -I"C:/Users/Samuel/Software/arduor_controller_lw/stm_32_quadrature_encoder_to_usb_midi/quadrature_to_usb_midi/Middlewares/ST/STM32_USB_Device_Library/Class/MIDI/Inc" -I../Drivers/STM32F1xx_HAL_Driver/Inc -I../Drivers/STM32F1xx_HAL_Driver/Inc/Legacy -I../Drivers/CMSIS/Device/ST/STM32F1xx/Include -I../Drivers/CMSIS/Include -I../USB_DEVICE/App -I../USB_DEVICE/Target -I../Middlewares/ST/STM32_USB_Device_Library/Core/Inc -I../Middlewares/ST/STM32_USB_Device_Library/Class/HID/Inc -O0 -ffunction-sections -fdata-sections -Wall -fstack-usage -fcyclomatic-complexity -MMD -MP -MF"Core/Src/main.d" -MT"Core/Src/main.o" --specs=nano.specs -mfloat-abi=soft -mthumb -o "Core/Src/main.o"
../Core/Src/main.c: In function 'store_new_value_as_previous':
../Core/Src/main.c:135:6: warning: type of 'encoder_nr' defaults to 'int' [-Wimplicit-int]
  135 | void store_new_value_as_previous(encoder_nr)
      |      ^~~~~~~~~~~~~~~~~~~~~~~~~~~
../Core/Src/main.c: In function 'main':
../Core/Src/main.c:227:28: warning: unsigned conversion from 'int' to 'uint8_t' {aka 'unsigned char'} changes value from '2002' to '210' [-Woverflow]
  227 |           data_buffer[0] = 2002;
      |                            ^~~~
../Core/Src/main.c:214:15: warning: unused variable 'encoder_nr' [-Wunused-variable]
  214 |           int encoder_nr = counter % ENCODER_QUANTITY;
      |               ^~~~~~~~~~
arm-none-eabi-gcc -o "quadrature_to_usb_midi.elf" @"objects.list"   -mcpu=cortex-m3 -T"C:\Users\Samuel\Software\arduor_controller_lw\stm_32_quadrature_encoder_to_usb_midi\quadrature_to_usb_midi\STM32F103C8TX_FLASH.ld" --specs=nosys.specs -Wl,-Map="quadrature_to_usb_midi.map" -Wl,--gc-sections -static --specs=nano.specs -mfloat-abi=soft -mthumb -Wl,--start-group -lc -lm -Wl,--end-group
Finished building target: quadrature_to_usb_midi.elf
 
arm-none-eabi-size  quadrature_to_usb_midi.elf 
arm-none-eabi-objdump -h -S quadrature_to_usb_midi.elf  > "quadrature_to_usb_midi.list"
   text	   data	    bss	    dec	    hex	filename
  39320	    356	   3940	  43616	   aa60	quadrature_to_usb_midi.elf
Finished building: default.size.stdout
 
Finished building: quadrature_to_usb_midi.list
 
00:23:03 **** Incremental Build of configuration Debug for project quadrature_to_usb_midi ****
make -j28 all 
arm-none-eabi-gcc "../Core/Src/main.c" -mcpu=cortex-m3 -std=gnu11 -g3 -DDEBUG -DUSE_HAL_DRIVER -DSTM32F103xB -c -I../Core/Inc -I"C:/Users/Samuel/Software/arduor_controller_lw/stm_32_quadrature_encoder_to_usb_midi/quadrature_to_usb_midi/Middlewares/ST/STM32_USB_Device_Library/Class/MIDI/Inc" -I../Drivers/STM32F1xx_HAL_Driver/Inc -I../Drivers/STM32F1xx_HAL_Driver/Inc/Legacy -I../Drivers/CMSIS/Device/ST/STM32F1xx/Include -I../Drivers/CMSIS/Include -I../USB_DEVICE/App -I../USB_DEVICE/Target -I../Middlewares/ST/STM32_USB_Device_Library/Core/Inc -I../Middlewares/ST/STM32_USB_Device_Library/Class/HID/Inc -O0 -ffunction-sections -fdata-sections -Wall -fstack-usage -fcyclomatic-complexity -MMD -MP -MF"Core/Src/main.d" -MT"Core/Src/main.o" --specs=nano.specs -mfloat-abi=soft -mthumb -o "Core/Src/main.o"
../Core/Src/main.c: In function 'store_new_value_as_previous':
../Core/Src/main.c:135:6: warning: type of 'encoder_nr' defaults to 'int' [-Wimplicit-int]
  135 | void store_new_value_as_previous(encoder_nr)
      |      ^~~~~~~~~~~~~~~~~~~~~~~~~~~
../Core/Src/main.c: In function 'main':
../Core/Src/main.c:214:15: warning: unused variable 'encoder_nr' [-Wunused-variable]
  214 |           int encoder_nr = counter % ENCODER_QUANTITY;
      |               ^~~~~~~~~~
arm-none-eabi-gcc -o "quadrature_to_usb_midi.elf" @"objects.list"   -mcpu=cortex-m3 -T"C:\Users\Samuel\Software\arduor_controller_lw\stm_32_quadrature_encoder_to_usb_midi\quadrature_to_usb_midi\STM32F103C8TX_FLASH.ld" --specs=nosys.specs -Wl,-Map="quadrature_to_usb_midi.map" -Wl,--gc-sections -static --specs=nano.specs -mfloat-abi=soft -mthumb -Wl,--start-group -lc -lm -Wl,--end-group
Finished building target: quadrature_to_usb_midi.elf
 
arm-none-eabi-size  quadrature_to_usb_midi.elf 
arm-none-eabi-objdump -h -S quadrature_to_usb_midi.elf  > "quadrature_to_usb_midi.list"
   text	   data	    bss	    dec	    hex	filename
  41852	    356	   3940	  46148	   b444	quadrature_to_usb_midi.elf
Finished building: default.size.stdout
 
Finished building: quadrature_to_usb_midi.list
 
14:16:55 **** Incremental Build of configuration Debug for project quadrature_to_usb_midi ****
make -j28 all 
arm-none-eabi-gcc "../Core/Src/main.c" -mcpu=cortex-m3 -std=gnu11 -g3 -DDEBUG -DUSE_HAL_DRIVER -DSTM32F103xB -c -I../Core/Inc -I"C:/Users/Samuel/Software/arduor_controller_lw/stm_32_quadrature_encoder_to_usb_midi/quadrature_to_usb_midi/Middlewares/ST/STM32_USB_Device_Library/Class/MIDI/Inc" -I../Drivers/STM32F1xx_HAL_Driver/Inc -I../Drivers/STM32F1xx_HAL_Driver/Inc/Legacy -I../Drivers/CMSIS/Device/ST/STM32F1xx/Include -I../Drivers/CMSIS/Include -I../USB_DEVICE/App -I../USB_DEVICE/Target -I../Middlewares/ST/STM32_USB_Device_Library/Core/Inc -I../Middlewares/ST/STM32_USB_Device_Library/Class/HID/Inc -O0 -ffunction-sections -fdata-sections -Wall -fstack-usage -fcyclomatic-complexity -MMD -MP -MF"Core/Src/main.d" -MT"Core/Src/main.o" --specs=nano.specs -mfloat-abi=soft -mthumb -o "Core/Src/main.o"
../Core/Src/main.c: In function 'store_new_value_as_previous':
../Core/Src/main.c:136:6: warning: type of 'encoder_nr' defaults to 'int' [-Wimplicit-int]
  136 | void store_new_value_as_previous(encoder_nr)
      |      ^~~~~~~~~~~~~~~~~~~~~~~~~~~
../Core/Src/main.c: In function 'main':
../Core/Src/main.c:235:15: warning: unused variable 'encoder_nr' [-Wunused-variable]
  235 |           int encoder_nr = counter % ENCODER_QUANTITY;
      |               ^~~~~~~~~~
arm-none-eabi-gcc -o "quadrature_to_usb_midi.elf" @"objects.list"   -mcpu=cortex-m3 -T"C:\Users\Samuel\Software\arduor_controller_lw\stm_32_quadrature_encoder_to_usb_midi\quadrature_to_usb_midi\STM32F103C8TX_FLASH.ld" --specs=nosys.specs -Wl,-Map="quadrature_to_usb_midi.map" -Wl,--gc-sections -static --specs=nano.specs -mfloat-abi=soft -mthumb -Wl,--start-group -lc -lm -Wl,--end-group
Finished building target: quadrature_to_usb_midi.elf
 
arm-none-eabi-size  quadrature_to_usb_midi.elf 
arm-none-eabi-objdump -h -S quadrature_to_usb_midi.elf  > "quadrature_to_usb_midi.list"
   text	   data	    bss	    dec	    hex	filename
  42216	    356	   3956	  46528	   b5c0	quadrature_to_usb_midi.elf
Finished building: default.size.stdout
 
Finished building: quadrature_to_usb_midi.list
 
14:17:33 **** Incremental Build of configuration Debug for project quadrature_to_usb_midi ****
make -j28 all 
arm-none-eabi-gcc "../Core/Src/main.c" -mcpu=cortex-m3 -std=gnu11 -g3 -DDEBUG -DUSE_HAL_DRIVER -DSTM32F103xB -c -I../Core/Inc -I"C:/Users/Samuel/Software/arduor_controller_lw/stm_32_quadrature_encoder_to_usb_midi/quadrature_to_usb_midi/Middlewares/ST/STM32_USB_Device_Library/Class/MIDI/Inc" -I../Drivers/STM32F1xx_HAL_Driver/Inc -I../Drivers/STM32F1xx_HAL_Driver/Inc/Legacy -I../Drivers/CMSIS/Device/ST/STM32F1xx/Include -I../Drivers/CMSIS/Include -I../USB_DEVICE/App -I../USB_DEVICE/Target -I../Middlewares/ST/STM32_USB_Device_Library/Core/Inc -I../Middlewares/ST/STM32_USB_Device_Library/Class/HID/Inc -O0 -ffunction-sections -fdata-sections -Wall -fstack-usage -fcyclomatic-complexity -MMD -MP -MF"Core/Src/main.d" -MT"Core/Src/main.o" --specs=nano.specs -mfloat-abi=soft -mthumb -o "Core/Src/main.o"
../Core/Src/main.c: In function 'store_new_value_as_previous':
../Core/Src/main.c:136:6: warning: type of 'encoder_nr' defaults to 'int' [-Wimplicit-int]
  136 | void store_new_value_as_previous(encoder_nr)
      |      ^~~~~~~~~~~~~~~~~~~~~~~~~~~
../Core/Src/main.c: In function 'main':
../Core/Src/main.c:248:28: warning: unsigned conversion from 'int' to 'uint8_t' {aka 'unsigned char'} changes value from '2002' to '210' [-Woverflow]
  248 |           data_buffer[0] = 2002;
      |                            ^~~~
../Core/Src/main.c:235:15: warning: unused variable 'encoder_nr' [-Wunused-variable]
  235 |           int encoder_nr = counter % ENCODER_QUANTITY;
      |               ^~~~~~~~~~
arm-none-eabi-gcc -o "quadrature_to_usb_midi.elf" @"objects.list"   -mcpu=cortex-m3 -T"C:\Users\Samuel\Software\arduor_controller_lw\stm_32_quadrature_encoder_to_usb_midi\quadrature_to_usb_midi\STM32F103C8TX_FLASH.ld" --specs=nosys.specs -Wl,-Map="quadrature_to_usb_midi.map" -Wl,--gc-sections -static --specs=nano.specs -mfloat-abi=soft -mthumb -Wl,--start-group -lc -lm -Wl,--end-group
Finished building target: quadrature_to_usb_midi.elf
 
arm-none-eabi-size  quadrature_to_usb_midi.elf 
arm-none-eabi-objdump -h -S quadrature_to_usb_midi.elf  > "quadrature_to_usb_midi.list"
   text	   data	    bss	    dec	    hex	filename
  39692	    356	   3956	  44004	   abe4	quadrature_to_usb_midi.elf
Finished building: default.size.stdout
 
Finished building: quadrature_to_usb_midi.list
 
14:17:38 **** Incremental Build of configuration Debug for project quadrature_to_usb_midi ****
make -j28 all 
arm-none-eabi-size  quadrature_to_usb_midi.elf 
   text	   data	    bss	    dec	    hex	filename
  39692	    356	   3956	  44004	   abe4	quadrature_to_usb_midi.elf
Finished building: default.size.stdout
 
14:18:05 **** Incremental Build of configuration Debug for project quadrature_to_usb_midi ****
make -j28 all 
arm-none-eabi-size  quadrature_to_usb_midi.elf 
   text	   data	    bss	    dec	    hex	filename
  39692	    356	   3956	  44004	   abe4	quadrature_to_usb_midi.elf
Finished building: default.size.stdout
 
14:19:05 **** Incremental Build of configuration Debug for project quadrature_to_usb_midi ****
make -j28 all 
arm-none-eabi-gcc "../Core/Src/main.c" -mcpu=cortex-m3 -std=gnu11 -g3 -DDEBUG -DUSE_HAL_DRIVER -DSTM32F103xB -c -I../Core/Inc -I"C:/Users/Samuel/Software/arduor_controller_lw/stm_32_quadrature_encoder_to_usb_midi/quadrature_to_usb_midi/Middlewares/ST/STM32_USB_Device_Library/Class/MIDI/Inc" -I../Drivers/STM32F1xx_HAL_Driver/Inc -I../Drivers/STM32F1xx_HAL_Driver/Inc/Legacy -I../Drivers/CMSIS/Device/ST/STM32F1xx/Include -I../Drivers/CMSIS/Include -I../USB_DEVICE/App -I../USB_DEVICE/Target -I../Middlewares/ST/STM32_USB_Device_Library/Core/Inc -I../Middlewares/ST/STM32_USB_Device_Library/Class/HID/Inc -O0 -ffunction-sections -fdata-sections -Wall -fstack-usage -fcyclomatic-complexity -MMD -MP -MF"Core/Src/main.d" -MT"Core/Src/main.o" --specs=nano.specs -mfloat-abi=soft -mthumb -o "Core/Src/main.o"
../Core/Src/main.c: In function 'store_new_value_as_previous':
../Core/Src/main.c:136:6: warning: type of 'encoder_nr' defaults to 'int' [-Wimplicit-int]
  136 | void store_new_value_as_previous(encoder_nr)
      |      ^~~~~~~~~~~~~~~~~~~~~~~~~~~
../Core/Src/main.c: In function 'main':
../Core/Src/main.c:248:28: warning: unsigned conversion from 'int' to 'uint8_t' {aka 'unsigned char'} changes value from '2002' to '210' [-Woverflow]
  248 |           data_buffer[0] = 2002;
      |                            ^~~~
../Core/Src/main.c:235:15: warning: unused variable 'encoder_nr' [-Wunused-variable]
  235 |           int encoder_nr = counter % ENCODER_QUANTITY;
      |               ^~~~~~~~~~
arm-none-eabi-gcc -o "quadrature_to_usb_midi.elf" @"objects.list"   -mcpu=cortex-m3 -T"C:\Users\Samuel\Software\arduor_controller_lw\stm_32_quadrature_encoder_to_usb_midi\quadrature_to_usb_midi\STM32F103C8TX_FLASH.ld" --specs=nosys.specs -Wl,-Map="quadrature_to_usb_midi.map" -Wl,--gc-sections -static --specs=nano.specs -mfloat-abi=soft -mthumb -Wl,--start-group -lc -lm -Wl,--end-group
Finished building target: quadrature_to_usb_midi.elf
 
arm-none-eabi-size  quadrature_to_usb_midi.elf 
arm-none-eabi-objdump -h -S quadrature_to_usb_midi.elf  > "quadrature_to_usb_midi.list"
   text	   data	    bss	    dec	    hex	filename
  38640	    356	   3956	  42952	   a7c8	quadrature_to_usb_midi.elf
Finished building: default.size.stdout
 
Finished building: quadrature_to_usb_midi.list
 
14:24:20 **** Incremental Build of configuration Debug for project quadrature_to_usb_midi ****
make -j28 all 
arm-none-eabi-gcc "../Core/Src/main.c" -mcpu=cortex-m3 -std=gnu11 -g3 -DDEBUG -DUSE_HAL_DRIVER -DSTM32F103xB -c -I../Core/Inc -I"C:/Users/Samuel/Software/arduor_controller_lw/stm_32_quadrature_encoder_to_usb_midi/quadrature_to_usb_midi/Middlewares/ST/STM32_USB_Device_Library/Class/MIDI/Inc" -I../Drivers/STM32F1xx_HAL_Driver/Inc -I../Drivers/STM32F1xx_HAL_Driver/Inc/Legacy -I../Drivers/CMSIS/Device/ST/STM32F1xx/Include -I../Drivers/CMSIS/Include -I../USB_DEVICE/App -I../USB_DEVICE/Target -I../Middlewares/ST/STM32_USB_Device_Library/Core/Inc -I../Middlewares/ST/STM32_USB_Device_Library/Class/HID/Inc -O0 -ffunction-sections -fdata-sections -Wall -fstack-usage -fcyclomatic-complexity -MMD -MP -MF"Core/Src/main.d" -MT"Core/Src/main.o" --specs=nano.specs -mfloat-abi=soft -mthumb -o "Core/Src/main.o"
../Core/Src/main.c: In function 'store_new_value_as_previous':
../Core/Src/main.c:136:6: warning: type of 'encoder_nr' defaults to 'int' [-Wimplicit-int]
  136 | void store_new_value_as_previous(encoder_nr)
      |      ^~~~~~~~~~~~~~~~~~~~~~~~~~~
../Core/Src/main.c: In function 'receive_i2c_data_from_slave':
../Core/Src/main.c:147:9: warning: implicit declaration of function 'HAL_DELAY'; did you mean 'HAL_Delay'? [-Wimplicit-function-declaration]
  147 |         HAL_DELAY(1000);
      |         ^~~~~~~~~
      |         HAL_Delay
../Core/Src/main.c: In function 'main':
../Core/Src/main.c:237:15: warning: unused variable 'encoder_nr' [-Wunused-variable]
  237 |           int encoder_nr = counter % ENCODER_QUANTITY;
      |               ^~~~~~~~~~
arm-none-eabi-gcc -o "quadrature_to_usb_midi.elf" @"objects.list"   -mcpu=cortex-m3 -T"C:\Users\Samuel\Software\arduor_controller_lw\stm_32_quadrature_encoder_to_usb_midi\quadrature_to_usb_midi\STM32F103C8TX_FLASH.ld" --specs=nosys.specs -Wl,-Map="quadrature_to_usb_midi.map" -Wl,--gc-sections -static --specs=nano.specs -mfloat-abi=soft -mthumb -Wl,--start-group -lc -lm -Wl,--end-group
C:/ST/STM32CubeIDE_1.18.1/STM32CubeIDE/plugins/com.st.stm32cube.ide.mcu.externaltools.gnu-tools-for-stm32.13.3.rel1.win32_1.0.0.202411081344/tools/bin/../lib/gcc/arm-none-eabi/13.3.1/../../../../arm-none-eabi/bin/ld.exe: ./Core/Src/main.o: in function `receive_i2c_data_from_slave':
C:/Users/Samuel/Software/arduor_controller_lw/stm_32_quadrature_encoder_to_usb_midi/quadrature_to_usb_midi/Debug/../Core/Src/main.c:147:(.text.receive_i2c_data_from_slave+0x20): undefined reference to `HAL_DELAY'
collect2.exe: error: ld returned 1 exit status
make: *** [makefile:69: quadrature_to_usb_midi.elf] Error 1
"make -j28 all" terminated with exit code 2. Build might be incomplete.
14:24:42 **** Incremental Build of configuration Debug for project quadrature_to_usb_midi ****
make -j28 all 
arm-none-eabi-gcc "../Core/Src/main.c" -mcpu=cortex-m3 -std=gnu11 -g3 -DDEBUG -DUSE_HAL_DRIVER -DSTM32F103xB -c -I../Core/Inc -I"C:/Users/Samuel/Software/arduor_controller_lw/stm_32_quadrature_encoder_to_usb_midi/quadrature_to_usb_midi/Middlewares/ST/STM32_USB_Device_Library/Class/MIDI/Inc" -I../Drivers/STM32F1xx_HAL_Driver/Inc -I../Drivers/STM32F1xx_HAL_Driver/Inc/Legacy -I../Drivers/CMSIS/Device/ST/STM32F1xx/Include -I../Drivers/CMSIS/Include -I../USB_DEVICE/App -I../USB_DEVICE/Target -I../Middlewares/ST/STM32_USB_Device_Library/Core/Inc -I../Middlewares/ST/STM32_USB_Device_Library/Class/HID/Inc -O0 -ffunction-sections -fdata-sections -Wall -fstack-usage -fcyclomatic-complexity -MMD -MP -MF"Core/Src/main.d" -MT"Core/Src/main.o" --specs=nano.specs -mfloat-abi=soft -mthumb -o "Core/Src/main.o"
../Core/Src/main.c: In function 'store_new_value_as_previous':
../Core/Src/main.c:136:6: warning: type of 'encoder_nr' defaults to 'int' [-Wimplicit-int]
  136 | void store_new_value_as_previous(encoder_nr)
      |      ^~~~~~~~~~~~~~~~~~~~~~~~~~~
../Core/Src/main.c: In function 'main':
../Core/Src/main.c:237:15: warning: unused variable 'encoder_nr' [-Wunused-variable]
  237 |           int encoder_nr = counter % ENCODER_QUANTITY;
      |               ^~~~~~~~~~
arm-none-eabi-gcc -o "quadrature_to_usb_midi.elf" @"objects.list"   -mcpu=cortex-m3 -T"C:\Users\Samuel\Software\arduor_controller_lw\stm_32_quadrature_encoder_to_usb_midi\quadrature_to_usb_midi\STM32F103C8TX_FLASH.ld" --specs=nosys.specs -Wl,-Map="quadrature_to_usb_midi.map" -Wl,--gc-sections -static --specs=nano.specs -mfloat-abi=soft -mthumb -Wl,--start-group -lc -lm -Wl,--end-group
Finished building target: quadrature_to_usb_midi.elf
 
arm-none-eabi-size  quadrature_to_usb_midi.elf 
arm-none-eabi-objdump -h -S quadrature_to_usb_midi.elf  > "quadrature_to_usb_midi.list"
   text	   data	    bss	    dec	    hex	filename
  40440	    356	   3940	  44736	   aec0	quadrature_to_usb_midi.elf
Finished building: default.size.stdout
 
Finished building: quadrature_to_usb_midi.list
 
14:25:07 **** Incremental Build of configuration Debug for project quadrature_to_usb_midi ****
make -j28 all 
arm-none-eabi-size  quadrature_to_usb_midi.elf 
   text	   data	    bss	    dec	    hex	filename
  40440	    356	   3940	  44736	   aec0	quadrature_to_usb_midi.elf
Finished building: default.size.stdout
 
14:26:05 **** Incremental Build of configuration Debug for project quadrature_to_usb_midi ****
make -j28 all 
arm-none-eabi-gcc "../Core/Src/main.c" -mcpu=cortex-m3 -std=gnu11 -g3 -DDEBUG -DUSE_HAL_DRIVER -DSTM32F103xB -c -I../Core/Inc -I"C:/Users/Samuel/Software/arduor_controller_lw/stm_32_quadrature_encoder_to_usb_midi/quadrature_to_usb_midi/Middlewares/ST/STM32_USB_Device_Library/Class/MIDI/Inc" -I../Drivers/STM32F1xx_HAL_Driver/Inc -I../Drivers/STM32F1xx_HAL_Driver/Inc/Legacy -I../Drivers/CMSIS/Device/ST/STM32F1xx/Include -I../Drivers/CMSIS/Include -I../USB_DEVICE/App -I../USB_DEVICE/Target -I../Middlewares/ST/STM32_USB_Device_Library/Core/Inc -I../Middlewares/ST/STM32_USB_Device_Library/Class/HID/Inc -O0 -ffunction-sections -fdata-sections -Wall -fstack-usage -fcyclomatic-complexity -MMD -MP -MF"Core/Src/main.d" -MT"Core/Src/main.o" --specs=nano.specs -mfloat-abi=soft -mthumb -o "Core/Src/main.o"
../Core/Src/main.c: In function 'store_new_value_as_previous':
../Core/Src/main.c:136:6: warning: type of 'encoder_nr' defaults to 'int' [-Wimplicit-int]
  136 | void store_new_value_as_previous(encoder_nr)
      |      ^~~~~~~~~~~~~~~~~~~~~~~~~~~
../Core/Src/main.c: In function 'main':
../Core/Src/main.c:250:28: warning: unsigned conversion from 'int' to 'uint8_t' {aka 'unsigned char'} changes value from '2002' to '210' [-Woverflow]
  250 |           data_buffer[0] = 2002;
      |                            ^~~~
../Core/Src/main.c:237:15: warning: unused variable 'encoder_nr' [-Wunused-variable]
  237 |           int encoder_nr = counter % ENCODER_QUANTITY;
      |               ^~~~~~~~~~
arm-none-eabi-gcc -o "quadrature_to_usb_midi.elf" @"objects.list"   -mcpu=cortex-m3 -T"C:\Users\Samuel\Software\arduor_controller_lw\stm_32_quadrature_encoder_to_usb_midi\quadrature_to_usb_midi\STM32F103C8TX_FLASH.ld" --specs=nosys.specs -Wl,-Map="quadrature_to_usb_midi.map" -Wl,--gc-sections -static --specs=nano.specs -mfloat-abi=soft -mthumb -Wl,--start-group -lc -lm -Wl,--end-group
Finished building target: quadrature_to_usb_midi.elf
 
arm-none-eabi-size  quadrature_to_usb_midi.elf 
arm-none-eabi-objdump -h -S quadrature_to_usb_midi.elf  > "quadrature_to_usb_midi.list"
   text	   data	    bss	    dec	    hex	filename
  38640	    356	   3956	  42952	   a7c8	quadrature_to_usb_midi.elf
Finished building: default.size.stdout
 
Finished building: quadrature_to_usb_midi.list
 
14:26:25 **** Incremental Build of configuration Debug for project quadrature_to_usb_midi ****
make -j28 all 
arm-none-eabi-size  quadrature_to_usb_midi.elf 
   text	   data	    bss	    dec	    hex	filename
  38640	    356	   3956	  42952	   a7c8	quadrature_to_usb_midi.elf
Finished building: default.size.stdout
 
14:28:03 **** Incremental Build of configuration Debug for project quadrature_to_usb_midi ****
make -j28 all 
arm-none-eabi-gcc "../Core/Src/main.c" -mcpu=cortex-m3 -std=gnu11 -g3 -DDEBUG -DUSE_HAL_DRIVER -DSTM32F103xB -c -I../Core/Inc -I"C:/Users/Samuel/Software/arduor_controller_lw/stm_32_quadrature_encoder_to_usb_midi/quadrature_to_usb_midi/Middlewares/ST/STM32_USB_Device_Library/Class/MIDI/Inc" -I../Drivers/STM32F1xx_HAL_Driver/Inc -I../Drivers/STM32F1xx_HAL_Driver/Inc/Legacy -I../Drivers/CMSIS/Device/ST/STM32F1xx/Include -I../Drivers/CMSIS/Include -I../USB_DEVICE/App -I../USB_DEVICE/Target -I../Middlewares/ST/STM32_USB_Device_Library/Core/Inc -I../Middlewares/ST/STM32_USB_Device_Library/Class/HID/Inc -O0 -ffunction-sections -fdata-sections -Wall -fstack-usage -fcyclomatic-complexity -MMD -MP -MF"Core/Src/main.d" -MT"Core/Src/main.o" --specs=nano.specs -mfloat-abi=soft -mthumb -o "Core/Src/main.o"
../Core/Src/main.c: In function 'store_new_value_as_previous':
../Core/Src/main.c:136:6: warning: type of 'encoder_nr' defaults to 'int' [-Wimplicit-int]
  136 | void store_new_value_as_previous(encoder_nr)
      |      ^~~~~~~~~~~~~~~~~~~~~~~~~~~
../Core/Src/main.c: In function 'main':
../Core/Src/main.c:233:28: warning: unsigned conversion from 'int' to 'uint8_t' {aka 'unsigned char'} changes value from '2002' to '210' [-Woverflow]
  233 |           data_buffer[0] = 2002;
      |                            ^~~~
../Core/Src/main.c:240:15: warning: unused variable 'encoder_nr' [-Wunused-variable]
  240 |           int encoder_nr = counter % ENCODER_QUANTITY;
      |               ^~~~~~~~~~
arm-none-eabi-gcc -o "quadrature_to_usb_midi.elf" @"objects.list"   -mcpu=cortex-m3 -T"C:\Users\Samuel\Software\arduor_controller_lw\stm_32_quadrature_encoder_to_usb_midi\quadrature_to_usb_midi\STM32F103C8TX_FLASH.ld" --specs=nosys.specs -Wl,-Map="quadrature_to_usb_midi.map" -Wl,--gc-sections -static --specs=nano.specs -mfloat-abi=soft -mthumb -Wl,--start-group -lc -lm -Wl,--end-group
Finished building target: quadrature_to_usb_midi.elf
 
arm-none-eabi-size  quadrature_to_usb_midi.elf 
arm-none-eabi-objdump -h -S quadrature_to_usb_midi.elf  > "quadrature_to_usb_midi.list"
   text	   data	    bss	    dec	    hex	filename
  38640	    356	   3956	  42952	   a7c8	quadrature_to_usb_midi.elf
Finished building: default.size.stdout
 
Finished building: quadrature_to_usb_midi.list
 
14:30:08 **** Incremental Build of configuration Debug for project quadrature_to_usb_midi ****
make -j28 all 
arm-none-eabi-gcc "../Core/Src/main.c" -mcpu=cortex-m3 -std=gnu11 -g3 -DDEBUG -DUSE_HAL_DRIVER -DSTM32F103xB -c -I../Core/Inc -I"C:/Users/Samuel/Software/arduor_controller_lw/stm_32_quadrature_encoder_to_usb_midi/quadrature_to_usb_midi/Middlewares/ST/STM32_USB_Device_Library/Class/MIDI/Inc" -I../Drivers/STM32F1xx_HAL_Driver/Inc -I../Drivers/STM32F1xx_HAL_Driver/Inc/Legacy -I../Drivers/CMSIS/Device/ST/STM32F1xx/Include -I../Drivers/CMSIS/Include -I../USB_DEVICE/App -I../USB_DEVICE/Target -I../Middlewares/ST/STM32_USB_Device_Library/Core/Inc -I../Middlewares/ST/STM32_USB_Device_Library/Class/HID/Inc -O0 -ffunction-sections -fdata-sections -Wall -fstack-usage -fcyclomatic-complexity -MMD -MP -MF"Core/Src/main.d" -MT"Core/Src/main.o" --specs=nano.specs -mfloat-abi=soft -mthumb -o "Core/Src/main.o"
../Core/Src/main.c: In function 'store_new_value_as_previous':
../Core/Src/main.c:136:6: warning: type of 'encoder_nr' defaults to 'int' [-Wimplicit-int]
  136 | void store_new_value_as_previous(encoder_nr)
      |      ^~~~~~~~~~~~~~~~~~~~~~~~~~~
../Core/Src/main.c: In function 'HAL_I2C_SlaveRxCpltCallback':
../Core/Src/main.c:180:9: error: 'count' undeclared (first use in this function)
  180 |         count++;
      |         ^~~~~
../Core/Src/main.c:180:9: note: each undeclared identifier is reported only once for each function it appears in
../Core/Src/main.c: In function 'main':
../Core/Src/main.c:238:28: warning: unsigned conversion from 'int' to 'uint8_t' {aka 'unsigned char'} changes value from '2002' to '210' [-Woverflow]
  238 |           data_buffer[0] = 2002;
      |                            ^~~~
../Core/Src/main.c:245:15: warning: unused variable 'encoder_nr' [-Wunused-variable]
  245 |           int encoder_nr = counter % ENCODER_QUANTITY;
      |               ^~~~~~~~~~
make: *** [Core/Src/subdir.mk:34: Core/Src/main.o] Error 1
"make -j28 all" terminated with exit code 2. Build might be incomplete.
14:30:41 **** Incremental Build of configuration Debug for project quadrature_to_usb_midi ****
make -j28 all 
arm-none-eabi-gcc "../Core/Src/main.c" -mcpu=cortex-m3 -std=gnu11 -g3 -DDEBUG -DUSE_HAL_DRIVER -DSTM32F103xB -c -I../Core/Inc -I"C:/Users/Samuel/Software/arduor_controller_lw/stm_32_quadrature_encoder_to_usb_midi/quadrature_to_usb_midi/Middlewares/ST/STM32_USB_Device_Library/Class/MIDI/Inc" -I../Drivers/STM32F1xx_HAL_Driver/Inc -I../Drivers/STM32F1xx_HAL_Driver/Inc/Legacy -I../Drivers/CMSIS/Device/ST/STM32F1xx/Include -I../Drivers/CMSIS/Include -I../USB_DEVICE/App -I../USB_DEVICE/Target -I../Middlewares/ST/STM32_USB_Device_Library/Core/Inc -I../Middlewares/ST/STM32_USB_Device_Library/Class/HID/Inc -O0 -ffunction-sections -fdata-sections -Wall -fstack-usage -fcyclomatic-complexity -MMD -MP -MF"Core/Src/main.d" -MT"Core/Src/main.o" --specs=nano.specs -mfloat-abi=soft -mthumb -o "Core/Src/main.o"
../Core/Src/main.c: In function 'store_new_value_as_previous':
../Core/Src/main.c:136:6: warning: type of 'encoder_nr' defaults to 'int' [-Wimplicit-int]
  136 | void store_new_value_as_previous(encoder_nr)
      |      ^~~~~~~~~~~~~~~~~~~~~~~~~~~
../Core/Src/main.c: In function 'main':
../Core/Src/main.c:240:28: warning: unsigned conversion from 'int' to 'uint8_t' {aka 'unsigned char'} changes value from '2002' to '210' [-Woverflow]
  240 |           data_buffer[0] = 2002;
      |                            ^~~~
../Core/Src/main.c:247:15: warning: unused variable 'encoder_nr' [-Wunused-variable]
  247 |           int encoder_nr = counter % ENCODER_QUANTITY;
      |               ^~~~~~~~~~
arm-none-eabi-gcc -o "quadrature_to_usb_midi.elf" @"objects.list"   -mcpu=cortex-m3 -T"C:\Users\Samuel\Software\arduor_controller_lw\stm_32_quadrature_encoder_to_usb_midi\quadrature_to_usb_midi\STM32F103C8TX_FLASH.ld" --specs=nosys.specs -Wl,-Map="quadrature_to_usb_midi.map" -Wl,--gc-sections -static --specs=nano.specs -mfloat-abi=soft -mthumb -Wl,--start-group -lc -lm -Wl,--end-group
Finished building target: quadrature_to_usb_midi.elf
 
arm-none-eabi-size  quadrature_to_usb_midi.elf 
arm-none-eabi-objdump -h -S quadrature_to_usb_midi.elf  > "quadrature_to_usb_midi.list"
   text	   data	    bss	    dec	    hex	filename
  38656	    356	   3956	  42968	   a7d8	quadrature_to_usb_midi.elf
Finished building: default.size.stdout
 
Finished building: quadrature_to_usb_midi.list
 
14:30:45 **** Incremental Build of configuration Debug for project quadrature_to_usb_midi ****
make -j28 all 
arm-none-eabi-size  quadrature_to_usb_midi.elf 
   text	   data	    bss	    dec	    hex	filename
  38656	    356	   3956	  42968	   a7d8	quadrature_to_usb_midi.elf
Finished building: default.size.stdout
 
14:32:14 **** Incremental Build of configuration Debug for project quadrature_to_usb_midi ****
make -j28 all 
arm-none-eabi-gcc "../Core/Src/main.c" -mcpu=cortex-m3 -std=gnu11 -g3 -DDEBUG -DUSE_HAL_DRIVER -DSTM32F103xB -c -I../Core/Inc -I"C:/Users/Samuel/Software/arduor_controller_lw/stm_32_quadrature_encoder_to_usb_midi/quadrature_to_usb_midi/Middlewares/ST/STM32_USB_Device_Library/Class/MIDI/Inc" -I../Drivers/STM32F1xx_HAL_Driver/Inc -I../Drivers/STM32F1xx_HAL_Driver/Inc/Legacy -I../Drivers/CMSIS/Device/ST/STM32F1xx/Include -I../Drivers/CMSIS/Include -I../USB_DEVICE/App -I../USB_DEVICE/Target -I../Middlewares/ST/STM32_USB_Device_Library/Core/Inc -I../Middlewares/ST/STM32_USB_Device_Library/Class/HID/Inc -O0 -ffunction-sections -fdata-sections -Wall -fstack-usage -fcyclomatic-complexity -MMD -MP -MF"Core/Src/main.d" -MT"Core/Src/main.o" --specs=nano.specs -mfloat-abi=soft -mthumb -o "Core/Src/main.o"
../Core/Src/main.c: In function 'store_new_value_as_previous':
../Core/Src/main.c:136:6: warning: type of 'encoder_nr' defaults to 'int' [-Wimplicit-int]
  136 | void store_new_value_as_previous(encoder_nr)
      |      ^~~~~~~~~~~~~~~~~~~~~~~~~~~
../Core/Src/main.c: In function 'main':
../Core/Src/main.c:240:28: warning: unsigned conversion from 'int' to 'uint8_t' {aka 'unsigned char'} changes value from '2002' to '210' [-Woverflow]
  240 |           data_buffer[0] = 2002;
      |                            ^~~~
../Core/Src/main.c:247:15: warning: unused variable 'encoder_nr' [-Wunused-variable]
  247 |           int encoder_nr = counter % ENCODER_QUANTITY;
      |               ^~~~~~~~~~
arm-none-eabi-gcc -o "quadrature_to_usb_midi.elf" @"objects.list"   -mcpu=cortex-m3 -T"C:\Users\Samuel\Software\arduor_controller_lw\stm_32_quadrature_encoder_to_usb_midi\quadrature_to_usb_midi\STM32F103C8TX_FLASH.ld" --specs=nosys.specs -Wl,-Map="quadrature_to_usb_midi.map" -Wl,--gc-sections -static --specs=nano.specs -mfloat-abi=soft -mthumb -Wl,--start-group -lc -lm -Wl,--end-group
Finished building target: quadrature_to_usb_midi.elf
 
arm-none-eabi-size  quadrature_to_usb_midi.elf 
arm-none-eabi-objdump -h -S quadrature_to_usb_midi.elf  > "quadrature_to_usb_midi.list"
   text	   data	    bss	    dec	    hex	filename
  38656	    356	   3956	  42968	   a7d8	quadrature_to_usb_midi.elf
Finished building: default.size.stdout
 
Finished building: quadrature_to_usb_midi.list
 
14:32:21 **** Incremental Build of configuration Debug for project quadrature_to_usb_midi ****
make -j28 all 
arm-none-eabi-gcc "../Core/Src/main.c" -mcpu=cortex-m3 -std=gnu11 -g3 -DDEBUG -DUSE_HAL_DRIVER -DSTM32F103xB -c -I../Core/Inc -I"C:/Users/Samuel/Software/arduor_controller_lw/stm_32_quadrature_encoder_to_usb_midi/quadrature_to_usb_midi/Middlewares/ST/STM32_USB_Device_Library/Class/MIDI/Inc" -I../Drivers/STM32F1xx_HAL_Driver/Inc -I../Drivers/STM32F1xx_HAL_Driver/Inc/Legacy -I../Drivers/CMSIS/Device/ST/STM32F1xx/Include -I../Drivers/CMSIS/Include -I../USB_DEVICE/App -I../USB_DEVICE/Target -I../Middlewares/ST/STM32_USB_Device_Library/Core/Inc -I../Middlewares/ST/STM32_USB_Device_Library/Class/HID/Inc -O0 -ffunction-sections -fdata-sections -Wall -fstack-usage -fcyclomatic-complexity -MMD -MP -MF"Core/Src/main.d" -MT"Core/Src/main.o" --specs=nano.specs -mfloat-abi=soft -mthumb -o "Core/Src/main.o"
../Core/Src/main.c: In function 'store_new_value_as_previous':
../Core/Src/main.c:136:6: warning: type of 'encoder_nr' defaults to 'int' [-Wimplicit-int]
  136 | void store_new_value_as_previous(encoder_nr)
      |      ^~~~~~~~~~~~~~~~~~~~~~~~~~~
../Core/Src/main.c: In function 'main':
../Core/Src/main.c:240:28: warning: unsigned conversion from 'int' to 'uint8_t' {aka 'unsigned char'} changes value from '2002' to '210' [-Woverflow]
  240 |           data_buffer[0] = 2002;
      |                            ^~~~
../Core/Src/main.c:247:15: warning: unused variable 'encoder_nr' [-Wunused-variable]
  247 |           int encoder_nr = counter % ENCODER_QUANTITY;
      |               ^~~~~~~~~~
arm-none-eabi-gcc -o "quadrature_to_usb_midi.elf" @"objects.list"   -mcpu=cortex-m3 -T"C:\Users\Samuel\Software\arduor_controller_lw\stm_32_quadrature_encoder_to_usb_midi\quadrature_to_usb_midi\STM32F103C8TX_FLASH.ld" --specs=nosys.specs -Wl,-Map="quadrature_to_usb_midi.map" -Wl,--gc-sections -static --specs=nano.specs -mfloat-abi=soft -mthumb -Wl,--start-group -lc -lm -Wl,--end-group
Finished building target: quadrature_to_usb_midi.elf
 
arm-none-eabi-size  quadrature_to_usb_midi.elf 
arm-none-eabi-objdump -h -S quadrature_to_usb_midi.elf  > "quadrature_to_usb_midi.list"
   text	   data	    bss	    dec	    hex	filename
  38656	    356	   3956	  42968	   a7d8	quadrature_to_usb_midi.elf
Finished building: default.size.stdout
 
Finished building: quadrature_to_usb_midi.list
 
14:32:49 **** Incremental Build of configuration Debug for project quadrature_to_usb_midi ****
make -j28 all 
arm-none-eabi-size  quadrature_to_usb_midi.elf 
   text	   data	    bss	    dec	    hex	filename
  38656	    356	   3956	  42968	   a7d8	quadrature_to_usb_midi.elf
Finished building: default.size.stdout
 
14:35:46 **** Incremental Build of configuration Debug for project quadrature_to_usb_midi ****
make -j28 all 
arm-none-eabi-gcc "../Core/Src/main.c" -mcpu=cortex-m3 -std=gnu11 -g3 -DDEBUG -DUSE_HAL_DRIVER -DSTM32F103xB -c -I../Core/Inc -I"C:/Users/Samuel/Software/arduor_controller_lw/stm_32_quadrature_encoder_to_usb_midi/quadrature_to_usb_midi/Middlewares/ST/STM32_USB_Device_Library/Class/MIDI/Inc" -I../Drivers/STM32F1xx_HAL_Driver/Inc -I../Drivers/STM32F1xx_HAL_Driver/Inc/Legacy -I../Drivers/CMSIS/Device/ST/STM32F1xx/Include -I../Drivers/CMSIS/Include -I../USB_DEVICE/App -I../USB_DEVICE/Target -I../Middlewares/ST/STM32_USB_Device_Library/Core/Inc -I../Middlewares/ST/STM32_USB_Device_Library/Class/HID/Inc -O0 -ffunction-sections -fdata-sections -Wall -fstack-usage -fcyclomatic-complexity -MMD -MP -MF"Core/Src/main.d" -MT"Core/Src/main.o" --specs=nano.specs -mfloat-abi=soft -mthumb -o "Core/Src/main.o"
../Core/Src/main.c: In function 'store_new_value_as_previous':
../Core/Src/main.c:136:6: warning: type of 'encoder_nr' defaults to 'int' [-Wimplicit-int]
  136 | void store_new_value_as_previous(encoder_nr)
      |      ^~~~~~~~~~~~~~~~~~~~~~~~~~~
../Core/Src/main.c: In function 'main':
../Core/Src/main.c:247:15: warning: unused variable 'encoder_nr' [-Wunused-variable]
  247 |           int encoder_nr = counter % ENCODER_QUANTITY;
      |               ^~~~~~~~~~
arm-none-eabi-gcc -o "quadrature_to_usb_midi.elf" @"objects.list"   -mcpu=cortex-m3 -T"C:\Users\Samuel\Software\arduor_controller_lw\stm_32_quadrature_encoder_to_usb_midi\quadrature_to_usb_midi\STM32F103C8TX_FLASH.ld" --specs=nosys.specs -Wl,-Map="quadrature_to_usb_midi.map" -Wl,--gc-sections -static --specs=nano.specs -mfloat-abi=soft -mthumb -Wl,--start-group -lc -lm -Wl,--end-group
Finished building target: quadrature_to_usb_midi.elf
 
arm-none-eabi-size  quadrature_to_usb_midi.elf 
arm-none-eabi-objdump -h -S quadrature_to_usb_midi.elf  > "quadrature_to_usb_midi.list"
   text	   data	    bss	    dec	    hex	filename
  40456	    356	   3948	  44760	   aed8	quadrature_to_usb_midi.elf
Finished building: default.size.stdout
 
Finished building: quadrature_to_usb_midi.list
 
14:37:38 **** Incremental Build of configuration Debug for project quadrature_to_usb_midi ****
make -j28 all 
arm-none-eabi-size  quadrature_to_usb_midi.elf 
   text	   data	    bss	    dec	    hex	filename
  40456	    356	   3948	  44760	   aed8	quadrature_to_usb_midi.elf
Finished building: default.size.stdout
 
14:38:22 **** Incremental Build of configuration Debug for project quadrature_to_usb_midi ****
make -j28 all 
arm-none-eabi-gcc "../Core/Src/main.c" -mcpu=cortex-m3 -std=gnu11 -g3 -DDEBUG -DUSE_HAL_DRIVER -DSTM32F103xB -c -I../Core/Inc -I"C:/Users/Samuel/Software/arduor_controller_lw/stm_32_quadrature_encoder_to_usb_midi/quadrature_to_usb_midi/Middlewares/ST/STM32_USB_Device_Library/Class/MIDI/Inc" -I../Drivers/STM32F1xx_HAL_Driver/Inc -I../Drivers/STM32F1xx_HAL_Driver/Inc/Legacy -I../Drivers/CMSIS/Device/ST/STM32F1xx/Include -I../Drivers/CMSIS/Include -I../USB_DEVICE/App -I../USB_DEVICE/Target -I../Middlewares/ST/STM32_USB_Device_Library/Core/Inc -I../Middlewares/ST/STM32_USB_Device_Library/Class/HID/Inc -O0 -ffunction-sections -fdata-sections -Wall -fstack-usage -fcyclomatic-complexity -MMD -MP -MF"Core/Src/main.d" -MT"Core/Src/main.o" --specs=nano.specs -mfloat-abi=soft -mthumb -o "Core/Src/main.o"
../Core/Src/main.c: In function 'store_new_value_as_previous':
../Core/Src/main.c:136:6: warning: type of 'encoder_nr' defaults to 'int' [-Wimplicit-int]
  136 | void store_new_value_as_previous(encoder_nr)
      |      ^~~~~~~~~~~~~~~~~~~~~~~~~~~
../Core/Src/main.c: In function 'main':
../Core/Src/main.c:240:28: warning: unsigned conversion from 'int' to 'uint8_t' {aka 'unsigned char'} changes value from '2002' to '210' [-Woverflow]
  240 |           data_buffer[0] = 2002;
      |                            ^~~~
../Core/Src/main.c:247:15: warning: unused variable 'encoder_nr' [-Wunused-variable]
  247 |           int encoder_nr = counter % ENCODER_QUANTITY;
      |               ^~~~~~~~~~
arm-none-eabi-gcc -o "quadrature_to_usb_midi.elf" @"objects.list"   -mcpu=cortex-m3 -T"C:\Users\Samuel\Software\arduor_controller_lw\stm_32_quadrature_encoder_to_usb_midi\quadrature_to_usb_midi\STM32F103C8TX_FLASH.ld" --specs=nosys.specs -Wl,-Map="quadrature_to_usb_midi.map" -Wl,--gc-sections -static --specs=nano.specs -mfloat-abi=soft -mthumb -Wl,--start-group -lc -lm -Wl,--end-group
Finished building target: quadrature_to_usb_midi.elf
 
arm-none-eabi-size  quadrature_to_usb_midi.elf 
arm-none-eabi-objdump -h -S quadrature_to_usb_midi.elf  > "quadrature_to_usb_midi.list"
   text	   data	    bss	    dec	    hex	filename
  38656	    356	   3956	  42968	   a7d8	quadrature_to_usb_midi.elf
Finished building: default.size.stdout
 
Finished building: quadrature_to_usb_midi.list
 
14:38:31 **** Incremental Build of configuration Debug for project quadrature_to_usb_midi ****
make -j28 all 
arm-none-eabi-size  quadrature_to_usb_midi.elf 
   text	   data	    bss	    dec	    hex	filename
  38656	    356	   3956	  42968	   a7d8	quadrature_to_usb_midi.elf
Finished building: default.size.stdout
 
14:41:18 **** Incremental Build of configuration Debug for project quadrature_to_usb_midi ****
make -j28 all 
arm-none-eabi-gcc "../Core/Src/main.c" -mcpu=cortex-m3 -std=gnu11 -g3 -DDEBUG -DUSE_HAL_DRIVER -DSTM32F103xB -c -I../Core/Inc -I"C:/Users/Samuel/Software/arduor_controller_lw/stm_32_quadrature_encoder_to_usb_midi/quadrature_to_usb_midi/Middlewares/ST/STM32_USB_Device_Library/Class/MIDI/Inc" -I../Drivers/STM32F1xx_HAL_Driver/Inc -I../Drivers/STM32F1xx_HAL_Driver/Inc/Legacy -I../Drivers/CMSIS/Device/ST/STM32F1xx/Include -I../Drivers/CMSIS/Include -I../USB_DEVICE/App -I../USB_DEVICE/Target -I../Middlewares/ST/STM32_USB_Device_Library/Core/Inc -I../Middlewares/ST/STM32_USB_Device_Library/Class/HID/Inc -O0 -ffunction-sections -fdata-sections -Wall -fstack-usage -fcyclomatic-complexity -MMD -MP -MF"Core/Src/main.d" -MT"Core/Src/main.o" --specs=nano.specs -mfloat-abi=soft -mthumb -o "Core/Src/main.o"
../Core/Src/main.c: In function 'store_new_value_as_previous':
../Core/Src/main.c:136:6: warning: type of 'encoder_nr' defaults to 'int' [-Wimplicit-int]
  136 | void store_new_value_as_previous(encoder_nr)
      |      ^~~~~~~~~~~~~~~~~~~~~~~~~~~
../Core/Src/main.c: In function 'main':
../Core/Src/main.c:247:15: warning: unused variable 'encoder_nr' [-Wunused-variable]
  247 |           int encoder_nr = counter % ENCODER_QUANTITY;
      |               ^~~~~~~~~~
arm-none-eabi-gcc -o "quadrature_to_usb_midi.elf" @"objects.list"   -mcpu=cortex-m3 -T"C:\Users\Samuel\Software\arduor_controller_lw\stm_32_quadrature_encoder_to_usb_midi\quadrature_to_usb_midi\STM32F103C8TX_FLASH.ld" --specs=nosys.specs -Wl,-Map="quadrature_to_usb_midi.map" -Wl,--gc-sections -static --specs=nano.specs -mfloat-abi=soft -mthumb -Wl,--start-group -lc -lm -Wl,--end-group
Finished building target: quadrature_to_usb_midi.elf
 
arm-none-eabi-size  quadrature_to_usb_midi.elf 
arm-none-eabi-objdump -h -S quadrature_to_usb_midi.elf  > "quadrature_to_usb_midi.list"
   text	   data	    bss	    dec	    hex	filename
  40456	    356	   3948	  44760	   aed8	quadrature_to_usb_midi.elf
Finished building: default.size.stdout
 
Finished building: quadrature_to_usb_midi.list
 
14:42:06 **** Incremental Build of configuration Debug for project quadrature_to_usb_midi ****
make -j28 all 
arm-none-eabi-size  quadrature_to_usb_midi.elf 
   text	   data	    bss	    dec	    hex	filename
  40456	    356	   3948	  44760	   aed8	quadrature_to_usb_midi.elf
Finished building: default.size.stdout
 
14:42:45 **** Incremental Build of configuration Debug for project quadrature_to_usb_midi ****
make -j28 all 
arm-none-eabi-size  quadrature_to_usb_midi.elf 
   text	   data	    bss	    dec	    hex	filename
  40456	    356	   3948	  44760	   aed8	quadrature_to_usb_midi.elf
Finished building: default.size.stdout
 
14:43:42 **** Incremental Build of configuration Debug for project quadrature_to_usb_midi ****
make -j28 all 
arm-none-eabi-gcc "../Core/Src/main.c" -mcpu=cortex-m3 -std=gnu11 -g3 -DDEBUG -DUSE_HAL_DRIVER -DSTM32F103xB -c -I../Core/Inc -I"C:/Users/Samuel/Software/arduor_controller_lw/stm_32_quadrature_encoder_to_usb_midi/quadrature_to_usb_midi/Middlewares/ST/STM32_USB_Device_Library/Class/MIDI/Inc" -I../Drivers/STM32F1xx_HAL_Driver/Inc -I../Drivers/STM32F1xx_HAL_Driver/Inc/Legacy -I../Drivers/CMSIS/Device/ST/STM32F1xx/Include -I../Drivers/CMSIS/Include -I../USB_DEVICE/App -I../USB_DEVICE/Target -I../Middlewares/ST/STM32_USB_Device_Library/Core/Inc -I../Middlewares/ST/STM32_USB_Device_Library/Class/HID/Inc -O0 -ffunction-sections -fdata-sections -Wall -fstack-usage -fcyclomatic-complexity -MMD -MP -MF"Core/Src/main.d" -MT"Core/Src/main.o" --specs=nano.specs -mfloat-abi=soft -mthumb -o "Core/Src/main.o"
../Core/Src/main.c: In function 'store_new_value_as_previous':
../Core/Src/main.c:136:6: warning: type of 'encoder_nr' defaults to 'int' [-Wimplicit-int]
  136 | void store_new_value_as_previous(encoder_nr)
      |      ^~~~~~~~~~~~~~~~~~~~~~~~~~~
../Core/Src/main.c: In function 'main':
../Core/Src/main.c:240:28: warning: unsigned conversion from 'int' to 'uint8_t' {aka 'unsigned char'} changes value from '2002' to '210' [-Woverflow]
  240 |           data_buffer[0] = 2002;
      |                            ^~~~
../Core/Src/main.c:247:15: warning: unused variable 'encoder_nr' [-Wunused-variable]
  247 |           int encoder_nr = counter % ENCODER_QUANTITY;
      |               ^~~~~~~~~~
arm-none-eabi-gcc -o "quadrature_to_usb_midi.elf" @"objects.list"   -mcpu=cortex-m3 -T"C:\Users\Samuel\Software\arduor_controller_lw\stm_32_quadrature_encoder_to_usb_midi\quadrature_to_usb_midi\STM32F103C8TX_FLASH.ld" --specs=nosys.specs -Wl,-Map="quadrature_to_usb_midi.map" -Wl,--gc-sections -static --specs=nano.specs -mfloat-abi=soft -mthumb -Wl,--start-group -lc -lm -Wl,--end-group
Finished building target: quadrature_to_usb_midi.elf
 
arm-none-eabi-size  quadrature_to_usb_midi.elf 
arm-none-eabi-objdump -h -S quadrature_to_usb_midi.elf  > "quadrature_to_usb_midi.list"
   text	   data	    bss	    dec	    hex	filename
  38656	    356	   3956	  42968	   a7d8	quadrature_to_usb_midi.elf
Finished building: default.size.stdout
 
Finished building: quadrature_to_usb_midi.list
 
14:55:32 **** Incremental Build of configuration Debug for project quadrature_to_usb_midi ****
make -j28 all 
arm-none-eabi-size  quadrature_to_usb_midi.elf 
   text	   data	    bss	    dec	    hex	filename
  38656	    356	   3956	  42968	   a7d8	quadrature_to_usb_midi.elf
Finished building: default.size.stdout
 
14:56:17 **** Incremental Build of configuration Debug for project quadrature_to_usb_midi ****
make -j28 all 
arm-none-eabi-size  quadrature_to_usb_midi.elf 
   text	   data	    bss	    dec	    hex	filename
  38656	    356	   3956	  42968	   a7d8	quadrature_to_usb_midi.elf
Finished building: default.size.stdout
 
14:57:05 **** Incremental Build of configuration Debug for project quadrature_to_usb_midi ****
make -j28 all 
arm-none-eabi-gcc "../Core/Src/main.c" -mcpu=cortex-m3 -std=gnu11 -g3 -DDEBUG -DUSE_HAL_DRIVER -DSTM32F103xB -c -I../Core/Inc -I"C:/Users/Samuel/Software/arduor_controller_lw/stm_32_quadrature_encoder_to_usb_midi/quadrature_to_usb_midi/Middlewares/ST/STM32_USB_Device_Library/Class/MIDI/Inc" -I../Drivers/STM32F1xx_HAL_Driver/Inc -I../Drivers/STM32F1xx_HAL_Driver/Inc/Legacy -I../Drivers/CMSIS/Device/ST/STM32F1xx/Include -I../Drivers/CMSIS/Include -I../USB_DEVICE/App -I../USB_DEVICE/Target -I../Middlewares/ST/STM32_USB_Device_Library/Core/Inc -I../Middlewares/ST/STM32_USB_Device_Library/Class/HID/Inc -O0 -ffunction-sections -fdata-sections -Wall -fstack-usage -fcyclomatic-complexity -MMD -MP -MF"Core/Src/main.d" -MT"Core/Src/main.o" --specs=nano.specs -mfloat-abi=soft -mthumb -o "Core/Src/main.o"
../Core/Src/main.c: In function 'store_new_value_as_previous':
../Core/Src/main.c:136:6: warning: type of 'encoder_nr' defaults to 'int' [-Wimplicit-int]
  136 | void store_new_value_as_previous(encoder_nr)
      |      ^~~~~~~~~~~~~~~~~~~~~~~~~~~
../Core/Src/main.c: In function 'main':
../Core/Src/main.c:247:15: warning: unused variable 'encoder_nr' [-Wunused-variable]
  247 |           int encoder_nr = counter % ENCODER_QUANTITY;
      |               ^~~~~~~~~~
arm-none-eabi-gcc -o "quadrature_to_usb_midi.elf" @"objects.list"   -mcpu=cortex-m3 -T"C:\Users\Samuel\Software\arduor_controller_lw\stm_32_quadrature_encoder_to_usb_midi\quadrature_to_usb_midi\STM32F103C8TX_FLASH.ld" --specs=nosys.specs -Wl,-Map="quadrature_to_usb_midi.map" -Wl,--gc-sections -static --specs=nano.specs -mfloat-abi=soft -mthumb -Wl,--start-group -lc -lm -Wl,--end-group
Finished building target: quadrature_to_usb_midi.elf
 
arm-none-eabi-size  quadrature_to_usb_midi.elf 
arm-none-eabi-objdump -h -S quadrature_to_usb_midi.elf  > "quadrature_to_usb_midi.list"
   text	   data	    bss	    dec	    hex	filename
  40456	    356	   3948	  44760	   aed8	quadrature_to_usb_midi.elf
Finished building: default.size.stdout
 
Finished building: quadrature_to_usb_midi.list
 
14:57:58 **** Incremental Build of configuration Debug for project quadrature_to_usb_midi ****
make -j28 all 
arm-none-eabi-gcc "../Core/Src/main.c" -mcpu=cortex-m3 -std=gnu11 -g3 -DDEBUG -DUSE_HAL_DRIVER -DSTM32F103xB -c -I../Core/Inc -I"C:/Users/Samuel/Software/arduor_controller_lw/stm_32_quadrature_encoder_to_usb_midi/quadrature_to_usb_midi/Middlewares/ST/STM32_USB_Device_Library/Class/MIDI/Inc" -I../Drivers/STM32F1xx_HAL_Driver/Inc -I../Drivers/STM32F1xx_HAL_Driver/Inc/Legacy -I../Drivers/CMSIS/Device/ST/STM32F1xx/Include -I../Drivers/CMSIS/Include -I../USB_DEVICE/App -I../USB_DEVICE/Target -I../Middlewares/ST/STM32_USB_Device_Library/Core/Inc -I../Middlewares/ST/STM32_USB_Device_Library/Class/HID/Inc -O0 -ffunction-sections -fdata-sections -Wall -fstack-usage -fcyclomatic-complexity -MMD -MP -MF"Core/Src/main.d" -MT"Core/Src/main.o" --specs=nano.specs -mfloat-abi=soft -mthumb -o "Core/Src/main.o"
../Core/Src/main.c: In function 'store_new_value_as_previous':
../Core/Src/main.c:136:6: warning: type of 'encoder_nr' defaults to 'int' [-Wimplicit-int]
  136 | void store_new_value_as_previous(encoder_nr)
      |      ^~~~~~~~~~~~~~~~~~~~~~~~~~~
../Core/Src/main.c: In function 'main':
../Core/Src/main.c:240:28: warning: unsigned conversion from 'int' to 'uint8_t' {aka 'unsigned char'} changes value from '2002' to '210' [-Woverflow]
  240 |           data_buffer[0] = 2002;
      |                            ^~~~
../Core/Src/main.c:247:15: warning: unused variable 'encoder_nr' [-Wunused-variable]
  247 |           int encoder_nr = counter % ENCODER_QUANTITY;
      |               ^~~~~~~~~~
arm-none-eabi-gcc -o "quadrature_to_usb_midi.elf" @"objects.list"   -mcpu=cortex-m3 -T"C:\Users\Samuel\Software\arduor_controller_lw\stm_32_quadrature_encoder_to_usb_midi\quadrature_to_usb_midi\STM32F103C8TX_FLASH.ld" --specs=nosys.specs -Wl,-Map="quadrature_to_usb_midi.map" -Wl,--gc-sections -static --specs=nano.specs -mfloat-abi=soft -mthumb -Wl,--start-group -lc -lm -Wl,--end-group
Finished building target: quadrature_to_usb_midi.elf
 
arm-none-eabi-size  quadrature_to_usb_midi.elf 
arm-none-eabi-objdump -h -S quadrature_to_usb_midi.elf  > "quadrature_to_usb_midi.list"
   text	   data	    bss	    dec	    hex	filename
  38656	    356	   3956	  42968	   a7d8	quadrature_to_usb_midi.elf
Finished building: default.size.stdout
 
Finished building: quadrature_to_usb_midi.list
 
15:19:17 **** Incremental Build of configuration Debug for project quadrature_to_usb_midi ****
make -j28 all 
arm-none-eabi-gcc "../Core/Src/main.c" -mcpu=cortex-m3 -std=gnu11 -g3 -DDEBUG -DUSE_HAL_DRIVER -DSTM32F103xB -c -I../Core/Inc -I"C:/Users/Samuel/Software/arduor_controller_lw/stm_32_quadrature_encoder_to_usb_midi/quadrature_to_usb_midi/Middlewares/ST/STM32_USB_Device_Library/Class/MIDI/Inc" -I../Drivers/STM32F1xx_HAL_Driver/Inc -I../Drivers/STM32F1xx_HAL_Driver/Inc/Legacy -I../Drivers/CMSIS/Device/ST/STM32F1xx/Include -I../Drivers/CMSIS/Include -I../USB_DEVICE/App -I../USB_DEVICE/Target -I../Middlewares/ST/STM32_USB_Device_Library/Core/Inc -I../Middlewares/ST/STM32_USB_Device_Library/Class/HID/Inc -O0 -ffunction-sections -fdata-sections -Wall -fstack-usage -fcyclomatic-complexity -MMD -MP -MF"Core/Src/main.d" -MT"Core/Src/main.o" --specs=nano.specs -mfloat-abi=soft -mthumb -o "Core/Src/main.o"
../Core/Src/main.c: In function 'store_new_value_as_previous':
../Core/Src/main.c:136:6: warning: type of 'encoder_nr' defaults to 'int' [-Wimplicit-int]
  136 | void store_new_value_as_previous(encoder_nr)
      |      ^~~~~~~~~~~~~~~~~~~~~~~~~~~
../Core/Src/main.c: In function 'main':
../Core/Src/main.c:251:15: warning: unused variable 'encoder_nr' [-Wunused-variable]
  251 |           int encoder_nr = counter % ENCODER_QUANTITY;
      |               ^~~~~~~~~~
arm-none-eabi-gcc -o "quadrature_to_usb_midi.elf" @"objects.list"   -mcpu=cortex-m3 -T"C:\Users\Samuel\Software\arduor_controller_lw\stm_32_quadrature_encoder_to_usb_midi\quadrature_to_usb_midi\STM32F103C8TX_FLASH.ld" --specs=nosys.specs -Wl,-Map="quadrature_to_usb_midi.map" -Wl,--gc-sections -static --specs=nano.specs -mfloat-abi=soft -mthumb -Wl,--start-group -lc -lm -Wl,--end-group
Finished building target: quadrature_to_usb_midi.elf
 
arm-none-eabi-size  quadrature_to_usb_midi.elf 
arm-none-eabi-objdump -h -S quadrature_to_usb_midi.elf  > "quadrature_to_usb_midi.list"
   text	   data	    bss	    dec	    hex	filename
  41148	    356	   3948	  45452	   b18c	quadrature_to_usb_midi.elf
Finished building: default.size.stdout
 
Finished building: quadrature_to_usb_midi.list
 
15:23:36 **** Incremental Build of configuration Debug for project quadrature_to_usb_midi ****
make -j28 all 
arm-none-eabi-gcc "../Core/Src/main.c" -mcpu=cortex-m3 -std=gnu11 -g3 -DDEBUG -DUSE_HAL_DRIVER -DSTM32F103xB -c -I../Core/Inc -I"C:/Users/Samuel/Software/arduor_controller_lw/stm_32_quadrature_encoder_to_usb_midi/quadrature_to_usb_midi/Middlewares/ST/STM32_USB_Device_Library/Class/MIDI/Inc" -I../Drivers/STM32F1xx_HAL_Driver/Inc -I../Drivers/STM32F1xx_HAL_Driver/Inc/Legacy -I../Drivers/CMSIS/Device/ST/STM32F1xx/Include -I../Drivers/CMSIS/Include -I../USB_DEVICE/App -I../USB_DEVICE/Target -I../Middlewares/ST/STM32_USB_Device_Library/Core/Inc -I../Middlewares/ST/STM32_USB_Device_Library/Class/HID/Inc -O0 -ffunction-sections -fdata-sections -Wall -fstack-usage -fcyclomatic-complexity -MMD -MP -MF"Core/Src/main.d" -MT"Core/Src/main.o" --specs=nano.specs -mfloat-abi=soft -mthumb -o "Core/Src/main.o"
../Core/Src/main.c: In function 'store_new_value_as_previous':
../Core/Src/main.c:136:6: warning: type of 'encoder_nr' defaults to 'int' [-Wimplicit-int]
  136 | void store_new_value_as_previous(encoder_nr)
      |      ^~~~~~~~~~~~~~~~~~~~~~~~~~~
../Core/Src/main.c: In function 'HAL_I2C_AddrCallback':
../Core/Src/main.c:177:47: error: 'test_data' undeclared (first use in this function); did you mean 'test_data_2'?
  177 |                 HAL_I2C_Slave_Transmit(hi2c, &test_data, 1, 100);
      |                                               ^~~~~~~~~
      |                                               test_data_2
../Core/Src/main.c:177:47: note: each undeclared identifier is reported only once for each function it appears in
../Core/Src/main.c:174:17: warning: unused variable 'test_data_2' [-Wunused-variable]
  174 |         uint8_t test_data_2 = (uint8_t)38;
      |                 ^~~~~~~~~~~
../Core/Src/main.c: In function 'main':
../Core/Src/main.c:245:28: warning: unsigned conversion from 'int' to 'uint8_t' {aka 'unsigned char'} changes value from '2002' to '210' [-Woverflow]
  245 |           data_buffer[0] = 2002;
      |                            ^~~~
../Core/Src/main.c:252:15: warning: unused variable 'encoder_nr' [-Wunused-variable]
  252 |           int encoder_nr = counter % ENCODER_QUANTITY;
      |               ^~~~~~~~~~
make: *** [Core/Src/subdir.mk:34: Core/Src/main.o] Error 1
"make -j28 all" terminated with exit code 2. Build might be incomplete.
15:24:22 **** Incremental Build of configuration Debug for project quadrature_to_usb_midi ****
make -j28 all 
arm-none-eabi-gcc "../Core/Src/main.c" -mcpu=cortex-m3 -std=gnu11 -g3 -DDEBUG -DUSE_HAL_DRIVER -DSTM32F103xB -c -I../Core/Inc -I"C:/Users/Samuel/Software/arduor_controller_lw/stm_32_quadrature_encoder_to_usb_midi/quadrature_to_usb_midi/Middlewares/ST/STM32_USB_Device_Library/Class/MIDI/Inc" -I../Drivers/STM32F1xx_HAL_Driver/Inc -I../Drivers/STM32F1xx_HAL_Driver/Inc/Legacy -I../Drivers/CMSIS/Device/ST/STM32F1xx/Include -I../Drivers/CMSIS/Include -I../USB_DEVICE/App -I../USB_DEVICE/Target -I../Middlewares/ST/STM32_USB_Device_Library/Core/Inc -I../Middlewares/ST/STM32_USB_Device_Library/Class/HID/Inc -O0 -ffunction-sections -fdata-sections -Wall -fstack-usage -fcyclomatic-complexity -MMD -MP -MF"Core/Src/main.d" -MT"Core/Src/main.o" --specs=nano.specs -mfloat-abi=soft -mthumb -o "Core/Src/main.o"
../Core/Src/main.c: In function 'store_new_value_as_previous':
../Core/Src/main.c:136:6: warning: type of 'encoder_nr' defaults to 'int' [-Wimplicit-int]
  136 | void store_new_value_as_previous(encoder_nr)
      |      ^~~~~~~~~~~~~~~~~~~~~~~~~~~
../Core/Src/main.c: In function 'main':
../Core/Src/main.c:245:28: warning: unsigned conversion from 'int' to 'uint8_t' {aka 'unsigned char'} changes value from '2002' to '210' [-Woverflow]
  245 |           data_buffer[0] = 2002;
      |                            ^~~~
../Core/Src/main.c:252:15: warning: unused variable 'encoder_nr' [-Wunused-variable]
  252 |           int encoder_nr = counter % ENCODER_QUANTITY;
      |               ^~~~~~~~~~
arm-none-eabi-gcc -o "quadrature_to_usb_midi.elf" @"objects.list"   -mcpu=cortex-m3 -T"C:\Users\Samuel\Software\arduor_controller_lw\stm_32_quadrature_encoder_to_usb_midi\quadrature_to_usb_midi\STM32F103C8TX_FLASH.ld" --specs=nosys.specs -Wl,-Map="quadrature_to_usb_midi.map" -Wl,--gc-sections -static --specs=nano.specs -mfloat-abi=soft -mthumb -Wl,--start-group -lc -lm -Wl,--end-group
Finished building target: quadrature_to_usb_midi.elf
 
arm-none-eabi-size  quadrature_to_usb_midi.elf 
arm-none-eabi-objdump -h -S quadrature_to_usb_midi.elf  > "quadrature_to_usb_midi.list"
   text	   data	    bss	    dec	    hex	filename
  39716	    356	   3956	  44028	   abfc	quadrature_to_usb_midi.elf
Finished building: default.size.stdout
 
Finished building: quadrature_to_usb_midi.list
 
15:25:06 **** Incremental Build of configuration Debug for project quadrature_to_usb_midi ****
make -j28 all 
arm-none-eabi-size  quadrature_to_usb_midi.elf 
   text	   data	    bss	    dec	    hex	filename
  39716	    356	   3956	  44028	   abfc	quadrature_to_usb_midi.elf
Finished building: default.size.stdout
 
15:27:53 **** Incremental Build of configuration Debug for project quadrature_to_usb_midi ****
make -j28 all 
arm-none-eabi-size  quadrature_to_usb_midi.elf 
   text	   data	    bss	    dec	    hex	filename
  39716	    356	   3956	  44028	   abfc	quadrature_to_usb_midi.elf
Finished building: default.size.stdout
 
15:31:08 **** Incremental Build of configuration Debug for project quadrature_to_usb_midi ****
make -j28 all 
arm-none-eabi-gcc "../Core/Src/main.c" -mcpu=cortex-m3 -std=gnu11 -g3 -DDEBUG -DUSE_HAL_DRIVER -DSTM32F103xB -c -I../Core/Inc -I"C:/Users/Samuel/Software/arduor_controller_lw/stm_32_quadrature_encoder_to_usb_midi/quadrature_to_usb_midi/Middlewares/ST/STM32_USB_Device_Library/Class/MIDI/Inc" -I../Drivers/STM32F1xx_HAL_Driver/Inc -I../Drivers/STM32F1xx_HAL_Driver/Inc/Legacy -I../Drivers/CMSIS/Device/ST/STM32F1xx/Include -I../Drivers/CMSIS/Include -I../USB_DEVICE/App -I../USB_DEVICE/Target -I../Middlewares/ST/STM32_USB_Device_Library/Core/Inc -I../Middlewares/ST/STM32_USB_Device_Library/Class/HID/Inc -O0 -ffunction-sections -fdata-sections -Wall -fstack-usage -fcyclomatic-complexity -MMD -MP -MF"Core/Src/main.d" -MT"Core/Src/main.o" --specs=nano.specs -mfloat-abi=soft -mthumb -o "Core/Src/main.o"
../Core/Src/main.c: In function 'store_new_value_as_previous':
../Core/Src/main.c:136:6: warning: type of 'encoder_nr' defaults to 'int' [-Wimplicit-int]
  136 | void store_new_value_as_previous(encoder_nr)
      |      ^~~~~~~~~~~~~~~~~~~~~~~~~~~
../Core/Src/main.c: In function 'main':
../Core/Src/main.c:252:15: warning: unused variable 'encoder_nr' [-Wunused-variable]
  252 |           int encoder_nr = counter % ENCODER_QUANTITY;
      |               ^~~~~~~~~~
arm-none-eabi-gcc -o "quadrature_to_usb_midi.elf" @"objects.list"   -mcpu=cortex-m3 -T"C:\Users\Samuel\Software\arduor_controller_lw\stm_32_quadrature_encoder_to_usb_midi\quadrature_to_usb_midi\STM32F103C8TX_FLASH.ld" --specs=nosys.specs -Wl,-Map="quadrature_to_usb_midi.map" -Wl,--gc-sections -static --specs=nano.specs -mfloat-abi=soft -mthumb -Wl,--start-group -lc -lm -Wl,--end-group
Finished building target: quadrature_to_usb_midi.elf
 
arm-none-eabi-size  quadrature_to_usb_midi.elf 
arm-none-eabi-objdump -h -S quadrature_to_usb_midi.elf  > "quadrature_to_usb_midi.list"
   text	   data	    bss	    dec	    hex	filename
  41036	    356	   3948	  45340	   b11c	quadrature_to_usb_midi.elf
Finished building: default.size.stdout
 
Finished building: quadrature_to_usb_midi.list
 
15:33:29 **** Incremental Build of configuration Debug for project quadrature_to_usb_midi ****
make -j28 all 
arm-none-eabi-size  quadrature_to_usb_midi.elf 
   text	   data	    bss	    dec	    hex	filename
  41036	    356	   3948	  45340	   b11c	quadrature_to_usb_midi.elf
Finished building: default.size.stdout
 
15:34:12 **** Incremental Build of configuration Debug for project quadrature_to_usb_midi ****
make -j28 all 
arm-none-eabi-gcc "../Core/Src/main.c" -mcpu=cortex-m3 -std=gnu11 -g3 -DDEBUG -DUSE_HAL_DRIVER -DSTM32F103xB -c -I../Core/Inc -I"C:/Users/Samuel/Software/arduor_controller_lw/stm_32_quadrature_encoder_to_usb_midi/quadrature_to_usb_midi/Middlewares/ST/STM32_USB_Device_Library/Class/MIDI/Inc" -I../Drivers/STM32F1xx_HAL_Driver/Inc -I../Drivers/STM32F1xx_HAL_Driver/Inc/Legacy -I../Drivers/CMSIS/Device/ST/STM32F1xx/Include -I../Drivers/CMSIS/Include -I../USB_DEVICE/App -I../USB_DEVICE/Target -I../Middlewares/ST/STM32_USB_Device_Library/Core/Inc -I../Middlewares/ST/STM32_USB_Device_Library/Class/HID/Inc -O0 -ffunction-sections -fdata-sections -Wall -fstack-usage -fcyclomatic-complexity -MMD -MP -MF"Core/Src/main.d" -MT"Core/Src/main.o" --specs=nano.specs -mfloat-abi=soft -mthumb -o "Core/Src/main.o"
../Core/Src/main.c: In function 'store_new_value_as_previous':
../Core/Src/main.c:136:6: warning: type of 'encoder_nr' defaults to 'int' [-Wimplicit-int]
  136 | void store_new_value_as_previous(encoder_nr)
      |      ^~~~~~~~~~~~~~~~~~~~~~~~~~~
../Core/Src/main.c: In function 'main':
../Core/Src/main.c:245:28: warning: unsigned conversion from 'int' to 'uint8_t' {aka 'unsigned char'} changes value from '2002' to '210' [-Woverflow]
  245 |           data_buffer[0] = 2002;
      |                            ^~~~
../Core/Src/main.c:252:15: warning: unused variable 'encoder_nr' [-Wunused-variable]
  252 |           int encoder_nr = counter % ENCODER_QUANTITY;
      |               ^~~~~~~~~~
arm-none-eabi-gcc -o "quadrature_to_usb_midi.elf" @"objects.list"   -mcpu=cortex-m3 -T"C:\Users\Samuel\Software\arduor_controller_lw\stm_32_quadrature_encoder_to_usb_midi\quadrature_to_usb_midi\STM32F103C8TX_FLASH.ld" --specs=nosys.specs -Wl,-Map="quadrature_to_usb_midi.map" -Wl,--gc-sections -static --specs=nano.specs -mfloat-abi=soft -mthumb -Wl,--start-group -lc -lm -Wl,--end-group
Finished building target: quadrature_to_usb_midi.elf
 
arm-none-eabi-size  quadrature_to_usb_midi.elf 
arm-none-eabi-objdump -h -S quadrature_to_usb_midi.elf  > "quadrature_to_usb_midi.list"
   text	   data	    bss	    dec	    hex	filename
  39716	    356	   3956	  44028	   abfc	quadrature_to_usb_midi.elf
Finished building: default.size.stdout
 
Finished building: quadrature_to_usb_midi.list
 
15:34:43 **** Incremental Build of configuration Debug for project quadrature_to_usb_midi ****
make -j28 all 
arm-none-eabi-size  quadrature_to_usb_midi.elf 
   text	   data	    bss	    dec	    hex	filename
  39716	    356	   3956	  44028	   abfc	quadrature_to_usb_midi.elf
Finished building: default.size.stdout
 
15:35:50 **** Incremental Build of configuration Debug for project quadrature_to_usb_midi ****
make -j28 all 
arm-none-eabi-size  quadrature_to_usb_midi.elf 
   text	   data	    bss	    dec	    hex	filename
  39716	    356	   3956	  44028	   abfc	quadrature_to_usb_midi.elf
Finished building: default.size.stdout
 
15:37:28 **** Incremental Build of configuration Debug for project quadrature_to_usb_midi ****
make -j28 all 
arm-none-eabi-gcc "../Core/Src/main.c" -mcpu=cortex-m3 -std=gnu11 -g3 -DDEBUG -DUSE_HAL_DRIVER -DSTM32F103xB -c -I../Core/Inc -I"C:/Users/Samuel/Software/arduor_controller_lw/stm_32_quadrature_encoder_to_usb_midi/quadrature_to_usb_midi/Middlewares/ST/STM32_USB_Device_Library/Class/MIDI/Inc" -I../Drivers/STM32F1xx_HAL_Driver/Inc -I../Drivers/STM32F1xx_HAL_Driver/Inc/Legacy -I../Drivers/CMSIS/Device/ST/STM32F1xx/Include -I../Drivers/CMSIS/Include -I../USB_DEVICE/App -I../USB_DEVICE/Target -I../Middlewares/ST/STM32_USB_Device_Library/Core/Inc -I../Middlewares/ST/STM32_USB_Device_Library/Class/HID/Inc -O0 -ffunction-sections -fdata-sections -Wall -fstack-usage -fcyclomatic-complexity -MMD -MP -MF"Core/Src/main.d" -MT"Core/Src/main.o" --specs=nano.specs -mfloat-abi=soft -mthumb -o "Core/Src/main.o"
../Core/Src/main.c: In function 'store_new_value_as_previous':
../Core/Src/main.c:136:6: warning: type of 'encoder_nr' defaults to 'int' [-Wimplicit-int]
  136 | void store_new_value_as_previous(encoder_nr)
      |      ^~~~~~~~~~~~~~~~~~~~~~~~~~~
../Core/Src/main.c: In function 'main':
../Core/Src/main.c:252:15: warning: unused variable 'encoder_nr' [-Wunused-variable]
  252 |           int encoder_nr = counter % ENCODER_QUANTITY;
      |               ^~~~~~~~~~
arm-none-eabi-gcc -o "quadrature_to_usb_midi.elf" @"objects.list"   -mcpu=cortex-m3 -T"C:\Users\Samuel\Software\arduor_controller_lw\stm_32_quadrature_encoder_to_usb_midi\quadrature_to_usb_midi\STM32F103C8TX_FLASH.ld" --specs=nosys.specs -Wl,-Map="quadrature_to_usb_midi.map" -Wl,--gc-sections -static --specs=nano.specs -mfloat-abi=soft -mthumb -Wl,--start-group -lc -lm -Wl,--end-group
Finished building target: quadrature_to_usb_midi.elf
 
arm-none-eabi-size  quadrature_to_usb_midi.elf 
arm-none-eabi-objdump -h -S quadrature_to_usb_midi.elf  > "quadrature_to_usb_midi.list"
   text	   data	    bss	    dec	    hex	filename
  41036	    356	   3948	  45340	   b11c	quadrature_to_usb_midi.elf
Finished building: default.size.stdout
 
Finished building: quadrature_to_usb_midi.list
 
15:37:56 **** Incremental Build of configuration Debug for project quadrature_to_usb_midi ****
make -j28 all 
arm-none-eabi-gcc "../Core/Src/main.c" -mcpu=cortex-m3 -std=gnu11 -g3 -DDEBUG -DUSE_HAL_DRIVER -DSTM32F103xB -c -I../Core/Inc -I"C:/Users/Samuel/Software/arduor_controller_lw/stm_32_quadrature_encoder_to_usb_midi/quadrature_to_usb_midi/Middlewares/ST/STM32_USB_Device_Library/Class/MIDI/Inc" -I../Drivers/STM32F1xx_HAL_Driver/Inc -I../Drivers/STM32F1xx_HAL_Driver/Inc/Legacy -I../Drivers/CMSIS/Device/ST/STM32F1xx/Include -I../Drivers/CMSIS/Include -I../USB_DEVICE/App -I../USB_DEVICE/Target -I../Middlewares/ST/STM32_USB_Device_Library/Core/Inc -I../Middlewares/ST/STM32_USB_Device_Library/Class/HID/Inc -O0 -ffunction-sections -fdata-sections -Wall -fstack-usage -fcyclomatic-complexity -MMD -MP -MF"Core/Src/main.d" -MT"Core/Src/main.o" --specs=nano.specs -mfloat-abi=soft -mthumb -o "Core/Src/main.o"
../Core/Src/main.c: In function 'store_new_value_as_previous':
../Core/Src/main.c:136:6: warning: type of 'encoder_nr' defaults to 'int' [-Wimplicit-int]
  136 | void store_new_value_as_previous(encoder_nr)
      |      ^~~~~~~~~~~~~~~~~~~~~~~~~~~
../Core/Src/main.c: In function 'main':
../Core/Src/main.c:245:28: warning: unsigned conversion from 'int' to 'uint8_t' {aka 'unsigned char'} changes value from '2002' to '210' [-Woverflow]
  245 |           data_buffer[0] = 2002;
      |                            ^~~~
../Core/Src/main.c:252:15: warning: unused variable 'encoder_nr' [-Wunused-variable]
  252 |           int encoder_nr = counter % ENCODER_QUANTITY;
      |               ^~~~~~~~~~
arm-none-eabi-gcc -o "quadrature_to_usb_midi.elf" @"objects.list"   -mcpu=cortex-m3 -T"C:\Users\Samuel\Software\arduor_controller_lw\stm_32_quadrature_encoder_to_usb_midi\quadrature_to_usb_midi\STM32F103C8TX_FLASH.ld" --specs=nosys.specs -Wl,-Map="quadrature_to_usb_midi.map" -Wl,--gc-sections -static --specs=nano.specs -mfloat-abi=soft -mthumb -Wl,--start-group -lc -lm -Wl,--end-group
Finished building target: quadrature_to_usb_midi.elf
 
arm-none-eabi-size  quadrature_to_usb_midi.elf 
arm-none-eabi-objdump -h -S quadrature_to_usb_midi.elf  > "quadrature_to_usb_midi.list"
   text	   data	    bss	    dec	    hex	filename
  39716	    356	   3956	  44028	   abfc	quadrature_to_usb_midi.elf
Finished building: default.size.stdout
 
Finished building: quadrature_to_usb_midi.list
 
15:39:24 **** Incremental Build of configuration Debug for project quadrature_to_usb_midi ****
make -j28 all 
arm-none-eabi-gcc "../Core/Src/main.c" -mcpu=cortex-m3 -std=gnu11 -g3 -DDEBUG -DUSE_HAL_DRIVER -DSTM32F103xB -c -I../Core/Inc -I"C:/Users/Samuel/Software/arduor_controller_lw/stm_32_quadrature_encoder_to_usb_midi/quadrature_to_usb_midi/Middlewares/ST/STM32_USB_Device_Library/Class/MIDI/Inc" -I../Drivers/STM32F1xx_HAL_Driver/Inc -I../Drivers/STM32F1xx_HAL_Driver/Inc/Legacy -I../Drivers/CMSIS/Device/ST/STM32F1xx/Include -I../Drivers/CMSIS/Include -I../USB_DEVICE/App -I../USB_DEVICE/Target -I../Middlewares/ST/STM32_USB_Device_Library/Core/Inc -I../Middlewares/ST/STM32_USB_Device_Library/Class/HID/Inc -O0 -ffunction-sections -fdata-sections -Wall -fstack-usage -fcyclomatic-complexity -MMD -MP -MF"Core/Src/main.d" -MT"Core/Src/main.o" --specs=nano.specs -mfloat-abi=soft -mthumb -o "Core/Src/main.o"
../Core/Src/main.c: In function 'store_new_value_as_previous':
../Core/Src/main.c:136:6: warning: type of 'encoder_nr' defaults to 'int' [-Wimplicit-int]
  136 | void store_new_value_as_previous(encoder_nr)
      |      ^~~~~~~~~~~~~~~~~~~~~~~~~~~
../Core/Src/main.c: In function 'main':
../Core/Src/main.c:247:15: warning: unused variable 'encoder_nr' [-Wunused-variable]
  247 |           int encoder_nr = counter % ENCODER_QUANTITY;
      |               ^~~~~~~~~~
arm-none-eabi-gcc -o "quadrature_to_usb_midi.elf" @"objects.list"   -mcpu=cortex-m3 -T"C:\Users\Samuel\Software\arduor_controller_lw\stm_32_quadrature_encoder_to_usb_midi\quadrature_to_usb_midi\STM32F103C8TX_FLASH.ld" --specs=nosys.specs -Wl,-Map="quadrature_to_usb_midi.map" -Wl,--gc-sections -static --specs=nano.specs -mfloat-abi=soft -mthumb -Wl,--start-group -lc -lm -Wl,--end-group
Finished building target: quadrature_to_usb_midi.elf
 
arm-none-eabi-size  quadrature_to_usb_midi.elf 
arm-none-eabi-objdump -h -S quadrature_to_usb_midi.elf  > "quadrature_to_usb_midi.list"
   text	   data	    bss	    dec	    hex	filename
  40456	    356	   3948	  44760	   aed8	quadrature_to_usb_midi.elf
Finished building: default.size.stdout
 
Finished building: quadrature_to_usb_midi.list
 
15:40:02 **** Incremental Build of configuration Debug for project quadrature_to_usb_midi ****
make -j28 all 
arm-none-eabi-gcc "../Core/Src/main.c" -mcpu=cortex-m3 -std=gnu11 -g3 -DDEBUG -DUSE_HAL_DRIVER -DSTM32F103xB -c -I../Core/Inc -I"C:/Users/Samuel/Software/arduor_controller_lw/stm_32_quadrature_encoder_to_usb_midi/quadrature_to_usb_midi/Middlewares/ST/STM32_USB_Device_Library/Class/MIDI/Inc" -I../Drivers/STM32F1xx_HAL_Driver/Inc -I../Drivers/STM32F1xx_HAL_Driver/Inc/Legacy -I../Drivers/CMSIS/Device/ST/STM32F1xx/Include -I../Drivers/CMSIS/Include -I../USB_DEVICE/App -I../USB_DEVICE/Target -I../Middlewares/ST/STM32_USB_Device_Library/Core/Inc -I../Middlewares/ST/STM32_USB_Device_Library/Class/HID/Inc -O0 -ffunction-sections -fdata-sections -Wall -fstack-usage -fcyclomatic-complexity -MMD -MP -MF"Core/Src/main.d" -MT"Core/Src/main.o" --specs=nano.specs -mfloat-abi=soft -mthumb -o "Core/Src/main.o"
../Core/Src/main.c: In function 'store_new_value_as_previous':
../Core/Src/main.c:136:6: warning: type of 'encoder_nr' defaults to 'int' [-Wimplicit-int]
  136 | void store_new_value_as_previous(encoder_nr)
      |      ^~~~~~~~~~~~~~~~~~~~~~~~~~~
../Core/Src/main.c: In function 'main':
../Core/Src/main.c:240:28: warning: unsigned conversion from 'int' to 'uint8_t' {aka 'unsigned char'} changes value from '2002' to '210' [-Woverflow]
  240 |           data_buffer[0] = 2002;
      |                            ^~~~
../Core/Src/main.c:247:15: warning: unused variable 'encoder_nr' [-Wunused-variable]
  247 |           int encoder_nr = counter % ENCODER_QUANTITY;
      |               ^~~~~~~~~~
arm-none-eabi-gcc -o "quadrature_to_usb_midi.elf" @"objects.list"   -mcpu=cortex-m3 -T"C:\Users\Samuel\Software\arduor_controller_lw\stm_32_quadrature_encoder_to_usb_midi\quadrature_to_usb_midi\STM32F103C8TX_FLASH.ld" --specs=nosys.specs -Wl,-Map="quadrature_to_usb_midi.map" -Wl,--gc-sections -static --specs=nano.specs -mfloat-abi=soft -mthumb -Wl,--start-group -lc -lm -Wl,--end-group
Finished building target: quadrature_to_usb_midi.elf
 
arm-none-eabi-size  quadrature_to_usb_midi.elf 
arm-none-eabi-objdump -h -S quadrature_to_usb_midi.elf  > "quadrature_to_usb_midi.list"
   text	   data	    bss	    dec	    hex	filename
  38656	    356	   3956	  42968	   a7d8	quadrature_to_usb_midi.elf
Finished building: default.size.stdout
 
Finished building: quadrature_to_usb_midi.list
 
15:41:49 **** Incremental Build of configuration Debug for project quadrature_to_usb_midi ****
make -j28 all 
arm-none-eabi-gcc "../Core/Src/main.c" -mcpu=cortex-m3 -std=gnu11 -g3 -DDEBUG -DUSE_HAL_DRIVER -DSTM32F103xB -c -I../Core/Inc -I"C:/Users/Samuel/Software/arduor_controller_lw/stm_32_quadrature_encoder_to_usb_midi/quadrature_to_usb_midi/Middlewares/ST/STM32_USB_Device_Library/Class/MIDI/Inc" -I../Drivers/STM32F1xx_HAL_Driver/Inc -I../Drivers/STM32F1xx_HAL_Driver/Inc/Legacy -I../Drivers/CMSIS/Device/ST/STM32F1xx/Include -I../Drivers/CMSIS/Include -I../USB_DEVICE/App -I../USB_DEVICE/Target -I../Middlewares/ST/STM32_USB_Device_Library/Core/Inc -I../Middlewares/ST/STM32_USB_Device_Library/Class/HID/Inc -O0 -ffunction-sections -fdata-sections -Wall -fstack-usage -fcyclomatic-complexity -MMD -MP -MF"Core/Src/main.d" -MT"Core/Src/main.o" --specs=nano.specs -mfloat-abi=soft -mthumb -o "Core/Src/main.o"
../Core/Src/main.c: In function 'store_new_value_as_previous':
../Core/Src/main.c:136:6: warning: type of 'encoder_nr' defaults to 'int' [-Wimplicit-int]
  136 | void store_new_value_as_previous(encoder_nr)
      |      ^~~~~~~~~~~~~~~~~~~~~~~~~~~
../Core/Src/main.c: In function 'main':
../Core/Src/main.c:240:28: warning: unsigned conversion from 'int' to 'uint8_t' {aka 'unsigned char'} changes value from '2002' to '210' [-Woverflow]
  240 |           data_buffer[0] = 2002;
      |                            ^~~~
../Core/Src/main.c:247:15: warning: unused variable 'encoder_nr' [-Wunused-variable]
  247 |           int encoder_nr = counter % ENCODER_QUANTITY;
      |               ^~~~~~~~~~
arm-none-eabi-gcc -o "quadrature_to_usb_midi.elf" @"objects.list"   -mcpu=cortex-m3 -T"C:\Users\Samuel\Software\arduor_controller_lw\stm_32_quadrature_encoder_to_usb_midi\quadrature_to_usb_midi\STM32F103C8TX_FLASH.ld" --specs=nosys.specs -Wl,-Map="quadrature_to_usb_midi.map" -Wl,--gc-sections -static --specs=nano.specs -mfloat-abi=soft -mthumb -Wl,--start-group -lc -lm -Wl,--end-group
Finished building target: quadrature_to_usb_midi.elf
 
arm-none-eabi-size  quadrature_to_usb_midi.elf 
arm-none-eabi-objdump -h -S quadrature_to_usb_midi.elf  > "quadrature_to_usb_midi.list"
   text	   data	    bss	    dec	    hex	filename
  38656	    356	   3956	  42968	   a7d8	quadrature_to_usb_midi.elf
Finished building: default.size.stdout
 
Finished building: quadrature_to_usb_midi.list
 
15:42:33 **** Incremental Build of configuration Debug for project quadrature_to_usb_midi ****
make -j28 all 
arm-none-eabi-gcc "../Core/Src/main.c" -mcpu=cortex-m3 -std=gnu11 -g3 -DDEBUG -DUSE_HAL_DRIVER -DSTM32F103xB -c -I../Core/Inc -I"C:/Users/Samuel/Software/arduor_controller_lw/stm_32_quadrature_encoder_to_usb_midi/quadrature_to_usb_midi/Middlewares/ST/STM32_USB_Device_Library/Class/MIDI/Inc" -I../Drivers/STM32F1xx_HAL_Driver/Inc -I../Drivers/STM32F1xx_HAL_Driver/Inc/Legacy -I../Drivers/CMSIS/Device/ST/STM32F1xx/Include -I../Drivers/CMSIS/Include -I../USB_DEVICE/App -I../USB_DEVICE/Target -I../Middlewares/ST/STM32_USB_Device_Library/Core/Inc -I../Middlewares/ST/STM32_USB_Device_Library/Class/HID/Inc -O0 -ffunction-sections -fdata-sections -Wall -fstack-usage -fcyclomatic-complexity -MMD -MP -MF"Core/Src/main.d" -MT"Core/Src/main.o" --specs=nano.specs -mfloat-abi=soft -mthumb -o "Core/Src/main.o"
../Core/Src/main.c: In function 'store_new_value_as_previous':
../Core/Src/main.c:136:6: warning: type of 'encoder_nr' defaults to 'int' [-Wimplicit-int]
  136 | void store_new_value_as_previous(encoder_nr)
      |      ^~~~~~~~~~~~~~~~~~~~~~~~~~~
../Core/Src/main.c: In function 'main':
../Core/Src/main.c:240:28: warning: unsigned conversion from 'int' to 'uint8_t' {aka 'unsigned char'} changes value from '2002' to '210' [-Woverflow]
  240 |           data_buffer[0] = 2002;
      |                            ^~~~
../Core/Src/main.c:247:15: warning: unused variable 'encoder_nr' [-Wunused-variable]
  247 |           int encoder_nr = counter % ENCODER_QUANTITY;
      |               ^~~~~~~~~~
arm-none-eabi-gcc -o "quadrature_to_usb_midi.elf" @"objects.list"   -mcpu=cortex-m3 -T"C:\Users\Samuel\Software\arduor_controller_lw\stm_32_quadrature_encoder_to_usb_midi\quadrature_to_usb_midi\STM32F103C8TX_FLASH.ld" --specs=nosys.specs -Wl,-Map="quadrature_to_usb_midi.map" -Wl,--gc-sections -static --specs=nano.specs -mfloat-abi=soft -mthumb -Wl,--start-group -lc -lm -Wl,--end-group
Finished building target: quadrature_to_usb_midi.elf
 
arm-none-eabi-size  quadrature_to_usb_midi.elf 
arm-none-eabi-objdump -h -S quadrature_to_usb_midi.elf  > "quadrature_to_usb_midi.list"
   text	   data	    bss	    dec	    hex	filename
  38656	    356	   3956	  42968	   a7d8	quadrature_to_usb_midi.elf
Finished building: default.size.stdout
 
Finished building: quadrature_to_usb_midi.list
 
15:43:38 **** Incremental Build of configuration Debug for project quadrature_to_usb_midi ****
make -j28 all 
arm-none-eabi-gcc "../Core/Src/main.c" -mcpu=cortex-m3 -std=gnu11 -g3 -DDEBUG -DUSE_HAL_DRIVER -DSTM32F103xB -c -I../Core/Inc -I"C:/Users/Samuel/Software/arduor_controller_lw/stm_32_quadrature_encoder_to_usb_midi/quadrature_to_usb_midi/Middlewares/ST/STM32_USB_Device_Library/Class/MIDI/Inc" -I../Drivers/STM32F1xx_HAL_Driver/Inc -I../Drivers/STM32F1xx_HAL_Driver/Inc/Legacy -I../Drivers/CMSIS/Device/ST/STM32F1xx/Include -I../Drivers/CMSIS/Include -I../USB_DEVICE/App -I../USB_DEVICE/Target -I../Middlewares/ST/STM32_USB_Device_Library/Core/Inc -I../Middlewares/ST/STM32_USB_Device_Library/Class/HID/Inc -O0 -ffunction-sections -fdata-sections -Wall -fstack-usage -fcyclomatic-complexity -MMD -MP -MF"Core/Src/main.d" -MT"Core/Src/main.o" --specs=nano.specs -mfloat-abi=soft -mthumb -o "Core/Src/main.o"
../Core/Src/main.c: In function 'store_new_value_as_previous':
../Core/Src/main.c:136:6: warning: type of 'encoder_nr' defaults to 'int' [-Wimplicit-int]
  136 | void store_new_value_as_previous(encoder_nr)
      |      ^~~~~~~~~~~~~~~~~~~~~~~~~~~
../Core/Src/main.c: In function 'main':
../Core/Src/main.c:247:15: warning: unused variable 'encoder_nr' [-Wunused-variable]
  247 |           int encoder_nr = counter % ENCODER_QUANTITY;
      |               ^~~~~~~~~~
arm-none-eabi-gcc -o "quadrature_to_usb_midi.elf" @"objects.list"   -mcpu=cortex-m3 -T"C:\Users\Samuel\Software\arduor_controller_lw\stm_32_quadrature_encoder_to_usb_midi\quadrature_to_usb_midi\STM32F103C8TX_FLASH.ld" --specs=nosys.specs -Wl,-Map="quadrature_to_usb_midi.map" -Wl,--gc-sections -static --specs=nano.specs -mfloat-abi=soft -mthumb -Wl,--start-group -lc -lm -Wl,--end-group
Finished building target: quadrature_to_usb_midi.elf
 
arm-none-eabi-size  quadrature_to_usb_midi.elf 
arm-none-eabi-objdump -h -S quadrature_to_usb_midi.elf  > "quadrature_to_usb_midi.list"
   text	   data	    bss	    dec	    hex	filename
  40456	    356	   3948	  44760	   aed8	quadrature_to_usb_midi.elf
Finished building: default.size.stdout
 
Finished building: quadrature_to_usb_midi.list
 
15:44:28 **** Incremental Build of configuration Debug for project quadrature_to_usb_midi ****
make -j28 all 
arm-none-eabi-gcc "../Core/Src/main.c" -mcpu=cortex-m3 -std=gnu11 -g3 -DDEBUG -DUSE_HAL_DRIVER -DSTM32F103xB -c -I../Core/Inc -I"C:/Users/Samuel/Software/arduor_controller_lw/stm_32_quadrature_encoder_to_usb_midi/quadrature_to_usb_midi/Middlewares/ST/STM32_USB_Device_Library/Class/MIDI/Inc" -I../Drivers/STM32F1xx_HAL_Driver/Inc -I../Drivers/STM32F1xx_HAL_Driver/Inc/Legacy -I../Drivers/CMSIS/Device/ST/STM32F1xx/Include -I../Drivers/CMSIS/Include -I../USB_DEVICE/App -I../USB_DEVICE/Target -I../Middlewares/ST/STM32_USB_Device_Library/Core/Inc -I../Middlewares/ST/STM32_USB_Device_Library/Class/HID/Inc -O0 -ffunction-sections -fdata-sections -Wall -fstack-usage -fcyclomatic-complexity -MMD -MP -MF"Core/Src/main.d" -MT"Core/Src/main.o" --specs=nano.specs -mfloat-abi=soft -mthumb -o "Core/Src/main.o"
../Core/Src/main.c: In function 'store_new_value_as_previous':
../Core/Src/main.c:136:6: warning: type of 'encoder_nr' defaults to 'int' [-Wimplicit-int]
  136 | void store_new_value_as_previous(encoder_nr)
      |      ^~~~~~~~~~~~~~~~~~~~~~~~~~~
../Core/Src/main.c: In function 'main':
../Core/Src/main.c:240:28: warning: unsigned conversion from 'int' to 'uint8_t' {aka 'unsigned char'} changes value from '2002' to '210' [-Woverflow]
  240 |           data_buffer[0] = 2002;
      |                            ^~~~
../Core/Src/main.c:247:15: warning: unused variable 'encoder_nr' [-Wunused-variable]
  247 |           int encoder_nr = counter % ENCODER_QUANTITY;
      |               ^~~~~~~~~~
arm-none-eabi-gcc -o "quadrature_to_usb_midi.elf" @"objects.list"   -mcpu=cortex-m3 -T"C:\Users\Samuel\Software\arduor_controller_lw\stm_32_quadrature_encoder_to_usb_midi\quadrature_to_usb_midi\STM32F103C8TX_FLASH.ld" --specs=nosys.specs -Wl,-Map="quadrature_to_usb_midi.map" -Wl,--gc-sections -static --specs=nano.specs -mfloat-abi=soft -mthumb -Wl,--start-group -lc -lm -Wl,--end-group
Finished building target: quadrature_to_usb_midi.elf
 
arm-none-eabi-size  quadrature_to_usb_midi.elf 
arm-none-eabi-objdump -h -S quadrature_to_usb_midi.elf  > "quadrature_to_usb_midi.list"
   text	   data	    bss	    dec	    hex	filename
  38656	    356	   3956	  42968	   a7d8	quadrature_to_usb_midi.elf
Finished building: default.size.stdout
 
Finished building: quadrature_to_usb_midi.list
 
15:45:08 **** Incremental Build of configuration Debug for project quadrature_to_usb_midi ****
make -j28 all 
arm-none-eabi-size  quadrature_to_usb_midi.elf 
   text	   data	    bss	    dec	    hex	filename
  38656	    356	   3956	  42968	   a7d8	quadrature_to_usb_midi.elf
Finished building: default.size.stdout
 
15:45:32 **** Incremental Build of configuration Debug for project quadrature_to_usb_midi ****
make -j28 all 
arm-none-eabi-gcc "../Core/Src/main.c" -mcpu=cortex-m3 -std=gnu11 -g3 -DDEBUG -DUSE_HAL_DRIVER -DSTM32F103xB -c -I../Core/Inc -I"C:/Users/Samuel/Software/arduor_controller_lw/stm_32_quadrature_encoder_to_usb_midi/quadrature_to_usb_midi/Middlewares/ST/STM32_USB_Device_Library/Class/MIDI/Inc" -I../Drivers/STM32F1xx_HAL_Driver/Inc -I../Drivers/STM32F1xx_HAL_Driver/Inc/Legacy -I../Drivers/CMSIS/Device/ST/STM32F1xx/Include -I../Drivers/CMSIS/Include -I../USB_DEVICE/App -I../USB_DEVICE/Target -I../Middlewares/ST/STM32_USB_Device_Library/Core/Inc -I../Middlewares/ST/STM32_USB_Device_Library/Class/HID/Inc -O0 -ffunction-sections -fdata-sections -Wall -fstack-usage -fcyclomatic-complexity -MMD -MP -MF"Core/Src/main.d" -MT"Core/Src/main.o" --specs=nano.specs -mfloat-abi=soft -mthumb -o "Core/Src/main.o"
../Core/Src/main.c: In function 'store_new_value_as_previous':
../Core/Src/main.c:136:6: warning: type of 'encoder_nr' defaults to 'int' [-Wimplicit-int]
  136 | void store_new_value_as_previous(encoder_nr)
      |      ^~~~~~~~~~~~~~~~~~~~~~~~~~~
../Core/Src/main.c: In function 'main':
../Core/Src/main.c:240:28: warning: unsigned conversion from 'int' to 'uint8_t' {aka 'unsigned char'} changes value from '2002' to '210' [-Woverflow]
  240 |           data_buffer[0] = 2002;
      |                            ^~~~
../Core/Src/main.c:247:15: warning: unused variable 'encoder_nr' [-Wunused-variable]
  247 |           int encoder_nr = counter % ENCODER_QUANTITY;
      |               ^~~~~~~~~~
arm-none-eabi-gcc -o "quadrature_to_usb_midi.elf" @"objects.list"   -mcpu=cortex-m3 -T"C:\Users\Samuel\Software\arduor_controller_lw\stm_32_quadrature_encoder_to_usb_midi\quadrature_to_usb_midi\STM32F103C8TX_FLASH.ld" --specs=nosys.specs -Wl,-Map="quadrature_to_usb_midi.map" -Wl,--gc-sections -static --specs=nano.specs -mfloat-abi=soft -mthumb -Wl,--start-group -lc -lm -Wl,--end-group
Finished building target: quadrature_to_usb_midi.elf
 
arm-none-eabi-size  quadrature_to_usb_midi.elf 
arm-none-eabi-objdump -h -S quadrature_to_usb_midi.elf  > "quadrature_to_usb_midi.list"
   text	   data	    bss	    dec	    hex	filename
  38656	    356	   3956	  42968	   a7d8	quadrature_to_usb_midi.elf
Finished building: default.size.stdout
 
Finished building: quadrature_to_usb_midi.list
 
15:47:22 **** Incremental Build of configuration Debug for project quadrature_to_usb_midi ****
make -j28 all 
arm-none-eabi-gcc "../Core/Src/main.c" -mcpu=cortex-m3 -std=gnu11 -g3 -DDEBUG -DUSE_HAL_DRIVER -DSTM32F103xB -c -I../Core/Inc -I"C:/Users/Samuel/Software/arduor_controller_lw/stm_32_quadrature_encoder_to_usb_midi/quadrature_to_usb_midi/Middlewares/ST/STM32_USB_Device_Library/Class/MIDI/Inc" -I../Drivers/STM32F1xx_HAL_Driver/Inc -I../Drivers/STM32F1xx_HAL_Driver/Inc/Legacy -I../Drivers/CMSIS/Device/ST/STM32F1xx/Include -I../Drivers/CMSIS/Include -I../USB_DEVICE/App -I../USB_DEVICE/Target -I../Middlewares/ST/STM32_USB_Device_Library/Core/Inc -I../Middlewares/ST/STM32_USB_Device_Library/Class/HID/Inc -O0 -ffunction-sections -fdata-sections -Wall -fstack-usage -fcyclomatic-complexity -MMD -MP -MF"Core/Src/main.d" -MT"Core/Src/main.o" --specs=nano.specs -mfloat-abi=soft -mthumb -o "Core/Src/main.o"
../Core/Src/main.c: In function 'store_new_value_as_previous':
../Core/Src/main.c:136:6: warning: type of 'encoder_nr' defaults to 'int' [-Wimplicit-int]
  136 | void store_new_value_as_previous(encoder_nr)
      |      ^~~~~~~~~~~~~~~~~~~~~~~~~~~
../Core/Src/main.c: In function 'main':
../Core/Src/main.c:247:15: warning: unused variable 'encoder_nr' [-Wunused-variable]
  247 |           int encoder_nr = counter % ENCODER_QUANTITY;
      |               ^~~~~~~~~~
arm-none-eabi-gcc -o "quadrature_to_usb_midi.elf" @"objects.list"   -mcpu=cortex-m3 -T"C:\Users\Samuel\Software\arduor_controller_lw\stm_32_quadrature_encoder_to_usb_midi\quadrature_to_usb_midi\STM32F103C8TX_FLASH.ld" --specs=nosys.specs -Wl,-Map="quadrature_to_usb_midi.map" -Wl,--gc-sections -static --specs=nano.specs -mfloat-abi=soft -mthumb -Wl,--start-group -lc -lm -Wl,--end-group
Finished building target: quadrature_to_usb_midi.elf
 
arm-none-eabi-size  quadrature_to_usb_midi.elf 
arm-none-eabi-objdump -h -S quadrature_to_usb_midi.elf  > "quadrature_to_usb_midi.list"
   text	   data	    bss	    dec	    hex	filename
  40456	    356	   3948	  44760	   aed8	quadrature_to_usb_midi.elf
Finished building: default.size.stdout
 
Finished building: quadrature_to_usb_midi.list
 
15:48:03 **** Incremental Build of configuration Debug for project quadrature_to_usb_midi ****
make -j28 all 
arm-none-eabi-gcc "../Core/Src/main.c" -mcpu=cortex-m3 -std=gnu11 -g3 -DDEBUG -DUSE_HAL_DRIVER -DSTM32F103xB -c -I../Core/Inc -I"C:/Users/Samuel/Software/arduor_controller_lw/stm_32_quadrature_encoder_to_usb_midi/quadrature_to_usb_midi/Middlewares/ST/STM32_USB_Device_Library/Class/MIDI/Inc" -I../Drivers/STM32F1xx_HAL_Driver/Inc -I../Drivers/STM32F1xx_HAL_Driver/Inc/Legacy -I../Drivers/CMSIS/Device/ST/STM32F1xx/Include -I../Drivers/CMSIS/Include -I../USB_DEVICE/App -I../USB_DEVICE/Target -I../Middlewares/ST/STM32_USB_Device_Library/Core/Inc -I../Middlewares/ST/STM32_USB_Device_Library/Class/HID/Inc -O0 -ffunction-sections -fdata-sections -Wall -fstack-usage -fcyclomatic-complexity -MMD -MP -MF"Core/Src/main.d" -MT"Core/Src/main.o" --specs=nano.specs -mfloat-abi=soft -mthumb -o "Core/Src/main.o"
../Core/Src/main.c: In function 'store_new_value_as_previous':
../Core/Src/main.c:136:6: warning: type of 'encoder_nr' defaults to 'int' [-Wimplicit-int]
  136 | void store_new_value_as_previous(encoder_nr)
      |      ^~~~~~~~~~~~~~~~~~~~~~~~~~~
../Core/Src/main.c: In function 'main':
../Core/Src/main.c:240:28: warning: unsigned conversion from 'int' to 'uint8_t' {aka 'unsigned char'} changes value from '2002' to '210' [-Woverflow]
  240 |           data_buffer[0] = 2002;
      |                            ^~~~
../Core/Src/main.c:247:15: warning: unused variable 'encoder_nr' [-Wunused-variable]
  247 |           int encoder_nr = counter % ENCODER_QUANTITY;
      |               ^~~~~~~~~~
arm-none-eabi-gcc -o "quadrature_to_usb_midi.elf" @"objects.list"   -mcpu=cortex-m3 -T"C:\Users\Samuel\Software\arduor_controller_lw\stm_32_quadrature_encoder_to_usb_midi\quadrature_to_usb_midi\STM32F103C8TX_FLASH.ld" --specs=nosys.specs -Wl,-Map="quadrature_to_usb_midi.map" -Wl,--gc-sections -static --specs=nano.specs -mfloat-abi=soft -mthumb -Wl,--start-group -lc -lm -Wl,--end-group
Finished building target: quadrature_to_usb_midi.elf
 
arm-none-eabi-size  quadrature_to_usb_midi.elf 
arm-none-eabi-objdump -h -S quadrature_to_usb_midi.elf  > "quadrature_to_usb_midi.list"
   text	   data	    bss	    dec	    hex	filename
  38656	    356	   3956	  42968	   a7d8	quadrature_to_usb_midi.elf
Finished building: default.size.stdout
 
Finished building: quadrature_to_usb_midi.list
 
15:49:42 **** Incremental Build of configuration Debug for project quadrature_to_usb_midi ****
make -j28 all 
arm-none-eabi-gcc "../Core/Src/main.c" -mcpu=cortex-m3 -std=gnu11 -g3 -DDEBUG -DUSE_HAL_DRIVER -DSTM32F103xB -c -I../Core/Inc -I"C:/Users/Samuel/Software/arduor_controller_lw/stm_32_quadrature_encoder_to_usb_midi/quadrature_to_usb_midi/Middlewares/ST/STM32_USB_Device_Library/Class/MIDI/Inc" -I../Drivers/STM32F1xx_HAL_Driver/Inc -I../Drivers/STM32F1xx_HAL_Driver/Inc/Legacy -I../Drivers/CMSIS/Device/ST/STM32F1xx/Include -I../Drivers/CMSIS/Include -I../USB_DEVICE/App -I../USB_DEVICE/Target -I../Middlewares/ST/STM32_USB_Device_Library/Core/Inc -I../Middlewares/ST/STM32_USB_Device_Library/Class/HID/Inc -O0 -ffunction-sections -fdata-sections -Wall -fstack-usage -fcyclomatic-complexity -MMD -MP -MF"Core/Src/main.d" -MT"Core/Src/main.o" --specs=nano.specs -mfloat-abi=soft -mthumb -o "Core/Src/main.o"
../Core/Src/main.c: In function 'store_new_value_as_previous':
../Core/Src/main.c:136:6: warning: type of 'encoder_nr' defaults to 'int' [-Wimplicit-int]
  136 | void store_new_value_as_previous(encoder_nr)
      |      ^~~~~~~~~~~~~~~~~~~~~~~~~~~
../Core/Src/main.c: In function 'main':
../Core/Src/main.c:241:28: warning: unsigned conversion from 'int' to 'uint8_t' {aka 'unsigned char'} changes value from '2002' to '210' [-Woverflow]
  241 |           data_buffer[0] = 2002;
      |                            ^~~~
../Core/Src/main.c:248:15: warning: unused variable 'encoder_nr' [-Wunused-variable]
  248 |           int encoder_nr = counter % ENCODER_QUANTITY;
      |               ^~~~~~~~~~
arm-none-eabi-gcc -o "quadrature_to_usb_midi.elf" @"objects.list"   -mcpu=cortex-m3 -T"C:\Users\Samuel\Software\arduor_controller_lw\stm_32_quadrature_encoder_to_usb_midi\quadrature_to_usb_midi\STM32F103C8TX_FLASH.ld" --specs=nosys.specs -Wl,-Map="quadrature_to_usb_midi.map" -Wl,--gc-sections -static --specs=nano.specs -mfloat-abi=soft -mthumb -Wl,--start-group -lc -lm -Wl,--end-group
Finished building target: quadrature_to_usb_midi.elf
 
arm-none-eabi-size  quadrature_to_usb_midi.elf 
arm-none-eabi-objdump -h -S quadrature_to_usb_midi.elf  > "quadrature_to_usb_midi.list"
   text	   data	    bss	    dec	    hex	filename
  38664	    356	   3956	  42976	   a7e0	quadrature_to_usb_midi.elf
Finished building: default.size.stdout
 
Finished building: quadrature_to_usb_midi.list
 
15:51:02 **** Incremental Build of configuration Debug for project quadrature_to_usb_midi ****
make -j28 all 
arm-none-eabi-gcc "../Core/Src/main.c" -mcpu=cortex-m3 -std=gnu11 -g3 -DDEBUG -DUSE_HAL_DRIVER -DSTM32F103xB -c -I../Core/Inc -I"C:/Users/Samuel/Software/arduor_controller_lw/stm_32_quadrature_encoder_to_usb_midi/quadrature_to_usb_midi/Middlewares/ST/STM32_USB_Device_Library/Class/MIDI/Inc" -I../Drivers/STM32F1xx_HAL_Driver/Inc -I../Drivers/STM32F1xx_HAL_Driver/Inc/Legacy -I../Drivers/CMSIS/Device/ST/STM32F1xx/Include -I../Drivers/CMSIS/Include -I../USB_DEVICE/App -I../USB_DEVICE/Target -I../Middlewares/ST/STM32_USB_Device_Library/Core/Inc -I../Middlewares/ST/STM32_USB_Device_Library/Class/HID/Inc -O0 -ffunction-sections -fdata-sections -Wall -fstack-usage -fcyclomatic-complexity -MMD -MP -MF"Core/Src/main.d" -MT"Core/Src/main.o" --specs=nano.specs -mfloat-abi=soft -mthumb -o "Core/Src/main.o"
../Core/Src/main.c: In function 'store_new_value_as_previous':
../Core/Src/main.c:136:6: warning: type of 'encoder_nr' defaults to 'int' [-Wimplicit-int]
  136 | void store_new_value_as_previous(encoder_nr)
      |      ^~~~~~~~~~~~~~~~~~~~~~~~~~~
../Core/Src/main.c: In function 'main':
../Core/Src/main.c:240:28: warning: unsigned conversion from 'int' to 'uint8_t' {aka 'unsigned char'} changes value from '2002' to '210' [-Woverflow]
  240 |           data_buffer[0] = 2002;
      |                            ^~~~
../Core/Src/main.c:247:15: warning: unused variable 'encoder_nr' [-Wunused-variable]
  247 |           int encoder_nr = counter % ENCODER_QUANTITY;
      |               ^~~~~~~~~~
arm-none-eabi-gcc -o "quadrature_to_usb_midi.elf" @"objects.list"   -mcpu=cortex-m3 -T"C:\Users\Samuel\Software\arduor_controller_lw\stm_32_quadrature_encoder_to_usb_midi\quadrature_to_usb_midi\STM32F103C8TX_FLASH.ld" --specs=nosys.specs -Wl,-Map="quadrature_to_usb_midi.map" -Wl,--gc-sections -static --specs=nano.specs -mfloat-abi=soft -mthumb -Wl,--start-group -lc -lm -Wl,--end-group
Finished building target: quadrature_to_usb_midi.elf
 
arm-none-eabi-size  quadrature_to_usb_midi.elf 
arm-none-eabi-objdump -h -S quadrature_to_usb_midi.elf  > "quadrature_to_usb_midi.list"
   text	   data	    bss	    dec	    hex	filename
  38656	    356	   3956	  42968	   a7d8	quadrature_to_usb_midi.elf
Finished building: default.size.stdout
 
Finished building: quadrature_to_usb_midi.list
 
15:51:17 **** Incremental Build of configuration Debug for project quadrature_to_usb_midi ****
make -j28 all 
arm-none-eabi-size  quadrature_to_usb_midi.elf 
   text	   data	    bss	    dec	    hex	filename
  38656	    356	   3956	  42968	   a7d8	quadrature_to_usb_midi.elf
Finished building: default.size.stdout
 
15:53:37 **** Incremental Build of configuration Debug for project quadrature_to_usb_midi ****
make -j28 all 
arm-none-eabi-gcc "../Core/Src/main.c" -mcpu=cortex-m3 -std=gnu11 -g3 -DDEBUG -DUSE_HAL_DRIVER -DSTM32F103xB -c -I../Core/Inc -I"C:/Users/Samuel/Software/arduor_controller_lw/stm_32_quadrature_encoder_to_usb_midi/quadrature_to_usb_midi/Middlewares/ST/STM32_USB_Device_Library/Class/MIDI/Inc" -I../Drivers/STM32F1xx_HAL_Driver/Inc -I../Drivers/STM32F1xx_HAL_Driver/Inc/Legacy -I../Drivers/CMSIS/Device/ST/STM32F1xx/Include -I../Drivers/CMSIS/Include -I../USB_DEVICE/App -I../USB_DEVICE/Target -I../Middlewares/ST/STM32_USB_Device_Library/Core/Inc -I../Middlewares/ST/STM32_USB_Device_Library/Class/HID/Inc -O0 -ffunction-sections -fdata-sections -Wall -fstack-usage -fcyclomatic-complexity -MMD -MP -MF"Core/Src/main.d" -MT"Core/Src/main.o" --specs=nano.specs -mfloat-abi=soft -mthumb -o "Core/Src/main.o"
../Core/Src/main.c: In function 'store_new_value_as_previous':
../Core/Src/main.c:136:6: warning: type of 'encoder_nr' defaults to 'int' [-Wimplicit-int]
  136 | void store_new_value_as_previous(encoder_nr)
      |      ^~~~~~~~~~~~~~~~~~~~~~~~~~~
../Core/Src/main.c: In function 'main':
../Core/Src/main.c:247:15: warning: unused variable 'encoder_nr' [-Wunused-variable]
  247 |           int encoder_nr = counter % ENCODER_QUANTITY;
      |               ^~~~~~~~~~
arm-none-eabi-gcc -o "quadrature_to_usb_midi.elf" @"objects.list"   -mcpu=cortex-m3 -T"C:\Users\Samuel\Software\arduor_controller_lw\stm_32_quadrature_encoder_to_usb_midi\quadrature_to_usb_midi\STM32F103C8TX_FLASH.ld" --specs=nosys.specs -Wl,-Map="quadrature_to_usb_midi.map" -Wl,--gc-sections -static --specs=nano.specs -mfloat-abi=soft -mthumb -Wl,--start-group -lc -lm -Wl,--end-group
Finished building target: quadrature_to_usb_midi.elf
 
arm-none-eabi-size  quadrature_to_usb_midi.elf 
arm-none-eabi-objdump -h -S quadrature_to_usb_midi.elf  > "quadrature_to_usb_midi.list"
   text	   data	    bss	    dec	    hex	filename
  40456	    356	   3948	  44760	   aed8	quadrature_to_usb_midi.elf
Finished building: default.size.stdout
 
Finished building: quadrature_to_usb_midi.list
 
15:54:12 **** Incremental Build of configuration Debug for project quadrature_to_usb_midi ****
make -j28 all 
arm-none-eabi-gcc "../Core/Src/main.c" -mcpu=cortex-m3 -std=gnu11 -g3 -DDEBUG -DUSE_HAL_DRIVER -DSTM32F103xB -c -I../Core/Inc -I"C:/Users/Samuel/Software/arduor_controller_lw/stm_32_quadrature_encoder_to_usb_midi/quadrature_to_usb_midi/Middlewares/ST/STM32_USB_Device_Library/Class/MIDI/Inc" -I../Drivers/STM32F1xx_HAL_Driver/Inc -I../Drivers/STM32F1xx_HAL_Driver/Inc/Legacy -I../Drivers/CMSIS/Device/ST/STM32F1xx/Include -I../Drivers/CMSIS/Include -I../USB_DEVICE/App -I../USB_DEVICE/Target -I../Middlewares/ST/STM32_USB_Device_Library/Core/Inc -I../Middlewares/ST/STM32_USB_Device_Library/Class/HID/Inc -O0 -ffunction-sections -fdata-sections -Wall -fstack-usage -fcyclomatic-complexity -MMD -MP -MF"Core/Src/main.d" -MT"Core/Src/main.o" --specs=nano.specs -mfloat-abi=soft -mthumb -o "Core/Src/main.o"
../Core/Src/main.c: In function 'store_new_value_as_previous':
../Core/Src/main.c:136:6: warning: type of 'encoder_nr' defaults to 'int' [-Wimplicit-int]
  136 | void store_new_value_as_previous(encoder_nr)
      |      ^~~~~~~~~~~~~~~~~~~~~~~~~~~
../Core/Src/main.c: In function 'main':
../Core/Src/main.c:247:15: warning: unused variable 'encoder_nr' [-Wunused-variable]
  247 |           int encoder_nr = counter % ENCODER_QUANTITY;
      |               ^~~~~~~~~~
arm-none-eabi-gcc -o "quadrature_to_usb_midi.elf" @"objects.list"   -mcpu=cortex-m3 -T"C:\Users\Samuel\Software\arduor_controller_lw\stm_32_quadrature_encoder_to_usb_midi\quadrature_to_usb_midi\STM32F103C8TX_FLASH.ld" --specs=nosys.specs -Wl,-Map="quadrature_to_usb_midi.map" -Wl,--gc-sections -static --specs=nano.specs -mfloat-abi=soft -mthumb -Wl,--start-group -lc -lm -Wl,--end-group
Finished building target: quadrature_to_usb_midi.elf
 
arm-none-eabi-size  quadrature_to_usb_midi.elf 
arm-none-eabi-objdump -h -S quadrature_to_usb_midi.elf  > "quadrature_to_usb_midi.list"
   text	   data	    bss	    dec	    hex	filename
  40456	    356	   3948	  44760	   aed8	quadrature_to_usb_midi.elf
Finished building: default.size.stdout
 
Finished building: quadrature_to_usb_midi.list
 
15:54:44 **** Incremental Build of configuration Debug for project quadrature_to_usb_midi ****
make -j28 all 
arm-none-eabi-gcc "../Core/Src/main.c" -mcpu=cortex-m3 -std=gnu11 -g3 -DDEBUG -DUSE_HAL_DRIVER -DSTM32F103xB -c -I../Core/Inc -I"C:/Users/Samuel/Software/arduor_controller_lw/stm_32_quadrature_encoder_to_usb_midi/quadrature_to_usb_midi/Middlewares/ST/STM32_USB_Device_Library/Class/MIDI/Inc" -I../Drivers/STM32F1xx_HAL_Driver/Inc -I../Drivers/STM32F1xx_HAL_Driver/Inc/Legacy -I../Drivers/CMSIS/Device/ST/STM32F1xx/Include -I../Drivers/CMSIS/Include -I../USB_DEVICE/App -I../USB_DEVICE/Target -I../Middlewares/ST/STM32_USB_Device_Library/Core/Inc -I../Middlewares/ST/STM32_USB_Device_Library/Class/HID/Inc -O0 -ffunction-sections -fdata-sections -Wall -fstack-usage -fcyclomatic-complexity -MMD -MP -MF"Core/Src/main.d" -MT"Core/Src/main.o" --specs=nano.specs -mfloat-abi=soft -mthumb -o "Core/Src/main.o"
../Core/Src/main.c: In function 'store_new_value_as_previous':
../Core/Src/main.c:136:6: warning: type of 'encoder_nr' defaults to 'int' [-Wimplicit-int]
  136 | void store_new_value_as_previous(encoder_nr)
      |      ^~~~~~~~~~~~~~~~~~~~~~~~~~~
../Core/Src/main.c: In function 'main':
../Core/Src/main.c:240:28: warning: unsigned conversion from 'int' to 'uint8_t' {aka 'unsigned char'} changes value from '2002' to '210' [-Woverflow]
  240 |           data_buffer[0] = 2002;
      |                            ^~~~
../Core/Src/main.c:247:15: warning: unused variable 'encoder_nr' [-Wunused-variable]
  247 |           int encoder_nr = counter % ENCODER_QUANTITY;
      |               ^~~~~~~~~~
arm-none-eabi-gcc -o "quadrature_to_usb_midi.elf" @"objects.list"   -mcpu=cortex-m3 -T"C:\Users\Samuel\Software\arduor_controller_lw\stm_32_quadrature_encoder_to_usb_midi\quadrature_to_usb_midi\STM32F103C8TX_FLASH.ld" --specs=nosys.specs -Wl,-Map="quadrature_to_usb_midi.map" -Wl,--gc-sections -static --specs=nano.specs -mfloat-abi=soft -mthumb -Wl,--start-group -lc -lm -Wl,--end-group
Finished building target: quadrature_to_usb_midi.elf
 
arm-none-eabi-size  quadrature_to_usb_midi.elf 
arm-none-eabi-objdump -h -S quadrature_to_usb_midi.elf  > "quadrature_to_usb_midi.list"
   text	   data	    bss	    dec	    hex	filename
  38656	    356	   3956	  42968	   a7d8	quadrature_to_usb_midi.elf
Finished building: default.size.stdout
 
Finished building: quadrature_to_usb_midi.list
 
15:57:45 **** Incremental Build of configuration Debug for project quadrature_to_usb_midi ****
make -j28 all 
arm-none-eabi-size  quadrature_to_usb_midi.elf 
   text	   data	    bss	    dec	    hex	filename
  38656	    356	   3956	  42968	   a7d8	quadrature_to_usb_midi.elf
Finished building: default.size.stdout
 
15:59:59 **** Incremental Build of configuration Debug for project quadrature_to_usb_midi ****
make -j28 all 
arm-none-eabi-gcc "../Core/Src/main.c" -mcpu=cortex-m3 -std=gnu11 -g3 -DDEBUG -DUSE_HAL_DRIVER -DSTM32F103xB -c -I../Core/Inc -I"C:/Users/Samuel/Software/arduor_controller_lw/stm_32_quadrature_encoder_to_usb_midi/quadrature_to_usb_midi/Middlewares/ST/STM32_USB_Device_Library/Class/MIDI/Inc" -I../Drivers/STM32F1xx_HAL_Driver/Inc -I../Drivers/STM32F1xx_HAL_Driver/Inc/Legacy -I../Drivers/CMSIS/Device/ST/STM32F1xx/Include -I../Drivers/CMSIS/Include -I../USB_DEVICE/App -I../USB_DEVICE/Target -I../Middlewares/ST/STM32_USB_Device_Library/Core/Inc -I../Middlewares/ST/STM32_USB_Device_Library/Class/HID/Inc -O0 -ffunction-sections -fdata-sections -Wall -fstack-usage -fcyclomatic-complexity -MMD -MP -MF"Core/Src/main.d" -MT"Core/Src/main.o" --specs=nano.specs -mfloat-abi=soft -mthumb -o "Core/Src/main.o"
../Core/Src/main.c: In function 'store_new_value_as_previous':
../Core/Src/main.c:136:6: warning: type of 'encoder_nr' defaults to 'int' [-Wimplicit-int]
  136 | void store_new_value_as_previous(encoder_nr)
      |      ^~~~~~~~~~~~~~~~~~~~~~~~~~~
../Core/Src/main.c: In function 'main':
../Core/Src/main.c:247:15: warning: unused variable 'encoder_nr' [-Wunused-variable]
  247 |           int encoder_nr = counter % ENCODER_QUANTITY;
      |               ^~~~~~~~~~
arm-none-eabi-gcc -o "quadrature_to_usb_midi.elf" @"objects.list"   -mcpu=cortex-m3 -T"C:\Users\Samuel\Software\arduor_controller_lw\stm_32_quadrature_encoder_to_usb_midi\quadrature_to_usb_midi\STM32F103C8TX_FLASH.ld" --specs=nosys.specs -Wl,-Map="quadrature_to_usb_midi.map" -Wl,--gc-sections -static --specs=nano.specs -mfloat-abi=soft -mthumb -Wl,--start-group -lc -lm -Wl,--end-group
Finished building target: quadrature_to_usb_midi.elf
 
arm-none-eabi-size  quadrature_to_usb_midi.elf 
arm-none-eabi-objdump -h -S quadrature_to_usb_midi.elf  > "quadrature_to_usb_midi.list"
   text	   data	    bss	    dec	    hex	filename
  41144	    356	   3948	  45448	   b188	quadrature_to_usb_midi.elf
Finished building: default.size.stdout
 
Finished building: quadrature_to_usb_midi.list
 
16:00:22 **** Incremental Build of configuration Debug for project quadrature_to_usb_midi ****
make -j28 all 
arm-none-eabi-size  quadrature_to_usb_midi.elf 
   text	   data	    bss	    dec	    hex	filename
  41144	    356	   3948	  45448	   b188	quadrature_to_usb_midi.elf
Finished building: default.size.stdout
 
16:00:55 **** Incremental Build of configuration Debug for project quadrature_to_usb_midi ****
make -j28 all 
arm-none-eabi-gcc "../Core/Src/main.c" -mcpu=cortex-m3 -std=gnu11 -g3 -DDEBUG -DUSE_HAL_DRIVER -DSTM32F103xB -c -I../Core/Inc -I"C:/Users/Samuel/Software/arduor_controller_lw/stm_32_quadrature_encoder_to_usb_midi/quadrature_to_usb_midi/Middlewares/ST/STM32_USB_Device_Library/Class/MIDI/Inc" -I../Drivers/STM32F1xx_HAL_Driver/Inc -I../Drivers/STM32F1xx_HAL_Driver/Inc/Legacy -I../Drivers/CMSIS/Device/ST/STM32F1xx/Include -I../Drivers/CMSIS/Include -I../USB_DEVICE/App -I../USB_DEVICE/Target -I../Middlewares/ST/STM32_USB_Device_Library/Core/Inc -I../Middlewares/ST/STM32_USB_Device_Library/Class/HID/Inc -O0 -ffunction-sections -fdata-sections -Wall -fstack-usage -fcyclomatic-complexity -MMD -MP -MF"Core/Src/main.d" -MT"Core/Src/main.o" --specs=nano.specs -mfloat-abi=soft -mthumb -o "Core/Src/main.o"
../Core/Src/main.c: In function 'store_new_value_as_previous':
../Core/Src/main.c:136:6: warning: type of 'encoder_nr' defaults to 'int' [-Wimplicit-int]
  136 | void store_new_value_as_previous(encoder_nr)
      |      ^~~~~~~~~~~~~~~~~~~~~~~~~~~
../Core/Src/main.c: In function 'main':
../Core/Src/main.c:240:28: warning: unsigned conversion from 'int' to 'uint8_t' {aka 'unsigned char'} changes value from '2002' to '210' [-Woverflow]
  240 |           data_buffer[0] = 2002;
      |                            ^~~~
../Core/Src/main.c:247:15: warning: unused variable 'encoder_nr' [-Wunused-variable]
  247 |           int encoder_nr = counter % ENCODER_QUANTITY;
      |               ^~~~~~~~~~
arm-none-eabi-gcc -o "quadrature_to_usb_midi.elf" @"objects.list"   -mcpu=cortex-m3 -T"C:\Users\Samuel\Software\arduor_controller_lw\stm_32_quadrature_encoder_to_usb_midi\quadrature_to_usb_midi\STM32F103C8TX_FLASH.ld" --specs=nosys.specs -Wl,-Map="quadrature_to_usb_midi.map" -Wl,--gc-sections -static --specs=nano.specs -mfloat-abi=soft -mthumb -Wl,--start-group -lc -lm -Wl,--end-group
Finished building target: quadrature_to_usb_midi.elf
 
arm-none-eabi-size  quadrature_to_usb_midi.elf 
arm-none-eabi-objdump -h -S quadrature_to_usb_midi.elf  > "quadrature_to_usb_midi.list"
   text	   data	    bss	    dec	    hex	filename
  38656	    356	   3956	  42968	   a7d8	quadrature_to_usb_midi.elf
Finished building: default.size.stdout
 
Finished building: quadrature_to_usb_midi.list
 
16:14:29 **** Incremental Build of configuration Debug for project quadrature_to_usb_midi ****
make -j28 all 
arm-none-eabi-gcc "../Core/Src/main.c" -mcpu=cortex-m3 -std=gnu11 -g3 -DDEBUG -DUSE_HAL_DRIVER -DSTM32F103xB -c -I../Core/Inc -I"C:/Users/Samuel/Software/arduor_controller_lw/stm_32_quadrature_encoder_to_usb_midi/quadrature_to_usb_midi/Middlewares/ST/STM32_USB_Device_Library/Class/MIDI/Inc" -I../Drivers/STM32F1xx_HAL_Driver/Inc -I../Drivers/STM32F1xx_HAL_Driver/Inc/Legacy -I../Drivers/CMSIS/Device/ST/STM32F1xx/Include -I../Drivers/CMSIS/Include -I../USB_DEVICE/App -I../USB_DEVICE/Target -I../Middlewares/ST/STM32_USB_Device_Library/Core/Inc -I../Middlewares/ST/STM32_USB_Device_Library/Class/HID/Inc -O0 -ffunction-sections -fdata-sections -Wall -fstack-usage -fcyclomatic-complexity -MMD -MP -MF"Core/Src/main.d" -MT"Core/Src/main.o" --specs=nano.specs -mfloat-abi=soft -mthumb -o "Core/Src/main.o"
../Core/Src/main.c: In function 'store_new_value_as_previous':
../Core/Src/main.c:136:6: warning: type of 'encoder_nr' defaults to 'int' [-Wimplicit-int]
  136 | void store_new_value_as_previous(encoder_nr)
      |      ^~~~~~~~~~~~~~~~~~~~~~~~~~~
../Core/Src/main.c: In function 'receive_i2c_data_from_slave':
../Core/Src/main.c:147:17: warning: unused variable 'test_data' [-Wunused-variable]
  147 |         uint8_t test_data = (uint8_t)33;
      |                 ^~~~~~~~~
../Core/Src/main.c: At top level:
../Core/Src/main.c:177:9: error: expected identifier or '(' before 'else'
  177 |         else  // master requesting the data is not supported yet
      |         ^~~~
../Core/Src/main.c:181:1: error: expected identifier or '(' before '}' token
  181 | }
      | ^
../Core/Src/main.c: In function 'main':
../Core/Src/main.c:243:28: warning: unsigned conversion from 'int' to 'uint8_t' {aka 'unsigned char'} changes value from '2002' to '210' [-Woverflow]
  243 |           data_buffer[0] = 2002;
      |                            ^~~~
../Core/Src/main.c:250:15: warning: unused variable 'encoder_nr' [-Wunused-variable]
  250 |           int encoder_nr = counter % ENCODER_QUANTITY;
      |               ^~~~~~~~~~
make: *** [Core/Src/subdir.mk:34: Core/Src/main.o] Error 1
"make -j28 all" terminated with exit code 2. Build might be incomplete.
16:14:51 **** Incremental Build of configuration Debug for project quadrature_to_usb_midi ****
make -j28 all 
arm-none-eabi-gcc "../Core/Src/main.c" -mcpu=cortex-m3 -std=gnu11 -g3 -DDEBUG -DUSE_HAL_DRIVER -DSTM32F103xB -c -I../Core/Inc -I"C:/Users/Samuel/Software/arduor_controller_lw/stm_32_quadrature_encoder_to_usb_midi/quadrature_to_usb_midi/Middlewares/ST/STM32_USB_Device_Library/Class/MIDI/Inc" -I../Drivers/STM32F1xx_HAL_Driver/Inc -I../Drivers/STM32F1xx_HAL_Driver/Inc/Legacy -I../Drivers/CMSIS/Device/ST/STM32F1xx/Include -I../Drivers/CMSIS/Include -I../USB_DEVICE/App -I../USB_DEVICE/Target -I../Middlewares/ST/STM32_USB_Device_Library/Core/Inc -I../Middlewares/ST/STM32_USB_Device_Library/Class/HID/Inc -O0 -ffunction-sections -fdata-sections -Wall -fstack-usage -fcyclomatic-complexity -MMD -MP -MF"Core/Src/main.d" -MT"Core/Src/main.o" --specs=nano.specs -mfloat-abi=soft -mthumb -o "Core/Src/main.o"
../Core/Src/main.c: In function 'store_new_value_as_previous':
../Core/Src/main.c:136:6: warning: type of 'encoder_nr' defaults to 'int' [-Wimplicit-int]
  136 | void store_new_value_as_previous(encoder_nr)
      |      ^~~~~~~~~~~~~~~~~~~~~~~~~~~
../Core/Src/main.c: In function 'receive_i2c_data_from_slave':
../Core/Src/main.c:147:17: warning: unused variable 'test_data' [-Wunused-variable]
  147 |         uint8_t test_data = (uint8_t)33;
      |                 ^~~~~~~~~
../Core/Src/main.c: In function 'main':
../Core/Src/main.c:244:28: warning: unsigned conversion from 'int' to 'uint8_t' {aka 'unsigned char'} changes value from '2002' to '210' [-Woverflow]
  244 |           data_buffer[0] = 2002;
      |                            ^~~~
../Core/Src/main.c:251:15: warning: unused variable 'encoder_nr' [-Wunused-variable]
  251 |           int encoder_nr = counter % ENCODER_QUANTITY;
      |               ^~~~~~~~~~
arm-none-eabi-gcc -o "quadrature_to_usb_midi.elf" @"objects.list"   -mcpu=cortex-m3 -T"C:\Users\Samuel\Software\arduor_controller_lw\stm_32_quadrature_encoder_to_usb_midi\quadrature_to_usb_midi\STM32F103C8TX_FLASH.ld" --specs=nosys.specs -Wl,-Map="quadrature_to_usb_midi.map" -Wl,--gc-sections -static --specs=nano.specs -mfloat-abi=soft -mthumb -Wl,--start-group -lc -lm -Wl,--end-group
Finished building target: quadrature_to_usb_midi.elf
 
arm-none-eabi-size  quadrature_to_usb_midi.elf 
arm-none-eabi-objdump -h -S quadrature_to_usb_midi.elf  > "quadrature_to_usb_midi.list"
   text	   data	    bss	    dec	    hex	filename
  39720	    356	   3956	  44032	   ac00	quadrature_to_usb_midi.elf
Finished building: default.size.stdout
 
Finished building: quadrature_to_usb_midi.list
 
16:15:41 **** Incremental Build of configuration Debug for project quadrature_to_usb_midi ****
make -j28 all 
arm-none-eabi-gcc "../Core/Src/main.c" -mcpu=cortex-m3 -std=gnu11 -g3 -DDEBUG -DUSE_HAL_DRIVER -DSTM32F103xB -c -I../Core/Inc -I"C:/Users/Samuel/Software/arduor_controller_lw/stm_32_quadrature_encoder_to_usb_midi/quadrature_to_usb_midi/Middlewares/ST/STM32_USB_Device_Library/Class/MIDI/Inc" -I../Drivers/STM32F1xx_HAL_Driver/Inc -I../Drivers/STM32F1xx_HAL_Driver/Inc/Legacy -I../Drivers/CMSIS/Device/ST/STM32F1xx/Include -I../Drivers/CMSIS/Include -I../USB_DEVICE/App -I../USB_DEVICE/Target -I../Middlewares/ST/STM32_USB_Device_Library/Core/Inc -I../Middlewares/ST/STM32_USB_Device_Library/Class/HID/Inc -O0 -ffunction-sections -fdata-sections -Wall -fstack-usage -fcyclomatic-complexity -MMD -MP -MF"Core/Src/main.d" -MT"Core/Src/main.o" --specs=nano.specs -mfloat-abi=soft -mthumb -o "Core/Src/main.o"
../Core/Src/main.c: In function 'store_new_value_as_previous':
../Core/Src/main.c:136:6: warning: type of 'encoder_nr' defaults to 'int' [-Wimplicit-int]
  136 | void store_new_value_as_previous(encoder_nr)
      |      ^~~~~~~~~~~~~~~~~~~~~~~~~~~
../Core/Src/main.c: In function 'receive_i2c_data_from_slave':
../Core/Src/main.c:147:17: warning: unused variable 'test_data' [-Wunused-variable]
  147 |         uint8_t test_data = (uint8_t)33;
      |                 ^~~~~~~~~
../Core/Src/main.c: In function 'main':
../Core/Src/main.c:251:15: warning: unused variable 'encoder_nr' [-Wunused-variable]
  251 |           int encoder_nr = counter % ENCODER_QUANTITY;
      |               ^~~~~~~~~~
arm-none-eabi-gcc -o "quadrature_to_usb_midi.elf" @"objects.list"   -mcpu=cortex-m3 -T"C:\Users\Samuel\Software\arduor_controller_lw\stm_32_quadrature_encoder_to_usb_midi\quadrature_to_usb_midi\STM32F103C8TX_FLASH.ld" --specs=nosys.specs -Wl,-Map="quadrature_to_usb_midi.map" -Wl,--gc-sections -static --specs=nano.specs -mfloat-abi=soft -mthumb -Wl,--start-group -lc -lm -Wl,--end-group
Finished building target: quadrature_to_usb_midi.elf
 
arm-none-eabi-size  quadrature_to_usb_midi.elf 
arm-none-eabi-objdump -h -S quadrature_to_usb_midi.elf  > "quadrature_to_usb_midi.list"
   text	   data	    bss	    dec	    hex	filename
  41968	    356	   3956	  46280	   b4c8	quadrature_to_usb_midi.elf
Finished building: default.size.stdout
 
Finished building: quadrature_to_usb_midi.list
 
16:16:19 **** Incremental Build of configuration Debug for project quadrature_to_usb_midi ****
make -j28 all 
arm-none-eabi-gcc "../Core/Src/main.c" -mcpu=cortex-m3 -std=gnu11 -g3 -DDEBUG -DUSE_HAL_DRIVER -DSTM32F103xB -c -I../Core/Inc -I"C:/Users/Samuel/Software/arduor_controller_lw/stm_32_quadrature_encoder_to_usb_midi/quadrature_to_usb_midi/Middlewares/ST/STM32_USB_Device_Library/Class/MIDI/Inc" -I../Drivers/STM32F1xx_HAL_Driver/Inc -I../Drivers/STM32F1xx_HAL_Driver/Inc/Legacy -I../Drivers/CMSIS/Device/ST/STM32F1xx/Include -I../Drivers/CMSIS/Include -I../USB_DEVICE/App -I../USB_DEVICE/Target -I../Middlewares/ST/STM32_USB_Device_Library/Core/Inc -I../Middlewares/ST/STM32_USB_Device_Library/Class/HID/Inc -O0 -ffunction-sections -fdata-sections -Wall -fstack-usage -fcyclomatic-complexity -MMD -MP -MF"Core/Src/main.d" -MT"Core/Src/main.o" --specs=nano.specs -mfloat-abi=soft -mthumb -o "Core/Src/main.o"
../Core/Src/main.c: In function 'store_new_value_as_previous':
../Core/Src/main.c:136:6: warning: type of 'encoder_nr' defaults to 'int' [-Wimplicit-int]
  136 | void store_new_value_as_previous(encoder_nr)
      |      ^~~~~~~~~~~~~~~~~~~~~~~~~~~
../Core/Src/main.c: In function 'receive_i2c_data_from_slave':
../Core/Src/main.c:147:17: warning: unused variable 'test_data' [-Wunused-variable]
  147 |         uint8_t test_data = (uint8_t)33;
      |                 ^~~~~~~~~
../Core/Src/main.c: In function 'main':
../Core/Src/main.c:251:15: warning: unused variable 'encoder_nr' [-Wunused-variable]
  251 |           int encoder_nr = counter % ENCODER_QUANTITY;
      |               ^~~~~~~~~~
arm-none-eabi-gcc -o "quadrature_to_usb_midi.elf" @"objects.list"   -mcpu=cortex-m3 -T"C:\Users\Samuel\Software\arduor_controller_lw\stm_32_quadrature_encoder_to_usb_midi\quadrature_to_usb_midi\STM32F103C8TX_FLASH.ld" --specs=nosys.specs -Wl,-Map="quadrature_to_usb_midi.map" -Wl,--gc-sections -static --specs=nano.specs -mfloat-abi=soft -mthumb -Wl,--start-group -lc -lm -Wl,--end-group
Finished building target: quadrature_to_usb_midi.elf
 
arm-none-eabi-size  quadrature_to_usb_midi.elf 
arm-none-eabi-objdump -h -S quadrature_to_usb_midi.elf  > "quadrature_to_usb_midi.list"
   text	   data	    bss	    dec	    hex	filename
  41968	    356	   3956	  46280	   b4c8	quadrature_to_usb_midi.elf
Finished building: default.size.stdout
 
Finished building: quadrature_to_usb_midi.list
 
16:16:34 **** Incremental Build of configuration Debug for project quadrature_to_usb_midi ****
make -j28 all 
arm-none-eabi-size  quadrature_to_usb_midi.elf 
   text	   data	    bss	    dec	    hex	filename
  41968	    356	   3956	  46280	   b4c8	quadrature_to_usb_midi.elf
Finished building: default.size.stdout
 
16:18:43 **** Incremental Build of configuration Debug for project quadrature_to_usb_midi ****
make -j28 all 
arm-none-eabi-size  quadrature_to_usb_midi.elf 
   text	   data	    bss	    dec	    hex	filename
  41968	    356	   3956	  46280	   b4c8	quadrature_to_usb_midi.elf
Finished building: default.size.stdout
 
16:19:24 **** Incremental Build of configuration Debug for project quadrature_to_usb_midi ****
make -j28 all 
arm-none-eabi-gcc "../Core/Src/main.c" -mcpu=cortex-m3 -std=gnu11 -g3 -DDEBUG -DUSE_HAL_DRIVER -DSTM32F103xB -c -I../Core/Inc -I"C:/Users/Samuel/Software/arduor_controller_lw/stm_32_quadrature_encoder_to_usb_midi/quadrature_to_usb_midi/Middlewares/ST/STM32_USB_Device_Library/Class/MIDI/Inc" -I../Drivers/STM32F1xx_HAL_Driver/Inc -I../Drivers/STM32F1xx_HAL_Driver/Inc/Legacy -I../Drivers/CMSIS/Device/ST/STM32F1xx/Include -I../Drivers/CMSIS/Include -I../USB_DEVICE/App -I../USB_DEVICE/Target -I../Middlewares/ST/STM32_USB_Device_Library/Core/Inc -I../Middlewares/ST/STM32_USB_Device_Library/Class/HID/Inc -O0 -ffunction-sections -fdata-sections -Wall -fstack-usage -fcyclomatic-complexity -MMD -MP -MF"Core/Src/main.d" -MT"Core/Src/main.o" --specs=nano.specs -mfloat-abi=soft -mthumb -o "Core/Src/main.o"
../Core/Src/main.c: In function 'store_new_value_as_previous':
../Core/Src/main.c:136:6: warning: type of 'encoder_nr' defaults to 'int' [-Wimplicit-int]
  136 | void store_new_value_as_previous(encoder_nr)
      |      ^~~~~~~~~~~~~~~~~~~~~~~~~~~
../Core/Src/main.c: In function 'receive_i2c_data_from_slave':
../Core/Src/main.c:147:17: warning: unused variable 'test_data' [-Wunused-variable]
  147 |         uint8_t test_data = (uint8_t)33;
      |                 ^~~~~~~~~
../Core/Src/main.c: In function 'main':
../Core/Src/main.c:244:28: warning: unsigned conversion from 'int' to 'uint8_t' {aka 'unsigned char'} changes value from '2002' to '210' [-Woverflow]
  244 |           data_buffer[0] = 2002;
      |                            ^~~~
../Core/Src/main.c:251:15: warning: unused variable 'encoder_nr' [-Wunused-variable]
  251 |           int encoder_nr = counter % ENCODER_QUANTITY;
      |               ^~~~~~~~~~
arm-none-eabi-gcc -o "quadrature_to_usb_midi.elf" @"objects.list"   -mcpu=cortex-m3 -T"C:\Users\Samuel\Software\arduor_controller_lw\stm_32_quadrature_encoder_to_usb_midi\quadrature_to_usb_midi\STM32F103C8TX_FLASH.ld" --specs=nosys.specs -Wl,-Map="quadrature_to_usb_midi.map" -Wl,--gc-sections -static --specs=nano.specs -mfloat-abi=soft -mthumb -Wl,--start-group -lc -lm -Wl,--end-group
Finished building target: quadrature_to_usb_midi.elf
 
arm-none-eabi-size  quadrature_to_usb_midi.elf 
arm-none-eabi-objdump -h -S quadrature_to_usb_midi.elf  > "quadrature_to_usb_midi.list"
   text	   data	    bss	    dec	    hex	filename
  39720	    356	   3956	  44032	   ac00	quadrature_to_usb_midi.elf
Finished building: default.size.stdout
 
Finished building: quadrature_to_usb_midi.list
 
