2026-05-17 21:27:04,906 [INFO] Activator:176 - 


2026-05-17 21:27:04,909 [INFO] Activator:177 - !SESSION log4j initialized
2026-05-17 21:27:11,982 [INFO] LogOutputStream:77 - [STDOUT_REDIRECT] 
2026-05-17 21:27:13,751 [INFO] ApplicationProperties:184 - Using Application install path: C:\ST\STM32CubeIDE_1.18.1\STM32CubeIDE\plugins\com.st.stm32cube.common.mx_6.15.0.202507011659
2026-05-17 21:27:13,773 [INFO] DbMcusXml:78 - Set database path to: C:\ST\STM32CubeIDE_1.18.1\STM32CubeIDE\plugins\com.st.stm32cube.common.mx_6.15.0.202507011659\\db\/mcu/
2026-05-17 21:27:13,773 [INFO] ApiDb:274 - Set plugin database path to: C:\ST\STM32CubeIDE_1.18.1\STM32CubeIDE\plugins\com.st.stm32cube.common.mx_6.15.0.202507011659\\db\/plugins/boardmanager/
2026-05-17 21:27:13,773 [WARN] ApiDb:259 - Overriding images path with different value:  => C:\ST\STM32CubeIDE_1.18.1\STM32CubeIDE\plugins\com.st.stm32cube.common.mx_6.15.0.202507011659\\db\/plugins/mcufinder/images/
2026-05-17 21:27:13,781 [INFO] ApiDb:250 - Set database path to: C:\Users\Samuel\.stmcufinder\plugins\mcufinder//mcu/
2026-05-17 21:27:13,782 [INFO] DbMcusAds:125 - Set database path to: C:\Users\Samuel\.stmcufinder\plugins\mcufinder//mcu/
2026-05-17 21:27:13,786 [INFO] CrossReferenceDbSqlite:203 - Set database path to: C:\Users\Samuel\.stmcufinder\plugins\mcufinder//mcu/cs/
2026-05-17 21:27:13,867 [ERROR] LogOutputStream:75 - [STDERR_REDIRECT] [Fatal Error] :1:1: Premature end of file.
2026-05-17 21:27:13,867 [ERROR] LogOutputStream:75 - [STDERR_REDIRECT] 
2026-05-17 21:27:13,925 [INFO] RulesReader:64 - Compatibility file has been processed (317 Rules)
2026-05-17 21:27:14,129 [INFO] DbMcusXml:78 - Set database path to: C:\ST\STM32CubeIDE_1.18.1\STM32CubeIDE\plugins\com.st.stm32cube.common.mx_6.15.0.202507011659\\db\/mcu/
2026-05-17 21:27:14,129 [INFO] ApiDb:274 - Set plugin database path to: C:\ST\STM32CubeIDE_1.18.1\STM32CubeIDE\plugins\com.st.stm32cube.common.mx_6.15.0.202507011659\\db\/plugins/boardmanager/
2026-05-17 21:27:14,129 [INFO] ApiDb:261 - Set plugin images path to: C:\ST\STM32CubeIDE_1.18.1\STM32CubeIDE\plugins\com.st.stm32cube.common.mx_6.15.0.202507011659\\db\/plugins/mcufinder/images/
2026-05-17 21:27:14,129 [WARN] DbFile:41 - Overriding database path with different value: C:\Users\Samuel\.stmcufinder\plugins\mcufinder/ => C:\Users\Samuel\.stmcufinder\plugins\mcufinder
2026-05-17 21:27:14,130 [INFO] ApiDb:250 - Set database path to: C:\Users\Samuel\.stmcufinder\plugins\mcufinder//mcu/
2026-05-17 21:27:14,130 [WARN] DbFile:41 - Overriding database path with different value: C:\Users\Samuel\.stmcufinder\plugins\mcufinder/ => C:\Users\Samuel\.stmcufinder\plugins\mcufinder
2026-05-17 21:27:14,130 [INFO] DbMcusAds:125 - Set database path to: C:\Users\Samuel\.stmcufinder\plugins\mcufinder//mcu/
2026-05-17 21:27:14,130 [WARN] DbFile:41 - Overriding database path with different value: C:\Users\Samuel\.stmcufinder\plugins\mcufinder/ => C:\Users\Samuel\.stmcufinder\plugins\mcufinder
2026-05-17 21:27:14,130 [WARN] DbFile:41 - Overriding database path with different value: C:\Users\Samuel\.stmcufinder\plugins\mcufinder/ => C:\Users\Samuel\.stmcufinder\plugins\mcufinder
2026-05-17 21:27:14,130 [INFO] CrossReferenceDbSqlite:203 - Set database path to: C:\Users\Samuel\.stmcufinder\plugins\mcufinder//mcu/cs/
2026-05-17 21:27:14,268 [INFO] MainPanel:274 - HeapMemory: 268435456
2026-05-17 21:27:14,423 [INFO] DbMcusXml:78 - Set database path to: C:\ST\STM32CubeIDE_1.18.1\STM32CubeIDE\plugins\com.st.stm32cube.common.mx_6.15.0.202507011659\\db\/mcu/
2026-05-17 21:27:14,423 [INFO] ApiDb:274 - Set plugin database path to: C:\ST\STM32CubeIDE_1.18.1\STM32CubeIDE\plugins\com.st.stm32cube.common.mx_6.15.0.202507011659\\db\/plugins/boardmanager/
2026-05-17 21:27:14,423 [INFO] ApiDb:261 - Set plugin images path to: C:\ST\STM32CubeIDE_1.18.1\STM32CubeIDE\plugins\com.st.stm32cube.common.mx_6.15.0.202507011659\\db\/plugins/mcufinder/images/
2026-05-17 21:27:14,424 [WARN] DbFile:41 - Overriding database path with different value: C:\Users\Samuel\.stmcufinder\plugins\mcufinder/ => C:\Users\Samuel\.stmcufinder\plugins\mcufinder
2026-05-17 21:27:14,424 [INFO] ApiDb:250 - Set database path to: C:\Users\Samuel\.stmcufinder\plugins\mcufinder//mcu/
2026-05-17 21:27:14,424 [WARN] DbFile:41 - Overriding database path with different value: C:\Users\Samuel\.stmcufinder\plugins\mcufinder/ => C:\Users\Samuel\.stmcufinder\plugins\mcufinder
2026-05-17 21:27:14,424 [INFO] DbMcusAds:125 - Set database path to: C:\Users\Samuel\.stmcufinder\plugins\mcufinder//mcu/
2026-05-17 21:27:14,424 [WARN] DbFile:41 - Overriding database path with different value: C:\Users\Samuel\.stmcufinder\plugins\mcufinder/ => C:\Users\Samuel\.stmcufinder\plugins\mcufinder
2026-05-17 21:27:14,424 [WARN] DbFile:41 - Overriding database path with different value: C:\Users\Samuel\.stmcufinder\plugins\mcufinder/ => C:\Users\Samuel\.stmcufinder\plugins\mcufinder
2026-05-17 21:27:14,425 [INFO] CrossReferenceDbSqlite:203 - Set database path to: C:\Users\Samuel\.stmcufinder\plugins\mcufinder//mcu/cs/
2026-05-17 21:27:14,447 [INFO] ApplicationProperties:184 - Using Application install path: C:\ST\STM32CubeIDE_1.18.1\STM32CubeIDE\plugins\com.st.stm32cube.common.mx_6.15.0.202507011659
2026-05-17 21:27:14,450 [INFO] PluginManage:196 - Search for loadable plugins [exclusion list=, ]
2026-05-17 21:27:14,455 [INFO] PluginManage:310 - Check plugin analytics
2026-05-17 21:27:14,714 [INFO] AnalyticsPlugin:253 - Accepted Software Licenses: 
2026-05-17 21:27:14,715 [INFO] AnalyticsPlugin:255 - Accepted CMSIS Pack Licenses: 
2026-05-17 21:27:14,715 [INFO] AnalyticsPlugin:257 - Accepted Firmware Licenses: FW.F4.1.28.0
2026-05-17 21:27:14,717 [INFO] PluginManage:359 - Loaded plugin analytics (category:tool,tabindex:-1)
2026-05-17 21:27:14,717 [INFO] PluginManage:310 - Check plugin cadmodel
2026-05-17 21:27:14,722 [INFO] CADModel:105 - Init CAD model plugin
2026-05-17 21:27:14,722 [INFO] PluginManage:359 - Loaded plugin cadmodel (category:power,tabindex:5)
2026-05-17 21:27:14,722 [INFO] PluginManage:310 - Check plugin clock
2026-05-17 21:27:14,736 [INFO] PluginManage:359 - Loaded plugin clock (category:base,tabindex:2)
2026-05-17 21:27:14,736 [INFO] PluginManage:310 - Check plugin ddr
2026-05-17 21:27:14,739 [INFO] PluginManage:359 - Loaded plugin ddr (category:tool,tabindex:6)
2026-05-17 21:27:14,739 [INFO] PluginManage:310 - Check plugin filemanager
2026-05-17 21:27:14,843 [ERROR] LogOutputStream:75 - [STDERR_REDIRECT] [Fatal Error] :1:1: Premature end of file.
2026-05-17 21:27:14,843 [ERROR] LogOutputStream:75 - [STDERR_REDIRECT] 
2026-05-17 21:27:14,897 [INFO] PluginManage:359 - Loaded plugin filemanager (category:base,tabindex:10)
2026-05-17 21:27:14,898 [INFO] PluginManage:310 - Check plugin ipmanager
2026-05-17 21:27:14,904 [INFO] PluginManage:359 - Loaded plugin ipmanager (category:base,tabindex:5)
2026-05-17 21:27:14,905 [INFO] PluginManage:310 - Check plugin lpbam
2026-05-17 21:27:14,914 [INFO] PluginManage:359 - Loaded plugin lpbam (category:base,tabindex:0)
2026-05-17 21:27:14,914 [INFO] PluginManage:310 - Check plugin memorymap
2026-05-17 21:27:14,933 [INFO] PluginManage:359 - Loaded plugin memorymap (category:base,tabindex:4)
2026-05-17 21:27:14,933 [INFO] PluginManage:310 - Check plugin pinoutandconfiguration
2026-05-17 21:27:14,944 [INFO] PluginManage:359 - Loaded plugin pinoutandconfiguration (category:base,tabindex:1)
2026-05-17 21:27:14,944 [INFO] PluginManage:310 - Check plugin pinoutconfig
2026-05-17 21:27:15,054 [WARN] SupportedApi:132 - Cannot load RTOS API schema: s4s-elt-must-match.1: The content of 'definitions' must match (annotation?, (simpleType | complexType)?, (unique | key | keyref)*)). A problem was found starting at: attribute.
2026-05-17 21:27:15,211 [INFO] PluginManage:359 - Loaded plugin pinoutconfig (category:base,tabindex:0)
2026-05-17 21:27:15,211 [INFO] PluginManage:310 - Check plugin power
2026-05-17 21:27:15,223 [INFO] PluginManage:359 - Loaded plugin power (category:power,tabindex:4)
2026-05-17 21:27:15,223 [INFO] PluginManage:310 - Check plugin projectmanager
2026-05-17 21:27:15,240 [INFO] PluginManage:359 - Loaded plugin projectmanager (category:projectmanager,tabindex:4)
2026-05-17 21:27:15,240 [INFO] PluginManage:310 - Check plugin rif
2026-05-17 21:27:15,251 [INFO] PluginManage:359 - Loaded plugin rif (category:base,tabindex:3)
2026-05-17 21:27:15,251 [INFO] PluginManage:310 - Check plugin thirdparty
2026-05-17 21:27:15,404 [WARN] IntegrityCheckThread:84 - waiting for thirdparty lock release [integrity check]
2026-05-17 21:27:15,404 [INFO] IntegrityCheckThread:86 - entering critical section [integrity check]
2026-05-17 21:27:15,404 [INFO] PluginManage:359 - Loaded plugin thirdparty (category:base,tabindex:-1)
2026-05-17 21:27:15,405 [INFO] PluginManage:310 - Check plugin tools
2026-05-17 21:27:15,405 [INFO] ThirdPartyUpdaterWithRetryManager:70 - Updater plugin not ready yet. [1/15]
2026-05-17 21:27:15,407 [INFO] PluginManage:359 - Loaded plugin tools (category:base,tabindex:7)
2026-05-17 21:27:15,407 [INFO] PluginManage:310 - Check plugin tutovideos
2026-05-17 21:27:15,647 [INFO] PluginManage:359 - Loaded plugin tutovideos (category:base,tabindex:-1)
2026-05-17 21:27:15,647 [INFO] PluginManage:310 - Check plugin updater
2026-05-17 21:27:15,673 [INFO] PluginManage:359 - Loaded plugin updater (category:base,tabindex:12)
2026-05-17 21:27:15,673 [INFO] PluginManage:310 - Check plugin userauth
2026-05-17 21:27:15,679 [INFO] UserAuth:118 - Init User Auth plugin
2026-05-17 21:27:15,680 [INFO] PluginManage:359 - Loaded plugin userauth (category:base,tabindex:14)
2026-05-17 21:27:15,681 [INFO] PluginManage:283 - PluginManage : Loaded plugins [18]
2026-05-17 21:27:15,841 [ERROR] LogOutputStream:75 - [STDERR_REDIRECT] [Fatal Error] :1:1: Premature end of file.
2026-05-17 21:27:15,843 [ERROR] LogOutputStream:75 - [STDERR_REDIRECT] 
2026-05-17 21:27:15,918 [INFO] PinOutPanel:1589 - setPackage(No Configuration,No Configuration)
2026-05-17 21:27:16,009 [INFO] CADModel:165 - CPN selected for project level
2026-05-17 21:27:16,010 [INFO] CADModel:114 - Register for checkConnection events
2026-05-17 21:27:16,028 [INFO] IPUIPlugin:80 - create IPUIPlugin
2026-05-17 21:27:16,028 [INFO] PluginManager:220 - loadIPPluginJar : add adc
2026-05-17 21:27:16,031 [INFO] IPUIPlugin:80 - create IPUIPlugin
2026-05-17 21:27:16,031 [INFO] PluginManager:220 - loadIPPluginJar : add aes
2026-05-17 21:27:16,035 [INFO] IPUIPlugin:80 - create IPUIPlugin
2026-05-17 21:27:16,035 [INFO] PluginManager:220 - loadIPPluginJar : add can
2026-05-17 21:27:16,037 [INFO] IPUIPlugin:80 - create IPUIPlugin
2026-05-17 21:27:16,037 [INFO] PluginManager:220 - loadIPPluginJar : add comp
2026-05-17 21:27:16,040 [INFO] IPUIPlugin:80 - create IPUIPlugin
2026-05-17 21:27:16,040 [INFO] PluginManager:220 - loadIPPluginJar : add cryp
2026-05-17 21:27:16,043 [INFO] IPUIPlugin:80 - create IPUIPlugin
2026-05-17 21:27:16,043 [INFO] PluginManager:220 - loadIPPluginJar : add ddr_ctrl_phy
2026-05-17 21:27:16,043 [INFO] IPUIPlugin:80 - create IPUIPlugin
2026-05-17 21:27:16,043 [INFO] PluginManager:220 - loadIPPluginJar : add dfsdm
2026-05-17 21:27:16,054 [INFO] IPUIPlugin:80 - create IPUIPlugin
2026-05-17 21:27:16,054 [INFO] PluginManager:220 - loadIPPluginJar : add dma
2026-05-17 21:27:16,057 [INFO] IPUIPlugin:80 - create IPUIPlugin
2026-05-17 21:27:16,057 [INFO] PluginManager:220 - loadIPPluginJar : add dma3
2026-05-17 21:27:16,060 [INFO] IPUIPlugin:80 - create IPUIPlugin
2026-05-17 21:27:16,060 [INFO] PluginManager:220 - loadIPPluginJar : add extmemmanager
2026-05-17 21:27:16,061 [INFO] IPUIPlugin:80 - create IPUIPlugin
2026-05-17 21:27:16,062 [INFO] PluginManager:220 - loadIPPluginJar : add fatfs
2026-05-17 21:27:16,066 [INFO] IPUIPlugin:80 - create IPUIPlugin
2026-05-17 21:27:16,066 [INFO] PluginManager:220 - loadIPPluginJar : add fmc
2026-05-17 21:27:16,083 [INFO] IPUIPlugin:80 - create IPUIPlugin
2026-05-17 21:27:16,083 [INFO] PluginManager:220 - loadIPPluginJar : add freertos
2026-05-17 21:27:16,085 [INFO] IPUIPlugin:80 - create IPUIPlugin
2026-05-17 21:27:16,085 [INFO] PluginManager:220 - loadIPPluginJar : add genericplugin
2026-05-17 21:27:16,088 [INFO] IPUIPlugin:80 - create IPUIPlugin
2026-05-17 21:27:16,088 [INFO] PluginManager:220 - loadIPPluginJar : add gfxmmu
2026-05-17 21:27:16,094 [INFO] IPUIPlugin:80 - create IPUIPlugin
2026-05-17 21:27:16,094 [INFO] PluginManager:220 - loadIPPluginJar : add gic
2026-05-17 21:27:16,099 [INFO] IPUIPlugin:80 - create IPUIPlugin
2026-05-17 21:27:16,099 [INFO] PluginManager:220 - loadIPPluginJar : add gpio
2026-05-17 21:27:16,104 [INFO] IPUIPlugin:80 - create IPUIPlugin
2026-05-17 21:27:16,104 [INFO] PluginManager:220 - loadIPPluginJar : add gtzc
2026-05-17 21:27:16,107 [INFO] IPUIPlugin:80 - create IPUIPlugin
2026-05-17 21:27:16,107 [INFO] PluginManager:220 - loadIPPluginJar : add hash
2026-05-17 21:27:16,111 [INFO] IPUIPlugin:80 - create IPUIPlugin
2026-05-17 21:27:16,111 [INFO] PluginManager:220 - loadIPPluginJar : add i2c
2026-05-17 21:27:16,114 [INFO] IPUIPlugin:80 - create IPUIPlugin
2026-05-17 21:27:16,115 [INFO] PluginManager:220 - loadIPPluginJar : add i2s
2026-05-17 21:27:16,117 [INFO] IPUIPlugin:80 - create IPUIPlugin
2026-05-17 21:27:16,117 [INFO] PluginManager:220 - loadIPPluginJar : add i3c
2026-05-17 21:27:16,122 [INFO] IPUIPlugin:80 - create IPUIPlugin
2026-05-17 21:27:16,122 [INFO] PluginManager:220 - loadIPPluginJar : add ipddr
2026-05-17 21:27:16,122 [INFO] IPUIPlugin:80 - create IPUIPlugin
2026-05-17 21:27:16,122 [INFO] PluginManager:220 - loadIPPluginJar : add linkedlist
2026-05-17 21:27:16,135 [INFO] IPUIPlugin:80 - create IPUIPlugin
2026-05-17 21:27:16,135 [INFO] PluginManager:220 - loadIPPluginJar : add lorawan
2026-05-17 21:27:16,137 [INFO] IPUIPlugin:80 - create IPUIPlugin
2026-05-17 21:27:16,138 [INFO] PluginManager:220 - loadIPPluginJar : add ltdc
2026-05-17 21:27:16,144 [INFO] IPUIPlugin:80 - create IPUIPlugin
2026-05-17 21:27:16,144 [INFO] PluginManager:220 - loadIPPluginJar : add mdma
2026-05-17 21:27:16,147 [INFO] IPUIPlugin:80 - create IPUIPlugin
2026-05-17 21:27:16,148 [INFO] PluginManager:220 - loadIPPluginJar : add nvic
2026-05-17 21:27:16,150 [INFO] IPUIPlugin:80 - create IPUIPlugin
2026-05-17 21:27:16,151 [INFO] PluginManager:220 - loadIPPluginJar : add opamp
2026-05-17 21:27:16,154 [INFO] IPUIPlugin:80 - create IPUIPlugin
2026-05-17 21:27:16,154 [INFO] PluginManager:220 - loadIPPluginJar : add openamp
2026-05-17 21:27:16,157 [INFO] IPUIPlugin:80 - create IPUIPlugin
2026-05-17 21:27:16,157 [INFO] PluginManager:220 - loadIPPluginJar : add pdm2pcm
2026-05-17 21:27:16,165 [INFO] IPUIPlugin:80 - create IPUIPlugin
2026-05-17 21:27:16,168 [INFO] PluginManager:220 - loadIPPluginJar : add plateformsettings
2026-05-17 21:27:16,170 [INFO] IPUIPlugin:80 - create IPUIPlugin
2026-05-17 21:27:16,170 [INFO] PluginManager:220 - loadIPPluginJar : add quadspi
2026-05-17 21:27:16,173 [INFO] IPUIPlugin:80 - create IPUIPlugin
2026-05-17 21:27:16,173 [INFO] PluginManager:220 - loadIPPluginJar : add radio
2026-05-17 21:27:16,178 [INFO] IPUIPlugin:80 - create IPUIPlugin
2026-05-17 21:27:16,178 [INFO] PluginManager:220 - loadIPPluginJar : add resmgrutility
2026-05-17 21:27:16,182 [INFO] IPUIPlugin:80 - create IPUIPlugin
2026-05-17 21:27:16,182 [INFO] PluginManager:220 - loadIPPluginJar : add sai
2026-05-17 21:27:16,186 [INFO] IPUIPlugin:80 - create IPUIPlugin
2026-05-17 21:27:16,186 [INFO] PluginManager:220 - loadIPPluginJar : add spi
2026-05-17 21:27:16,193 [INFO] IPUIPlugin:80 - create IPUIPlugin
2026-05-17 21:27:16,193 [INFO] PluginManager:220 - loadIPPluginJar : add stm32_wpan
2026-05-17 21:27:16,195 [INFO] IPUIPlugin:80 - create IPUIPlugin
2026-05-17 21:27:16,196 [INFO] PluginManager:220 - loadIPPluginJar : add tim
2026-05-17 21:27:16,199 [INFO] IPUIPlugin:80 - create IPUIPlugin
2026-05-17 21:27:16,199 [INFO] PluginManager:220 - loadIPPluginJar : add touchsensing
2026-05-17 21:27:16,201 [INFO] IPUIPlugin:80 - create IPUIPlugin
2026-05-17 21:27:16,201 [INFO] PluginManager:220 - loadIPPluginJar : add tracer_emb
2026-05-17 21:27:16,204 [INFO] IPUIPlugin:80 - create IPUIPlugin
2026-05-17 21:27:16,204 [INFO] PluginManager:220 - loadIPPluginJar : add ts
2026-05-17 21:27:16,206 [INFO] IPUIPlugin:80 - create IPUIPlugin
2026-05-17 21:27:16,206 [INFO] PluginManager:220 - loadIPPluginJar : add tsc
2026-05-17 21:27:16,208 [INFO] IPUIPlugin:80 - create IPUIPlugin
2026-05-17 21:27:16,208 [INFO] PluginManager:220 - loadIPPluginJar : add ucpd
2026-05-17 21:27:16,211 [INFO] IPUIPlugin:80 - create IPUIPlugin
2026-05-17 21:27:16,211 [INFO] PluginManager:220 - loadIPPluginJar : add usart
2026-05-17 21:27:16,216 [INFO] IPUIPlugin:80 - create IPUIPlugin
2026-05-17 21:27:16,217 [INFO] PluginManager:220 - loadIPPluginJar : add usbx
2026-05-17 21:27:16,389 [FATAL] Updater:351 - Updater called before beeing initialized
2026-05-17 21:27:16,425 [INFO] RulesReader:64 - Compatibility file has been processed (317 Rules)
2026-05-17 21:27:16,439 [INFO] RulesReader:64 - Compatibility file has been processed (317 Rules)
2026-05-17 21:27:16,443 [INFO] CADModel:165 - CPN selected for project level
2026-05-17 21:27:16,443 [INFO] CADModel:114 - Register for checkConnection events
2026-05-17 21:27:16,443 [FATAL] Updater:351 - Updater called before beeing initialized
2026-05-17 21:27:16,443 [ERROR] CADModel:125 - Updater not yet initialized, retry later 
2026-05-17 21:27:16,658 [FATAL] Updater:351 - Updater called before beeing initialized
2026-05-17 21:27:16,661 [INFO] CADModel:165 - CPN selected for project level
2026-05-17 21:27:16,661 [INFO] CADModel:114 - Register for checkConnection events
2026-05-17 21:27:16,662 [FATAL] Updater:351 - Updater called before beeing initialized
2026-05-17 21:27:16,662 [ERROR] CADModel:125 - Updater not yet initialized, retry later 
2026-05-17 21:27:16,665 [FATAL] Updater:351 - Updater called before beeing initialized
2026-05-17 21:27:16,827 [FATAL] Updater:351 - Updater called before beeing initialized
2026-05-17 21:27:16,841 [INFO] DbMcusAds:53 - JSON generation date=Mon Apr 27 10:14:29 CEST 2026 (1777277669577)
2026-05-17 21:27:16,841 [ERROR] LogOutputStream:75 - [STDERR_REDIRECT] [Fatal Error] :1:1: Premature end of file.
2026-05-17 21:27:16,841 [FATAL] Updater:351 - Updater called before beeing initialized
2026-05-17 21:27:16,842 [ERROR] LogOutputStream:75 - [STDERR_REDIRECT] 
2026-05-17 21:27:16,891 [WARN] DetailPanel:346 - Failed to get advertising image, set to default
2026-05-17 21:27:16,989 [FATAL] Updater:351 - Updater called before beeing initialized
2026-05-17 21:27:16,990 [FATAL] Updater:351 - Updater called before beeing initialized
2026-05-17 21:27:16,990 [FATAL] Updater:351 - Updater called before beeing initialized
2026-05-17 21:27:16,991 [WARN] DetailPanel:346 - Failed to get advertising image, set to default
2026-05-17 21:27:16,991 [FATAL] Updater:351 - Updater called before beeing initialized
2026-05-17 21:27:17,042 [ERROR] Updater:1198 - MainUpdater not yet initialized. External WinMGr cannot be set.
2026-05-17 21:27:17,043 [INFO] Updater:1134 - Updater Version found : 6.15.0
2026-05-17 21:27:17,060 [INFO] ApplicationProperties:184 - Using Application install path: C:\ST\STM32CubeIDE_1.18.1\STM32CubeIDE\plugins\com.st.stm32cube.common.mx_6.15.0.202507011659
2026-05-17 21:27:17,837 [ERROR] LogOutputStream:75 - [STDERR_REDIRECT] [Fatal Error] :1:1: Premature end of file.
2026-05-17 21:27:17,837 [ERROR] LogOutputStream:75 - [STDERR_REDIRECT] 
2026-05-17 21:27:18,407 [INFO] ThirdPartyUpdaterWithRetryManager:70 - Updater plugin not ready yet. [2/15]
2026-05-17 21:27:18,643 [ERROR] LogOutputStream:75 - [STDERR_REDIRECT] May 17, 2026 9:27:18 PM java.util.prefs.WindowsPreferences <init>
2026-05-17 21:27:18,646 [ERROR] LogOutputStream:75 - [STDERR_REDIRECT] WARNING: Could not open/create prefs root node Software\JavaSoft\Prefs at root 0xffffffff80000002. Windows RegCreateKeyEx(...) returned error code 5.
2026-05-17 21:27:18,646 [ERROR] LogOutputStream:75 - [STDERR_REDIRECT] 
2026-05-17 21:27:18,835 [ERROR] LogOutputStream:75 - [STDERR_REDIRECT] [Fatal Error] :1:1: Premature end of file.
2026-05-17 21:27:18,835 [ERROR] LogOutputStream:75 - [STDERR_REDIRECT] 
2026-05-17 21:27:19,218 [INFO] MainUpdater:2872 - connection check result : 10
2026-05-17 21:27:19,218 [INFO] MainUpdater:289 - Updater Check For Update Now.
2026-05-17 21:27:19,218 [INFO] MicroXplorer:498 - Change Database Version : DB.6.0.150
2026-05-17 21:27:19,226 [INFO] McuFinderGlobals:63 - Set McuFinder mode to 2 (CubeIDE integrated)
2026-05-17 21:27:19,226 [INFO] UserAuth:487 - Internet connection configuration mode: 1
2026-05-17 21:27:19,273 [INFO] JxBrowserEngine:152 - Initiate JxBrowser Engine with user profile folder
2026-05-17 21:27:19,425 [INFO] CheckServerUpdateThread:120 - End of CheckServer Thread
2026-05-17 21:27:19,837 [ERROR] LogOutputStream:75 - [STDERR_REDIRECT] [Fatal Error] :1:1: Premature end of file.
2026-05-17 21:27:19,837 [ERROR] LogOutputStream:75 - [STDERR_REDIRECT] 
2026-05-17 21:27:20,836 [ERROR] LogOutputStream:75 - [STDERR_REDIRECT] [Fatal Error] :1:1: Premature end of file.
2026-05-17 21:27:20,836 [ERROR] LogOutputStream:75 - [STDERR_REDIRECT] 
2026-05-17 21:27:20,960 [INFO] WebApp:169 - Instantiating new browser for Auth
2026-05-17 21:27:21,801 [WARN] PackLoader:240 - Cannot read IP mode file for STMicroelectronics.X-CUBE-AZRTOS-H7.3.5.0
2026-05-17 21:27:21,816 [WARN] PackLoader:240 - Cannot read IP mode file for STMicroelectronics.FP-SNS-MOTENVWB1.1.4.0
2026-05-17 21:27:21,833 [WARN] PackLoader:240 - Cannot read IP mode file for STMicroelectronics.X-CUBE-SMBUS.2.1.0
2026-05-17 21:27:21,837 [ERROR] LogOutputStream:75 - [STDERR_REDIRECT] [Fatal Error] :1:1: Premature end of file.
2026-05-17 21:27:21,839 [ERROR] LogOutputStream:75 - [STDERR_REDIRECT] 
2026-05-17 21:27:21,841 [WARN] PackLoader:240 - Cannot read IP mode file for STMicroelectronics.X-CUBE-ST60.1.0.0
2026-05-17 21:27:21,865 [WARN] PackLoader:240 - Cannot read IP mode file for STMicroelectronics.X-CUBE-AZRTOS-F7.1.1.0
2026-05-17 21:27:21,875 [WARN] PackLoader:240 - Cannot read IP mode file for STMicroelectronics.FP-SNS-MOTENV1.5.1.0
2026-05-17 21:27:21,890 [INFO] WebApp:463 - Apply proxy settings
2026-05-17 21:27:21,891 [INFO] WebApp:548 - Chromium requires no authentication
2026-05-17 21:27:21,903 [WARN] PackLoader:240 - Cannot read IP mode file for Infineon.AIROC-Wi-Fi-Bluetooth-STM32.1.7.0
2026-05-17 21:27:21,935 [WARN] PackLoader:240 - Cannot read IP mode file for STMicroelectronics.X-CUBE-AZRTOS-H7.3.4.0
2026-05-17 21:27:21,947 [WARN] PackLoader:240 - Cannot read IP mode file for STMicroelectronics.X-CUBE-DISPLAY.3.0.0
2026-05-17 21:27:21,950 [INFO] WebApp:491 - Direct internet connection detected
2026-05-17 21:27:21,964 [WARN] PackLoader:240 - Cannot read IP mode file for STMicroelectronics.X-CUBE-GNSS1.7.1.1
2026-05-17 21:27:21,969 [WARN] PackLoader:240 - Cannot read IP mode file for STMicroelectronics.FP-SNS-MOTENVWB1.1.5.0
2026-05-17 21:27:21,975 [WARN] PackLoader:240 - Cannot read IP mode file for STMicroelectronics.X-CUBE-NFC10.1.0.0
2026-05-17 21:27:21,986 [WARN] PackLoader:240 - Cannot read IP mode file for STMicroelectronics.X-CUBE-BLEMGR.4.0.0
2026-05-17 21:27:21,993 [WARN] PackLoader:240 - Cannot read IP mode file for STMicroelectronics.X-CUBE-ST60.1.1.0
2026-05-17 21:27:22,000 [WARN] PackLoader:240 - Cannot read IP mode file for emotas.I-CUBE-CANOPEN.1.3.0
2026-05-17 21:27:22,011 [WARN] PackLoader:240 - Cannot read IP mode file for STMicroelectronics.X-CUBE-GNSS1.7.1.0
2026-05-17 21:27:22,017 [WARN] ConditionMgr:438 - getConditionDescription Invalid condition id : Cortex-A Device cause : null
2026-05-17 21:27:22,031 [WARN] ConditionMgr:1044 - genDependencies : Invalid condition id : Cortex-A Device cause : null
2026-05-17 21:27:22,032 [WARN] ConditionMgr:1044 - genDependencies : Invalid condition id : Cortex-A Device cause : null
2026-05-17 21:27:22,032 [WARN] ConditionMgr:1044 - genDependencies : Invalid condition id : Cortex-A Device cause : null
2026-05-17 21:27:22,036 [WARN] PackLoader:240 - Cannot read IP mode file for STMicroelectronics.X-CUBE-AI.10.0.0
2026-05-17 21:27:22,044 [WARN] PackLoader:240 - Cannot read IP mode file for STMicroelectronics.FP-SNS-STBOX1.2.1.0
2026-05-17 21:27:22,052 [WARN] PackLoader:240 - Cannot read IP mode file for STMicroelectronics.FP-SNS-SMARTAG2.1.2.0
2026-05-17 21:27:22,066 [INFO] LogOutputStream:77 - [STDOUT_REDIRECT] 1 : Invalid condition id : UX_CORESTACK_Condition cause : null
2026-05-17 21:27:22,067 [INFO] LogOutputStream:77 - [STDOUT_REDIRECT] 1 : Invalid condition id : UX_CORESTACK_Condition cause : null
2026-05-17 21:27:22,068 [INFO] LogOutputStream:77 - [STDOUT_REDIRECT] 1 : Invalid condition id : UX_CORESTACK_Condition cause : null
2026-05-17 21:27:22,069 [INFO] LogOutputStream:77 - [STDOUT_REDIRECT] 1 : Invalid condition id : UX_CORESTACK_Condition cause : null
2026-05-17 21:27:22,071 [INFO] LogOutputStream:77 - [STDOUT_REDIRECT] 1 : Invalid condition id : UX_CORESTACK_Condition cause : null
2026-05-17 21:27:22,074 [WARN] PackLoader:240 - Cannot read IP mode file for STMicroelectronics.X-CUBE-AZRTOS-WL.2.0.0
2026-05-17 21:27:22,075 [INFO] WebApp:900 - Register for checkConnection events
2026-05-17 21:27:22,075 [INFO] WebApp:463 - Apply proxy settings
2026-05-17 21:27:22,075 [INFO] WebApp:548 - Chromium requires no authentication
2026-05-17 21:27:22,076 [INFO] WebApp:491 - Direct internet connection detected
2026-05-17 21:27:22,078 [WARN] PackLoader:240 - Cannot read IP mode file for STMicroelectronics.FP-SNS-MOTENV1.5.0.0
2026-05-17 21:27:22,095 [WARN] PackLoader:240 - Cannot read IP mode file for STMicroelectronics.X-CUBE-AZRTOS-H7RS.1.2.0
2026-05-17 21:27:22,108 [WARN] PackLoader:240 - Cannot read IP mode file for WES.I-CUBE-Cesium.1.3.0
2026-05-17 21:27:22,114 [WARN] PackLoader:240 - Cannot read IP mode file for STMicroelectronics.X-CUBE-BLE2.3.3.0
2026-05-17 21:27:22,132 [WARN] PackLoader:240 - Cannot read IP mode file for STMicroelectronics.X-CUBE-NFC9.1.0.0
2026-05-17 21:27:22,139 [WARN] PackLoader:240 - Cannot read IP mode file for wolfSSL.I-CUBE-wolfSSL.5.8.0
2026-05-17 21:27:22,142 [WARN] PackLoader:240 - Cannot read IP mode file for wolfSSL.I-CUBE-wolfMQTT.1.19.2
2026-05-17 21:27:22,148 [WARN] PackLoader:240 - Cannot read IP mode file for STMicroelectronics.X-CUBE-FREERTOS.1.4.0
2026-05-17 21:27:22,154 [WARN] PackLoader:240 - Cannot read IP mode file for STMicroelectronics.X-CUBE-EEPRMA1.5.2.0
2026-05-17 21:27:22,161 [WARN] PackLoader:240 - Cannot read IP mode file for STMicroelectronics.X-CUBE-ST67W61.1.1.0
2026-05-17 21:27:22,165 [WARN] PackLoader:240 - Cannot read IP mode file for STMicroelectronics.X-CUBE-AI.10.1.0
2026-05-17 21:27:22,171 [WARN] PackLoader:240 - Cannot read IP mode file for STMicroelectronics.FP-SNS-STAIOTCFT.1.1.0
2026-05-17 21:27:22,206 [WARN] PackLoader:240 - Cannot read IP mode file for STMicroelectronics.X-CUBE-MEMS1.12.0.0
2026-05-17 21:27:22,367 [WARN] PackLoader:240 - Cannot read IP mode file for STMicroelectronics.X-CUBE-MEMS1.11.2.0
2026-05-17 21:27:22,508 [INFO] WebApp:191 - Connection restablished
2026-05-17 21:27:22,522 [WARN] PackLoader:240 - Cannot read IP mode file for STMicroelectronics.X-CUBE-AZRTOS-G0.1.1.0
2026-05-17 21:27:22,529 [WARN] PackLoader:240 - Cannot read IP mode file for STMicroelectronics.X-CUBE-SAFEA1.1.2.2
2026-05-17 21:27:22,534 [WARN] PackLoader:240 - Cannot read IP mode file for STMicroelectronics.X-CUBE-NFC4.3.0.0
2026-05-17 21:27:22,543 [WARN] PackLoader:240 - Cannot read IP mode file for EmbeddedOffice.I-CUBE-FS-RTOS.1.0.1
2026-05-17 21:27:22,550 [WARN] PackLoader:240 - Cannot read IP mode file for STMicroelectronics.X-CUBE-WB05N.2.0.0
2026-05-17 21:27:22,554 [WARN] PackLoader:240 - Cannot read IP mode file for wolfSSL.I-CUBE-wolfTPM.3.8.0
2026-05-17 21:27:22,559 [WARN] PackLoader:240 - Cannot read IP mode file for STMicroelectronics.X-CUBE-TCPP.4.2.0
2026-05-17 21:27:22,566 [WARN] PackLoader:240 - Cannot read IP mode file for RealThread.X-CUBE-RT-Thread_Nano.4.1.1
2026-05-17 21:27:22,570 [WARN] PackLoader:240 - Cannot read IP mode file for STMicroelectronics.FP-ATR-SIGFOX1.3.2.0
2026-05-17 21:27:22,574 [WARN] PackLoader:240 - Cannot read IP mode file for STMicroelectronics.X-CUBE-EEPRMA1.5.1.0
2026-05-17 21:27:22,582 [WARN] PackLoader:240 - Cannot read IP mode file for STMicroelectronics.X-CUBE-FREERTOS.1.5.0
2026-05-17 21:27:22,587 [WARN] PackLoader:240 - Cannot read IP mode file for ITTIA_DB.I-CUBE-ITTIADB.8.9.0
2026-05-17 21:27:22,593 [WARN] PackLoader:240 - Cannot read IP mode file for STMicroelectronics.X-CUBE-NFC6.3.2.0
2026-05-17 21:27:22,605 [WARN] PackLoader:240 - Cannot read IP mode file for STMicroelectronics.X-CUBE-ST67W61.1.0.0
2026-05-17 21:27:22,609 [WARN] PackLoader:240 - Cannot read IP mode file for STMicroelectronics.X-CUBE-AI.10.2.0
2026-05-17 21:27:22,651 [WARN] PackLoader:240 - Cannot read IP mode file for STMicroelectronics.X-CUBE-MEMS1.12.1.0
2026-05-17 21:27:22,741 [WARN] PackLoader:240 - Cannot read IP mode file for SEGGER.I-CUBE-embOS.1.3.1
2026-05-17 21:27:22,770 [WARN] PackLoader:240 - Cannot read IP mode file for STMicroelectronics.X-CUBE-ALGOBUILD.1.4.0
2026-05-17 21:27:22,823 [WARN] PackLoader:240 - Cannot read IP mode file for STMicroelectronics.X-CUBE-MEMS1.11.3.0
2026-05-17 21:27:22,841 [ERROR] LogOutputStream:75 - [STDERR_REDIRECT] [Fatal Error] :1:1: Premature end of file.
2026-05-17 21:27:22,842 [ERROR] LogOutputStream:75 - [STDERR_REDIRECT] 
2026-05-17 21:27:22,951 [WARN] PackLoader:240 - Cannot read IP mode file for STMicroelectronics.X-CUBE-PM33A1.1.0.0
2026-05-17 21:27:22,966 [WARN] PackLoader:240 - Cannot read IP mode file for STMicroelectronics.X-CUBE-AZRTOS-F4.1.1.0
2026-05-17 21:27:22,972 [WARN] PackLoader:240 - Cannot read IP mode file for Avnet-IotConnect.X-CUBE-IoTC-DA16k-PMOD.1.0.0
2026-05-17 21:27:22,976 [WARN] PackLoader:240 - Cannot read IP mode file for STMicroelectronics.X-CUBE-ISPU.2.1.0
2026-05-17 21:27:22,986 [WARN] PackLoader:240 - Cannot read IP mode file for STMicroelectronics.X-CUBE-IPS.3.2.0
2026-05-17 21:27:22,995 [WARN] PackLoader:240 - Cannot read IP mode file for STMicroelectronics.eDS-WB_DPC_TT-BIDIR.2.1.1
2026-05-17 21:27:23,003 [WARN] PackLoader:240 - Cannot read IP mode file for STMicroelectronics.X-CUBE-NFC12.1.0.0
2026-05-17 21:27:23,018 [WARN] PackLoader:240 - Cannot read IP mode file for STMicroelectronics.X-CUBE-AZRTOS-L5.2.0.0
2026-05-17 21:27:23,032 [WARN] PackLoader:240 - Cannot read IP mode file for STMicroelectronics.X-CUBE-NFC6.3.1.0
2026-05-17 21:27:23,037 [WARN] PackLoader:240 - Cannot read IP mode file for STMicroelectronics.eDS-WB_DPC_VIENNA.1.2.0
2026-05-17 21:27:23,042 [WARN] PackLoader:240 - Cannot read IP mode file for STMicroelectronics.eDS-WB_DPC_3PH2L-BIDIR.1.1.1
2026-05-17 21:27:23,048 [ERROR] Engine:466 - C:\Users\Samuel\.stm32cubemx\thirdparties\pdsc\STMicroelectronics.X-CUBE-ST67W61.1.3.0.pdsc: PDSC version is not supported
2026-05-17 21:27:23,054 [WARN] PackLoader:240 - Cannot read IP mode file for STMicroelectronics.X-CUBE-FREERTOS.1.3.1
2026-05-17 21:27:23,062 [WARN] PackLoader:240 - Cannot read IP mode file for STMicroelectronics.X-CUBE-TOUCHGFX.4.26.0
2026-05-17 21:27:23,065 [WARN] PackLoader:240 - Cannot read IP mode file for STMicroelectronics.X-CUBE-TOUCHGFX.4.26.1
2026-05-17 21:27:23,068 [WARN] PackLoader:240 - Cannot read IP mode file for STMicroelectronics.FP-SNS-STAIOTCFT.1.0.0
2026-05-17 21:27:23,082 [WARN] ConditionMgr:438 - getConditionDescription Invalid condition id : LAN8742 Phy interface Condition cause : null
2026-05-17 21:27:23,083 [WARN] PackLoader:240 - Cannot read IP mode file for STMicroelectronics.X-CUBE-AZRTOS-L4.2.0.0
2026-05-17 21:27:23,084 [WARN] ConditionMgr:1044 - genDependencies : Invalid condition id : LAN8742 Phy interface Condition cause : null
2026-05-17 21:27:23,084 [WARN] ConditionMgr:1044 - genDependencies : Invalid condition id : LAN8742 Phy interface Condition cause : null
2026-05-17 21:27:23,084 [WARN] ConditionMgr:1044 - genDependencies : Invalid condition id : LAN8742 Phy interface Condition cause : null
2026-05-17 21:27:23,091 [WARN] PackLoader:240 - Cannot read IP mode file for STMicroelectronics.X-CUBE-SFXS2LP1.4.0.0
2026-05-17 21:27:23,096 [WARN] PackLoader:240 - Cannot read IP mode file for STMicroelectronics.X-CUBE-WB05N.2.1.0
2026-05-17 21:27:23,113 [WARN] PackLoader:240 - Cannot read IP mode file for STMicroelectronics.X-CUBE-AZRTOS-H7.3.3.0
2026-05-17 21:27:23,125 [WARN] PackLoader:240 - Cannot read IP mode file for STMicroelectronics.X-CUBE-BLEMGR.4.1.0
2026-05-17 21:27:23,140 [WARN] ConditionMgr:438 - getConditionDescription Invalid condition id : UX DEVICE CLASS RTOS Condition cause : null
2026-05-17 21:27:23,140 [WARN] ConditionMgr:438 - getConditionDescription Invalid condition id : UX DEVICE CLASS RTOS Condition cause : null
2026-05-17 21:27:23,141 [WARN] PackLoader:240 - Cannot read IP mode file for STMicroelectronics.X-CUBE-AZRTOS-WB.2.0.0
2026-05-17 21:27:23,142 [WARN] ConditionMgr:1044 - genDependencies : Invalid condition id : UX DEVICE CLASS RTOS Condition cause : null
2026-05-17 21:27:23,142 [WARN] ConditionMgr:1044 - genDependencies : Invalid condition id : UX DEVICE CLASS RTOS Condition cause : null
2026-05-17 21:27:23,142 [WARN] ConditionMgr:1044 - genDependencies : Invalid condition id : UX DEVICE CLASS RTOS Condition cause : null
2026-05-17 21:27:23,142 [WARN] ConditionMgr:1044 - genDependencies : Invalid condition id : UX DEVICE CLASS RTOS Condition cause : null
2026-05-17 21:27:23,142 [WARN] ConditionMgr:1044 - genDependencies : Invalid condition id : UX DEVICE CLASS RTOS Condition cause : null
2026-05-17 21:27:23,149 [WARN] PackLoader:240 - Cannot read IP mode file for STMicroelectronics.X-CUBE-GNSS1.7.0.1
2026-05-17 21:27:23,153 [WARN] PackLoader:240 - Cannot read IP mode file for STMicroelectronics.X-CUBE-TOUCHGFX.4.25.0
2026-05-17 21:27:23,159 [WARN] PackLoader:240 - Cannot read IP mode file for STMicroelectronics.FP-SNS-STBOX1.2.0.0
2026-05-17 21:27:23,167 [WARN] PackLoader:240 - Cannot read IP mode file for STMicroelectronics.X-CUBE-STSE01.2.0.0
2026-05-17 21:27:23,176 [WARN] PackLoader:240 - Cannot read IP mode file for STMicroelectronics.X-CUBE-SUBG2.5.0.0
2026-05-17 21:27:23,198 [WARN] PackLoader:240 - Cannot read IP mode file for STMicroelectronics.X-CUBE-AZRTOS-H7RS.1.1.0
2026-05-17 21:27:23,205 [WARN] PackLoader:240 - Cannot read IP mode file for Cesanta.I-CUBE-Mongoose.7.13.0
2026-05-17 21:27:23,216 [WARN] PackLoader:240 - Cannot read IP mode file for STMicroelectronics.X-CUBE-AZRTOS-G4.2.0.0
2026-05-17 21:27:23,222 [WARN] PackLoader:240 - Cannot read IP mode file for wolfSSL.I-CUBE-wolfSSH.1.4.20
2026-05-17 21:27:23,229 [WARN] PackLoader:240 - Cannot read IP mode file for STMicroelectronics.X-CUBE-IPS.3.1.0
2026-05-17 21:27:23,238 [WARN] PackLoader:240 - Cannot read IP mode file for STMicroelectronics.X-CUBE-ALS.1.0.2
2026-05-17 21:27:23,243 [WARN] PackLoader:240 - Cannot read IP mode file for STMicroelectronics.X-CUBE-STSE01.1.0.0
2026-05-17 21:27:23,249 [WARN] PackLoader:240 - Cannot read IP mode file for portGmbH.I-Cube-SoM-uGOAL.1.1.0
2026-05-17 21:27:23,250 [INFO] ThirdParty:978 - Integrity check success = true
2026-05-17 21:27:23,250 [INFO] IntegrityCheckThread:100 - exiting critical section [integrity check]
2026-05-17 21:27:23,250 [INFO] IntegrityCheckThread:103 - End integrity checks thread
2026-05-17 21:27:23,587 [INFO] WebApp:225 - Starting web application
2026-05-17 21:27:23,587 [INFO] WebApp:593 - Web application path used C:\ST\STM32CubeIDE_1.18.1\STM32CubeIDE\plugins\com.st.stm32cube.common.mx_6.15.0.202507011659\db\plugins\mcufinder\reactClient1\index.html
2026-05-17 21:27:23,755 [INFO] UserAuth:487 - Internet connection configuration mode: 1
2026-05-17 21:27:23,835 [ERROR] LogOutputStream:75 - [STDERR_REDIRECT] [Fatal Error] :1:1: Premature end of file.
2026-05-17 21:27:23,835 [ERROR] LogOutputStream:75 - [STDERR_REDIRECT] 
2026-05-17 21:27:24,837 [ERROR] LogOutputStream:75 - [STDERR_REDIRECT] [Fatal Error] :1:1: Premature end of file.
2026-05-17 21:27:24,838 [ERROR] LogOutputStream:75 - [STDERR_REDIRECT] 
2026-05-17 21:27:25,837 [ERROR] LogOutputStream:75 - [STDERR_REDIRECT] [Fatal Error] :1:1: Premature end of file.
2026-05-17 21:27:25,837 [ERROR] LogOutputStream:75 - [STDERR_REDIRECT] 
2026-05-17 21:27:26,836 [ERROR] LogOutputStream:75 - [STDERR_REDIRECT] [Fatal Error] :1:1: Premature end of file.
2026-05-17 21:27:26,836 [ERROR] LogOutputStream:75 - [STDERR_REDIRECT] 
2026-05-17 21:27:27,843 [ERROR] LogOutputStream:75 - [STDERR_REDIRECT] [Fatal Error] :1:1: Premature end of file.
2026-05-17 21:27:27,843 [ERROR] LogOutputStream:75 - [STDERR_REDIRECT] 
2026-05-17 21:27:28,841 [ERROR] LogOutputStream:75 - [STDERR_REDIRECT] [Fatal Error] :1:1: Premature end of file.
2026-05-17 21:27:28,841 [ERROR] LogOutputStream:75 - [STDERR_REDIRECT] 
2026-05-17 21:27:29,840 [ERROR] LogOutputStream:75 - [STDERR_REDIRECT] [Fatal Error] :1:1: Premature end of file.
2026-05-17 21:27:29,841 [ERROR] LogOutputStream:75 - [STDERR_REDIRECT] 
2026-05-17 21:27:30,835 [ERROR] LogOutputStream:75 - [STDERR_REDIRECT] [Fatal Error] :1:1: Premature end of file.
2026-05-17 21:27:30,835 [ERROR] LogOutputStream:75 - [STDERR_REDIRECT] 
2026-05-17 21:27:31,836 [ERROR] LogOutputStream:75 - [STDERR_REDIRECT] [Fatal Error] :1:1: Premature end of file.
2026-05-17 21:27:31,838 [ERROR] LogOutputStream:75 - [STDERR_REDIRECT] 
2026-05-17 21:27:32,839 [ERROR] LogOutputStream:75 - [STDERR_REDIRECT] [Fatal Error] :1:1: Premature end of file.
2026-05-17 21:27:32,839 [ERROR] LogOutputStream:75 - [STDERR_REDIRECT] 
2026-05-17 21:27:33,837 [ERROR] LogOutputStream:75 - [STDERR_REDIRECT] [Fatal Error] :1:1: Premature end of file.
2026-05-17 21:27:33,837 [ERROR] LogOutputStream:75 - [STDERR_REDIRECT] 
2026-05-17 21:27:34,837 [ERROR] LogOutputStream:75 - [STDERR_REDIRECT] [Fatal Error] :1:1: Premature end of file.
2026-05-17 21:27:34,837 [ERROR] LogOutputStream:75 - [STDERR_REDIRECT] 
2026-05-17 21:27:35,835 [ERROR] LogOutputStream:75 - [STDERR_REDIRECT] [Fatal Error] :1:1: Premature end of file.
2026-05-17 21:27:35,835 [ERROR] LogOutputStream:75 - [STDERR_REDIRECT] 
2026-05-17 21:27:36,840 [ERROR] LogOutputStream:75 - [STDERR_REDIRECT] [Fatal Error] :1:1: Premature end of file.
2026-05-17 21:27:36,841 [ERROR] LogOutputStream:75 - [STDERR_REDIRECT] 
2026-05-17 21:27:37,840 [ERROR] LogOutputStream:75 - [STDERR_REDIRECT] [Fatal Error] :1:1: Premature end of file.
2026-05-17 21:27:37,840 [ERROR] LogOutputStream:75 - [STDERR_REDIRECT] 
2026-05-17 21:27:38,840 [ERROR] LogOutputStream:75 - [STDERR_REDIRECT] [Fatal Error] :1:1: Premature end of file.
2026-05-17 21:27:38,840 [ERROR] LogOutputStream:75 - [STDERR_REDIRECT] 
2026-05-17 21:27:39,836 [ERROR] LogOutputStream:75 - [STDERR_REDIRECT] [Fatal Error] :1:1: Premature end of file.
2026-05-17 21:27:39,837 [ERROR] LogOutputStream:75 - [STDERR_REDIRECT] 
2026-05-17 21:27:40,836 [ERROR] LogOutputStream:75 - [STDERR_REDIRECT] [Fatal Error] :1:1: Premature end of file.
2026-05-17 21:27:40,837 [ERROR] LogOutputStream:75 - [STDERR_REDIRECT] 
2026-05-17 21:27:41,836 [ERROR] LogOutputStream:75 - [STDERR_REDIRECT] [Fatal Error] :1:1: Premature end of file.
2026-05-17 21:27:41,838 [ERROR] LogOutputStream:75 - [STDERR_REDIRECT] 
2026-05-17 21:27:42,836 [ERROR] LogOutputStream:75 - [STDERR_REDIRECT] [Fatal Error] :1:1: Premature end of file.
2026-05-17 21:27:42,836 [ERROR] LogOutputStream:75 - [STDERR_REDIRECT] 
2026-05-17 21:27:43,836 [ERROR] LogOutputStream:75 - [STDERR_REDIRECT] [Fatal Error] :1:1: Premature end of file.
2026-05-17 21:27:43,836 [ERROR] LogOutputStream:75 - [STDERR_REDIRECT] 
2026-05-17 21:27:44,835 [ERROR] LogOutputStream:75 - [STDERR_REDIRECT] [Fatal Error] :1:1: Premature end of file.
2026-05-17 21:27:44,836 [ERROR] LogOutputStream:75 - [STDERR_REDIRECT] 
2026-05-17 21:27:45,834 [ERROR] LogOutputStream:75 - [STDERR_REDIRECT] [Fatal Error] :1:1: Premature end of file.
2026-05-17 21:27:45,835 [ERROR] LogOutputStream:75 - [STDERR_REDIRECT] 
2026-05-17 21:27:46,834 [ERROR] LogOutputStream:75 - [STDERR_REDIRECT] [Fatal Error] :1:1: Premature end of file.
2026-05-17 21:27:46,835 [ERROR] LogOutputStream:75 - [STDERR_REDIRECT] 
2026-05-17 21:27:47,836 [ERROR] LogOutputStream:75 - [STDERR_REDIRECT] [Fatal Error] :1:1: Premature end of file.
2026-05-17 21:27:47,836 [ERROR] LogOutputStream:75 - [STDERR_REDIRECT] 
2026-05-17 21:27:48,837 [ERROR] LogOutputStream:75 - [STDERR_REDIRECT] [Fatal Error] :1:1: Premature end of file.
2026-05-17 21:27:48,837 [ERROR] LogOutputStream:75 - [STDERR_REDIRECT] 
2026-05-17 21:27:49,836 [ERROR] LogOutputStream:75 - [STDERR_REDIRECT] [Fatal Error] :1:1: Premature end of file.
2026-05-17 21:27:49,836 [ERROR] LogOutputStream:75 - [STDERR_REDIRECT] 
2026-05-17 21:27:50,834 [ERROR] LogOutputStream:75 - [STDERR_REDIRECT] [Fatal Error] :1:1: Premature end of file.
2026-05-17 21:27:50,835 [ERROR] LogOutputStream:75 - [STDERR_REDIRECT] 
2026-05-17 21:27:51,836 [ERROR] LogOutputStream:75 - [STDERR_REDIRECT] [Fatal Error] :1:1: Premature end of file.
2026-05-17 21:27:51,837 [ERROR] LogOutputStream:75 - [STDERR_REDIRECT] 
2026-05-17 21:27:52,836 [ERROR] LogOutputStream:75 - [STDERR_REDIRECT] [Fatal Error] :1:1: Premature end of file.
2026-05-17 21:27:52,837 [ERROR] LogOutputStream:75 - [STDERR_REDIRECT] 
2026-05-17 21:27:53,836 [ERROR] LogOutputStream:75 - [STDERR_REDIRECT] [Fatal Error] :1:1: Premature end of file.
2026-05-17 21:27:53,837 [ERROR] LogOutputStream:75 - [STDERR_REDIRECT] 
2026-05-17 21:27:54,836 [ERROR] LogOutputStream:75 - [STDERR_REDIRECT] [Fatal Error] :1:1: Premature end of file.
2026-05-17 21:27:54,837 [ERROR] LogOutputStream:75 - [STDERR_REDIRECT] 
2026-05-17 21:27:55,836 [ERROR] LogOutputStream:75 - [STDERR_REDIRECT] [Fatal Error] :1:1: Premature end of file.
2026-05-17 21:27:55,836 [ERROR] LogOutputStream:75 - [STDERR_REDIRECT] 
2026-05-17 21:27:56,836 [ERROR] LogOutputStream:75 - [STDERR_REDIRECT] [Fatal Error] :1:1: Premature end of file.
2026-05-17 21:27:56,837 [ERROR] LogOutputStream:75 - [STDERR_REDIRECT] 
2026-05-17 21:27:57,836 [ERROR] LogOutputStream:75 - [STDERR_REDIRECT] [Fatal Error] :1:1: Premature end of file.
2026-05-17 21:27:57,836 [ERROR] LogOutputStream:75 - [STDERR_REDIRECT] 
2026-05-17 21:27:58,837 [ERROR] LogOutputStream:75 - [STDERR_REDIRECT] [Fatal Error] :1:1: Premature end of file.
2026-05-17 21:27:58,837 [ERROR] LogOutputStream:75 - [STDERR_REDIRECT] 
2026-05-17 21:27:59,838 [ERROR] LogOutputStream:75 - [STDERR_REDIRECT] [Fatal Error] :1:1: Premature end of file.
2026-05-17 21:27:59,838 [ERROR] LogOutputStream:75 - [STDERR_REDIRECT] 
2026-05-17 21:28:00,836 [ERROR] LogOutputStream:75 - [STDERR_REDIRECT] [Fatal Error] :1:1: Premature end of file.
2026-05-17 21:28:00,836 [ERROR] LogOutputStream:75 - [STDERR_REDIRECT] 
2026-05-17 21:28:01,840 [ERROR] LogOutputStream:75 - [STDERR_REDIRECT] [Fatal Error] :1:1: Premature end of file.
2026-05-17 21:28:01,840 [ERROR] LogOutputStream:75 - [STDERR_REDIRECT] 
2026-05-17 21:28:02,835 [ERROR] LogOutputStream:75 - [STDERR_REDIRECT] [Fatal Error] :1:1: Premature end of file.
2026-05-17 21:28:02,836 [ERROR] LogOutputStream:75 - [STDERR_REDIRECT] 
2026-05-17 21:28:03,837 [ERROR] LogOutputStream:75 - [STDERR_REDIRECT] [Fatal Error] :1:1: Premature end of file.
2026-05-17 21:28:03,838 [ERROR] LogOutputStream:75 - [STDERR_REDIRECT] 
2026-05-17 21:28:04,847 [ERROR] LogOutputStream:75 - [STDERR_REDIRECT] [Fatal Error] :1:1: Premature end of file.
2026-05-17 21:28:04,848 [ERROR] LogOutputStream:75 - [STDERR_REDIRECT] 
2026-05-17 21:28:05,839 [ERROR] LogOutputStream:75 - [STDERR_REDIRECT] [Fatal Error] :1:1: Premature end of file.
2026-05-17 21:28:05,839 [ERROR] LogOutputStream:75 - [STDERR_REDIRECT] 
2026-05-17 21:28:06,838 [ERROR] LogOutputStream:75 - [STDERR_REDIRECT] [Fatal Error] :1:1: Premature end of file.
2026-05-17 21:28:06,839 [ERROR] LogOutputStream:75 - [STDERR_REDIRECT] 
2026-05-17 21:28:07,835 [ERROR] LogOutputStream:75 - [STDERR_REDIRECT] [Fatal Error] :1:1: Premature end of file.
2026-05-17 21:28:07,835 [ERROR] LogOutputStream:75 - [STDERR_REDIRECT] 
2026-05-17 21:28:08,838 [ERROR] LogOutputStream:75 - [STDERR_REDIRECT] [Fatal Error] :1:1: Premature end of file.
2026-05-17 21:28:08,839 [ERROR] LogOutputStream:75 - [STDERR_REDIRECT] 
2026-05-17 21:28:09,847 [ERROR] LogOutputStream:75 - [STDERR_REDIRECT] [Fatal Error] :1:1: Premature end of file.
2026-05-17 21:28:09,848 [ERROR] LogOutputStream:75 - [STDERR_REDIRECT] 
2026-05-17 21:28:10,834 [ERROR] LogOutputStream:75 - [STDERR_REDIRECT] [Fatal Error] :1:1: Premature end of file.
2026-05-17 21:28:10,834 [ERROR] LogOutputStream:75 - [STDERR_REDIRECT] 
2026-05-17 21:28:11,839 [ERROR] LogOutputStream:75 - [STDERR_REDIRECT] [Fatal Error] :1:1: Premature end of file.
2026-05-17 21:28:11,839 [ERROR] LogOutputStream:75 - [STDERR_REDIRECT] 
2026-05-17 21:28:12,848 [ERROR] LogOutputStream:75 - [STDERR_REDIRECT] [Fatal Error] :1:1: Premature end of file.
2026-05-17 21:28:12,848 [ERROR] LogOutputStream:75 - [STDERR_REDIRECT] 
2026-05-17 21:28:13,844 [ERROR] LogOutputStream:75 - [STDERR_REDIRECT] [Fatal Error] :1:1: Premature end of file.
2026-05-17 21:28:13,847 [ERROR] LogOutputStream:75 - [STDERR_REDIRECT] 
2026-05-17 21:28:14,837 [ERROR] LogOutputStream:75 - [STDERR_REDIRECT] [Fatal Error] :1:1: Premature end of file.
2026-05-17 21:28:14,837 [ERROR] LogOutputStream:75 - [STDERR_REDIRECT] 
2026-05-17 21:28:15,841 [ERROR] LogOutputStream:75 - [STDERR_REDIRECT] [Fatal Error] :1:1: Premature end of file.
2026-05-17 21:28:15,841 [ERROR] LogOutputStream:75 - [STDERR_REDIRECT] 
2026-05-17 21:28:16,843 [ERROR] LogOutputStream:75 - [STDERR_REDIRECT] [Fatal Error] :1:1: Premature end of file.
2026-05-17 21:28:16,844 [ERROR] LogOutputStream:75 - [STDERR_REDIRECT] 
2026-05-17 21:28:17,850 [ERROR] LogOutputStream:75 - [STDERR_REDIRECT] [Fatal Error] :1:1: Premature end of file.
2026-05-17 21:28:17,851 [ERROR] LogOutputStream:75 - [STDERR_REDIRECT] 
2026-05-17 21:28:18,850 [ERROR] LogOutputStream:75 - [STDERR_REDIRECT] [Fatal Error] :1:1: Premature end of file.
2026-05-17 21:28:18,850 [ERROR] LogOutputStream:75 - [STDERR_REDIRECT] 
2026-05-17 21:28:19,840 [ERROR] LogOutputStream:75 - [STDERR_REDIRECT] [Fatal Error] :1:1: Premature end of file.
2026-05-17 21:28:19,840 [ERROR] LogOutputStream:75 - [STDERR_REDIRECT] 
2026-05-17 21:28:20,846 [ERROR] LogOutputStream:75 - [STDERR_REDIRECT] [Fatal Error] :1:1: Premature end of file.
2026-05-17 21:28:20,846 [ERROR] LogOutputStream:75 - [STDERR_REDIRECT] 
2026-05-17 21:28:21,844 [ERROR] LogOutputStream:75 - [STDERR_REDIRECT] [Fatal Error] :1:1: Premature end of file.
2026-05-17 21:28:21,844 [ERROR] LogOutputStream:75 - [STDERR_REDIRECT] 
2026-05-17 21:28:22,842 [ERROR] LogOutputStream:75 - [STDERR_REDIRECT] [Fatal Error] :1:1: Premature end of file.
2026-05-17 21:28:22,842 [ERROR] LogOutputStream:75 - [STDERR_REDIRECT] 
2026-05-17 21:28:23,848 [ERROR] LogOutputStream:75 - [STDERR_REDIRECT] [Fatal Error] :1:1: Premature end of file.
2026-05-17 21:28:23,848 [ERROR] LogOutputStream:75 - [STDERR_REDIRECT] 
2026-05-17 21:28:24,837 [ERROR] LogOutputStream:75 - [STDERR_REDIRECT] [Fatal Error] :1:1: Premature end of file.
2026-05-17 21:28:24,837 [ERROR] LogOutputStream:75 - [STDERR_REDIRECT] 
2026-05-17 21:28:25,843 [ERROR] LogOutputStream:75 - [STDERR_REDIRECT] [Fatal Error] :1:1: Premature end of file.
2026-05-17 21:28:25,843 [ERROR] LogOutputStream:75 - [STDERR_REDIRECT] 
2026-05-17 21:28:26,846 [ERROR] LogOutputStream:75 - [STDERR_REDIRECT] [Fatal Error] :1:1: Premature end of file.
2026-05-17 21:28:26,846 [ERROR] LogOutputStream:75 - [STDERR_REDIRECT] 
2026-05-17 21:28:27,844 [ERROR] LogOutputStream:75 - [STDERR_REDIRECT] [Fatal Error] :1:1: Premature end of file.
2026-05-17 21:28:27,844 [ERROR] LogOutputStream:75 - [STDERR_REDIRECT] 
2026-05-17 21:28:28,842 [ERROR] LogOutputStream:75 - [STDERR_REDIRECT] [Fatal Error] :1:1: Premature end of file.
2026-05-17 21:28:28,842 [ERROR] LogOutputStream:75 - [STDERR_REDIRECT] 
2026-05-17 21:28:29,847 [ERROR] LogOutputStream:75 - [STDERR_REDIRECT] [Fatal Error] :1:1: Premature end of file.
2026-05-17 21:28:29,848 [ERROR] LogOutputStream:75 - [STDERR_REDIRECT] 
2026-05-17 21:28:30,847 [ERROR] LogOutputStream:75 - [STDERR_REDIRECT] [Fatal Error] :1:1: Premature end of file.
2026-05-17 21:28:30,847 [ERROR] LogOutputStream:75 - [STDERR_REDIRECT] 
2026-05-17 21:28:31,848 [ERROR] LogOutputStream:75 - [STDERR_REDIRECT] [Fatal Error] :1:1: Premature end of file.
2026-05-17 21:28:31,848 [ERROR] LogOutputStream:75 - [STDERR_REDIRECT] 
2026-05-17 21:28:32,847 [ERROR] LogOutputStream:75 - [STDERR_REDIRECT] [Fatal Error] :1:1: Premature end of file.
2026-05-17 21:28:32,847 [ERROR] LogOutputStream:75 - [STDERR_REDIRECT] 
2026-05-17 21:28:33,854 [ERROR] LogOutputStream:75 - [STDERR_REDIRECT] [Fatal Error] :1:1: Premature end of file.
2026-05-17 21:28:33,855 [ERROR] LogOutputStream:75 - [STDERR_REDIRECT] 
2026-05-17 21:28:34,850 [ERROR] LogOutputStream:75 - [STDERR_REDIRECT] [Fatal Error] :1:1: Premature end of file.
2026-05-17 21:28:34,850 [ERROR] LogOutputStream:75 - [STDERR_REDIRECT] 
2026-05-17 21:28:35,839 [ERROR] LogOutputStream:75 - [STDERR_REDIRECT] [Fatal Error] :1:1: Premature end of file.
2026-05-17 21:28:35,839 [ERROR] LogOutputStream:75 - [STDERR_REDIRECT] 
2026-05-17 21:28:36,846 [ERROR] LogOutputStream:75 - [STDERR_REDIRECT] [Fatal Error] :1:1: Premature end of file.
2026-05-17 21:28:36,846 [ERROR] LogOutputStream:75 - [STDERR_REDIRECT] 
2026-05-17 21:28:37,850 [ERROR] LogOutputStream:75 - [STDERR_REDIRECT] [Fatal Error] :1:1: Premature end of file.
2026-05-17 21:28:37,850 [ERROR] LogOutputStream:75 - [STDERR_REDIRECT] 
2026-05-17 21:28:38,840 [ERROR] LogOutputStream:75 - [STDERR_REDIRECT] [Fatal Error] :1:1: Premature end of file.
2026-05-17 21:28:38,840 [ERROR] LogOutputStream:75 - [STDERR_REDIRECT] 
2026-05-17 21:28:39,842 [ERROR] LogOutputStream:75 - [STDERR_REDIRECT] [Fatal Error] :1:1: Premature end of file.
2026-05-17 21:28:39,842 [ERROR] LogOutputStream:75 - [STDERR_REDIRECT] 
2026-05-17 21:28:40,841 [ERROR] LogOutputStream:75 - [STDERR_REDIRECT] [Fatal Error] :1:1: Premature end of file.
2026-05-17 21:28:40,841 [ERROR] LogOutputStream:75 - [STDERR_REDIRECT] 
2026-05-17 21:28:41,843 [ERROR] LogOutputStream:75 - [STDERR_REDIRECT] [Fatal Error] :1:1: Premature end of file.
2026-05-17 21:28:41,843 [ERROR] LogOutputStream:75 - [STDERR_REDIRECT] 
2026-05-17 21:28:42,857 [ERROR] LogOutputStream:75 - [STDERR_REDIRECT] [Fatal Error] :1:1: Premature end of file.
2026-05-17 21:28:42,857 [ERROR] LogOutputStream:75 - [STDERR_REDIRECT] 
2026-05-17 21:28:43,837 [ERROR] LogOutputStream:75 - [STDERR_REDIRECT] [Fatal Error] :1:1: Premature end of file.
2026-05-17 21:28:43,838 [ERROR] LogOutputStream:75 - [STDERR_REDIRECT] 
2026-05-17 21:28:44,844 [ERROR] LogOutputStream:75 - [STDERR_REDIRECT] [Fatal Error] :1:1: Premature end of file.
2026-05-17 21:28:44,844 [ERROR] LogOutputStream:75 - [STDERR_REDIRECT] 
2026-05-17 21:28:45,847 [ERROR] LogOutputStream:75 - [STDERR_REDIRECT] [Fatal Error] :1:1: Premature end of file.
2026-05-17 21:28:45,847 [ERROR] LogOutputStream:75 - [STDERR_REDIRECT] 
2026-05-17 21:28:46,849 [ERROR] LogOutputStream:75 - [STDERR_REDIRECT] [Fatal Error] :1:1: Premature end of file.
2026-05-17 21:28:46,850 [ERROR] LogOutputStream:75 - [STDERR_REDIRECT] 
2026-05-17 21:28:47,849 [ERROR] LogOutputStream:75 - [STDERR_REDIRECT] [Fatal Error] :1:1: Premature end of file.
2026-05-17 21:28:47,850 [ERROR] LogOutputStream:75 - [STDERR_REDIRECT] 
2026-05-17 21:28:48,858 [ERROR] LogOutputStream:75 - [STDERR_REDIRECT] [Fatal Error] :1:1: Premature end of file.
2026-05-17 21:28:48,858 [ERROR] LogOutputStream:75 - [STDERR_REDIRECT] 
2026-05-17 21:28:49,845 [ERROR] LogOutputStream:75 - [STDERR_REDIRECT] [Fatal Error] :1:1: Premature end of file.
2026-05-17 21:28:49,845 [ERROR] LogOutputStream:75 - [STDERR_REDIRECT] 
2026-05-17 21:28:50,851 [ERROR] LogOutputStream:75 - [STDERR_REDIRECT] [Fatal Error] :1:1: Premature end of file.
2026-05-17 21:28:50,851 [ERROR] LogOutputStream:75 - [STDERR_REDIRECT] 
2026-05-17 21:28:51,845 [ERROR] LogOutputStream:75 - [STDERR_REDIRECT] [Fatal Error] :1:1: Premature end of file.
2026-05-17 21:28:51,847 [ERROR] LogOutputStream:75 - [STDERR_REDIRECT] 
2026-05-17 21:28:52,853 [ERROR] LogOutputStream:75 - [STDERR_REDIRECT] [Fatal Error] :1:1: Premature end of file.
2026-05-17 21:28:52,853 [ERROR] LogOutputStream:75 - [STDERR_REDIRECT] 
2026-05-17 21:28:53,852 [ERROR] LogOutputStream:75 - [STDERR_REDIRECT] [Fatal Error] :1:1: Premature end of file.
2026-05-17 21:28:53,852 [ERROR] LogOutputStream:75 - [STDERR_REDIRECT] 
2026-05-17 21:28:54,838 [ERROR] LogOutputStream:75 - [STDERR_REDIRECT] [Fatal Error] :1:1: Premature end of file.
2026-05-17 21:28:54,838 [ERROR] LogOutputStream:75 - [STDERR_REDIRECT] 
2026-05-17 21:28:55,849 [ERROR] LogOutputStream:75 - [STDERR_REDIRECT] [Fatal Error] :1:1: Premature end of file.
2026-05-17 21:28:55,849 [ERROR] LogOutputStream:75 - [STDERR_REDIRECT] 
2026-05-17 21:28:56,857 [ERROR] LogOutputStream:75 - [STDERR_REDIRECT] [Fatal Error] :1:1: Premature end of file.
2026-05-17 21:28:56,857 [ERROR] LogOutputStream:75 - [STDERR_REDIRECT] 
2026-05-17 21:28:57,842 [ERROR] LogOutputStream:75 - [STDERR_REDIRECT] [Fatal Error] :1:1: Premature end of file.
2026-05-17 21:28:57,843 [ERROR] LogOutputStream:75 - [STDERR_REDIRECT] 
2026-05-17 21:28:58,845 [ERROR] LogOutputStream:75 - [STDERR_REDIRECT] [Fatal Error] :1:1: Premature end of file.
2026-05-17 21:28:58,845 [ERROR] LogOutputStream:75 - [STDERR_REDIRECT] 
2026-05-17 21:28:59,841 [ERROR] LogOutputStream:75 - [STDERR_REDIRECT] [Fatal Error] :1:1: Premature end of file.
2026-05-17 21:28:59,841 [ERROR] LogOutputStream:75 - [STDERR_REDIRECT] 
2026-05-17 21:29:00,851 [ERROR] LogOutputStream:75 - [STDERR_REDIRECT] [Fatal Error] :1:1: Premature end of file.
2026-05-17 21:29:00,851 [ERROR] LogOutputStream:75 - [STDERR_REDIRECT] 
2026-05-17 21:29:01,851 [ERROR] LogOutputStream:75 - [STDERR_REDIRECT] [Fatal Error] :1:1: Premature end of file.
2026-05-17 21:29:01,852 [ERROR] LogOutputStream:75 - [STDERR_REDIRECT] 
2026-05-17 21:29:02,836 [ERROR] LogOutputStream:75 - [STDERR_REDIRECT] [Fatal Error] :1:1: Premature end of file.
2026-05-17 21:29:02,836 [ERROR] LogOutputStream:75 - [STDERR_REDIRECT] 
2026-05-17 21:29:03,851 [ERROR] LogOutputStream:75 - [STDERR_REDIRECT] [Fatal Error] :1:1: Premature end of file.
2026-05-17 21:29:03,852 [ERROR] LogOutputStream:75 - [STDERR_REDIRECT] 
2026-05-17 21:29:04,838 [ERROR] LogOutputStream:75 - [STDERR_REDIRECT] [Fatal Error] :1:1: Premature end of file.
2026-05-17 21:29:04,838 [ERROR] LogOutputStream:75 - [STDERR_REDIRECT] 
2026-05-17 21:29:05,842 [ERROR] LogOutputStream:75 - [STDERR_REDIRECT] [Fatal Error] :1:1: Premature end of file.
2026-05-17 21:29:05,842 [ERROR] LogOutputStream:75 - [STDERR_REDIRECT] 
2026-05-17 21:29:06,851 [ERROR] LogOutputStream:75 - [STDERR_REDIRECT] [Fatal Error] :1:1: Premature end of file.
2026-05-17 21:29:06,851 [ERROR] LogOutputStream:75 - [STDERR_REDIRECT] 
2026-05-17 21:29:07,842 [ERROR] LogOutputStream:75 - [STDERR_REDIRECT] [Fatal Error] :1:1: Premature end of file.
2026-05-17 21:29:07,842 [ERROR] LogOutputStream:75 - [STDERR_REDIRECT] 
2026-05-17 21:29:08,842 [ERROR] LogOutputStream:75 - [STDERR_REDIRECT] [Fatal Error] :1:1: Premature end of file.
2026-05-17 21:29:08,842 [ERROR] LogOutputStream:75 - [STDERR_REDIRECT] 
2026-05-17 21:29:09,842 [ERROR] LogOutputStream:75 - [STDERR_REDIRECT] [Fatal Error] :1:1: Premature end of file.
2026-05-17 21:29:09,842 [ERROR] LogOutputStream:75 - [STDERR_REDIRECT] 
2026-05-17 21:29:10,853 [ERROR] LogOutputStream:75 - [STDERR_REDIRECT] [Fatal Error] :1:1: Premature end of file.
2026-05-17 21:29:10,853 [ERROR] LogOutputStream:75 - [STDERR_REDIRECT] 
2026-05-17 21:29:11,842 [ERROR] LogOutputStream:75 - [STDERR_REDIRECT] [Fatal Error] :1:1: Premature end of file.
2026-05-17 21:29:11,842 [ERROR] LogOutputStream:75 - [STDERR_REDIRECT] 
2026-05-17 21:29:12,841 [ERROR] LogOutputStream:75 - [STDERR_REDIRECT] [Fatal Error] :1:1: Premature end of file.
2026-05-17 21:29:12,843 [ERROR] LogOutputStream:75 - [STDERR_REDIRECT] 
2026-05-17 21:29:13,851 [ERROR] LogOutputStream:75 - [STDERR_REDIRECT] [Fatal Error] :1:1: Premature end of file.
2026-05-17 21:29:13,851 [ERROR] LogOutputStream:75 - [STDERR_REDIRECT] 
2026-05-17 21:29:14,843 [ERROR] LogOutputStream:75 - [STDERR_REDIRECT] [Fatal Error] :1:1: Premature end of file.
2026-05-17 21:29:14,843 [ERROR] LogOutputStream:75 - [STDERR_REDIRECT] 
2026-05-17 21:29:15,841 [ERROR] LogOutputStream:75 - [STDERR_REDIRECT] [Fatal Error] :1:1: Premature end of file.
2026-05-17 21:29:15,841 [ERROR] LogOutputStream:75 - [STDERR_REDIRECT] 
2026-05-17 21:29:16,835 [ERROR] LogOutputStream:75 - [STDERR_REDIRECT] [Fatal Error] :1:1: Premature end of file.
2026-05-17 21:29:16,835 [ERROR] LogOutputStream:75 - [STDERR_REDIRECT] 
2026-05-17 21:29:17,852 [ERROR] LogOutputStream:75 - [STDERR_REDIRECT] [Fatal Error] :1:1: Premature end of file.
2026-05-17 21:29:17,852 [ERROR] LogOutputStream:75 - [STDERR_REDIRECT] 
2026-05-17 21:29:18,835 [ERROR] LogOutputStream:75 - [STDERR_REDIRECT] [Fatal Error] :1:1: Premature end of file.
2026-05-17 21:29:18,835 [ERROR] LogOutputStream:75 - [STDERR_REDIRECT] 
2026-05-17 21:29:19,844 [ERROR] LogOutputStream:75 - [STDERR_REDIRECT] [Fatal Error] :1:1: Premature end of file.
2026-05-17 21:29:19,844 [ERROR] LogOutputStream:75 - [STDERR_REDIRECT] 
2026-05-17 21:29:20,845 [ERROR] LogOutputStream:75 - [STDERR_REDIRECT] [Fatal Error] :1:1: Premature end of file.
2026-05-17 21:29:20,845 [ERROR] LogOutputStream:75 - [STDERR_REDIRECT] 
2026-05-17 21:29:21,845 [ERROR] LogOutputStream:75 - [STDERR_REDIRECT] [Fatal Error] :1:1: Premature end of file.
2026-05-17 21:29:21,845 [ERROR] LogOutputStream:75 - [STDERR_REDIRECT] 
2026-05-17 21:29:22,845 [ERROR] LogOutputStream:75 - [STDERR_REDIRECT] [Fatal Error] :1:1: Premature end of file.
2026-05-17 21:29:22,845 [ERROR] LogOutputStream:75 - [STDERR_REDIRECT] 
2026-05-17 21:29:23,845 [ERROR] LogOutputStream:75 - [STDERR_REDIRECT] [Fatal Error] :1:1: Premature end of file.
2026-05-17 21:29:23,845 [ERROR] LogOutputStream:75 - [STDERR_REDIRECT] 
2026-05-17 21:29:24,845 [ERROR] LogOutputStream:75 - [STDERR_REDIRECT] [Fatal Error] :1:1: Premature end of file.
2026-05-17 21:29:24,845 [ERROR] LogOutputStream:75 - [STDERR_REDIRECT] 
2026-05-17 21:29:25,841 [ERROR] LogOutputStream:75 - [STDERR_REDIRECT] [Fatal Error] :1:1: Premature end of file.
2026-05-17 21:29:25,841 [ERROR] LogOutputStream:75 - [STDERR_REDIRECT] 
2026-05-17 21:29:26,846 [ERROR] LogOutputStream:75 - [STDERR_REDIRECT] [Fatal Error] :1:1: Premature end of file.
2026-05-17 21:29:26,846 [ERROR] LogOutputStream:75 - [STDERR_REDIRECT] 
2026-05-17 21:29:27,856 [ERROR] LogOutputStream:75 - [STDERR_REDIRECT] [Fatal Error] :1:1: Premature end of file.
2026-05-17 21:29:27,856 [ERROR] LogOutputStream:75 - [STDERR_REDIRECT] 
2026-05-17 21:29:28,846 [ERROR] LogOutputStream:75 - [STDERR_REDIRECT] [Fatal Error] :1:1: Premature end of file.
2026-05-17 21:29:28,848 [ERROR] LogOutputStream:75 - [STDERR_REDIRECT] 
2026-05-17 21:29:29,838 [ERROR] LogOutputStream:75 - [STDERR_REDIRECT] [Fatal Error] :1:1: Premature end of file.
2026-05-17 21:29:29,839 [ERROR] LogOutputStream:75 - [STDERR_REDIRECT] 
2026-05-17 21:29:30,846 [ERROR] LogOutputStream:75 - [STDERR_REDIRECT] [Fatal Error] :1:1: Premature end of file.
2026-05-17 21:29:30,846 [ERROR] LogOutputStream:75 - [STDERR_REDIRECT] 
2026-05-17 21:29:31,847 [ERROR] LogOutputStream:75 - [STDERR_REDIRECT] [Fatal Error] :1:1: Premature end of file.
2026-05-17 21:29:31,847 [ERROR] LogOutputStream:75 - [STDERR_REDIRECT] 
2026-05-17 21:29:32,847 [ERROR] LogOutputStream:75 - [STDERR_REDIRECT] [Fatal Error] :1:1: Premature end of file.
2026-05-17 21:29:32,847 [ERROR] LogOutputStream:75 - [STDERR_REDIRECT] 
2026-05-17 21:29:33,842 [ERROR] LogOutputStream:75 - [STDERR_REDIRECT] [Fatal Error] :1:1: Premature end of file.
2026-05-17 21:29:33,842 [ERROR] LogOutputStream:75 - [STDERR_REDIRECT] 
2026-05-17 21:29:34,848 [ERROR] LogOutputStream:75 - [STDERR_REDIRECT] [Fatal Error] :1:1: Premature end of file.
2026-05-17 21:29:34,848 [ERROR] LogOutputStream:75 - [STDERR_REDIRECT] 
2026-05-17 21:29:35,848 [ERROR] LogOutputStream:75 - [STDERR_REDIRECT] [Fatal Error] :1:1: Premature end of file.
2026-05-17 21:29:35,848 [ERROR] LogOutputStream:75 - [STDERR_REDIRECT] 
2026-05-17 21:29:36,843 [ERROR] LogOutputStream:75 - [STDERR_REDIRECT] [Fatal Error] :1:1: Premature end of file.
2026-05-17 21:29:36,843 [ERROR] LogOutputStream:75 - [STDERR_REDIRECT] 
2026-05-17 21:29:37,843 [ERROR] LogOutputStream:75 - [STDERR_REDIRECT] [Fatal Error] :1:1: Premature end of file.
2026-05-17 21:29:37,844 [ERROR] LogOutputStream:75 - [STDERR_REDIRECT] 
2026-05-17 21:29:38,843 [ERROR] LogOutputStream:75 - [STDERR_REDIRECT] [Fatal Error] :1:1: Premature end of file.
2026-05-17 21:29:38,843 [ERROR] LogOutputStream:75 - [STDERR_REDIRECT] 
2026-05-17 21:29:39,850 [ERROR] LogOutputStream:75 - [STDERR_REDIRECT] [Fatal Error] :1:1: Premature end of file.
2026-05-17 21:29:39,850 [ERROR] LogOutputStream:75 - [STDERR_REDIRECT] 
2026-05-17 21:29:40,841 [ERROR] LogOutputStream:75 - [STDERR_REDIRECT] [Fatal Error] :1:1: Premature end of file.
2026-05-17 21:29:40,841 [ERROR] LogOutputStream:75 - [STDERR_REDIRECT] 
2026-05-17 21:29:41,836 [ERROR] LogOutputStream:75 - [STDERR_REDIRECT] [Fatal Error] :1:1: Premature end of file.
2026-05-17 21:29:41,837 [ERROR] LogOutputStream:75 - [STDERR_REDIRECT] 
2026-05-17 21:29:42,841 [ERROR] LogOutputStream:75 - [STDERR_REDIRECT] [Fatal Error] :1:1: Premature end of file.
2026-05-17 21:29:42,841 [ERROR] LogOutputStream:75 - [STDERR_REDIRECT] 
2026-05-17 21:29:43,844 [ERROR] LogOutputStream:75 - [STDERR_REDIRECT] [Fatal Error] :1:1: Premature end of file.
2026-05-17 21:29:43,844 [ERROR] LogOutputStream:75 - [STDERR_REDIRECT] 
2026-05-17 21:29:44,847 [ERROR] LogOutputStream:75 - [STDERR_REDIRECT] [Fatal Error] :1:1: Premature end of file.
2026-05-17 21:29:44,847 [ERROR] LogOutputStream:75 - [STDERR_REDIRECT] 
2026-05-17 21:29:45,842 [ERROR] LogOutputStream:75 - [STDERR_REDIRECT] [Fatal Error] :1:1: Premature end of file.
2026-05-17 21:29:45,842 [ERROR] LogOutputStream:75 - [STDERR_REDIRECT] 
2026-05-17 21:29:46,852 [ERROR] LogOutputStream:75 - [STDERR_REDIRECT] [Fatal Error] :1:1: Premature end of file.
2026-05-17 21:29:46,853 [ERROR] LogOutputStream:75 - [STDERR_REDIRECT] 
2026-05-17 21:29:47,847 [ERROR] LogOutputStream:75 - [STDERR_REDIRECT] [Fatal Error] :1:1: Premature end of file.
2026-05-17 21:29:47,847 [ERROR] LogOutputStream:75 - [STDERR_REDIRECT] 
2026-05-17 21:29:48,847 [ERROR] LogOutputStream:75 - [STDERR_REDIRECT] [Fatal Error] :1:1: Premature end of file.
2026-05-17 21:29:48,847 [ERROR] LogOutputStream:75 - [STDERR_REDIRECT] 
2026-05-17 21:29:49,842 [ERROR] LogOutputStream:75 - [STDERR_REDIRECT] [Fatal Error] :1:1: Premature end of file.
2026-05-17 21:29:49,843 [ERROR] LogOutputStream:75 - [STDERR_REDIRECT] 
2026-05-17 21:29:50,844 [ERROR] LogOutputStream:75 - [STDERR_REDIRECT] [Fatal Error] :1:1: Premature end of file.
2026-05-17 21:29:50,844 [ERROR] LogOutputStream:75 - [STDERR_REDIRECT] 
2026-05-17 21:29:51,842 [ERROR] LogOutputStream:75 - [STDERR_REDIRECT] [Fatal Error] :1:1: Premature end of file.
2026-05-17 21:29:51,842 [ERROR] LogOutputStream:75 - [STDERR_REDIRECT] 
2026-05-17 21:29:52,842 [ERROR] LogOutputStream:75 - [STDERR_REDIRECT] [Fatal Error] :1:1: Premature end of file.
2026-05-17 21:29:52,842 [ERROR] LogOutputStream:75 - [STDERR_REDIRECT] 
2026-05-17 21:29:53,839 [ERROR] LogOutputStream:75 - [STDERR_REDIRECT] [Fatal Error] :1:1: Premature end of file.
2026-05-17 21:29:53,839 [ERROR] LogOutputStream:75 - [STDERR_REDIRECT] 
2026-05-17 21:29:54,842 [ERROR] LogOutputStream:75 - [STDERR_REDIRECT] [Fatal Error] :1:1: Premature end of file.
2026-05-17 21:29:54,842 [ERROR] LogOutputStream:75 - [STDERR_REDIRECT] 
2026-05-17 21:29:55,845 [ERROR] LogOutputStream:75 - [STDERR_REDIRECT] [Fatal Error] :1:1: Premature end of file.
2026-05-17 21:29:55,847 [ERROR] LogOutputStream:75 - [STDERR_REDIRECT] 
2026-05-17 21:29:56,848 [ERROR] LogOutputStream:75 - [STDERR_REDIRECT] [Fatal Error] :1:1: Premature end of file.
2026-05-17 21:29:56,848 [ERROR] LogOutputStream:75 - [STDERR_REDIRECT] 
2026-05-17 21:29:57,838 [ERROR] LogOutputStream:75 - [STDERR_REDIRECT] [Fatal Error] :1:1: Premature end of file.
2026-05-17 21:29:57,838 [ERROR] LogOutputStream:75 - [STDERR_REDIRECT] 
2026-05-17 21:29:58,838 [ERROR] LogOutputStream:75 - [STDERR_REDIRECT] [Fatal Error] :1:1: Premature end of file.
2026-05-17 21:29:58,838 [ERROR] LogOutputStream:75 - [STDERR_REDIRECT] 
2026-05-17 21:29:59,844 [ERROR] LogOutputStream:75 - [STDERR_REDIRECT] [Fatal Error] :1:1: Premature end of file.
2026-05-17 21:29:59,844 [ERROR] LogOutputStream:75 - [STDERR_REDIRECT] 
2026-05-17 21:30:00,847 [ERROR] LogOutputStream:75 - [STDERR_REDIRECT] [Fatal Error] :1:1: Premature end of file.
2026-05-17 21:30:00,848 [ERROR] LogOutputStream:75 - [STDERR_REDIRECT] 
2026-05-17 21:30:01,838 [ERROR] LogOutputStream:75 - [STDERR_REDIRECT] [Fatal Error] :1:1: Premature end of file.
2026-05-17 21:30:01,839 [ERROR] LogOutputStream:75 - [STDERR_REDIRECT] 
2026-05-17 21:30:02,835 [ERROR] LogOutputStream:75 - [STDERR_REDIRECT] [Fatal Error] :1:1: Premature end of file.
2026-05-17 21:30:02,835 [ERROR] LogOutputStream:75 - [STDERR_REDIRECT] 
2026-05-17 21:30:03,836 [ERROR] LogOutputStream:75 - [STDERR_REDIRECT] [Fatal Error] :1:1: Premature end of file.
2026-05-17 21:30:03,836 [ERROR] LogOutputStream:75 - [STDERR_REDIRECT] 
2026-05-17 21:30:04,835 [ERROR] LogOutputStream:75 - [STDERR_REDIRECT] [Fatal Error] :1:1: Premature end of file.
2026-05-17 21:30:04,837 [ERROR] LogOutputStream:75 - [STDERR_REDIRECT] 
2026-05-17 21:30:05,835 [ERROR] LogOutputStream:75 - [STDERR_REDIRECT] [Fatal Error] :1:1: Premature end of file.
2026-05-17 21:30:05,835 [ERROR] LogOutputStream:75 - [STDERR_REDIRECT] 
2026-05-17 21:30:06,836 [ERROR] LogOutputStream:75 - [STDERR_REDIRECT] [Fatal Error] :1:1: Premature end of file.
2026-05-17 21:30:06,836 [ERROR] LogOutputStream:75 - [STDERR_REDIRECT] 
2026-05-17 21:30:07,842 [ERROR] LogOutputStream:75 - [STDERR_REDIRECT] [Fatal Error] :1:1: Premature end of file.
2026-05-17 21:30:07,842 [ERROR] LogOutputStream:75 - [STDERR_REDIRECT] 
2026-05-17 21:30:08,838 [ERROR] LogOutputStream:75 - [STDERR_REDIRECT] [Fatal Error] :1:1: Premature end of file.
2026-05-17 21:30:08,838 [ERROR] LogOutputStream:75 - [STDERR_REDIRECT] 
2026-05-17 21:30:09,837 [ERROR] LogOutputStream:75 - [STDERR_REDIRECT] [Fatal Error] :1:1: Premature end of file.
2026-05-17 21:30:09,838 [ERROR] LogOutputStream:75 - [STDERR_REDIRECT] 
2026-05-17 21:30:10,840 [ERROR] LogOutputStream:75 - [STDERR_REDIRECT] [Fatal Error] :1:1: Premature end of file.
2026-05-17 21:30:10,840 [ERROR] LogOutputStream:75 - [STDERR_REDIRECT] 
2026-05-17 21:30:11,841 [ERROR] LogOutputStream:75 - [STDERR_REDIRECT] [Fatal Error] :1:1: Premature end of file.
2026-05-17 21:30:11,841 [ERROR] LogOutputStream:75 - [STDERR_REDIRECT] 
2026-05-17 21:30:12,839 [ERROR] LogOutputStream:75 - [STDERR_REDIRECT] [Fatal Error] :1:1: Premature end of file.
2026-05-17 21:30:12,840 [ERROR] LogOutputStream:75 - [STDERR_REDIRECT] 
2026-05-17 21:30:13,836 [ERROR] LogOutputStream:75 - [STDERR_REDIRECT] [Fatal Error] :1:1: Premature end of file.
2026-05-17 21:30:13,836 [ERROR] LogOutputStream:75 - [STDERR_REDIRECT] 
2026-05-17 21:30:14,840 [ERROR] LogOutputStream:75 - [STDERR_REDIRECT] [Fatal Error] :1:1: Premature end of file.
2026-05-17 21:30:14,840 [ERROR] LogOutputStream:75 - [STDERR_REDIRECT] 
2026-05-17 21:30:15,838 [ERROR] LogOutputStream:75 - [STDERR_REDIRECT] [Fatal Error] :1:1: Premature end of file.
2026-05-17 21:30:15,838 [ERROR] LogOutputStream:75 - [STDERR_REDIRECT] 
2026-05-17 21:30:16,842 [ERROR] LogOutputStream:75 - [STDERR_REDIRECT] [Fatal Error] :1:1: Premature end of file.
2026-05-17 21:30:16,842 [ERROR] LogOutputStream:75 - [STDERR_REDIRECT] 
2026-05-17 21:30:17,837 [ERROR] LogOutputStream:75 - [STDERR_REDIRECT] [Fatal Error] :1:1: Premature end of file.
2026-05-17 21:30:17,837 [ERROR] LogOutputStream:75 - [STDERR_REDIRECT] 
2026-05-17 21:30:18,837 [ERROR] LogOutputStream:75 - [STDERR_REDIRECT] [Fatal Error] :1:1: Premature end of file.
2026-05-17 21:30:18,838 [ERROR] LogOutputStream:75 - [STDERR_REDIRECT] 
2026-05-17 21:30:19,842 [ERROR] LogOutputStream:75 - [STDERR_REDIRECT] [Fatal Error] :1:1: Premature end of file.
2026-05-17 21:30:19,842 [ERROR] LogOutputStream:75 - [STDERR_REDIRECT] 
2026-05-17 21:30:20,838 [ERROR] LogOutputStream:75 - [STDERR_REDIRECT] [Fatal Error] :1:1: Premature end of file.
2026-05-17 21:30:20,838 [ERROR] LogOutputStream:75 - [STDERR_REDIRECT] 
2026-05-17 21:30:21,837 [ERROR] LogOutputStream:75 - [STDERR_REDIRECT] [Fatal Error] :1:1: Premature end of file.
2026-05-17 21:30:21,838 [ERROR] LogOutputStream:75 - [STDERR_REDIRECT] 
2026-05-17 21:30:22,842 [ERROR] LogOutputStream:75 - [STDERR_REDIRECT] [Fatal Error] :1:1: Premature end of file.
2026-05-17 21:30:22,842 [ERROR] LogOutputStream:75 - [STDERR_REDIRECT] 
2026-05-17 21:30:23,839 [ERROR] LogOutputStream:75 - [STDERR_REDIRECT] [Fatal Error] :1:1: Premature end of file.
2026-05-17 21:30:23,839 [ERROR] LogOutputStream:75 - [STDERR_REDIRECT] 
2026-05-17 21:30:24,842 [ERROR] LogOutputStream:75 - [STDERR_REDIRECT] [Fatal Error] :1:1: Premature end of file.
2026-05-17 21:30:24,842 [ERROR] LogOutputStream:75 - [STDERR_REDIRECT] 
2026-05-17 21:30:25,842 [ERROR] LogOutputStream:75 - [STDERR_REDIRECT] [Fatal Error] :1:1: Premature end of file.
2026-05-17 21:30:25,842 [ERROR] LogOutputStream:75 - [STDERR_REDIRECT] 
2026-05-17 21:30:26,850 [ERROR] LogOutputStream:75 - [STDERR_REDIRECT] [Fatal Error] :1:1: Premature end of file.
2026-05-17 21:30:26,850 [ERROR] LogOutputStream:75 - [STDERR_REDIRECT] 
2026-05-17 21:30:27,847 [ERROR] LogOutputStream:75 - [STDERR_REDIRECT] [Fatal Error] :1:1: Premature end of file.
2026-05-17 21:30:27,847 [ERROR] LogOutputStream:75 - [STDERR_REDIRECT] 
2026-05-17 21:30:28,848 [ERROR] LogOutputStream:75 - [STDERR_REDIRECT] [Fatal Error] :1:1: Premature end of file.
2026-05-17 21:30:28,848 [ERROR] LogOutputStream:75 - [STDERR_REDIRECT] 
2026-05-17 21:30:29,841 [ERROR] LogOutputStream:75 - [STDERR_REDIRECT] [Fatal Error] :1:1: Premature end of file.
2026-05-17 21:30:29,841 [ERROR] LogOutputStream:75 - [STDERR_REDIRECT] 
2026-05-17 21:30:30,841 [ERROR] LogOutputStream:75 - [STDERR_REDIRECT] [Fatal Error] :1:1: Premature end of file.
2026-05-17 21:30:30,841 [ERROR] LogOutputStream:75 - [STDERR_REDIRECT] 
2026-05-17 21:30:31,841 [ERROR] LogOutputStream:75 - [STDERR_REDIRECT] [Fatal Error] :1:1: Premature end of file.
2026-05-17 21:30:31,841 [ERROR] LogOutputStream:75 - [STDERR_REDIRECT] 
2026-05-17 21:30:32,841 [ERROR] LogOutputStream:75 - [STDERR_REDIRECT] [Fatal Error] :1:1: Premature end of file.
2026-05-17 21:30:32,851 [ERROR] LogOutputStream:75 - [STDERR_REDIRECT] 
2026-05-17 21:30:33,853 [ERROR] LogOutputStream:75 - [STDERR_REDIRECT] [Fatal Error] :1:1: Premature end of file.
2026-05-17 21:30:33,853 [ERROR] LogOutputStream:75 - [STDERR_REDIRECT] 
2026-05-17 21:30:34,842 [ERROR] LogOutputStream:75 - [STDERR_REDIRECT] [Fatal Error] :1:1: Premature end of file.
2026-05-17 21:30:34,842 [ERROR] LogOutputStream:75 - [STDERR_REDIRECT] 
2026-05-17 21:30:35,843 [ERROR] LogOutputStream:75 - [STDERR_REDIRECT] [Fatal Error] :1:1: Premature end of file.
2026-05-17 21:30:35,843 [ERROR] LogOutputStream:75 - [STDERR_REDIRECT] 
2026-05-17 21:30:36,849 [ERROR] LogOutputStream:75 - [STDERR_REDIRECT] [Fatal Error] :1:1: Premature end of file.
2026-05-17 21:30:36,849 [ERROR] LogOutputStream:75 - [STDERR_REDIRECT] 
2026-05-17 21:30:37,842 [ERROR] LogOutputStream:75 - [STDERR_REDIRECT] [Fatal Error] :1:1: Premature end of file.
2026-05-17 21:30:37,842 [ERROR] LogOutputStream:75 - [STDERR_REDIRECT] 
2026-05-17 21:30:38,843 [ERROR] LogOutputStream:75 - [STDERR_REDIRECT] [Fatal Error] :1:1: Premature end of file.
2026-05-17 21:30:38,843 [ERROR] LogOutputStream:75 - [STDERR_REDIRECT] 
2026-05-17 21:30:39,843 [ERROR] LogOutputStream:75 - [STDERR_REDIRECT] [Fatal Error] :1:1: Premature end of file.
2026-05-17 21:30:39,844 [ERROR] LogOutputStream:75 - [STDERR_REDIRECT] 
2026-05-17 21:30:40,837 [ERROR] LogOutputStream:75 - [STDERR_REDIRECT] [Fatal Error] :1:1: Premature end of file.
2026-05-17 21:30:40,837 [ERROR] LogOutputStream:75 - [STDERR_REDIRECT] 
2026-05-17 21:30:41,844 [ERROR] LogOutputStream:75 - [STDERR_REDIRECT] [Fatal Error] :1:1: Premature end of file.
2026-05-17 21:30:41,844 [ERROR] LogOutputStream:75 - [STDERR_REDIRECT] 
2026-05-17 21:30:42,844 [ERROR] LogOutputStream:75 - [STDERR_REDIRECT] [Fatal Error] :1:1: Premature end of file.
2026-05-17 21:30:42,844 [ERROR] LogOutputStream:75 - [STDERR_REDIRECT] 
2026-05-17 21:30:43,854 [ERROR] LogOutputStream:75 - [STDERR_REDIRECT] [Fatal Error] :1:1: Premature end of file.
2026-05-17 21:30:43,855 [ERROR] LogOutputStream:75 - [STDERR_REDIRECT] 
2026-05-17 21:30:44,836 [ERROR] LogOutputStream:75 - [STDERR_REDIRECT] [Fatal Error] :1:1: Premature end of file.
2026-05-17 21:30:44,836 [ERROR] LogOutputStream:75 - [STDERR_REDIRECT] 
2026-05-17 21:30:45,844 [ERROR] LogOutputStream:75 - [STDERR_REDIRECT] [Fatal Error] :1:1: Premature end of file.
2026-05-17 21:30:45,844 [ERROR] LogOutputStream:75 - [STDERR_REDIRECT] 
2026-05-17 21:30:46,844 [ERROR] LogOutputStream:75 - [STDERR_REDIRECT] [Fatal Error] :1:1: Premature end of file.
2026-05-17 21:30:46,844 [ERROR] LogOutputStream:75 - [STDERR_REDIRECT] 
2026-05-17 21:30:47,847 [ERROR] LogOutputStream:75 - [STDERR_REDIRECT] [Fatal Error] :1:1: Premature end of file.
2026-05-17 21:30:47,847 [ERROR] LogOutputStream:75 - [STDERR_REDIRECT] 
2026-05-17 21:30:48,843 [ERROR] LogOutputStream:75 - [STDERR_REDIRECT] [Fatal Error] :1:1: Premature end of file.
2026-05-17 21:30:48,844 [ERROR] LogOutputStream:75 - [STDERR_REDIRECT] 
2026-05-17 21:30:49,847 [ERROR] LogOutputStream:75 - [STDERR_REDIRECT] [Fatal Error] :1:1: Premature end of file.
2026-05-17 21:30:49,848 [ERROR] LogOutputStream:75 - [STDERR_REDIRECT] 
2026-05-17 21:30:50,845 [ERROR] LogOutputStream:75 - [STDERR_REDIRECT] [Fatal Error] :1:1: Premature end of file.
2026-05-17 21:30:50,845 [ERROR] LogOutputStream:75 - [STDERR_REDIRECT] 
2026-05-17 21:30:51,836 [ERROR] LogOutputStream:75 - [STDERR_REDIRECT] [Fatal Error] :1:1: Premature end of file.
2026-05-17 21:30:51,836 [ERROR] LogOutputStream:75 - [STDERR_REDIRECT] 
2026-05-17 21:30:52,856 [ERROR] LogOutputStream:75 - [STDERR_REDIRECT] [Fatal Error] :1:1: Premature end of file.
2026-05-17 21:30:52,856 [ERROR] LogOutputStream:75 - [STDERR_REDIRECT] 
2026-05-17 21:30:53,846 [ERROR] LogOutputStream:75 - [STDERR_REDIRECT] [Fatal Error] :1:1: Premature end of file.
2026-05-17 21:30:53,846 [ERROR] LogOutputStream:75 - [STDERR_REDIRECT] 
2026-05-17 21:30:54,846 [ERROR] LogOutputStream:75 - [STDERR_REDIRECT] [Fatal Error] :1:1: Premature end of file.
2026-05-17 21:30:54,846 [ERROR] LogOutputStream:75 - [STDERR_REDIRECT] 
2026-05-17 21:30:55,847 [ERROR] LogOutputStream:75 - [STDERR_REDIRECT] [Fatal Error] :1:1: Premature end of file.
2026-05-17 21:30:55,847 [ERROR] LogOutputStream:75 - [STDERR_REDIRECT] 
2026-05-17 21:30:56,846 [ERROR] LogOutputStream:75 - [STDERR_REDIRECT] [Fatal Error] :1:1: Premature end of file.
2026-05-17 21:30:56,846 [ERROR] LogOutputStream:75 - [STDERR_REDIRECT] 
2026-05-17 21:30:57,853 [ERROR] LogOutputStream:75 - [STDERR_REDIRECT] [Fatal Error] :1:1: Premature end of file.
2026-05-17 21:30:57,853 [ERROR] LogOutputStream:75 - [STDERR_REDIRECT] 
2026-05-17 21:30:58,842 [ERROR] LogOutputStream:75 - [STDERR_REDIRECT] [Fatal Error] :1:1: Premature end of file.
2026-05-17 21:30:58,842 [ERROR] LogOutputStream:75 - [STDERR_REDIRECT] 
2026-05-17 21:30:59,848 [ERROR] LogOutputStream:75 - [STDERR_REDIRECT] [Fatal Error] :1:1: Premature end of file.
2026-05-17 21:30:59,848 [ERROR] LogOutputStream:75 - [STDERR_REDIRECT] 
2026-05-17 21:31:00,848 [ERROR] LogOutputStream:75 - [STDERR_REDIRECT] [Fatal Error] :1:1: Premature end of file.
2026-05-17 21:31:00,848 [ERROR] LogOutputStream:75 - [STDERR_REDIRECT] 
2026-05-17 21:31:01,851 [ERROR] LogOutputStream:75 - [STDERR_REDIRECT] [Fatal Error] :1:1: Premature end of file.
2026-05-17 21:31:01,851 [ERROR] LogOutputStream:75 - [STDERR_REDIRECT] 
2026-05-17 21:31:02,842 [ERROR] LogOutputStream:75 - [STDERR_REDIRECT] [Fatal Error] :1:1: Premature end of file.
2026-05-17 21:31:02,842 [ERROR] LogOutputStream:75 - [STDERR_REDIRECT] 
2026-05-17 21:31:03,852 [ERROR] LogOutputStream:75 - [STDERR_REDIRECT] [Fatal Error] :1:1: Premature end of file.
2026-05-17 21:31:03,852 [ERROR] LogOutputStream:75 - [STDERR_REDIRECT] 
2026-05-17 21:31:04,841 [ERROR] LogOutputStream:75 - [STDERR_REDIRECT] [Fatal Error] :1:1: Premature end of file.
2026-05-17 21:31:04,843 [ERROR] LogOutputStream:75 - [STDERR_REDIRECT] 
2026-05-17 21:31:05,839 [ERROR] LogOutputStream:75 - [STDERR_REDIRECT] [Fatal Error] :1:1: Premature end of file.
2026-05-17 21:31:05,839 [ERROR] LogOutputStream:75 - [STDERR_REDIRECT] 
2026-05-17 21:31:06,846 [ERROR] LogOutputStream:75 - [STDERR_REDIRECT] [Fatal Error] :1:1: Premature end of file.
2026-05-17 21:31:06,846 [ERROR] LogOutputStream:75 - [STDERR_REDIRECT] 
2026-05-17 21:31:07,849 [ERROR] LogOutputStream:75 - [STDERR_REDIRECT] [Fatal Error] :1:1: Premature end of file.
2026-05-17 21:31:07,849 [ERROR] LogOutputStream:75 - [STDERR_REDIRECT] 
2026-05-17 21:31:08,838 [ERROR] LogOutputStream:75 - [STDERR_REDIRECT] [Fatal Error] :1:1: Premature end of file.
2026-05-17 21:31:08,838 [ERROR] LogOutputStream:75 - [STDERR_REDIRECT] 
2026-05-17 21:31:09,840 [ERROR] LogOutputStream:75 - [STDERR_REDIRECT] [Fatal Error] :1:1: Premature end of file.
2026-05-17 21:31:09,840 [ERROR] LogOutputStream:75 - [STDERR_REDIRECT] 
2026-05-17 21:31:10,842 [ERROR] LogOutputStream:75 - [STDERR_REDIRECT] [Fatal Error] :1:1: Premature end of file.
2026-05-17 21:31:10,842 [ERROR] LogOutputStream:75 - [STDERR_REDIRECT] 
2026-05-17 21:31:11,853 [ERROR] LogOutputStream:75 - [STDERR_REDIRECT] [Fatal Error] :1:1: Premature end of file.
2026-05-17 21:31:11,853 [ERROR] LogOutputStream:75 - [STDERR_REDIRECT] 
2026-05-17 21:31:12,841 [ERROR] LogOutputStream:75 - [STDERR_REDIRECT] [Fatal Error] :1:1: Premature end of file.
2026-05-17 21:31:12,841 [ERROR] LogOutputStream:75 - [STDERR_REDIRECT] 
2026-05-17 21:31:13,842 [ERROR] LogOutputStream:75 - [STDERR_REDIRECT] [Fatal Error] :1:1: Premature end of file.
2026-05-17 21:31:13,842 [ERROR] LogOutputStream:75 - [STDERR_REDIRECT] 
2026-05-17 21:31:14,851 [ERROR] LogOutputStream:75 - [STDERR_REDIRECT] [Fatal Error] :1:1: Premature end of file.
2026-05-17 21:31:14,851 [ERROR] LogOutputStream:75 - [STDERR_REDIRECT] 
2026-05-17 21:31:15,841 [ERROR] LogOutputStream:75 - [STDERR_REDIRECT] [Fatal Error] :1:1: Premature end of file.
2026-05-17 21:31:15,851 [ERROR] LogOutputStream:75 - [STDERR_REDIRECT] 
2026-05-17 21:31:16,836 [ERROR] LogOutputStream:75 - [STDERR_REDIRECT] [Fatal Error] :1:1: Premature end of file.
2026-05-17 21:31:16,837 [ERROR] LogOutputStream:75 - [STDERR_REDIRECT] 
2026-05-17 21:31:17,841 [ERROR] LogOutputStream:75 - [STDERR_REDIRECT] [Fatal Error] :1:1: Premature end of file.
2026-05-17 21:31:17,842 [ERROR] LogOutputStream:75 - [STDERR_REDIRECT] 
2026-05-17 21:31:18,856 [ERROR] LogOutputStream:75 - [STDERR_REDIRECT] [Fatal Error] :1:1: Premature end of file.
2026-05-17 21:31:18,857 [ERROR] LogOutputStream:75 - [STDERR_REDIRECT] 
2026-05-17 21:31:19,847 [ERROR] LogOutputStream:75 - [STDERR_REDIRECT] [Fatal Error] :1:1: Premature end of file.
2026-05-17 21:31:19,847 [ERROR] LogOutputStream:75 - [STDERR_REDIRECT] 
2026-05-17 21:31:20,848 [ERROR] LogOutputStream:75 - [STDERR_REDIRECT] [Fatal Error] :1:1: Premature end of file.
2026-05-17 21:31:20,848 [ERROR] LogOutputStream:75 - [STDERR_REDIRECT] 
2026-05-17 21:31:21,853 [ERROR] LogOutputStream:75 - [STDERR_REDIRECT] [Fatal Error] :1:1: Premature end of file.
2026-05-17 21:31:21,854 [ERROR] LogOutputStream:75 - [STDERR_REDIRECT] 
2026-05-17 21:31:22,849 [ERROR] LogOutputStream:75 - [STDERR_REDIRECT] [Fatal Error] :1:1: Premature end of file.
2026-05-17 21:31:22,849 [ERROR] LogOutputStream:75 - [STDERR_REDIRECT] 
2026-05-17 21:31:23,843 [ERROR] LogOutputStream:75 - [STDERR_REDIRECT] [Fatal Error] :1:1: Premature end of file.
2026-05-17 21:31:23,843 [ERROR] LogOutputStream:75 - [STDERR_REDIRECT] 
2026-05-17 21:31:24,843 [ERROR] LogOutputStream:75 - [STDERR_REDIRECT] [Fatal Error] :1:1: Premature end of file.
2026-05-17 21:31:24,843 [ERROR] LogOutputStream:75 - [STDERR_REDIRECT] 
2026-05-17 21:31:25,844 [ERROR] LogOutputStream:75 - [STDERR_REDIRECT] [Fatal Error] :1:1: Premature end of file.
2026-05-17 21:31:25,844 [ERROR] LogOutputStream:75 - [STDERR_REDIRECT] 
2026-05-17 21:31:26,845 [ERROR] LogOutputStream:75 - [STDERR_REDIRECT] [Fatal Error] :1:1: Premature end of file.
2026-05-17 21:31:26,845 [ERROR] LogOutputStream:75 - [STDERR_REDIRECT] 
2026-05-17 21:31:27,844 [ERROR] LogOutputStream:75 - [STDERR_REDIRECT] [Fatal Error] :1:1: Premature end of file.
2026-05-17 21:31:27,844 [ERROR] LogOutputStream:75 - [STDERR_REDIRECT] 
2026-05-17 21:31:28,844 [ERROR] LogOutputStream:75 - [STDERR_REDIRECT] [Fatal Error] :1:1: Premature end of file.
2026-05-17 21:31:28,844 [ERROR] LogOutputStream:75 - [STDERR_REDIRECT] 
2026-05-17 21:31:29,845 [ERROR] LogOutputStream:75 - [STDERR_REDIRECT] [Fatal Error] :1:1: Premature end of file.
2026-05-17 21:31:29,845 [ERROR] LogOutputStream:75 - [STDERR_REDIRECT] 
2026-05-17 21:31:30,869 [ERROR] LogOutputStream:75 - [STDERR_REDIRECT] [Fatal Error] :1:1: Premature end of file.
2026-05-17 21:31:30,870 [ERROR] LogOutputStream:75 - [STDERR_REDIRECT] 
2026-05-17 21:31:31,842 [ERROR] LogOutputStream:75 - [STDERR_REDIRECT] [Fatal Error] :1:1: Premature end of file.
2026-05-17 21:31:31,842 [ERROR] LogOutputStream:75 - [STDERR_REDIRECT] 
2026-05-17 21:31:32,842 [ERROR] LogOutputStream:75 - [STDERR_REDIRECT] [Fatal Error] :1:1: Premature end of file.
2026-05-17 21:31:32,842 [ERROR] LogOutputStream:75 - [STDERR_REDIRECT] 
2026-05-17 21:31:33,843 [ERROR] LogOutputStream:75 - [STDERR_REDIRECT] [Fatal Error] :1:1: Premature end of file.
2026-05-17 21:31:33,843 [ERROR] LogOutputStream:75 - [STDERR_REDIRECT] 
2026-05-17 21:31:34,848 [ERROR] LogOutputStream:75 - [STDERR_REDIRECT] [Fatal Error] :1:1: Premature end of file.
2026-05-17 21:31:34,848 [ERROR] LogOutputStream:75 - [STDERR_REDIRECT] 
2026-05-17 21:31:35,836 [ERROR] LogOutputStream:75 - [STDERR_REDIRECT] [Fatal Error] :1:1: Premature end of file.
2026-05-17 21:31:35,836 [ERROR] LogOutputStream:75 - [STDERR_REDIRECT] 
2026-05-17 21:31:36,842 [ERROR] LogOutputStream:75 - [STDERR_REDIRECT] [Fatal Error] :1:1: Premature end of file.
2026-05-17 21:31:36,842 [ERROR] LogOutputStream:75 - [STDERR_REDIRECT] 
2026-05-17 21:31:37,842 [ERROR] LogOutputStream:75 - [STDERR_REDIRECT] [Fatal Error] :1:1: Premature end of file.
2026-05-17 21:31:37,842 [ERROR] LogOutputStream:75 - [STDERR_REDIRECT] 
2026-05-17 21:31:38,839 [ERROR] LogOutputStream:75 - [STDERR_REDIRECT] [Fatal Error] :1:1: Premature end of file.
2026-05-17 21:31:38,840 [ERROR] LogOutputStream:75 - [STDERR_REDIRECT] 
2026-05-17 21:31:39,842 [ERROR] LogOutputStream:75 - [STDERR_REDIRECT] [Fatal Error] :1:1: Premature end of file.
2026-05-17 21:31:39,842 [ERROR] LogOutputStream:75 - [STDERR_REDIRECT] 
2026-05-17 21:31:40,842 [ERROR] LogOutputStream:75 - [STDERR_REDIRECT] [Fatal Error] :1:1: Premature end of file.
2026-05-17 21:31:40,842 [ERROR] LogOutputStream:75 - [STDERR_REDIRECT] 
2026-05-17 21:31:41,843 [ERROR] LogOutputStream:75 - [STDERR_REDIRECT] [Fatal Error] :1:1: Premature end of file.
2026-05-17 21:31:41,843 [ERROR] LogOutputStream:75 - [STDERR_REDIRECT] 
2026-05-17 21:31:42,842 [ERROR] LogOutputStream:75 - [STDERR_REDIRECT] [Fatal Error] :1:1: Premature end of file.
2026-05-17 21:31:42,842 [ERROR] LogOutputStream:75 - [STDERR_REDIRECT] 
2026-05-17 21:31:43,836 [ERROR] LogOutputStream:75 - [STDERR_REDIRECT] [Fatal Error] :1:1: Premature end of file.
2026-05-17 21:31:43,836 [ERROR] LogOutputStream:75 - [STDERR_REDIRECT] 
2026-05-17 21:31:44,842 [ERROR] LogOutputStream:75 - [STDERR_REDIRECT] [Fatal Error] :1:1: Premature end of file.
2026-05-17 21:31:44,842 [ERROR] LogOutputStream:75 - [STDERR_REDIRECT] 
2026-05-17 21:31:45,842 [ERROR] LogOutputStream:75 - [STDERR_REDIRECT] [Fatal Error] :1:1: Premature end of file.
2026-05-17 21:31:45,842 [ERROR] LogOutputStream:75 - [STDERR_REDIRECT] 
2026-05-17 21:31:46,847 [ERROR] LogOutputStream:75 - [STDERR_REDIRECT] [Fatal Error] :1:1: Premature end of file.
2026-05-17 21:31:46,847 [ERROR] LogOutputStream:75 - [STDERR_REDIRECT] 
2026-05-17 21:31:47,842 [ERROR] LogOutputStream:75 - [STDERR_REDIRECT] [Fatal Error] :1:1: Premature end of file.
2026-05-17 21:31:47,842 [ERROR] LogOutputStream:75 - [STDERR_REDIRECT] 
2026-05-17 21:31:48,836 [ERROR] LogOutputStream:75 - [STDERR_REDIRECT] [Fatal Error] :1:1: Premature end of file.
2026-05-17 21:31:48,836 [ERROR] LogOutputStream:75 - [STDERR_REDIRECT] 
2026-05-17 21:31:49,836 [ERROR] LogOutputStream:75 - [STDERR_REDIRECT] [Fatal Error] :1:1: Premature end of file.
2026-05-17 21:31:49,836 [ERROR] LogOutputStream:75 - [STDERR_REDIRECT] 
2026-05-17 21:31:50,835 [ERROR] LogOutputStream:75 - [STDERR_REDIRECT] [Fatal Error] :1:1: Premature end of file.
2026-05-17 21:31:50,835 [ERROR] LogOutputStream:75 - [STDERR_REDIRECT] 
2026-05-17 21:31:51,843 [ERROR] LogOutputStream:75 - [STDERR_REDIRECT] [Fatal Error] :1:1: Premature end of file.
2026-05-17 21:31:51,843 [ERROR] LogOutputStream:75 - [STDERR_REDIRECT] 
2026-05-17 21:31:52,842 [ERROR] LogOutputStream:75 - [STDERR_REDIRECT] [Fatal Error] :1:1: Premature end of file.
2026-05-17 21:31:52,842 [ERROR] LogOutputStream:75 - [STDERR_REDIRECT] 
2026-05-17 21:31:53,843 [ERROR] LogOutputStream:75 - [STDERR_REDIRECT] [Fatal Error] :1:1: Premature end of file.
2026-05-17 21:31:53,843 [ERROR] LogOutputStream:75 - [STDERR_REDIRECT] 
2026-05-17 21:31:54,838 [ERROR] LogOutputStream:75 - [STDERR_REDIRECT] [Fatal Error] :1:1: Premature end of file.
2026-05-17 21:31:54,839 [ERROR] LogOutputStream:75 - [STDERR_REDIRECT] 
2026-05-17 21:31:55,841 [ERROR] LogOutputStream:75 - [STDERR_REDIRECT] [Fatal Error] :1:1: Premature end of file.
2026-05-17 21:31:55,842 [ERROR] LogOutputStream:75 - [STDERR_REDIRECT] 
2026-05-17 21:31:56,845 [ERROR] LogOutputStream:75 - [STDERR_REDIRECT] [Fatal Error] :1:1: Premature end of file.
2026-05-17 21:31:56,845 [ERROR] LogOutputStream:75 - [STDERR_REDIRECT] 
2026-05-17 21:31:57,835 [ERROR] LogOutputStream:75 - [STDERR_REDIRECT] [Fatal Error] :1:1: Premature end of file.
2026-05-17 21:31:57,835 [ERROR] LogOutputStream:75 - [STDERR_REDIRECT] 
2026-05-17 21:31:58,848 [ERROR] LogOutputStream:75 - [STDERR_REDIRECT] [Fatal Error] :1:1: Premature end of file.
2026-05-17 21:31:58,848 [ERROR] LogOutputStream:75 - [STDERR_REDIRECT] 
2026-05-17 21:31:59,838 [ERROR] LogOutputStream:75 - [STDERR_REDIRECT] [Fatal Error] :1:1: Premature end of file.
2026-05-17 21:31:59,838 [ERROR] LogOutputStream:75 - [STDERR_REDIRECT] 
2026-05-17 21:32:00,848 [ERROR] LogOutputStream:75 - [STDERR_REDIRECT] [Fatal Error] :1:1: Premature end of file.
2026-05-17 21:32:00,848 [ERROR] LogOutputStream:75 - [STDERR_REDIRECT] 
2026-05-17 21:32:01,848 [ERROR] LogOutputStream:75 - [STDERR_REDIRECT] [Fatal Error] :1:1: Premature end of file.
2026-05-17 21:32:01,848 [ERROR] LogOutputStream:75 - [STDERR_REDIRECT] 
2026-05-17 21:32:02,838 [ERROR] LogOutputStream:75 - [STDERR_REDIRECT] [Fatal Error] :1:1: Premature end of file.
2026-05-17 21:32:02,838 [ERROR] LogOutputStream:75 - [STDERR_REDIRECT] 
2026-05-17 21:32:03,839 [ERROR] LogOutputStream:75 - [STDERR_REDIRECT] [Fatal Error] :1:1: Premature end of file.
2026-05-17 21:32:03,839 [ERROR] LogOutputStream:75 - [STDERR_REDIRECT] 
2026-05-17 21:32:04,849 [ERROR] LogOutputStream:75 - [STDERR_REDIRECT] [Fatal Error] :1:1: Premature end of file.
2026-05-17 21:32:04,849 [ERROR] LogOutputStream:75 - [STDERR_REDIRECT] 
2026-05-17 21:32:05,849 [ERROR] LogOutputStream:75 - [STDERR_REDIRECT] [Fatal Error] :1:1: Premature end of file.
2026-05-17 21:32:05,849 [ERROR] LogOutputStream:75 - [STDERR_REDIRECT] 
2026-05-17 21:32:06,841 [ERROR] LogOutputStream:75 - [STDERR_REDIRECT] [Fatal Error] :1:1: Premature end of file.
2026-05-17 21:32:06,841 [ERROR] LogOutputStream:75 - [STDERR_REDIRECT] 
2026-05-17 21:32:07,838 [ERROR] LogOutputStream:75 - [STDERR_REDIRECT] [Fatal Error] :1:1: Premature end of file.
2026-05-17 21:32:07,838 [ERROR] LogOutputStream:75 - [STDERR_REDIRECT] 
2026-05-17 21:32:08,847 [ERROR] LogOutputStream:75 - [STDERR_REDIRECT] [Fatal Error] :1:1: Premature end of file.
2026-05-17 21:32:08,847 [ERROR] LogOutputStream:75 - [STDERR_REDIRECT] 
2026-05-17 21:32:09,847 [ERROR] LogOutputStream:75 - [STDERR_REDIRECT] [Fatal Error] :1:1: Premature end of file.
2026-05-17 21:32:09,848 [ERROR] LogOutputStream:75 - [STDERR_REDIRECT] 
2026-05-17 21:32:10,841 [ERROR] LogOutputStream:75 - [STDERR_REDIRECT] [Fatal Error] :1:1: Premature end of file.
2026-05-17 21:32:10,842 [ERROR] LogOutputStream:75 - [STDERR_REDIRECT] 
2026-05-17 21:32:11,840 [ERROR] LogOutputStream:75 - [STDERR_REDIRECT] [Fatal Error] :1:1: Premature end of file.
2026-05-17 21:32:11,842 [ERROR] LogOutputStream:75 - [STDERR_REDIRECT] 
2026-05-17 21:32:12,835 [ERROR] LogOutputStream:75 - [STDERR_REDIRECT] [Fatal Error] :1:1: Premature end of file.
2026-05-17 21:32:12,835 [ERROR] LogOutputStream:75 - [STDERR_REDIRECT] 
2026-05-17 21:32:13,836 [ERROR] LogOutputStream:75 - [STDERR_REDIRECT] [Fatal Error] :1:1: Premature end of file.
2026-05-17 21:32:13,836 [ERROR] LogOutputStream:75 - [STDERR_REDIRECT] 
2026-05-17 21:32:14,834 [ERROR] LogOutputStream:75 - [STDERR_REDIRECT] [Fatal Error] :1:1: Premature end of file.
2026-05-17 21:32:14,834 [ERROR] LogOutputStream:75 - [STDERR_REDIRECT] 
2026-05-17 21:32:15,836 [ERROR] LogOutputStream:75 - [STDERR_REDIRECT] [Fatal Error] :1:1: Premature end of file.
2026-05-17 21:32:15,836 [ERROR] LogOutputStream:75 - [STDERR_REDIRECT] 
2026-05-17 21:32:16,835 [ERROR] LogOutputStream:75 - [STDERR_REDIRECT] [Fatal Error] :1:1: Premature end of file.
2026-05-17 21:32:16,835 [ERROR] LogOutputStream:75 - [STDERR_REDIRECT] 
2026-05-17 21:32:17,834 [ERROR] LogOutputStream:75 - [STDERR_REDIRECT] [Fatal Error] :1:1: Premature end of file.
2026-05-17 21:32:17,834 [ERROR] LogOutputStream:75 - [STDERR_REDIRECT] 
2026-05-17 21:32:18,841 [ERROR] LogOutputStream:75 - [STDERR_REDIRECT] [Fatal Error] :1:1: Premature end of file.
2026-05-17 21:32:18,841 [ERROR] LogOutputStream:75 - [STDERR_REDIRECT] 
2026-05-17 21:32:19,824 [ERROR] LogOutputStream:75 - [STDERR_REDIRECT] [Fatal Error] :1:1: Premature end of file.
2026-05-17 21:32:19,824 [ERROR] LogOutputStream:75 - [STDERR_REDIRECT] 
2026-05-17 21:32:20,848 [ERROR] LogOutputStream:75 - [STDERR_REDIRECT] [Fatal Error] :1:1: Premature end of file.
2026-05-17 21:32:20,849 [ERROR] LogOutputStream:75 - [STDERR_REDIRECT] 
2026-05-17 21:32:21,829 [ERROR] LogOutputStream:75 - [STDERR_REDIRECT] [Fatal Error] :1:1: Premature end of file.
2026-05-17 21:32:21,829 [ERROR] LogOutputStream:75 - [STDERR_REDIRECT] 
2026-05-17 21:32:22,848 [ERROR] LogOutputStream:75 - [STDERR_REDIRECT] [Fatal Error] :1:1: Premature end of file.
2026-05-17 21:32:22,848 [ERROR] LogOutputStream:75 - [STDERR_REDIRECT] 
2026-05-17 21:32:23,837 [ERROR] LogOutputStream:75 - [STDERR_REDIRECT] [Fatal Error] :1:1: Premature end of file.
2026-05-17 21:32:23,837 [ERROR] LogOutputStream:75 - [STDERR_REDIRECT] 
2026-05-17 21:32:24,837 [ERROR] LogOutputStream:75 - [STDERR_REDIRECT] [Fatal Error] :1:1: Premature end of file.
2026-05-17 21:32:24,837 [ERROR] LogOutputStream:75 - [STDERR_REDIRECT] 
2026-05-17 21:32:25,823 [ERROR] LogOutputStream:75 - [STDERR_REDIRECT] [Fatal Error] :1:1: Premature end of file.
2026-05-17 21:32:25,823 [ERROR] LogOutputStream:75 - [STDERR_REDIRECT] 
2026-05-17 21:32:26,823 [ERROR] LogOutputStream:75 - [STDERR_REDIRECT] [Fatal Error] :1:1: Premature end of file.
2026-05-17 21:32:26,823 [ERROR] LogOutputStream:75 - [STDERR_REDIRECT] 
2026-05-17 21:32:27,841 [ERROR] LogOutputStream:75 - [STDERR_REDIRECT] [Fatal Error] :1:1: Premature end of file.
2026-05-17 21:32:27,841 [ERROR] LogOutputStream:75 - [STDERR_REDIRECT] 
2026-05-17 21:32:28,828 [ERROR] LogOutputStream:75 - [STDERR_REDIRECT] [Fatal Error] :1:1: Premature end of file.
2026-05-17 21:32:28,828 [ERROR] LogOutputStream:75 - [STDERR_REDIRECT] 
2026-05-17 21:32:29,827 [ERROR] LogOutputStream:75 - [STDERR_REDIRECT] [Fatal Error] :1:1: Premature end of file.
2026-05-17 21:32:29,827 [ERROR] LogOutputStream:75 - [STDERR_REDIRECT] 
2026-05-17 21:32:30,828 [ERROR] LogOutputStream:75 - [STDERR_REDIRECT] [Fatal Error] :1:1: Premature end of file.
2026-05-17 21:32:30,828 [ERROR] LogOutputStream:75 - [STDERR_REDIRECT] 
2026-05-17 21:32:31,827 [ERROR] LogOutputStream:75 - [STDERR_REDIRECT] [Fatal Error] :1:1: Premature end of file.
2026-05-17 21:32:31,827 [ERROR] LogOutputStream:75 - [STDERR_REDIRECT] 
2026-05-17 21:32:32,828 [ERROR] LogOutputStream:75 - [STDERR_REDIRECT] [Fatal Error] :1:1: Premature end of file.
2026-05-17 21:32:32,828 [ERROR] LogOutputStream:75 - [STDERR_REDIRECT] 
2026-05-17 21:32:33,830 [ERROR] LogOutputStream:75 - [STDERR_REDIRECT] [Fatal Error] :1:1: Premature end of file.
2026-05-17 21:32:33,830 [ERROR] LogOutputStream:75 - [STDERR_REDIRECT] 
2026-05-17 21:32:34,829 [ERROR] LogOutputStream:75 - [STDERR_REDIRECT] [Fatal Error] :1:1: Premature end of file.
2026-05-17 21:32:34,829 [ERROR] LogOutputStream:75 - [STDERR_REDIRECT] 
2026-05-17 21:32:35,830 [ERROR] LogOutputStream:75 - [STDERR_REDIRECT] [Fatal Error] :1:1: Premature end of file.
2026-05-17 21:32:35,830 [ERROR] LogOutputStream:75 - [STDERR_REDIRECT] 
2026-05-17 21:32:36,833 [ERROR] LogOutputStream:75 - [STDERR_REDIRECT] [Fatal Error] :1:1: Premature end of file.
2026-05-17 21:32:36,833 [ERROR] LogOutputStream:75 - [STDERR_REDIRECT] 
2026-05-17 21:32:37,833 [ERROR] LogOutputStream:75 - [STDERR_REDIRECT] [Fatal Error] :1:1: Premature end of file.
2026-05-17 21:32:37,833 [ERROR] LogOutputStream:75 - [STDERR_REDIRECT] 
2026-05-17 21:32:38,835 [ERROR] LogOutputStream:75 - [STDERR_REDIRECT] [Fatal Error] :1:1: Premature end of file.
2026-05-17 21:32:38,835 [ERROR] LogOutputStream:75 - [STDERR_REDIRECT] 
2026-05-17 21:32:39,836 [ERROR] LogOutputStream:75 - [STDERR_REDIRECT] [Fatal Error] :1:1: Premature end of file.
2026-05-17 21:32:39,836 [ERROR] LogOutputStream:75 - [STDERR_REDIRECT] 
2026-05-17 21:32:40,836 [ERROR] LogOutputStream:75 - [STDERR_REDIRECT] [Fatal Error] :1:1: Premature end of file.
2026-05-17 21:32:40,836 [ERROR] LogOutputStream:75 - [STDERR_REDIRECT] 
2026-05-17 21:32:41,837 [ERROR] LogOutputStream:75 - [STDERR_REDIRECT] [Fatal Error] :1:1: Premature end of file.
2026-05-17 21:32:41,837 [ERROR] LogOutputStream:75 - [STDERR_REDIRECT] 
2026-05-17 21:32:42,823 [ERROR] LogOutputStream:75 - [STDERR_REDIRECT] [Fatal Error] :1:1: Premature end of file.
2026-05-17 21:32:42,823 [ERROR] LogOutputStream:75 - [STDERR_REDIRECT] 
2026-05-17 21:32:43,826 [ERROR] LogOutputStream:75 - [STDERR_REDIRECT] [Fatal Error] :1:1: Premature end of file.
2026-05-17 21:32:43,826 [ERROR] LogOutputStream:75 - [STDERR_REDIRECT] 
2026-05-17 21:32:44,826 [ERROR] LogOutputStream:75 - [STDERR_REDIRECT] [Fatal Error] :1:1: Premature end of file.
2026-05-17 21:32:44,826 [ERROR] LogOutputStream:75 - [STDERR_REDIRECT] 
2026-05-17 21:32:45,827 [ERROR] LogOutputStream:75 - [STDERR_REDIRECT] [Fatal Error] :1:1: Premature end of file.
2026-05-17 21:32:45,827 [ERROR] LogOutputStream:75 - [STDERR_REDIRECT] 
2026-05-17 21:32:46,830 [ERROR] LogOutputStream:75 - [STDERR_REDIRECT] [Fatal Error] :1:1: Premature end of file.
2026-05-17 21:32:46,830 [ERROR] LogOutputStream:75 - [STDERR_REDIRECT] 
2026-05-17 21:32:47,829 [ERROR] LogOutputStream:75 - [STDERR_REDIRECT] [Fatal Error] :1:1: Premature end of file.
2026-05-17 21:32:47,829 [ERROR] LogOutputStream:75 - [STDERR_REDIRECT] 
2026-05-17 21:32:48,831 [ERROR] LogOutputStream:75 - [STDERR_REDIRECT] [Fatal Error] :1:1: Premature end of file.
2026-05-17 21:32:48,831 [ERROR] LogOutputStream:75 - [STDERR_REDIRECT] 
2026-05-17 21:32:49,832 [ERROR] LogOutputStream:75 - [STDERR_REDIRECT] [Fatal Error] :1:1: Premature end of file.
2026-05-17 21:32:49,832 [ERROR] LogOutputStream:75 - [STDERR_REDIRECT] 
2026-05-17 21:32:50,833 [ERROR] LogOutputStream:75 - [STDERR_REDIRECT] [Fatal Error] :1:1: Premature end of file.
2026-05-17 21:32:50,833 [ERROR] LogOutputStream:75 - [STDERR_REDIRECT] 
2026-05-17 21:32:51,835 [ERROR] LogOutputStream:75 - [STDERR_REDIRECT] [Fatal Error] :1:1: Premature end of file.
2026-05-17 21:32:51,835 [ERROR] LogOutputStream:75 - [STDERR_REDIRECT] 
2026-05-17 21:32:52,836 [ERROR] LogOutputStream:75 - [STDERR_REDIRECT] [Fatal Error] :1:1: Premature end of file.
2026-05-17 21:32:52,836 [ERROR] LogOutputStream:75 - [STDERR_REDIRECT] 
2026-05-17 21:32:53,836 [ERROR] LogOutputStream:75 - [STDERR_REDIRECT] [Fatal Error] :1:1: Premature end of file.
2026-05-17 21:32:53,836 [ERROR] LogOutputStream:75 - [STDERR_REDIRECT] 
2026-05-17 21:32:54,837 [ERROR] LogOutputStream:75 - [STDERR_REDIRECT] [Fatal Error] :1:1: Premature end of file.
2026-05-17 21:32:54,837 [ERROR] LogOutputStream:75 - [STDERR_REDIRECT] 
2026-05-17 21:32:55,839 [ERROR] LogOutputStream:75 - [STDERR_REDIRECT] [Fatal Error] :1:1: Premature end of file.
2026-05-17 21:32:55,839 [ERROR] LogOutputStream:75 - [STDERR_REDIRECT] 
2026-05-17 21:32:56,841 [ERROR] LogOutputStream:75 - [STDERR_REDIRECT] [Fatal Error] :1:1: Premature end of file.
2026-05-17 21:32:56,841 [ERROR] LogOutputStream:75 - [STDERR_REDIRECT] 
2026-05-17 21:32:57,824 [ERROR] LogOutputStream:75 - [STDERR_REDIRECT] [Fatal Error] :1:1: Premature end of file.
2026-05-17 21:32:57,824 [ERROR] LogOutputStream:75 - [STDERR_REDIRECT] 
2026-05-17 21:32:58,828 [ERROR] LogOutputStream:75 - [STDERR_REDIRECT] [Fatal Error] :1:1: Premature end of file.
2026-05-17 21:32:58,828 [ERROR] LogOutputStream:75 - [STDERR_REDIRECT] 
2026-05-17 21:32:59,831 [ERROR] LogOutputStream:75 - [STDERR_REDIRECT] [Fatal Error] :1:1: Premature end of file.
2026-05-17 21:32:59,831 [ERROR] LogOutputStream:75 - [STDERR_REDIRECT] 
2026-05-17 21:33:00,832 [ERROR] LogOutputStream:75 - [STDERR_REDIRECT] [Fatal Error] :1:1: Premature end of file.
2026-05-17 21:33:00,832 [ERROR] LogOutputStream:75 - [STDERR_REDIRECT] 
2026-05-17 21:33:01,833 [ERROR] LogOutputStream:75 - [STDERR_REDIRECT] [Fatal Error] :1:1: Premature end of file.
2026-05-17 21:33:01,833 [ERROR] LogOutputStream:75 - [STDERR_REDIRECT] 
2026-05-17 21:33:02,835 [ERROR] LogOutputStream:75 - [STDERR_REDIRECT] [Fatal Error] :1:1: Premature end of file.
2026-05-17 21:33:02,835 [ERROR] LogOutputStream:75 - [STDERR_REDIRECT] 
2026-05-17 21:33:03,838 [ERROR] LogOutputStream:75 - [STDERR_REDIRECT] [Fatal Error] :1:1: Premature end of file.
2026-05-17 21:33:03,851 [ERROR] LogOutputStream:75 - [STDERR_REDIRECT] 
2026-05-17 21:33:04,823 [ERROR] LogOutputStream:75 - [STDERR_REDIRECT] [Fatal Error] :1:1: Premature end of file.
2026-05-17 21:33:04,823 [ERROR] LogOutputStream:75 - [STDERR_REDIRECT] 
2026-05-17 21:33:05,826 [ERROR] LogOutputStream:75 - [STDERR_REDIRECT] [Fatal Error] :1:1: Premature end of file.
2026-05-17 21:33:05,826 [ERROR] LogOutputStream:75 - [STDERR_REDIRECT] 
2026-05-17 21:33:06,827 [ERROR] LogOutputStream:75 - [STDERR_REDIRECT] [Fatal Error] :1:1: Premature end of file.
2026-05-17 21:33:06,827 [ERROR] LogOutputStream:75 - [STDERR_REDIRECT] 
2026-05-17 21:33:07,828 [ERROR] LogOutputStream:75 - [STDERR_REDIRECT] [Fatal Error] :1:1: Premature end of file.
2026-05-17 21:33:07,828 [ERROR] LogOutputStream:75 - [STDERR_REDIRECT] 
2026-05-17 21:33:08,828 [ERROR] LogOutputStream:75 - [STDERR_REDIRECT] [Fatal Error] :1:1: Premature end of file.
2026-05-17 21:33:08,828 [ERROR] LogOutputStream:75 - [STDERR_REDIRECT] 
2026-05-17 21:33:09,829 [ERROR] LogOutputStream:75 - [STDERR_REDIRECT] [Fatal Error] :1:1: Premature end of file.
2026-05-17 21:33:09,829 [ERROR] LogOutputStream:75 - [STDERR_REDIRECT] 
2026-05-17 21:33:10,830 [ERROR] LogOutputStream:75 - [STDERR_REDIRECT] [Fatal Error] :1:1: Premature end of file.
2026-05-17 21:33:10,830 [ERROR] LogOutputStream:75 - [STDERR_REDIRECT] 
2026-05-17 21:33:11,831 [ERROR] LogOutputStream:75 - [STDERR_REDIRECT] [Fatal Error] :1:1: Premature end of file.
2026-05-17 21:33:11,831 [ERROR] LogOutputStream:75 - [STDERR_REDIRECT] 
2026-05-17 21:33:12,842 [ERROR] LogOutputStream:75 - [STDERR_REDIRECT] [Fatal Error] :1:1: Premature end of file.
2026-05-17 21:33:12,842 [ERROR] LogOutputStream:75 - [STDERR_REDIRECT] 
2026-05-17 21:33:13,823 [ERROR] LogOutputStream:75 - [STDERR_REDIRECT] [Fatal Error] :1:1: Premature end of file.
2026-05-17 21:33:13,823 [ERROR] LogOutputStream:75 - [STDERR_REDIRECT] 
2026-05-17 21:33:14,822 [ERROR] LogOutputStream:75 - [STDERR_REDIRECT] [Fatal Error] :1:1: Premature end of file.
2026-05-17 21:33:14,822 [ERROR] LogOutputStream:75 - [STDERR_REDIRECT] 
2026-05-17 21:33:15,827 [ERROR] LogOutputStream:75 - [STDERR_REDIRECT] [Fatal Error] :1:1: Premature end of file.
2026-05-17 21:33:15,827 [ERROR] LogOutputStream:75 - [STDERR_REDIRECT] 
2026-05-17 21:33:16,844 [ERROR] LogOutputStream:75 - [STDERR_REDIRECT] [Fatal Error] :1:1: Premature end of file.
2026-05-17 21:33:16,845 [ERROR] LogOutputStream:75 - [STDERR_REDIRECT] 
2026-05-17 21:33:17,824 [ERROR] LogOutputStream:75 - [STDERR_REDIRECT] [Fatal Error] :1:1: Premature end of file.
2026-05-17 21:33:17,824 [ERROR] LogOutputStream:75 - [STDERR_REDIRECT] 
2026-05-17 21:33:18,822 [ERROR] LogOutputStream:75 - [STDERR_REDIRECT] [Fatal Error] :1:1: Premature end of file.
2026-05-17 21:33:18,822 [ERROR] LogOutputStream:75 - [STDERR_REDIRECT] 
2026-05-17 21:33:19,823 [ERROR] LogOutputStream:75 - [STDERR_REDIRECT] [Fatal Error] :1:1: Premature end of file.
2026-05-17 21:33:19,823 [ERROR] LogOutputStream:75 - [STDERR_REDIRECT] 
2026-05-17 21:33:20,841 [ERROR] LogOutputStream:75 - [STDERR_REDIRECT] [Fatal Error] :1:1: Premature end of file.
2026-05-17 21:33:20,841 [ERROR] LogOutputStream:75 - [STDERR_REDIRECT] 
2026-05-17 21:33:21,843 [ERROR] LogOutputStream:75 - [STDERR_REDIRECT] [Fatal Error] :1:1: Premature end of file.
2026-05-17 21:33:21,843 [ERROR] LogOutputStream:75 - [STDERR_REDIRECT] 
2026-05-17 21:33:22,847 [ERROR] LogOutputStream:75 - [STDERR_REDIRECT] [Fatal Error] :1:1: Premature end of file.
2026-05-17 21:33:22,847 [ERROR] LogOutputStream:75 - [STDERR_REDIRECT] 
2026-05-17 21:33:23,836 [ERROR] LogOutputStream:75 - [STDERR_REDIRECT] [Fatal Error] :1:1: Premature end of file.
2026-05-17 21:33:23,836 [ERROR] LogOutputStream:75 - [STDERR_REDIRECT] 
2026-05-17 21:33:24,824 [ERROR] LogOutputStream:75 - [STDERR_REDIRECT] [Fatal Error] :1:1: Premature end of file.
2026-05-17 21:33:24,839 [ERROR] LogOutputStream:75 - [STDERR_REDIRECT] 
2026-05-17 21:33:25,839 [ERROR] LogOutputStream:75 - [STDERR_REDIRECT] [Fatal Error] :1:1: Premature end of file.
2026-05-17 21:33:25,839 [ERROR] LogOutputStream:75 - [STDERR_REDIRECT] 
2026-05-17 21:33:26,832 [ERROR] LogOutputStream:75 - [STDERR_REDIRECT] [Fatal Error] :1:1: Premature end of file.
2026-05-17 21:33:26,832 [ERROR] LogOutputStream:75 - [STDERR_REDIRECT] 
2026-05-17 21:33:27,848 [ERROR] LogOutputStream:75 - [STDERR_REDIRECT] [Fatal Error] :1:1: Premature end of file.
2026-05-17 21:33:27,848 [ERROR] LogOutputStream:75 - [STDERR_REDIRECT] 
2026-05-17 21:33:28,852 [ERROR] LogOutputStream:75 - [STDERR_REDIRECT] [Fatal Error] :1:1: Premature end of file.
2026-05-17 21:33:28,852 [ERROR] LogOutputStream:75 - [STDERR_REDIRECT] 
2026-05-17 21:33:29,847 [ERROR] LogOutputStream:75 - [STDERR_REDIRECT] [Fatal Error] :1:1: Premature end of file.
2026-05-17 21:33:29,847 [ERROR] LogOutputStream:75 - [STDERR_REDIRECT] 
2026-05-17 21:33:30,851 [ERROR] LogOutputStream:75 - [STDERR_REDIRECT] [Fatal Error] :1:1: Premature end of file.
2026-05-17 21:33:30,851 [ERROR] LogOutputStream:75 - [STDERR_REDIRECT] 
2026-05-17 21:33:31,847 [ERROR] LogOutputStream:75 - [STDERR_REDIRECT] [Fatal Error] :1:1: Premature end of file.
2026-05-17 21:33:31,848 [ERROR] LogOutputStream:75 - [STDERR_REDIRECT] 
2026-05-17 21:33:32,845 [ERROR] LogOutputStream:75 - [STDERR_REDIRECT] [Fatal Error] :1:1: Premature end of file.
2026-05-17 21:33:32,846 [ERROR] LogOutputStream:75 - [STDERR_REDIRECT] 
2026-05-17 21:33:33,834 [ERROR] LogOutputStream:75 - [STDERR_REDIRECT] [Fatal Error] :1:1: Premature end of file.
2026-05-17 21:33:33,834 [ERROR] LogOutputStream:75 - [STDERR_REDIRECT] 
2026-05-17 21:33:34,830 [ERROR] LogOutputStream:75 - [STDERR_REDIRECT] [Fatal Error] :1:1: Premature end of file.
2026-05-17 21:33:34,830 [ERROR] LogOutputStream:75 - [STDERR_REDIRECT] 
2026-05-17 21:33:35,838 [ERROR] LogOutputStream:75 - [STDERR_REDIRECT] [Fatal Error] :1:1: Premature end of file.
2026-05-17 21:33:35,838 [ERROR] LogOutputStream:75 - [STDERR_REDIRECT] 
2026-05-17 21:33:36,828 [ERROR] LogOutputStream:75 - [STDERR_REDIRECT] [Fatal Error] :1:1: Premature end of file.
2026-05-17 21:33:36,828 [ERROR] LogOutputStream:75 - [STDERR_REDIRECT] 
2026-05-17 21:33:37,832 [ERROR] LogOutputStream:75 - [STDERR_REDIRECT] [Fatal Error] :1:1: Premature end of file.
2026-05-17 21:33:37,832 [ERROR] LogOutputStream:75 - [STDERR_REDIRECT] 
2026-05-17 21:33:38,851 [ERROR] LogOutputStream:75 - [STDERR_REDIRECT] [Fatal Error] :1:1: Premature end of file.
2026-05-17 21:33:38,851 [ERROR] LogOutputStream:75 - [STDERR_REDIRECT] 
2026-05-17 21:33:39,836 [ERROR] LogOutputStream:75 - [STDERR_REDIRECT] [Fatal Error] :1:1: Premature end of file.
2026-05-17 21:33:39,836 [ERROR] LogOutputStream:75 - [STDERR_REDIRECT] 
2026-05-17 21:33:40,834 [ERROR] LogOutputStream:75 - [STDERR_REDIRECT] [Fatal Error] :1:1: Premature end of file.
2026-05-17 21:33:40,834 [ERROR] LogOutputStream:75 - [STDERR_REDIRECT] 
2026-05-17 21:33:41,835 [ERROR] LogOutputStream:75 - [STDERR_REDIRECT] [Fatal Error] :1:1: Premature end of file.
2026-05-17 21:33:41,835 [ERROR] LogOutputStream:75 - [STDERR_REDIRECT] 
2026-05-17 21:33:42,831 [ERROR] LogOutputStream:75 - [STDERR_REDIRECT] [Fatal Error] :1:1: Premature end of file.
2026-05-17 21:33:42,831 [ERROR] LogOutputStream:75 - [STDERR_REDIRECT] 
2026-05-17 21:33:43,837 [ERROR] LogOutputStream:75 - [STDERR_REDIRECT] [Fatal Error] :1:1: Premature end of file.
2026-05-17 21:33:43,837 [ERROR] LogOutputStream:75 - [STDERR_REDIRECT] 
2026-05-17 21:33:44,839 [ERROR] LogOutputStream:75 - [STDERR_REDIRECT] [Fatal Error] :1:1: Premature end of file.
2026-05-17 21:33:44,839 [ERROR] LogOutputStream:75 - [STDERR_REDIRECT] 
2026-05-17 21:33:45,849 [ERROR] LogOutputStream:75 - [STDERR_REDIRECT] [Fatal Error] :1:1: Premature end of file.
2026-05-17 21:33:45,849 [ERROR] LogOutputStream:75 - [STDERR_REDIRECT] 
2026-05-17 21:33:46,837 [ERROR] LogOutputStream:75 - [STDERR_REDIRECT] [Fatal Error] :1:1: Premature end of file.
2026-05-17 21:33:46,838 [ERROR] LogOutputStream:75 - [STDERR_REDIRECT] 
2026-05-17 21:33:47,837 [ERROR] LogOutputStream:75 - [STDERR_REDIRECT] [Fatal Error] :1:1: Premature end of file.
2026-05-17 21:33:47,838 [ERROR] LogOutputStream:75 - [STDERR_REDIRECT] 
2026-05-17 21:33:48,825 [ERROR] LogOutputStream:75 - [STDERR_REDIRECT] [Fatal Error] :1:1: Premature end of file.
2026-05-17 21:33:48,825 [ERROR] LogOutputStream:75 - [STDERR_REDIRECT] 
2026-05-17 21:33:49,827 [ERROR] LogOutputStream:75 - [STDERR_REDIRECT] [Fatal Error] :1:1: Premature end of file.
2026-05-17 21:33:49,827 [ERROR] LogOutputStream:75 - [STDERR_REDIRECT] 
2026-05-17 21:33:50,829 [ERROR] LogOutputStream:75 - [STDERR_REDIRECT] [Fatal Error] :1:1: Premature end of file.
2026-05-17 21:33:50,829 [ERROR] LogOutputStream:75 - [STDERR_REDIRECT] 
2026-05-17 21:33:51,847 [ERROR] LogOutputStream:75 - [STDERR_REDIRECT] [Fatal Error] :1:1: Premature end of file.
2026-05-17 21:33:51,847 [ERROR] LogOutputStream:75 - [STDERR_REDIRECT] 
2026-05-17 21:33:52,836 [ERROR] LogOutputStream:75 - [STDERR_REDIRECT] [Fatal Error] :1:1: Premature end of file.
2026-05-17 21:33:52,836 [ERROR] LogOutputStream:75 - [STDERR_REDIRECT] 
2026-05-17 21:33:53,839 [ERROR] LogOutputStream:75 - [STDERR_REDIRECT] [Fatal Error] :1:1: Premature end of file.
2026-05-17 21:33:53,839 [ERROR] LogOutputStream:75 - [STDERR_REDIRECT] 
2026-05-17 21:33:54,842 [ERROR] LogOutputStream:75 - [STDERR_REDIRECT] [Fatal Error] :1:1: Premature end of file.
2026-05-17 21:33:54,842 [ERROR] LogOutputStream:75 - [STDERR_REDIRECT] 
2026-05-17 21:33:55,853 [ERROR] LogOutputStream:75 - [STDERR_REDIRECT] [Fatal Error] :1:1: Premature end of file.
2026-05-17 21:33:55,854 [ERROR] LogOutputStream:75 - [STDERR_REDIRECT] 
2026-05-17 21:33:56,832 [ERROR] LogOutputStream:75 - [STDERR_REDIRECT] [Fatal Error] :1:1: Premature end of file.
2026-05-17 21:33:56,832 [ERROR] LogOutputStream:75 - [STDERR_REDIRECT] 
2026-05-17 21:33:57,835 [ERROR] LogOutputStream:75 - [STDERR_REDIRECT] [Fatal Error] :1:1: Premature end of file.
2026-05-17 21:33:57,835 [ERROR] LogOutputStream:75 - [STDERR_REDIRECT] 
2026-05-17 21:33:58,838 [ERROR] LogOutputStream:75 - [STDERR_REDIRECT] [Fatal Error] :1:1: Premature end of file.
2026-05-17 21:33:58,838 [ERROR] LogOutputStream:75 - [STDERR_REDIRECT] 
2026-05-17 21:33:59,847 [ERROR] LogOutputStream:75 - [STDERR_REDIRECT] [Fatal Error] :1:1: Premature end of file.
2026-05-17 21:33:59,847 [ERROR] LogOutputStream:75 - [STDERR_REDIRECT] 
2026-05-17 21:34:00,844 [ERROR] LogOutputStream:75 - [STDERR_REDIRECT] [Fatal Error] :1:1: Premature end of file.
2026-05-17 21:34:00,844 [ERROR] LogOutputStream:75 - [STDERR_REDIRECT] 
2026-05-17 21:34:01,848 [ERROR] LogOutputStream:75 - [STDERR_REDIRECT] [Fatal Error] :1:1: Premature end of file.
2026-05-17 21:34:01,848 [ERROR] LogOutputStream:75 - [STDERR_REDIRECT] 
2026-05-17 21:34:02,845 [ERROR] LogOutputStream:75 - [STDERR_REDIRECT] [Fatal Error] :1:1: Premature end of file.
2026-05-17 21:34:02,846 [ERROR] LogOutputStream:75 - [STDERR_REDIRECT] 
2026-05-17 21:34:03,855 [ERROR] LogOutputStream:75 - [STDERR_REDIRECT] [Fatal Error] :1:1: Premature end of file.
2026-05-17 21:34:03,855 [ERROR] LogOutputStream:75 - [STDERR_REDIRECT] 
2026-05-17 21:34:04,837 [ERROR] LogOutputStream:75 - [STDERR_REDIRECT] [Fatal Error] :1:1: Premature end of file.
2026-05-17 21:34:04,837 [ERROR] LogOutputStream:75 - [STDERR_REDIRECT] 
2026-05-17 21:34:05,854 [ERROR] LogOutputStream:75 - [STDERR_REDIRECT] [Fatal Error] :1:1: Premature end of file.
2026-05-17 21:34:05,854 [ERROR] LogOutputStream:75 - [STDERR_REDIRECT] 
2026-05-17 21:34:06,851 [ERROR] LogOutputStream:75 - [STDERR_REDIRECT] [Fatal Error] :1:1: Premature end of file.
2026-05-17 21:34:06,852 [ERROR] LogOutputStream:75 - [STDERR_REDIRECT] 
2026-05-17 21:34:07,841 [ERROR] LogOutputStream:75 - [STDERR_REDIRECT] [Fatal Error] :1:1: Premature end of file.
2026-05-17 21:34:07,841 [ERROR] LogOutputStream:75 - [STDERR_REDIRECT] 
2026-05-17 21:34:08,843 [ERROR] LogOutputStream:75 - [STDERR_REDIRECT] [Fatal Error] :1:1: Premature end of file.
2026-05-17 21:34:08,844 [ERROR] LogOutputStream:75 - [STDERR_REDIRECT] 
2026-05-17 21:34:09,854 [ERROR] LogOutputStream:75 - [STDERR_REDIRECT] [Fatal Error] :1:1: Premature end of file.
2026-05-17 21:34:09,854 [ERROR] LogOutputStream:75 - [STDERR_REDIRECT] 
2026-05-17 21:34:10,836 [ERROR] LogOutputStream:75 - [STDERR_REDIRECT] [Fatal Error] :1:1: Premature end of file.
2026-05-17 21:34:10,836 [ERROR] LogOutputStream:75 - [STDERR_REDIRECT] 
2026-05-17 21:34:11,851 [ERROR] LogOutputStream:75 - [STDERR_REDIRECT] [Fatal Error] :1:1: Premature end of file.
2026-05-17 21:34:11,852 [ERROR] LogOutputStream:75 - [STDERR_REDIRECT] 
2026-05-17 21:34:12,843 [ERROR] LogOutputStream:75 - [STDERR_REDIRECT] [Fatal Error] :1:1: Premature end of file.
2026-05-17 21:34:12,843 [ERROR] LogOutputStream:75 - [STDERR_REDIRECT] 
2026-05-17 21:34:13,837 [ERROR] LogOutputStream:75 - [STDERR_REDIRECT] [Fatal Error] :1:1: Premature end of file.
2026-05-17 21:34:13,838 [ERROR] LogOutputStream:75 - [STDERR_REDIRECT] 
2026-05-17 21:34:14,838 [ERROR] LogOutputStream:75 - [STDERR_REDIRECT] [Fatal Error] :1:1: Premature end of file.
2026-05-17 21:34:14,838 [ERROR] LogOutputStream:75 - [STDERR_REDIRECT] 
2026-05-17 21:34:15,836 [ERROR] LogOutputStream:75 - [STDERR_REDIRECT] [Fatal Error] :1:1: Premature end of file.
2026-05-17 21:34:15,836 [ERROR] LogOutputStream:75 - [STDERR_REDIRECT] 
2026-05-17 21:34:16,849 [ERROR] LogOutputStream:75 - [STDERR_REDIRECT] [Fatal Error] :1:1: Premature end of file.
2026-05-17 21:34:16,849 [ERROR] LogOutputStream:75 - [STDERR_REDIRECT] 
2026-05-17 21:34:17,849 [ERROR] LogOutputStream:75 - [STDERR_REDIRECT] [Fatal Error] :1:1: Premature end of file.
2026-05-17 21:34:17,849 [ERROR] LogOutputStream:75 - [STDERR_REDIRECT] 
2026-05-17 21:34:18,840 [ERROR] LogOutputStream:75 - [STDERR_REDIRECT] [Fatal Error] :1:1: Premature end of file.
2026-05-17 21:34:18,840 [ERROR] LogOutputStream:75 - [STDERR_REDIRECT] 
2026-05-17 21:34:19,827 [ERROR] LogOutputStream:75 - [STDERR_REDIRECT] [Fatal Error] :1:1: Premature end of file.
2026-05-17 21:34:19,827 [ERROR] LogOutputStream:75 - [STDERR_REDIRECT] 
2026-05-17 21:34:20,837 [ERROR] LogOutputStream:75 - [STDERR_REDIRECT] [Fatal Error] :1:1: Premature end of file.
2026-05-17 21:34:20,837 [ERROR] LogOutputStream:75 - [STDERR_REDIRECT] 
2026-05-17 21:34:21,838 [ERROR] LogOutputStream:75 - [STDERR_REDIRECT] [Fatal Error] :1:1: Premature end of file.
2026-05-17 21:34:21,838 [ERROR] LogOutputStream:75 - [STDERR_REDIRECT] 
2026-05-17 21:34:22,846 [ERROR] LogOutputStream:75 - [STDERR_REDIRECT] [Fatal Error] :1:1: Premature end of file.
2026-05-17 21:34:22,846 [ERROR] LogOutputStream:75 - [STDERR_REDIRECT] 
2026-05-17 21:34:23,832 [ERROR] LogOutputStream:75 - [STDERR_REDIRECT] [Fatal Error] :1:1: Premature end of file.
2026-05-17 21:34:23,832 [ERROR] LogOutputStream:75 - [STDERR_REDIRECT] 
2026-05-17 21:34:24,844 [ERROR] LogOutputStream:75 - [STDERR_REDIRECT] [Fatal Error] :1:1: Premature end of file.
2026-05-17 21:34:24,846 [ERROR] LogOutputStream:75 - [STDERR_REDIRECT] 
2026-05-17 21:34:25,823 [ERROR] LogOutputStream:75 - [STDERR_REDIRECT] [Fatal Error] :1:1: Premature end of file.
2026-05-17 21:34:25,823 [ERROR] LogOutputStream:75 - [STDERR_REDIRECT] 
2026-05-17 21:34:26,825 [ERROR] LogOutputStream:75 - [STDERR_REDIRECT] [Fatal Error] :1:1: Premature end of file.
2026-05-17 21:34:26,825 [ERROR] LogOutputStream:75 - [STDERR_REDIRECT] 
2026-05-17 21:34:27,844 [ERROR] LogOutputStream:75 - [STDERR_REDIRECT] [Fatal Error] :1:1: Premature end of file.
2026-05-17 21:34:27,844 [ERROR] LogOutputStream:75 - [STDERR_REDIRECT] 
2026-05-17 21:34:28,837 [ERROR] LogOutputStream:75 - [STDERR_REDIRECT] [Fatal Error] :1:1: Premature end of file.
2026-05-17 21:34:28,837 [ERROR] LogOutputStream:75 - [STDERR_REDIRECT] 
2026-05-17 21:34:29,846 [ERROR] LogOutputStream:75 - [STDERR_REDIRECT] [Fatal Error] :1:1: Premature end of file.
2026-05-17 21:34:29,846 [ERROR] LogOutputStream:75 - [STDERR_REDIRECT] 
2026-05-17 21:34:30,839 [ERROR] LogOutputStream:75 - [STDERR_REDIRECT] [Fatal Error] :1:1: Premature end of file.
2026-05-17 21:34:30,840 [ERROR] LogOutputStream:75 - [STDERR_REDIRECT] 
2026-05-17 21:34:31,853 [ERROR] LogOutputStream:75 - [STDERR_REDIRECT] [Fatal Error] :1:1: Premature end of file.
2026-05-17 21:34:31,853 [ERROR] LogOutputStream:75 - [STDERR_REDIRECT] 
2026-05-17 21:34:32,839 [ERROR] LogOutputStream:75 - [STDERR_REDIRECT] [Fatal Error] :1:1: Premature end of file.
2026-05-17 21:34:32,840 [ERROR] LogOutputStream:75 - [STDERR_REDIRECT] 
2026-05-17 21:34:33,850 [ERROR] LogOutputStream:75 - [STDERR_REDIRECT] [Fatal Error] :1:1: Premature end of file.
2026-05-17 21:34:33,850 [ERROR] LogOutputStream:75 - [STDERR_REDIRECT] 
2026-05-17 21:34:34,840 [ERROR] LogOutputStream:75 - [STDERR_REDIRECT] [Fatal Error] :1:1: Premature end of file.
2026-05-17 21:34:34,840 [ERROR] LogOutputStream:75 - [STDERR_REDIRECT] 
2026-05-17 21:34:35,850 [ERROR] LogOutputStream:75 - [STDERR_REDIRECT] [Fatal Error] :1:1: Premature end of file.
2026-05-17 21:34:35,850 [ERROR] LogOutputStream:75 - [STDERR_REDIRECT] 
2026-05-17 21:34:36,836 [ERROR] LogOutputStream:75 - [STDERR_REDIRECT] [Fatal Error] :1:1: Premature end of file.
2026-05-17 21:34:36,836 [ERROR] LogOutputStream:75 - [STDERR_REDIRECT] 
2026-05-17 21:34:37,821 [ERROR] LogOutputStream:75 - [STDERR_REDIRECT] [Fatal Error] :1:1: Premature end of file.
2026-05-17 21:34:37,821 [ERROR] LogOutputStream:75 - [STDERR_REDIRECT] 
2026-05-17 21:34:38,838 [ERROR] LogOutputStream:75 - [STDERR_REDIRECT] [Fatal Error] :1:1: Premature end of file.
2026-05-17 21:34:38,838 [ERROR] LogOutputStream:75 - [STDERR_REDIRECT] 
2026-05-17 21:34:39,848 [ERROR] LogOutputStream:75 - [STDERR_REDIRECT] [Fatal Error] :1:1: Premature end of file.
2026-05-17 21:34:39,848 [ERROR] LogOutputStream:75 - [STDERR_REDIRECT] 
2026-05-17 21:34:40,846 [ERROR] LogOutputStream:75 - [STDERR_REDIRECT] [Fatal Error] :1:1: Premature end of file.
2026-05-17 21:34:40,846 [ERROR] LogOutputStream:75 - [STDERR_REDIRECT] 
2026-05-17 21:34:41,845 [ERROR] LogOutputStream:75 - [STDERR_REDIRECT] [Fatal Error] :1:1: Premature end of file.
2026-05-17 21:34:41,845 [ERROR] LogOutputStream:75 - [STDERR_REDIRECT] 
2026-05-17 21:34:42,841 [ERROR] LogOutputStream:75 - [STDERR_REDIRECT] [Fatal Error] :1:1: Premature end of file.
2026-05-17 21:34:42,843 [ERROR] LogOutputStream:75 - [STDERR_REDIRECT] 
2026-05-17 21:34:43,831 [ERROR] LogOutputStream:75 - [STDERR_REDIRECT] [Fatal Error] :1:1: Premature end of file.
2026-05-17 21:34:43,831 [ERROR] LogOutputStream:75 - [STDERR_REDIRECT] 
2026-05-17 21:34:44,838 [ERROR] LogOutputStream:75 - [STDERR_REDIRECT] [Fatal Error] :1:1: Premature end of file.
2026-05-17 21:34:44,838 [ERROR] LogOutputStream:75 - [STDERR_REDIRECT] 
2026-05-17 21:34:45,844 [ERROR] LogOutputStream:75 - [STDERR_REDIRECT] [Fatal Error] :1:1: Premature end of file.
2026-05-17 21:34:45,845 [ERROR] LogOutputStream:75 - [STDERR_REDIRECT] 
2026-05-17 21:34:46,826 [ERROR] LogOutputStream:75 - [STDERR_REDIRECT] [Fatal Error] :1:1: Premature end of file.
2026-05-17 21:34:46,826 [ERROR] LogOutputStream:75 - [STDERR_REDIRECT] 
2026-05-17 21:34:47,850 [ERROR] LogOutputStream:75 - [STDERR_REDIRECT] [Fatal Error] :1:1: Premature end of file.
2026-05-17 21:34:47,850 [ERROR] LogOutputStream:75 - [STDERR_REDIRECT] 
2026-05-17 21:34:48,838 [ERROR] LogOutputStream:75 - [STDERR_REDIRECT] [Fatal Error] :1:1: Premature end of file.
2026-05-17 21:34:48,838 [ERROR] LogOutputStream:75 - [STDERR_REDIRECT] 
2026-05-17 21:34:49,832 [ERROR] LogOutputStream:75 - [STDERR_REDIRECT] [Fatal Error] :1:1: Premature end of file.
2026-05-17 21:34:49,832 [ERROR] LogOutputStream:75 - [STDERR_REDIRECT] 
2026-05-17 21:34:50,833 [ERROR] LogOutputStream:75 - [STDERR_REDIRECT] [Fatal Error] :1:1: Premature end of file.
2026-05-17 21:34:50,833 [ERROR] LogOutputStream:75 - [STDERR_REDIRECT] 
2026-05-17 21:34:51,834 [ERROR] LogOutputStream:75 - [STDERR_REDIRECT] [Fatal Error] :1:1: Premature end of file.
2026-05-17 21:34:51,834 [ERROR] LogOutputStream:75 - [STDERR_REDIRECT] 
2026-05-17 21:34:52,836 [ERROR] LogOutputStream:75 - [STDERR_REDIRECT] [Fatal Error] :1:1: Premature end of file.
2026-05-17 21:34:52,836 [ERROR] LogOutputStream:75 - [STDERR_REDIRECT] 
2026-05-17 21:34:53,838 [ERROR] LogOutputStream:75 - [STDERR_REDIRECT] [Fatal Error] :1:1: Premature end of file.
2026-05-17 21:34:53,838 [ERROR] LogOutputStream:75 - [STDERR_REDIRECT] 
2026-05-17 21:34:54,826 [ERROR] LogOutputStream:75 - [STDERR_REDIRECT] [Fatal Error] :1:1: Premature end of file.
2026-05-17 21:34:54,826 [ERROR] LogOutputStream:75 - [STDERR_REDIRECT] 
2026-05-17 21:34:55,843 [ERROR] LogOutputStream:75 - [STDERR_REDIRECT] [Fatal Error] :1:1: Premature end of file.
2026-05-17 21:34:55,843 [ERROR] LogOutputStream:75 - [STDERR_REDIRECT] 
2026-05-17 21:34:56,844 [ERROR] LogOutputStream:75 - [STDERR_REDIRECT] [Fatal Error] :1:1: Premature end of file.
2026-05-17 21:34:56,844 [ERROR] LogOutputStream:75 - [STDERR_REDIRECT] 
2026-05-17 21:34:57,849 [ERROR] LogOutputStream:75 - [STDERR_REDIRECT] [Fatal Error] :1:1: Premature end of file.
2026-05-17 21:34:57,851 [ERROR] LogOutputStream:75 - [STDERR_REDIRECT] 
2026-05-17 21:34:58,844 [ERROR] LogOutputStream:75 - [STDERR_REDIRECT] [Fatal Error] :1:1: Premature end of file.
2026-05-17 21:34:58,845 [ERROR] LogOutputStream:75 - [STDERR_REDIRECT] 
2026-05-17 21:34:59,850 [ERROR] LogOutputStream:75 - [STDERR_REDIRECT] [Fatal Error] :1:1: Premature end of file.
2026-05-17 21:34:59,850 [ERROR] LogOutputStream:75 - [STDERR_REDIRECT] 
2026-05-17 21:35:00,845 [ERROR] LogOutputStream:75 - [STDERR_REDIRECT] [Fatal Error] :1:1: Premature end of file.
2026-05-17 21:35:00,845 [ERROR] LogOutputStream:75 - [STDERR_REDIRECT] 
2026-05-17 21:35:01,849 [ERROR] LogOutputStream:75 - [STDERR_REDIRECT] [Fatal Error] :1:1: Premature end of file.
2026-05-17 21:35:01,849 [ERROR] LogOutputStream:75 - [STDERR_REDIRECT] 
2026-05-17 21:35:02,839 [ERROR] LogOutputStream:75 - [STDERR_REDIRECT] [Fatal Error] :1:1: Premature end of file.
2026-05-17 21:35:02,839 [ERROR] LogOutputStream:75 - [STDERR_REDIRECT] 
2026-05-17 21:35:03,845 [ERROR] LogOutputStream:75 - [STDERR_REDIRECT] [Fatal Error] :1:1: Premature end of file.
2026-05-17 21:35:03,845 [ERROR] LogOutputStream:75 - [STDERR_REDIRECT] 
2026-05-17 21:35:04,841 [ERROR] LogOutputStream:75 - [STDERR_REDIRECT] [Fatal Error] :1:1: Premature end of file.
2026-05-17 21:35:04,841 [ERROR] LogOutputStream:75 - [STDERR_REDIRECT] 
2026-05-17 21:35:05,840 [ERROR] LogOutputStream:75 - [STDERR_REDIRECT] [Fatal Error] :1:1: Premature end of file.
2026-05-17 21:35:05,841 [ERROR] LogOutputStream:75 - [STDERR_REDIRECT] 
2026-05-17 21:35:06,825 [ERROR] LogOutputStream:75 - [STDERR_REDIRECT] [Fatal Error] :1:1: Premature end of file.
2026-05-17 21:35:06,825 [ERROR] LogOutputStream:75 - [STDERR_REDIRECT] 
2026-05-17 21:35:07,825 [ERROR] LogOutputStream:75 - [STDERR_REDIRECT] [Fatal Error] :1:1: Premature end of file.
2026-05-17 21:35:07,825 [ERROR] LogOutputStream:75 - [STDERR_REDIRECT] 
2026-05-17 21:35:08,829 [ERROR] LogOutputStream:75 - [STDERR_REDIRECT] [Fatal Error] :1:1: Premature end of file.
2026-05-17 21:35:08,829 [ERROR] LogOutputStream:75 - [STDERR_REDIRECT] 
2026-05-17 21:35:09,830 [ERROR] LogOutputStream:75 - [STDERR_REDIRECT] [Fatal Error] :1:1: Premature end of file.
2026-05-17 21:35:09,830 [ERROR] LogOutputStream:75 - [STDERR_REDIRECT] 
2026-05-17 21:35:10,829 [ERROR] LogOutputStream:75 - [STDERR_REDIRECT] [Fatal Error] :1:1: Premature end of file.
2026-05-17 21:35:10,829 [ERROR] LogOutputStream:75 - [STDERR_REDIRECT] 
2026-05-17 21:35:11,828 [ERROR] LogOutputStream:75 - [STDERR_REDIRECT] [Fatal Error] :1:1: Premature end of file.
2026-05-17 21:35:11,828 [ERROR] LogOutputStream:75 - [STDERR_REDIRECT] 
2026-05-17 21:35:12,834 [ERROR] LogOutputStream:75 - [STDERR_REDIRECT] [Fatal Error] :1:1: Premature end of file.
2026-05-17 21:35:12,834 [ERROR] LogOutputStream:75 - [STDERR_REDIRECT] 
2026-05-17 21:35:13,831 [ERROR] LogOutputStream:75 - [STDERR_REDIRECT] [Fatal Error] :1:1: Premature end of file.
2026-05-17 21:35:13,831 [ERROR] LogOutputStream:75 - [STDERR_REDIRECT] 
2026-05-17 21:35:14,831 [ERROR] LogOutputStream:75 - [STDERR_REDIRECT] [Fatal Error] :1:1: Premature end of file.
2026-05-17 21:35:14,831 [ERROR] LogOutputStream:75 - [STDERR_REDIRECT] 
2026-05-17 21:35:15,832 [ERROR] LogOutputStream:75 - [STDERR_REDIRECT] [Fatal Error] :1:1: Premature end of file.
2026-05-17 21:35:15,832 [ERROR] LogOutputStream:75 - [STDERR_REDIRECT] 
2026-05-17 21:35:16,834 [ERROR] LogOutputStream:75 - [STDERR_REDIRECT] [Fatal Error] :1:1: Premature end of file.
2026-05-17 21:35:16,834 [ERROR] LogOutputStream:75 - [STDERR_REDIRECT] 
2026-05-17 21:35:17,835 [ERROR] LogOutputStream:75 - [STDERR_REDIRECT] [Fatal Error] :1:1: Premature end of file.
2026-05-17 21:35:17,835 [ERROR] LogOutputStream:75 - [STDERR_REDIRECT] 
2026-05-17 21:35:18,836 [ERROR] LogOutputStream:75 - [STDERR_REDIRECT] [Fatal Error] :1:1: Premature end of file.
2026-05-17 21:35:18,836 [ERROR] LogOutputStream:75 - [STDERR_REDIRECT] 
2026-05-17 21:35:19,837 [ERROR] LogOutputStream:75 - [STDERR_REDIRECT] [Fatal Error] :1:1: Premature end of file.
2026-05-17 21:35:19,837 [ERROR] LogOutputStream:75 - [STDERR_REDIRECT] 
2026-05-17 21:35:20,839 [ERROR] LogOutputStream:75 - [STDERR_REDIRECT] [Fatal Error] :1:1: Premature end of file.
2026-05-17 21:35:20,839 [ERROR] LogOutputStream:75 - [STDERR_REDIRECT] 
2026-05-17 21:35:21,840 [ERROR] LogOutputStream:75 - [STDERR_REDIRECT] [Fatal Error] :1:1: Premature end of file.
2026-05-17 21:35:21,840 [ERROR] LogOutputStream:75 - [STDERR_REDIRECT] 
2026-05-17 21:35:22,841 [ERROR] LogOutputStream:75 - [STDERR_REDIRECT] [Fatal Error] :1:1: Premature end of file.
2026-05-17 21:35:22,841 [ERROR] LogOutputStream:75 - [STDERR_REDIRECT] 
2026-05-17 21:35:23,842 [ERROR] LogOutputStream:75 - [STDERR_REDIRECT] [Fatal Error] :1:1: Premature end of file.
2026-05-17 21:35:23,842 [ERROR] LogOutputStream:75 - [STDERR_REDIRECT] 
2026-05-17 21:35:24,843 [ERROR] LogOutputStream:75 - [STDERR_REDIRECT] [Fatal Error] :1:1: Premature end of file.
2026-05-17 21:35:24,843 [ERROR] LogOutputStream:75 - [STDERR_REDIRECT] 
2026-05-17 21:35:25,831 [ERROR] LogOutputStream:75 - [STDERR_REDIRECT] [Fatal Error] :1:1: Premature end of file.
2026-05-17 21:35:25,845 [ERROR] LogOutputStream:75 - [STDERR_REDIRECT] 
2026-05-17 21:35:26,831 [ERROR] LogOutputStream:75 - [STDERR_REDIRECT] [Fatal Error] :1:1: Premature end of file.
2026-05-17 21:35:26,831 [ERROR] LogOutputStream:75 - [STDERR_REDIRECT] 
2026-05-17 21:35:27,830 [ERROR] LogOutputStream:75 - [STDERR_REDIRECT] [Fatal Error] :1:1: Premature end of file.
2026-05-17 21:35:27,830 [ERROR] LogOutputStream:75 - [STDERR_REDIRECT] 
2026-05-17 21:35:28,830 [ERROR] LogOutputStream:75 - [STDERR_REDIRECT] [Fatal Error] :1:1: Premature end of file.
2026-05-17 21:35:28,830 [ERROR] LogOutputStream:75 - [STDERR_REDIRECT] 
2026-05-17 21:35:29,843 [ERROR] LogOutputStream:75 - [STDERR_REDIRECT] [Fatal Error] :1:1: Premature end of file.
2026-05-17 21:35:29,843 [ERROR] LogOutputStream:75 - [STDERR_REDIRECT] 
2026-05-17 21:35:30,828 [ERROR] LogOutputStream:75 - [STDERR_REDIRECT] [Fatal Error] :1:1: Premature end of file.
2026-05-17 21:35:30,828 [ERROR] LogOutputStream:75 - [STDERR_REDIRECT] 
2026-05-17 21:35:31,827 [ERROR] LogOutputStream:75 - [STDERR_REDIRECT] [Fatal Error] :1:1: Premature end of file.
2026-05-17 21:35:31,827 [ERROR] LogOutputStream:75 - [STDERR_REDIRECT] 
2026-05-17 21:35:32,823 [ERROR] LogOutputStream:75 - [STDERR_REDIRECT] [Fatal Error] :1:1: Premature end of file.
2026-05-17 21:35:32,823 [ERROR] LogOutputStream:75 - [STDERR_REDIRECT] 
2026-05-17 21:35:33,825 [ERROR] LogOutputStream:75 - [STDERR_REDIRECT] [Fatal Error] :1:1: Premature end of file.
2026-05-17 21:35:33,825 [ERROR] LogOutputStream:75 - [STDERR_REDIRECT] 
2026-05-17 21:35:34,825 [ERROR] LogOutputStream:75 - [STDERR_REDIRECT] [Fatal Error] :1:1: Premature end of file.
2026-05-17 21:35:34,825 [ERROR] LogOutputStream:75 - [STDERR_REDIRECT] 
2026-05-17 21:35:35,826 [ERROR] LogOutputStream:75 - [STDERR_REDIRECT] [Fatal Error] :1:1: Premature end of file.
2026-05-17 21:35:35,826 [ERROR] LogOutputStream:75 - [STDERR_REDIRECT] 
2026-05-17 21:35:36,824 [ERROR] LogOutputStream:75 - [STDERR_REDIRECT] [Fatal Error] :1:1: Premature end of file.
2026-05-17 21:35:36,824 [ERROR] LogOutputStream:75 - [STDERR_REDIRECT] 
2026-05-17 21:35:37,837 [ERROR] LogOutputStream:75 - [STDERR_REDIRECT] [Fatal Error] :1:1: Premature end of file.
2026-05-17 21:35:37,837 [ERROR] LogOutputStream:75 - [STDERR_REDIRECT] 
2026-05-17 21:35:38,823 [ERROR] LogOutputStream:75 - [STDERR_REDIRECT] [Fatal Error] :1:1: Premature end of file.
2026-05-17 21:35:38,823 [ERROR] LogOutputStream:75 - [STDERR_REDIRECT] 
2026-05-17 21:35:39,850 [ERROR] LogOutputStream:75 - [STDERR_REDIRECT] [Fatal Error] :1:1: Premature end of file.
2026-05-17 21:35:39,850 [ERROR] LogOutputStream:75 - [STDERR_REDIRECT] 
2026-05-17 21:35:40,828 [ERROR] LogOutputStream:75 - [STDERR_REDIRECT] [Fatal Error] :1:1: Premature end of file.
2026-05-17 21:35:40,828 [ERROR] LogOutputStream:75 - [STDERR_REDIRECT] 
2026-05-17 21:35:41,827 [ERROR] LogOutputStream:75 - [STDERR_REDIRECT] [Fatal Error] :1:1: Premature end of file.
2026-05-17 21:35:41,827 [ERROR] LogOutputStream:75 - [STDERR_REDIRECT] 
2026-05-17 21:35:42,827 [ERROR] LogOutputStream:75 - [STDERR_REDIRECT] [Fatal Error] :1:1: Premature end of file.
2026-05-17 21:35:42,827 [ERROR] LogOutputStream:75 - [STDERR_REDIRECT] 
2026-05-17 21:35:43,826 [ERROR] LogOutputStream:75 - [STDERR_REDIRECT] [Fatal Error] :1:1: Premature end of file.
2026-05-17 21:35:43,826 [ERROR] LogOutputStream:75 - [STDERR_REDIRECT] 
2026-05-17 21:35:44,842 [ERROR] LogOutputStream:75 - [STDERR_REDIRECT] [Fatal Error] :1:1: Premature end of file.
2026-05-17 21:35:44,842 [ERROR] LogOutputStream:75 - [STDERR_REDIRECT] 
2026-05-17 21:35:45,830 [ERROR] LogOutputStream:75 - [STDERR_REDIRECT] [Fatal Error] :1:1: Premature end of file.
2026-05-17 21:35:45,830 [ERROR] LogOutputStream:75 - [STDERR_REDIRECT] 
2026-05-17 21:35:46,829 [ERROR] LogOutputStream:75 - [STDERR_REDIRECT] [Fatal Error] :1:1: Premature end of file.
2026-05-17 21:35:46,829 [ERROR] LogOutputStream:75 - [STDERR_REDIRECT] 
2026-05-17 21:35:47,830 [ERROR] LogOutputStream:75 - [STDERR_REDIRECT] [Fatal Error] :1:1: Premature end of file.
2026-05-17 21:35:47,830 [ERROR] LogOutputStream:75 - [STDERR_REDIRECT] 
2026-05-17 21:35:48,843 [ERROR] LogOutputStream:75 - [STDERR_REDIRECT] [Fatal Error] :1:1: Premature end of file.
2026-05-17 21:35:48,843 [ERROR] LogOutputStream:75 - [STDERR_REDIRECT] 
2026-05-17 21:35:49,831 [ERROR] LogOutputStream:75 - [STDERR_REDIRECT] [Fatal Error] :1:1: Premature end of file.
2026-05-17 21:35:49,831 [ERROR] LogOutputStream:75 - [STDERR_REDIRECT] 
2026-05-17 21:35:50,843 [ERROR] LogOutputStream:75 - [STDERR_REDIRECT] [Fatal Error] :1:1: Premature end of file.
2026-05-17 21:35:50,843 [ERROR] LogOutputStream:75 - [STDERR_REDIRECT] 
2026-05-17 21:35:51,830 [ERROR] LogOutputStream:75 - [STDERR_REDIRECT] [Fatal Error] :1:1: Premature end of file.
2026-05-17 21:35:51,830 [ERROR] LogOutputStream:75 - [STDERR_REDIRECT] 
2026-05-17 21:35:52,831 [ERROR] LogOutputStream:75 - [STDERR_REDIRECT] [Fatal Error] :1:1: Premature end of file.
2026-05-17 21:35:52,831 [ERROR] LogOutputStream:75 - [STDERR_REDIRECT] 
2026-05-17 21:35:53,829 [ERROR] LogOutputStream:75 - [STDERR_REDIRECT] [Fatal Error] :1:1: Premature end of file.
2026-05-17 21:35:53,829 [ERROR] LogOutputStream:75 - [STDERR_REDIRECT] 
2026-05-17 21:35:54,831 [ERROR] LogOutputStream:75 - [STDERR_REDIRECT] [Fatal Error] :1:1: Premature end of file.
2026-05-17 21:35:54,831 [ERROR] LogOutputStream:75 - [STDERR_REDIRECT] 
2026-05-17 21:35:55,842 [ERROR] LogOutputStream:75 - [STDERR_REDIRECT] [Fatal Error] :1:1: Premature end of file.
2026-05-17 21:35:55,842 [ERROR] LogOutputStream:75 - [STDERR_REDIRECT] 
2026-05-17 21:35:56,827 [ERROR] LogOutputStream:75 - [STDERR_REDIRECT] [Fatal Error] :1:1: Premature end of file.
2026-05-17 21:35:56,827 [ERROR] LogOutputStream:75 - [STDERR_REDIRECT] 
2026-05-17 21:35:57,827 [ERROR] LogOutputStream:75 - [STDERR_REDIRECT] [Fatal Error] :1:1: Premature end of file.
2026-05-17 21:35:57,827 [ERROR] LogOutputStream:75 - [STDERR_REDIRECT] 
2026-05-17 21:35:58,825 [ERROR] LogOutputStream:75 - [STDERR_REDIRECT] [Fatal Error] :1:1: Premature end of file.
2026-05-17 21:35:58,825 [ERROR] LogOutputStream:75 - [STDERR_REDIRECT] 
2026-05-17 21:35:59,823 [ERROR] LogOutputStream:75 - [STDERR_REDIRECT] [Fatal Error] :1:1: Premature end of file.
2026-05-17 21:35:59,823 [ERROR] LogOutputStream:75 - [STDERR_REDIRECT] 
2026-05-17 21:36:00,822 [ERROR] LogOutputStream:75 - [STDERR_REDIRECT] [Fatal Error] :1:1: Premature end of file.
2026-05-17 21:36:00,822 [ERROR] LogOutputStream:75 - [STDERR_REDIRECT] 
2026-05-17 21:36:01,823 [ERROR] LogOutputStream:75 - [STDERR_REDIRECT] [Fatal Error] :1:1: Premature end of file.
2026-05-17 21:36:01,823 [ERROR] LogOutputStream:75 - [STDERR_REDIRECT] 
2026-05-17 21:36:02,825 [ERROR] LogOutputStream:75 - [STDERR_REDIRECT] [Fatal Error] :1:1: Premature end of file.
2026-05-17 21:36:02,825 [ERROR] LogOutputStream:75 - [STDERR_REDIRECT] 
2026-05-17 21:36:03,828 [ERROR] LogOutputStream:75 - [STDERR_REDIRECT] [Fatal Error] :1:1: Premature end of file.
2026-05-17 21:36:03,828 [ERROR] LogOutputStream:75 - [STDERR_REDIRECT] 
2026-05-17 21:36:04,827 [ERROR] LogOutputStream:75 - [STDERR_REDIRECT] [Fatal Error] :1:1: Premature end of file.
2026-05-17 21:36:04,827 [ERROR] LogOutputStream:75 - [STDERR_REDIRECT] 
2026-05-17 21:36:05,825 [ERROR] LogOutputStream:75 - [STDERR_REDIRECT] [Fatal Error] :1:1: Premature end of file.
2026-05-17 21:36:05,825 [ERROR] LogOutputStream:75 - [STDERR_REDIRECT] 
2026-05-17 21:36:06,826 [ERROR] LogOutputStream:75 - [STDERR_REDIRECT] [Fatal Error] :1:1: Premature end of file.
2026-05-17 21:36:06,826 [ERROR] LogOutputStream:75 - [STDERR_REDIRECT] 
2026-05-17 21:36:07,835 [ERROR] LogOutputStream:75 - [STDERR_REDIRECT] [Fatal Error] :1:1: Premature end of file.
2026-05-17 21:36:07,835 [ERROR] LogOutputStream:75 - [STDERR_REDIRECT] 
2026-05-17 21:36:08,842 [ERROR] LogOutputStream:75 - [STDERR_REDIRECT] [Fatal Error] :1:1: Premature end of file.
2026-05-17 21:36:08,842 [ERROR] LogOutputStream:75 - [STDERR_REDIRECT] 
2026-05-17 21:36:09,848 [ERROR] LogOutputStream:75 - [STDERR_REDIRECT] [Fatal Error] :1:1: Premature end of file.
2026-05-17 21:36:09,848 [ERROR] LogOutputStream:75 - [STDERR_REDIRECT] 
2026-05-17 21:36:10,842 [ERROR] LogOutputStream:75 - [STDERR_REDIRECT] [Fatal Error] :1:1: Premature end of file.
2026-05-17 21:36:10,842 [ERROR] LogOutputStream:75 - [STDERR_REDIRECT] 
2026-05-17 21:36:11,847 [ERROR] LogOutputStream:75 - [STDERR_REDIRECT] [Fatal Error] :1:1: Premature end of file.
2026-05-17 21:36:11,847 [ERROR] LogOutputStream:75 - [STDERR_REDIRECT] 
2026-05-17 21:36:12,837 [ERROR] LogOutputStream:75 - [STDERR_REDIRECT] [Fatal Error] :1:1: Premature end of file.
2026-05-17 21:36:12,838 [ERROR] LogOutputStream:75 - [STDERR_REDIRECT] 
2026-05-17 21:36:13,845 [ERROR] LogOutputStream:75 - [STDERR_REDIRECT] [Fatal Error] :1:1: Premature end of file.
2026-05-17 21:36:13,845 [ERROR] LogOutputStream:75 - [STDERR_REDIRECT] 
2026-05-17 21:36:14,849 [ERROR] LogOutputStream:75 - [STDERR_REDIRECT] [Fatal Error] :1:1: Premature end of file.
2026-05-17 21:36:14,849 [ERROR] LogOutputStream:75 - [STDERR_REDIRECT] 
2026-05-17 21:36:15,836 [ERROR] LogOutputStream:75 - [STDERR_REDIRECT] [Fatal Error] :1:1: Premature end of file.
2026-05-17 21:36:15,836 [ERROR] LogOutputStream:75 - [STDERR_REDIRECT] 
2026-05-17 21:36:16,850 [ERROR] LogOutputStream:75 - [STDERR_REDIRECT] [Fatal Error] :1:1: Premature end of file.
2026-05-17 21:36:16,850 [ERROR] LogOutputStream:75 - [STDERR_REDIRECT] 
2026-05-17 21:36:17,832 [ERROR] LogOutputStream:75 - [STDERR_REDIRECT] [Fatal Error] :1:1: Premature end of file.
2026-05-17 21:36:17,832 [ERROR] LogOutputStream:75 - [STDERR_REDIRECT] 
2026-05-17 21:36:18,830 [ERROR] LogOutputStream:75 - [STDERR_REDIRECT] [Fatal Error] :1:1: Premature end of file.
2026-05-17 21:36:18,830 [ERROR] LogOutputStream:75 - [STDERR_REDIRECT] 
2026-05-17 21:36:19,829 [ERROR] LogOutputStream:75 - [STDERR_REDIRECT] [Fatal Error] :1:1: Premature end of file.
2026-05-17 21:36:19,829 [ERROR] LogOutputStream:75 - [STDERR_REDIRECT] 
2026-05-17 21:36:20,828 [ERROR] LogOutputStream:75 - [STDERR_REDIRECT] [Fatal Error] :1:1: Premature end of file.
2026-05-17 21:36:20,828 [ERROR] LogOutputStream:75 - [STDERR_REDIRECT] 
2026-05-17 21:36:21,829 [ERROR] LogOutputStream:75 - [STDERR_REDIRECT] [Fatal Error] :1:1: Premature end of file.
2026-05-17 21:36:21,829 [ERROR] LogOutputStream:75 - [STDERR_REDIRECT] 
2026-05-17 21:36:22,827 [ERROR] LogOutputStream:75 - [STDERR_REDIRECT] [Fatal Error] :1:1: Premature end of file.
2026-05-17 21:36:22,827 [ERROR] LogOutputStream:75 - [STDERR_REDIRECT] 
2026-05-17 21:36:23,828 [ERROR] LogOutputStream:75 - [STDERR_REDIRECT] [Fatal Error] :1:1: Premature end of file.
2026-05-17 21:36:23,828 [ERROR] LogOutputStream:75 - [STDERR_REDIRECT] 
2026-05-17 21:36:24,847 [ERROR] LogOutputStream:75 - [STDERR_REDIRECT] [Fatal Error] :1:1: Premature end of file.
2026-05-17 21:36:24,847 [ERROR] LogOutputStream:75 - [STDERR_REDIRECT] 
2026-05-17 21:36:25,838 [ERROR] LogOutputStream:75 - [STDERR_REDIRECT] [Fatal Error] :1:1: Premature end of file.
2026-05-17 21:36:25,838 [ERROR] LogOutputStream:75 - [STDERR_REDIRECT] 
2026-05-17 21:36:26,836 [ERROR] LogOutputStream:75 - [STDERR_REDIRECT] [Fatal Error] :1:1: Premature end of file.
2026-05-17 21:36:26,836 [ERROR] LogOutputStream:75 - [STDERR_REDIRECT] 
2026-05-17 21:36:27,835 [ERROR] LogOutputStream:75 - [STDERR_REDIRECT] [Fatal Error] :1:1: Premature end of file.
2026-05-17 21:36:27,835 [ERROR] LogOutputStream:75 - [STDERR_REDIRECT] 
2026-05-17 21:36:28,847 [ERROR] LogOutputStream:75 - [STDERR_REDIRECT] [Fatal Error] :1:1: Premature end of file.
2026-05-17 21:36:28,848 [ERROR] LogOutputStream:75 - [STDERR_REDIRECT] 
2026-05-17 21:36:29,837 [ERROR] LogOutputStream:75 - [STDERR_REDIRECT] [Fatal Error] :1:1: Premature end of file.
2026-05-17 21:36:29,837 [ERROR] LogOutputStream:75 - [STDERR_REDIRECT] 
2026-05-17 21:36:30,828 [ERROR] LogOutputStream:75 - [STDERR_REDIRECT] [Fatal Error] :1:1: Premature end of file.
2026-05-17 21:36:30,828 [ERROR] LogOutputStream:75 - [STDERR_REDIRECT] 
2026-05-17 21:36:31,828 [ERROR] LogOutputStream:75 - [STDERR_REDIRECT] [Fatal Error] :1:1: Premature end of file.
2026-05-17 21:36:31,828 [ERROR] LogOutputStream:75 - [STDERR_REDIRECT] 
2026-05-17 21:36:32,830 [ERROR] LogOutputStream:75 - [STDERR_REDIRECT] [Fatal Error] :1:1: Premature end of file.
2026-05-17 21:36:32,830 [ERROR] LogOutputStream:75 - [STDERR_REDIRECT] 
2026-05-17 21:36:33,830 [ERROR] LogOutputStream:75 - [STDERR_REDIRECT] [Fatal Error] :1:1: Premature end of file.
2026-05-17 21:36:33,830 [ERROR] LogOutputStream:75 - [STDERR_REDIRECT] 
2026-05-17 21:36:34,830 [ERROR] LogOutputStream:75 - [STDERR_REDIRECT] [Fatal Error] :1:1: Premature end of file.
2026-05-17 21:36:34,830 [ERROR] LogOutputStream:75 - [STDERR_REDIRECT] 
2026-05-17 21:36:35,833 [ERROR] LogOutputStream:75 - [STDERR_REDIRECT] [Fatal Error] :1:1: Premature end of file.
2026-05-17 21:36:35,833 [ERROR] LogOutputStream:75 - [STDERR_REDIRECT] 
2026-05-17 21:36:36,830 [ERROR] LogOutputStream:75 - [STDERR_REDIRECT] [Fatal Error] :1:1: Premature end of file.
2026-05-17 21:36:36,830 [ERROR] LogOutputStream:75 - [STDERR_REDIRECT] 
2026-05-17 21:36:37,831 [ERROR] LogOutputStream:75 - [STDERR_REDIRECT] [Fatal Error] :1:1: Premature end of file.
2026-05-17 21:36:37,831 [ERROR] LogOutputStream:75 - [STDERR_REDIRECT] 
2026-05-17 21:36:38,831 [ERROR] LogOutputStream:75 - [STDERR_REDIRECT] [Fatal Error] :1:1: Premature end of file.
2026-05-17 21:36:38,831 [ERROR] LogOutputStream:75 - [STDERR_REDIRECT] 
2026-05-17 21:36:39,832 [ERROR] LogOutputStream:75 - [STDERR_REDIRECT] [Fatal Error] :1:1: Premature end of file.
2026-05-17 21:36:39,832 [ERROR] LogOutputStream:75 - [STDERR_REDIRECT] 
2026-05-17 21:36:40,832 [ERROR] LogOutputStream:75 - [STDERR_REDIRECT] [Fatal Error] :1:1: Premature end of file.
2026-05-17 21:36:40,832 [ERROR] LogOutputStream:75 - [STDERR_REDIRECT] 
2026-05-17 21:36:41,829 [ERROR] LogOutputStream:75 - [STDERR_REDIRECT] [Fatal Error] :1:1: Premature end of file.
2026-05-17 21:36:41,829 [ERROR] LogOutputStream:75 - [STDERR_REDIRECT] 
2026-05-17 21:36:42,830 [ERROR] LogOutputStream:75 - [STDERR_REDIRECT] [Fatal Error] :1:1: Premature end of file.
2026-05-17 21:36:42,830 [ERROR] LogOutputStream:75 - [STDERR_REDIRECT] 
2026-05-17 21:36:43,830 [ERROR] LogOutputStream:75 - [STDERR_REDIRECT] [Fatal Error] :1:1: Premature end of file.
2026-05-17 21:36:43,830 [ERROR] LogOutputStream:75 - [STDERR_REDIRECT] 
2026-05-17 21:36:44,841 [ERROR] LogOutputStream:75 - [STDERR_REDIRECT] [Fatal Error] :1:1: Premature end of file.
2026-05-17 21:36:44,841 [ERROR] LogOutputStream:75 - [STDERR_REDIRECT] 
2026-05-17 21:36:45,825 [ERROR] LogOutputStream:75 - [STDERR_REDIRECT] [Fatal Error] :1:1: Premature end of file.
2026-05-17 21:36:45,825 [ERROR] LogOutputStream:75 - [STDERR_REDIRECT] 
2026-05-17 21:36:46,828 [ERROR] LogOutputStream:75 - [STDERR_REDIRECT] [Fatal Error] :1:1: Premature end of file.
2026-05-17 21:36:46,828 [ERROR] LogOutputStream:75 - [STDERR_REDIRECT] 
2026-05-17 21:36:47,829 [ERROR] LogOutputStream:75 - [STDERR_REDIRECT] [Fatal Error] :1:1: Premature end of file.
2026-05-17 21:36:47,829 [ERROR] LogOutputStream:75 - [STDERR_REDIRECT] 
2026-05-17 21:36:48,828 [ERROR] LogOutputStream:75 - [STDERR_REDIRECT] [Fatal Error] :1:1: Premature end of file.
2026-05-17 21:36:48,828 [ERROR] LogOutputStream:75 - [STDERR_REDIRECT] 
2026-05-17 21:36:49,832 [ERROR] LogOutputStream:75 - [STDERR_REDIRECT] [Fatal Error] :1:1: Premature end of file.
2026-05-17 21:36:49,832 [ERROR] LogOutputStream:75 - [STDERR_REDIRECT] 
2026-05-17 21:36:50,833 [ERROR] LogOutputStream:75 - [STDERR_REDIRECT] [Fatal Error] :1:1: Premature end of file.
2026-05-17 21:36:50,833 [ERROR] LogOutputStream:75 - [STDERR_REDIRECT] 
2026-05-17 21:36:51,835 [ERROR] LogOutputStream:75 - [STDERR_REDIRECT] [Fatal Error] :1:1: Premature end of file.
2026-05-17 21:36:51,835 [ERROR] LogOutputStream:75 - [STDERR_REDIRECT] 
2026-05-17 21:36:52,838 [ERROR] LogOutputStream:75 - [STDERR_REDIRECT] [Fatal Error] :1:1: Premature end of file.
2026-05-17 21:36:52,838 [ERROR] LogOutputStream:75 - [STDERR_REDIRECT] 
2026-05-17 21:36:53,822 [ERROR] LogOutputStream:75 - [STDERR_REDIRECT] [Fatal Error] :1:1: Premature end of file.
2026-05-17 21:36:53,822 [ERROR] LogOutputStream:75 - [STDERR_REDIRECT] 
2026-05-17 21:36:54,823 [ERROR] LogOutputStream:75 - [STDERR_REDIRECT] [Fatal Error] :1:1: Premature end of file.
2026-05-17 21:36:54,823 [ERROR] LogOutputStream:75 - [STDERR_REDIRECT] 
2026-05-17 21:36:55,824 [ERROR] LogOutputStream:75 - [STDERR_REDIRECT] [Fatal Error] :1:1: Premature end of file.
2026-05-17 21:36:55,824 [ERROR] LogOutputStream:75 - [STDERR_REDIRECT] 
2026-05-17 21:36:56,839 [ERROR] LogOutputStream:75 - [STDERR_REDIRECT] [Fatal Error] :1:1: Premature end of file.
2026-05-17 21:36:56,839 [ERROR] LogOutputStream:75 - [STDERR_REDIRECT] 
2026-05-17 21:36:57,825 [ERROR] LogOutputStream:75 - [STDERR_REDIRECT] [Fatal Error] :1:1: Premature end of file.
2026-05-17 21:36:57,825 [ERROR] LogOutputStream:75 - [STDERR_REDIRECT] 
2026-05-17 21:36:58,824 [ERROR] LogOutputStream:75 - [STDERR_REDIRECT] [Fatal Error] :1:1: Premature end of file.
2026-05-17 21:36:58,824 [ERROR] LogOutputStream:75 - [STDERR_REDIRECT] 
2026-05-17 21:36:59,825 [ERROR] LogOutputStream:75 - [STDERR_REDIRECT] [Fatal Error] :1:1: Premature end of file.
2026-05-17 21:36:59,825 [ERROR] LogOutputStream:75 - [STDERR_REDIRECT] 
2026-05-17 21:37:00,826 [ERROR] LogOutputStream:75 - [STDERR_REDIRECT] [Fatal Error] :1:1: Premature end of file.
2026-05-17 21:37:00,826 [ERROR] LogOutputStream:75 - [STDERR_REDIRECT] 
2026-05-17 21:37:01,827 [ERROR] LogOutputStream:75 - [STDERR_REDIRECT] [Fatal Error] :1:1: Premature end of file.
2026-05-17 21:37:01,827 [ERROR] LogOutputStream:75 - [STDERR_REDIRECT] 
2026-05-17 21:37:02,839 [ERROR] LogOutputStream:75 - [STDERR_REDIRECT] [Fatal Error] :1:1: Premature end of file.
2026-05-17 21:37:02,840 [ERROR] LogOutputStream:75 - [STDERR_REDIRECT] 
2026-05-17 21:37:03,831 [ERROR] LogOutputStream:75 - [STDERR_REDIRECT] [Fatal Error] :1:1: Premature end of file.
2026-05-17 21:37:03,831 [ERROR] LogOutputStream:75 - [STDERR_REDIRECT] 
2026-05-17 21:37:04,832 [ERROR] LogOutputStream:75 - [STDERR_REDIRECT] [Fatal Error] :1:1: Premature end of file.
2026-05-17 21:37:04,832 [ERROR] LogOutputStream:75 - [STDERR_REDIRECT] 
2026-05-17 21:37:05,834 [ERROR] LogOutputStream:75 - [STDERR_REDIRECT] [Fatal Error] :1:1: Premature end of file.
2026-05-17 21:37:05,834 [ERROR] LogOutputStream:75 - [STDERR_REDIRECT] 
2026-05-17 21:37:06,834 [ERROR] LogOutputStream:75 - [STDERR_REDIRECT] [Fatal Error] :1:1: Premature end of file.
2026-05-17 21:37:06,834 [ERROR] LogOutputStream:75 - [STDERR_REDIRECT] 
2026-05-17 21:37:07,836 [ERROR] LogOutputStream:75 - [STDERR_REDIRECT] [Fatal Error] :1:1: Premature end of file.
2026-05-17 21:37:07,836 [ERROR] LogOutputStream:75 - [STDERR_REDIRECT] 
2026-05-17 21:37:08,838 [ERROR] LogOutputStream:75 - [STDERR_REDIRECT] [Fatal Error] :1:1: Premature end of file.
2026-05-17 21:37:08,838 [ERROR] LogOutputStream:75 - [STDERR_REDIRECT] 
2026-05-17 21:37:09,847 [ERROR] LogOutputStream:75 - [STDERR_REDIRECT] [Fatal Error] :1:1: Premature end of file.
2026-05-17 21:37:09,847 [ERROR] LogOutputStream:75 - [STDERR_REDIRECT] 
2026-05-17 21:37:10,842 [ERROR] LogOutputStream:75 - [STDERR_REDIRECT] [Fatal Error] :1:1: Premature end of file.
2026-05-17 21:37:10,842 [ERROR] LogOutputStream:75 - [STDERR_REDIRECT] 
2026-05-17 21:37:11,843 [ERROR] LogOutputStream:75 - [STDERR_REDIRECT] [Fatal Error] :1:1: Premature end of file.
2026-05-17 21:37:11,843 [ERROR] LogOutputStream:75 - [STDERR_REDIRECT] 
2026-05-17 21:37:12,828 [ERROR] LogOutputStream:75 - [STDERR_REDIRECT] [Fatal Error] :1:1: Premature end of file.
2026-05-17 21:37:12,828 [ERROR] LogOutputStream:75 - [STDERR_REDIRECT] 
2026-05-17 21:37:13,835 [ERROR] LogOutputStream:75 - [STDERR_REDIRECT] [Fatal Error] :1:1: Premature end of file.
2026-05-17 21:37:13,835 [ERROR] LogOutputStream:75 - [STDERR_REDIRECT] 
2026-05-17 21:37:14,830 [ERROR] LogOutputStream:75 - [STDERR_REDIRECT] [Fatal Error] :1:1: Premature end of file.
2026-05-17 21:37:14,830 [ERROR] LogOutputStream:75 - [STDERR_REDIRECT] 
2026-05-17 21:37:15,831 [ERROR] LogOutputStream:75 - [STDERR_REDIRECT] [Fatal Error] :1:1: Premature end of file.
2026-05-17 21:37:15,831 [ERROR] LogOutputStream:75 - [STDERR_REDIRECT] 
2026-05-17 21:37:16,829 [ERROR] LogOutputStream:75 - [STDERR_REDIRECT] [Fatal Error] :1:1: Premature end of file.
2026-05-17 21:37:16,829 [ERROR] LogOutputStream:75 - [STDERR_REDIRECT] 
2026-05-17 21:37:17,828 [ERROR] LogOutputStream:75 - [STDERR_REDIRECT] [Fatal Error] :1:1: Premature end of file.
2026-05-17 21:37:17,828 [ERROR] LogOutputStream:75 - [STDERR_REDIRECT] 
2026-05-17 21:37:18,828 [ERROR] LogOutputStream:75 - [STDERR_REDIRECT] [Fatal Error] :1:1: Premature end of file.
2026-05-17 21:37:18,828 [ERROR] LogOutputStream:75 - [STDERR_REDIRECT] 
2026-05-17 21:37:19,826 [ERROR] LogOutputStream:75 - [STDERR_REDIRECT] [Fatal Error] :1:1: Premature end of file.
2026-05-17 21:37:19,826 [ERROR] LogOutputStream:75 - [STDERR_REDIRECT] 
2026-05-17 21:37:20,825 [ERROR] LogOutputStream:75 - [STDERR_REDIRECT] [Fatal Error] :1:1: Premature end of file.
2026-05-17 21:37:20,825 [ERROR] LogOutputStream:75 - [STDERR_REDIRECT] 
2026-05-17 21:37:21,825 [ERROR] LogOutputStream:75 - [STDERR_REDIRECT] [Fatal Error] :1:1: Premature end of file.
2026-05-17 21:37:21,825 [ERROR] LogOutputStream:75 - [STDERR_REDIRECT] 
2026-05-17 21:37:22,825 [ERROR] LogOutputStream:75 - [STDERR_REDIRECT] [Fatal Error] :1:1: Premature end of file.
2026-05-17 21:37:22,825 [ERROR] LogOutputStream:75 - [STDERR_REDIRECT] 
2026-05-17 21:37:23,826 [ERROR] LogOutputStream:75 - [STDERR_REDIRECT] [Fatal Error] :1:1: Premature end of file.
2026-05-17 21:37:23,826 [ERROR] LogOutputStream:75 - [STDERR_REDIRECT] 
2026-05-17 21:37:24,826 [ERROR] LogOutputStream:75 - [STDERR_REDIRECT] [Fatal Error] :1:1: Premature end of file.
2026-05-17 21:37:24,826 [ERROR] LogOutputStream:75 - [STDERR_REDIRECT] 
2026-05-17 21:37:25,827 [ERROR] LogOutputStream:75 - [STDERR_REDIRECT] [Fatal Error] :1:1: Premature end of file.
2026-05-17 21:37:25,827 [ERROR] LogOutputStream:75 - [STDERR_REDIRECT] 
2026-05-17 21:37:26,826 [ERROR] LogOutputStream:75 - [STDERR_REDIRECT] [Fatal Error] :1:1: Premature end of file.
2026-05-17 21:37:26,826 [ERROR] LogOutputStream:75 - [STDERR_REDIRECT] 
2026-05-17 21:37:27,838 [ERROR] LogOutputStream:75 - [STDERR_REDIRECT] [Fatal Error] :1:1: Premature end of file.
2026-05-17 21:37:27,838 [ERROR] LogOutputStream:75 - [STDERR_REDIRECT] 
2026-05-17 21:37:28,828 [ERROR] LogOutputStream:75 - [STDERR_REDIRECT] [Fatal Error] :1:1: Premature end of file.
2026-05-17 21:37:28,828 [ERROR] LogOutputStream:75 - [STDERR_REDIRECT] 
2026-05-17 21:37:29,827 [ERROR] LogOutputStream:75 - [STDERR_REDIRECT] [Fatal Error] :1:1: Premature end of file.
2026-05-17 21:37:29,827 [ERROR] LogOutputStream:75 - [STDERR_REDIRECT] 
2026-05-17 21:37:30,840 [ERROR] LogOutputStream:75 - [STDERR_REDIRECT] [Fatal Error] :1:1: Premature end of file.
2026-05-17 21:37:30,840 [ERROR] LogOutputStream:75 - [STDERR_REDIRECT] 
2026-05-17 21:37:31,842 [ERROR] LogOutputStream:75 - [STDERR_REDIRECT] [Fatal Error] :1:1: Premature end of file.
2026-05-17 21:37:31,842 [ERROR] LogOutputStream:75 - [STDERR_REDIRECT] 
2026-05-17 21:37:32,825 [ERROR] LogOutputStream:75 - [STDERR_REDIRECT] [Fatal Error] :1:1: Premature end of file.
2026-05-17 21:37:32,825 [ERROR] LogOutputStream:75 - [STDERR_REDIRECT] 
2026-05-17 21:37:33,825 [ERROR] LogOutputStream:75 - [STDERR_REDIRECT] [Fatal Error] :1:1: Premature end of file.
2026-05-17 21:37:33,825 [ERROR] LogOutputStream:75 - [STDERR_REDIRECT] 
2026-05-17 21:37:34,826 [ERROR] LogOutputStream:75 - [STDERR_REDIRECT] [Fatal Error] :1:1: Premature end of file.
2026-05-17 21:37:34,826 [ERROR] LogOutputStream:75 - [STDERR_REDIRECT] 
2026-05-17 21:37:35,828 [ERROR] LogOutputStream:75 - [STDERR_REDIRECT] [Fatal Error] :1:1: Premature end of file.
2026-05-17 21:37:35,828 [ERROR] LogOutputStream:75 - [STDERR_REDIRECT] 
2026-05-17 21:37:36,828 [ERROR] LogOutputStream:75 - [STDERR_REDIRECT] [Fatal Error] :1:1: Premature end of file.
2026-05-17 21:37:36,828 [ERROR] LogOutputStream:75 - [STDERR_REDIRECT] 
2026-05-17 21:37:37,832 [ERROR] LogOutputStream:75 - [STDERR_REDIRECT] [Fatal Error] :1:1: Premature end of file.
2026-05-17 21:37:37,832 [ERROR] LogOutputStream:75 - [STDERR_REDIRECT] 
2026-05-17 21:37:38,834 [ERROR] LogOutputStream:75 - [STDERR_REDIRECT] [Fatal Error] :1:1: Premature end of file.
2026-05-17 21:37:38,834 [ERROR] LogOutputStream:75 - [STDERR_REDIRECT] 
2026-05-17 21:37:39,835 [ERROR] LogOutputStream:75 - [STDERR_REDIRECT] [Fatal Error] :1:1: Premature end of file.
2026-05-17 21:37:39,835 [ERROR] LogOutputStream:75 - [STDERR_REDIRECT] 
2026-05-17 21:37:40,830 [ERROR] LogOutputStream:75 - [STDERR_REDIRECT] [Fatal Error] :1:1: Premature end of file.
2026-05-17 21:37:40,830 [ERROR] LogOutputStream:75 - [STDERR_REDIRECT] 
2026-05-17 21:37:41,831 [ERROR] LogOutputStream:75 - [STDERR_REDIRECT] [Fatal Error] :1:1: Premature end of file.
2026-05-17 21:37:41,831 [ERROR] LogOutputStream:75 - [STDERR_REDIRECT] 
2026-05-17 21:37:42,841 [ERROR] LogOutputStream:75 - [STDERR_REDIRECT] [Fatal Error] :1:1: Premature end of file.
2026-05-17 21:37:42,841 [ERROR] LogOutputStream:75 - [STDERR_REDIRECT] 
2026-05-17 21:37:43,837 [ERROR] LogOutputStream:75 - [STDERR_REDIRECT] [Fatal Error] :1:1: Premature end of file.
2026-05-17 21:37:43,837 [ERROR] LogOutputStream:75 - [STDERR_REDIRECT] 
2026-05-17 21:37:44,832 [ERROR] LogOutputStream:75 - [STDERR_REDIRECT] [Fatal Error] :1:1: Premature end of file.
2026-05-17 21:37:44,832 [ERROR] LogOutputStream:75 - [STDERR_REDIRECT] 
2026-05-17 21:37:45,826 [ERROR] LogOutputStream:75 - [STDERR_REDIRECT] [Fatal Error] :1:1: Premature end of file.
2026-05-17 21:37:45,826 [ERROR] LogOutputStream:75 - [STDERR_REDIRECT] 
2026-05-17 21:37:46,832 [ERROR] LogOutputStream:75 - [STDERR_REDIRECT] [Fatal Error] :1:1: Premature end of file.
2026-05-17 21:37:46,832 [ERROR] LogOutputStream:75 - [STDERR_REDIRECT] 
2026-05-17 21:37:47,825 [ERROR] LogOutputStream:75 - [STDERR_REDIRECT] [Fatal Error] :1:1: Premature end of file.
2026-05-17 21:37:47,825 [ERROR] LogOutputStream:75 - [STDERR_REDIRECT] 
2026-05-17 21:37:48,834 [ERROR] LogOutputStream:75 - [STDERR_REDIRECT] [Fatal Error] :1:1: Premature end of file.
2026-05-17 21:37:48,834 [ERROR] LogOutputStream:75 - [STDERR_REDIRECT] 
2026-05-17 21:37:49,829 [ERROR] LogOutputStream:75 - [STDERR_REDIRECT] [Fatal Error] :1:1: Premature end of file.
2026-05-17 21:37:49,829 [ERROR] LogOutputStream:75 - [STDERR_REDIRECT] 
2026-05-17 21:37:50,824 [ERROR] LogOutputStream:75 - [STDERR_REDIRECT] [Fatal Error] :1:1: Premature end of file.
2026-05-17 21:37:50,824 [ERROR] LogOutputStream:75 - [STDERR_REDIRECT] 
2026-05-17 21:37:51,827 [ERROR] LogOutputStream:75 - [STDERR_REDIRECT] [Fatal Error] :1:1: Premature end of file.
2026-05-17 21:37:51,843 [ERROR] LogOutputStream:75 - [STDERR_REDIRECT] 
2026-05-17 21:37:52,837 [ERROR] LogOutputStream:75 - [STDERR_REDIRECT] [Fatal Error] :1:1: Premature end of file.
2026-05-17 21:37:52,837 [ERROR] LogOutputStream:75 - [STDERR_REDIRECT] 
2026-05-17 21:37:53,848 [ERROR] LogOutputStream:75 - [STDERR_REDIRECT] [Fatal Error] :1:1: Premature end of file.
2026-05-17 21:37:53,848 [ERROR] LogOutputStream:75 - [STDERR_REDIRECT] 
2026-05-17 21:37:54,848 [ERROR] LogOutputStream:75 - [STDERR_REDIRECT] [Fatal Error] :1:1: Premature end of file.
2026-05-17 21:37:54,848 [ERROR] LogOutputStream:75 - [STDERR_REDIRECT] 
2026-05-17 21:37:55,856 [ERROR] LogOutputStream:75 - [STDERR_REDIRECT] [Fatal Error] :1:1: Premature end of file.
2026-05-17 21:37:55,856 [ERROR] LogOutputStream:75 - [STDERR_REDIRECT] 
2026-05-17 21:37:56,854 [ERROR] LogOutputStream:75 - [STDERR_REDIRECT] [Fatal Error] :1:1: Premature end of file.
2026-05-17 21:37:56,854 [ERROR] LogOutputStream:75 - [STDERR_REDIRECT] 
2026-05-17 21:37:57,841 [ERROR] LogOutputStream:75 - [STDERR_REDIRECT] [Fatal Error] :1:1: Premature end of file.
2026-05-17 21:37:57,841 [ERROR] LogOutputStream:75 - [STDERR_REDIRECT] 
2026-05-17 21:37:58,845 [ERROR] LogOutputStream:75 - [STDERR_REDIRECT] [Fatal Error] :1:1: Premature end of file.
2026-05-17 21:37:58,845 [ERROR] LogOutputStream:75 - [STDERR_REDIRECT] 
2026-05-17 21:37:59,848 [ERROR] LogOutputStream:75 - [STDERR_REDIRECT] [Fatal Error] :1:1: Premature end of file.
2026-05-17 21:37:59,848 [ERROR] LogOutputStream:75 - [STDERR_REDIRECT] 
2026-05-17 21:38:00,855 [ERROR] LogOutputStream:75 - [STDERR_REDIRECT] [Fatal Error] :1:1: Premature end of file.
2026-05-17 21:38:00,855 [ERROR] LogOutputStream:75 - [STDERR_REDIRECT] 
2026-05-17 21:38:01,838 [ERROR] LogOutputStream:75 - [STDERR_REDIRECT] [Fatal Error] :1:1: Premature end of file.
2026-05-17 21:38:01,838 [ERROR] LogOutputStream:75 - [STDERR_REDIRECT] 
2026-05-17 21:38:02,835 [ERROR] LogOutputStream:75 - [STDERR_REDIRECT] [Fatal Error] :1:1: Premature end of file.
2026-05-17 21:38:02,835 [ERROR] LogOutputStream:75 - [STDERR_REDIRECT] 
2026-05-17 21:38:03,836 [ERROR] LogOutputStream:75 - [STDERR_REDIRECT] [Fatal Error] :1:1: Premature end of file.
2026-05-17 21:38:03,836 [ERROR] LogOutputStream:75 - [STDERR_REDIRECT] 
2026-05-17 21:38:04,846 [ERROR] LogOutputStream:75 - [STDERR_REDIRECT] [Fatal Error] :1:1: Premature end of file.
2026-05-17 21:38:04,846 [ERROR] LogOutputStream:75 - [STDERR_REDIRECT] 
2026-05-17 21:38:05,848 [ERROR] LogOutputStream:75 - [STDERR_REDIRECT] [Fatal Error] :1:1: Premature end of file.
2026-05-17 21:38:05,848 [ERROR] LogOutputStream:75 - [STDERR_REDIRECT] 
2026-05-17 21:38:06,852 [ERROR] LogOutputStream:75 - [STDERR_REDIRECT] [Fatal Error] :1:1: Premature end of file.
2026-05-17 21:38:06,852 [ERROR] LogOutputStream:75 - [STDERR_REDIRECT] 
2026-05-17 21:38:07,841 [ERROR] LogOutputStream:75 - [STDERR_REDIRECT] [Fatal Error] :1:1: Premature end of file.
2026-05-17 21:38:07,841 [ERROR] LogOutputStream:75 - [STDERR_REDIRECT] 
2026-05-17 21:38:08,844 [ERROR] LogOutputStream:75 - [STDERR_REDIRECT] [Fatal Error] :1:1: Premature end of file.
2026-05-17 21:38:08,844 [ERROR] LogOutputStream:75 - [STDERR_REDIRECT] 
2026-05-17 21:38:09,844 [ERROR] LogOutputStream:75 - [STDERR_REDIRECT] [Fatal Error] :1:1: Premature end of file.
2026-05-17 21:38:09,844 [ERROR] LogOutputStream:75 - [STDERR_REDIRECT] 
2026-05-17 21:38:10,848 [ERROR] LogOutputStream:75 - [STDERR_REDIRECT] [Fatal Error] :1:1: Premature end of file.
2026-05-17 21:38:10,848 [ERROR] LogOutputStream:75 - [STDERR_REDIRECT] 
2026-05-17 21:38:11,846 [ERROR] LogOutputStream:75 - [STDERR_REDIRECT] [Fatal Error] :1:1: Premature end of file.
2026-05-17 21:38:11,846 [ERROR] LogOutputStream:75 - [STDERR_REDIRECT] 
2026-05-17 21:38:12,853 [ERROR] LogOutputStream:75 - [STDERR_REDIRECT] [Fatal Error] :1:1: Premature end of file.
2026-05-17 21:38:12,853 [ERROR] LogOutputStream:75 - [STDERR_REDIRECT] 
2026-05-17 21:38:13,841 [ERROR] LogOutputStream:75 - [STDERR_REDIRECT] [Fatal Error] :1:1: Premature end of file.
2026-05-17 21:38:13,841 [ERROR] LogOutputStream:75 - [STDERR_REDIRECT] 
2026-05-17 21:38:14,844 [ERROR] LogOutputStream:75 - [STDERR_REDIRECT] [Fatal Error] :1:1: Premature end of file.
2026-05-17 21:38:14,844 [ERROR] LogOutputStream:75 - [STDERR_REDIRECT] 
2026-05-17 21:38:15,847 [ERROR] LogOutputStream:75 - [STDERR_REDIRECT] [Fatal Error] :1:1: Premature end of file.
2026-05-17 21:38:15,847 [ERROR] LogOutputStream:75 - [STDERR_REDIRECT] 
2026-05-17 21:38:16,850 [ERROR] LogOutputStream:75 - [STDERR_REDIRECT] [Fatal Error] :1:1: Premature end of file.
2026-05-17 21:38:16,850 [ERROR] LogOutputStream:75 - [STDERR_REDIRECT] 
2026-05-17 21:38:17,852 [ERROR] LogOutputStream:75 - [STDERR_REDIRECT] [Fatal Error] :1:1: Premature end of file.
2026-05-17 21:38:17,852 [ERROR] LogOutputStream:75 - [STDERR_REDIRECT] 
2026-05-17 21:38:18,839 [ERROR] LogOutputStream:75 - [STDERR_REDIRECT] [Fatal Error] :1:1: Premature end of file.
2026-05-17 21:38:18,839 [ERROR] LogOutputStream:75 - [STDERR_REDIRECT] 
2026-05-17 21:38:19,843 [ERROR] LogOutputStream:75 - [STDERR_REDIRECT] [Fatal Error] :1:1: Premature end of file.
2026-05-17 21:38:19,843 [ERROR] LogOutputStream:75 - [STDERR_REDIRECT] 
2026-05-17 21:38:20,845 [ERROR] LogOutputStream:75 - [STDERR_REDIRECT] [Fatal Error] :1:1: Premature end of file.
2026-05-17 21:38:20,845 [ERROR] LogOutputStream:75 - [STDERR_REDIRECT] 
2026-05-17 21:38:21,831 [ERROR] LogOutputStream:75 - [STDERR_REDIRECT] [Fatal Error] :1:1: Premature end of file.
2026-05-17 21:38:21,831 [ERROR] LogOutputStream:75 - [STDERR_REDIRECT] 
2026-05-17 21:38:22,835 [ERROR] LogOutputStream:75 - [STDERR_REDIRECT] [Fatal Error] :1:1: Premature end of file.
2026-05-17 21:38:22,835 [ERROR] LogOutputStream:75 - [STDERR_REDIRECT] 
2026-05-17 21:38:23,837 [ERROR] LogOutputStream:75 - [STDERR_REDIRECT] [Fatal Error] :1:1: Premature end of file.
2026-05-17 21:38:23,837 [ERROR] LogOutputStream:75 - [STDERR_REDIRECT] 
2026-05-17 21:38:24,824 [ERROR] LogOutputStream:75 - [STDERR_REDIRECT] [Fatal Error] :1:1: Premature end of file.
2026-05-17 21:38:24,824 [ERROR] LogOutputStream:75 - [STDERR_REDIRECT] 
2026-05-17 21:38:25,835 [ERROR] LogOutputStream:75 - [STDERR_REDIRECT] [Fatal Error] :1:1: Premature end of file.
2026-05-17 21:38:25,835 [ERROR] LogOutputStream:75 - [STDERR_REDIRECT] 
2026-05-17 21:38:26,833 [ERROR] LogOutputStream:75 - [STDERR_REDIRECT] [Fatal Error] :1:1: Premature end of file.
2026-05-17 21:38:26,833 [ERROR] LogOutputStream:75 - [STDERR_REDIRECT] 
2026-05-17 21:38:27,823 [ERROR] LogOutputStream:75 - [STDERR_REDIRECT] [Fatal Error] :1:1: Premature end of file.
2026-05-17 21:38:27,823 [ERROR] LogOutputStream:75 - [STDERR_REDIRECT] 
2026-05-17 21:38:28,824 [ERROR] LogOutputStream:75 - [STDERR_REDIRECT] [Fatal Error] :1:1: Premature end of file.
2026-05-17 21:38:28,824 [ERROR] LogOutputStream:75 - [STDERR_REDIRECT] 
2026-05-17 21:38:29,829 [ERROR] LogOutputStream:75 - [STDERR_REDIRECT] [Fatal Error] :1:1: Premature end of file.
2026-05-17 21:38:29,829 [ERROR] LogOutputStream:75 - [STDERR_REDIRECT] 
2026-05-17 21:38:30,825 [ERROR] LogOutputStream:75 - [STDERR_REDIRECT] [Fatal Error] :1:1: Premature end of file.
2026-05-17 21:38:30,825 [ERROR] LogOutputStream:75 - [STDERR_REDIRECT] 
2026-05-17 21:38:31,825 [ERROR] LogOutputStream:75 - [STDERR_REDIRECT] [Fatal Error] :1:1: Premature end of file.
2026-05-17 21:38:31,825 [ERROR] LogOutputStream:75 - [STDERR_REDIRECT] 
2026-05-17 21:38:32,828 [ERROR] LogOutputStream:75 - [STDERR_REDIRECT] [Fatal Error] :1:1: Premature end of file.
2026-05-17 21:38:32,828 [ERROR] LogOutputStream:75 - [STDERR_REDIRECT] 
2026-05-17 21:38:33,827 [ERROR] LogOutputStream:75 - [STDERR_REDIRECT] [Fatal Error] :1:1: Premature end of file.
2026-05-17 21:38:33,827 [ERROR] LogOutputStream:75 - [STDERR_REDIRECT] 
2026-05-17 21:38:34,834 [ERROR] LogOutputStream:75 - [STDERR_REDIRECT] [Fatal Error] :1:1: Premature end of file.
2026-05-17 21:38:34,834 [ERROR] LogOutputStream:75 - [STDERR_REDIRECT] 
2026-05-17 21:38:35,830 [ERROR] LogOutputStream:75 - [STDERR_REDIRECT] [Fatal Error] :1:1: Premature end of file.
2026-05-17 21:38:35,830 [ERROR] LogOutputStream:75 - [STDERR_REDIRECT] 
2026-05-17 21:38:36,833 [ERROR] LogOutputStream:75 - [STDERR_REDIRECT] [Fatal Error] :1:1: Premature end of file.
2026-05-17 21:38:36,833 [ERROR] LogOutputStream:75 - [STDERR_REDIRECT] 
2026-05-17 21:38:37,835 [ERROR] LogOutputStream:75 - [STDERR_REDIRECT] [Fatal Error] :1:1: Premature end of file.
2026-05-17 21:38:37,835 [ERROR] LogOutputStream:75 - [STDERR_REDIRECT] 
2026-05-17 21:38:38,843 [ERROR] LogOutputStream:75 - [STDERR_REDIRECT] [Fatal Error] :1:1: Premature end of file.
2026-05-17 21:38:38,843 [ERROR] LogOutputStream:75 - [STDERR_REDIRECT] 
2026-05-17 21:38:39,835 [ERROR] LogOutputStream:75 - [STDERR_REDIRECT] [Fatal Error] :1:1: Premature end of file.
2026-05-17 21:38:39,835 [ERROR] LogOutputStream:75 - [STDERR_REDIRECT] 
2026-05-17 21:38:40,842 [ERROR] LogOutputStream:75 - [STDERR_REDIRECT] [Fatal Error] :1:1: Premature end of file.
2026-05-17 21:38:40,842 [ERROR] LogOutputStream:75 - [STDERR_REDIRECT] 
2026-05-17 21:38:41,849 [ERROR] LogOutputStream:75 - [STDERR_REDIRECT] [Fatal Error] :1:1: Premature end of file.
2026-05-17 21:38:41,849 [ERROR] LogOutputStream:75 - [STDERR_REDIRECT] 
2026-05-17 21:38:42,848 [ERROR] LogOutputStream:75 - [STDERR_REDIRECT] [Fatal Error] :1:1: Premature end of file.
2026-05-17 21:38:42,848 [ERROR] LogOutputStream:75 - [STDERR_REDIRECT] 
2026-05-17 21:38:43,836 [ERROR] LogOutputStream:75 - [STDERR_REDIRECT] [Fatal Error] :1:1: Premature end of file.
2026-05-17 21:38:43,836 [ERROR] LogOutputStream:75 - [STDERR_REDIRECT] 
2026-05-17 21:38:44,837 [ERROR] LogOutputStream:75 - [STDERR_REDIRECT] [Fatal Error] :1:1: Premature end of file.
2026-05-17 21:38:44,837 [ERROR] LogOutputStream:75 - [STDERR_REDIRECT] 
2026-05-17 21:38:45,836 [ERROR] LogOutputStream:75 - [STDERR_REDIRECT] [Fatal Error] :1:1: Premature end of file.
2026-05-17 21:38:45,836 [ERROR] LogOutputStream:75 - [STDERR_REDIRECT] 
2026-05-17 21:38:46,837 [ERROR] LogOutputStream:75 - [STDERR_REDIRECT] [Fatal Error] :1:1: Premature end of file.
2026-05-17 21:38:46,837 [ERROR] LogOutputStream:75 - [STDERR_REDIRECT] 
2026-05-17 21:38:47,824 [ERROR] LogOutputStream:75 - [STDERR_REDIRECT] [Fatal Error] :1:1: Premature end of file.
2026-05-17 21:38:47,824 [ERROR] LogOutputStream:75 - [STDERR_REDIRECT] 
2026-05-17 21:38:48,827 [ERROR] LogOutputStream:75 - [STDERR_REDIRECT] [Fatal Error] :1:1: Premature end of file.
2026-05-17 21:38:48,827 [ERROR] LogOutputStream:75 - [STDERR_REDIRECT] 
2026-05-17 21:38:49,843 [ERROR] LogOutputStream:75 - [STDERR_REDIRECT] [Fatal Error] :1:1: Premature end of file.
2026-05-17 21:38:49,843 [ERROR] LogOutputStream:75 - [STDERR_REDIRECT] 
2026-05-17 21:38:50,842 [ERROR] LogOutputStream:75 - [STDERR_REDIRECT] [Fatal Error] :1:1: Premature end of file.
2026-05-17 21:38:50,842 [ERROR] LogOutputStream:75 - [STDERR_REDIRECT] 
2026-05-17 21:38:51,844 [ERROR] LogOutputStream:75 - [STDERR_REDIRECT] [Fatal Error] :1:1: Premature end of file.
2026-05-17 21:38:51,844 [ERROR] LogOutputStream:75 - [STDERR_REDIRECT] 
2026-05-17 21:38:52,848 [ERROR] LogOutputStream:75 - [STDERR_REDIRECT] [Fatal Error] :1:1: Premature end of file.
2026-05-17 21:38:52,848 [ERROR] LogOutputStream:75 - [STDERR_REDIRECT] 
2026-05-17 21:38:53,836 [ERROR] LogOutputStream:75 - [STDERR_REDIRECT] [Fatal Error] :1:1: Premature end of file.
2026-05-17 21:38:53,836 [ERROR] LogOutputStream:75 - [STDERR_REDIRECT] 
2026-05-17 21:38:54,839 [ERROR] LogOutputStream:75 - [STDERR_REDIRECT] [Fatal Error] :1:1: Premature end of file.
2026-05-17 21:38:54,839 [ERROR] LogOutputStream:75 - [STDERR_REDIRECT] 
2026-05-17 21:38:55,843 [ERROR] LogOutputStream:75 - [STDERR_REDIRECT] [Fatal Error] :1:1: Premature end of file.
2026-05-17 21:38:55,843 [ERROR] LogOutputStream:75 - [STDERR_REDIRECT] 
2026-05-17 21:38:56,836 [ERROR] LogOutputStream:75 - [STDERR_REDIRECT] [Fatal Error] :1:1: Premature end of file.
2026-05-17 21:38:56,836 [ERROR] LogOutputStream:75 - [STDERR_REDIRECT] 
2026-05-17 21:38:57,841 [ERROR] LogOutputStream:75 - [STDERR_REDIRECT] [Fatal Error] :1:1: Premature end of file.
2026-05-17 21:38:57,841 [ERROR] LogOutputStream:75 - [STDERR_REDIRECT] 
2026-05-17 21:38:58,846 [ERROR] LogOutputStream:75 - [STDERR_REDIRECT] [Fatal Error] :1:1: Premature end of file.
2026-05-17 21:38:58,846 [ERROR] LogOutputStream:75 - [STDERR_REDIRECT] 
2026-05-17 21:38:59,840 [ERROR] LogOutputStream:75 - [STDERR_REDIRECT] [Fatal Error] :1:1: Premature end of file.
2026-05-17 21:38:59,840 [ERROR] LogOutputStream:75 - [STDERR_REDIRECT] 
2026-05-17 21:39:00,844 [ERROR] LogOutputStream:75 - [STDERR_REDIRECT] [Fatal Error] :1:1: Premature end of file.
2026-05-17 21:39:00,844 [ERROR] LogOutputStream:75 - [STDERR_REDIRECT] 
2026-05-17 21:39:01,844 [ERROR] LogOutputStream:75 - [STDERR_REDIRECT] [Fatal Error] :1:1: Premature end of file.
2026-05-17 21:39:01,849 [ERROR] LogOutputStream:75 - [STDERR_REDIRECT] 
2026-05-17 21:39:02,842 [ERROR] LogOutputStream:75 - [STDERR_REDIRECT] [Fatal Error] :1:1: Premature end of file.
2026-05-17 21:39:02,843 [ERROR] LogOutputStream:75 - [STDERR_REDIRECT] 
2026-05-17 21:39:03,830 [ERROR] LogOutputStream:75 - [STDERR_REDIRECT] [Fatal Error] :1:1: Premature end of file.
2026-05-17 21:39:03,830 [ERROR] LogOutputStream:75 - [STDERR_REDIRECT] 
2026-05-17 21:39:04,833 [ERROR] LogOutputStream:75 - [STDERR_REDIRECT] [Fatal Error] :1:1: Premature end of file.
2026-05-17 21:39:04,833 [ERROR] LogOutputStream:75 - [STDERR_REDIRECT] 
2026-05-17 21:39:05,837 [ERROR] LogOutputStream:75 - [STDERR_REDIRECT] [Fatal Error] :1:1: Premature end of file.
2026-05-17 21:39:05,837 [ERROR] LogOutputStream:75 - [STDERR_REDIRECT] 
2026-05-17 21:39:06,841 [ERROR] LogOutputStream:75 - [STDERR_REDIRECT] [Fatal Error] :1:1: Premature end of file.
2026-05-17 21:39:06,841 [ERROR] LogOutputStream:75 - [STDERR_REDIRECT] 
2026-05-17 21:39:07,825 [ERROR] LogOutputStream:75 - [STDERR_REDIRECT] [Fatal Error] :1:1: Premature end of file.
2026-05-17 21:39:07,825 [ERROR] LogOutputStream:75 - [STDERR_REDIRECT] 
2026-05-17 21:39:08,828 [ERROR] LogOutputStream:75 - [STDERR_REDIRECT] [Fatal Error] :1:1: Premature end of file.
2026-05-17 21:39:08,828 [ERROR] LogOutputStream:75 - [STDERR_REDIRECT] 
2026-05-17 21:39:09,829 [ERROR] LogOutputStream:75 - [STDERR_REDIRECT] [Fatal Error] :1:1: Premature end of file.
2026-05-17 21:39:09,829 [ERROR] LogOutputStream:75 - [STDERR_REDIRECT] 
2026-05-17 21:39:10,830 [ERROR] LogOutputStream:75 - [STDERR_REDIRECT] [Fatal Error] :1:1: Premature end of file.
2026-05-17 21:39:10,830 [ERROR] LogOutputStream:75 - [STDERR_REDIRECT] 
2026-05-17 21:39:11,830 [ERROR] LogOutputStream:75 - [STDERR_REDIRECT] [Fatal Error] :1:1: Premature end of file.
2026-05-17 21:39:11,830 [ERROR] LogOutputStream:75 - [STDERR_REDIRECT] 
2026-05-17 21:39:12,829 [ERROR] LogOutputStream:75 - [STDERR_REDIRECT] [Fatal Error] :1:1: Premature end of file.
2026-05-17 21:39:12,829 [ERROR] LogOutputStream:75 - [STDERR_REDIRECT] 
2026-05-17 21:39:13,828 [ERROR] LogOutputStream:75 - [STDERR_REDIRECT] [Fatal Error] :1:1: Premature end of file.
2026-05-17 21:39:13,828 [ERROR] LogOutputStream:75 - [STDERR_REDIRECT] 
2026-05-17 21:39:14,830 [ERROR] LogOutputStream:75 - [STDERR_REDIRECT] [Fatal Error] :1:1: Premature end of file.
2026-05-17 21:39:14,830 [ERROR] LogOutputStream:75 - [STDERR_REDIRECT] 
2026-05-17 21:39:15,830 [ERROR] LogOutputStream:75 - [STDERR_REDIRECT] [Fatal Error] :1:1: Premature end of file.
2026-05-17 21:39:15,830 [ERROR] LogOutputStream:75 - [STDERR_REDIRECT] 
2026-05-17 21:39:16,831 [ERROR] LogOutputStream:75 - [STDERR_REDIRECT] [Fatal Error] :1:1: Premature end of file.
2026-05-17 21:39:16,831 [ERROR] LogOutputStream:75 - [STDERR_REDIRECT] 
2026-05-17 21:39:17,832 [ERROR] LogOutputStream:75 - [STDERR_REDIRECT] [Fatal Error] :1:1: Premature end of file.
2026-05-17 21:39:17,832 [ERROR] LogOutputStream:75 - [STDERR_REDIRECT] 
2026-05-17 21:39:18,832 [ERROR] LogOutputStream:75 - [STDERR_REDIRECT] [Fatal Error] :1:1: Premature end of file.
2026-05-17 21:39:18,832 [ERROR] LogOutputStream:75 - [STDERR_REDIRECT] 
2026-05-17 21:39:19,833 [ERROR] LogOutputStream:75 - [STDERR_REDIRECT] [Fatal Error] :1:1: Premature end of file.
2026-05-17 21:39:19,833 [ERROR] LogOutputStream:75 - [STDERR_REDIRECT] 
2026-05-17 21:39:20,835 [ERROR] LogOutputStream:75 - [STDERR_REDIRECT] [Fatal Error] :1:1: Premature end of file.
2026-05-17 21:39:20,835 [ERROR] LogOutputStream:75 - [STDERR_REDIRECT] 
2026-05-17 21:39:21,836 [ERROR] LogOutputStream:75 - [STDERR_REDIRECT] [Fatal Error] :1:1: Premature end of file.
2026-05-17 21:39:21,836 [ERROR] LogOutputStream:75 - [STDERR_REDIRECT] 
2026-05-17 21:39:22,849 [ERROR] LogOutputStream:75 - [STDERR_REDIRECT] [Fatal Error] :1:1: Premature end of file.
2026-05-17 21:39:22,849 [ERROR] LogOutputStream:75 - [STDERR_REDIRECT] 
2026-05-17 21:39:23,835 [ERROR] LogOutputStream:75 - [STDERR_REDIRECT] [Fatal Error] :1:1: Premature end of file.
2026-05-17 21:39:23,835 [ERROR] LogOutputStream:75 - [STDERR_REDIRECT] 
2026-05-17 21:39:24,834 [ERROR] LogOutputStream:75 - [STDERR_REDIRECT] [Fatal Error] :1:1: Premature end of file.
2026-05-17 21:39:24,834 [ERROR] LogOutputStream:75 - [STDERR_REDIRECT] 
2026-05-17 21:39:25,836 [ERROR] LogOutputStream:75 - [STDERR_REDIRECT] [Fatal Error] :1:1: Premature end of file.
2026-05-17 21:39:25,836 [ERROR] LogOutputStream:75 - [STDERR_REDIRECT] 
2026-05-17 21:39:26,837 [ERROR] LogOutputStream:75 - [STDERR_REDIRECT] [Fatal Error] :1:1: Premature end of file.
2026-05-17 21:39:26,837 [ERROR] LogOutputStream:75 - [STDERR_REDIRECT] 
2026-05-17 21:39:27,838 [ERROR] LogOutputStream:75 - [STDERR_REDIRECT] [Fatal Error] :1:1: Premature end of file.
2026-05-17 21:39:27,838 [ERROR] LogOutputStream:75 - [STDERR_REDIRECT] 
2026-05-17 21:39:28,822 [ERROR] LogOutputStream:75 - [STDERR_REDIRECT] [Fatal Error] :1:1: Premature end of file.
2026-05-17 21:39:28,822 [ERROR] LogOutputStream:75 - [STDERR_REDIRECT] 
2026-05-17 21:39:29,823 [ERROR] LogOutputStream:75 - [STDERR_REDIRECT] [Fatal Error] :1:1: Premature end of file.
2026-05-17 21:39:29,823 [ERROR] LogOutputStream:75 - [STDERR_REDIRECT] 
2026-05-17 21:39:30,825 [ERROR] LogOutputStream:75 - [STDERR_REDIRECT] [Fatal Error] :1:1: Premature end of file.
2026-05-17 21:39:30,825 [ERROR] LogOutputStream:75 - [STDERR_REDIRECT] 
2026-05-17 21:39:31,825 [ERROR] LogOutputStream:75 - [STDERR_REDIRECT] [Fatal Error] :1:1: Premature end of file.
2026-05-17 21:39:31,825 [ERROR] LogOutputStream:75 - [STDERR_REDIRECT] 
2026-05-17 21:39:32,826 [ERROR] LogOutputStream:75 - [STDERR_REDIRECT] [Fatal Error] :1:1: Premature end of file.
2026-05-17 21:39:32,826 [ERROR] LogOutputStream:75 - [STDERR_REDIRECT] 
2026-05-17 21:39:33,824 [ERROR] LogOutputStream:75 - [STDERR_REDIRECT] [Fatal Error] :1:1: Premature end of file.
2026-05-17 21:39:33,824 [ERROR] LogOutputStream:75 - [STDERR_REDIRECT] 
2026-05-17 21:39:34,824 [ERROR] LogOutputStream:75 - [STDERR_REDIRECT] [Fatal Error] :1:1: Premature end of file.
2026-05-17 21:39:34,824 [ERROR] LogOutputStream:75 - [STDERR_REDIRECT] 
2026-05-17 21:39:35,822 [ERROR] LogOutputStream:75 - [STDERR_REDIRECT] [Fatal Error] :1:1: Premature end of file.
2026-05-17 21:39:35,822 [ERROR] LogOutputStream:75 - [STDERR_REDIRECT] 
2026-05-17 21:39:36,837 [ERROR] LogOutputStream:75 - [STDERR_REDIRECT] [Fatal Error] :1:1: Premature end of file.
2026-05-17 21:39:36,837 [ERROR] LogOutputStream:75 - [STDERR_REDIRECT] 
2026-05-17 21:39:37,836 [ERROR] LogOutputStream:75 - [STDERR_REDIRECT] [Fatal Error] :1:1: Premature end of file.
2026-05-17 21:39:37,836 [ERROR] LogOutputStream:75 - [STDERR_REDIRECT] 
2026-05-17 21:39:38,835 [ERROR] LogOutputStream:75 - [STDERR_REDIRECT] [Fatal Error] :1:1: Premature end of file.
2026-05-17 21:39:38,835 [ERROR] LogOutputStream:75 - [STDERR_REDIRECT] 
2026-05-17 21:39:39,834 [ERROR] LogOutputStream:75 - [STDERR_REDIRECT] [Fatal Error] :1:1: Premature end of file.
2026-05-17 21:39:39,834 [ERROR] LogOutputStream:75 - [STDERR_REDIRECT] 
2026-05-17 21:39:40,832 [ERROR] LogOutputStream:75 - [STDERR_REDIRECT] [Fatal Error] :1:1: Premature end of file.
2026-05-17 21:39:40,832 [ERROR] LogOutputStream:75 - [STDERR_REDIRECT] 
2026-05-17 21:39:41,831 [ERROR] LogOutputStream:75 - [STDERR_REDIRECT] [Fatal Error] :1:1: Premature end of file.
2026-05-17 21:39:41,831 [ERROR] LogOutputStream:75 - [STDERR_REDIRECT] 
2026-05-17 21:39:42,831 [ERROR] LogOutputStream:75 - [STDERR_REDIRECT] [Fatal Error] :1:1: Premature end of file.
2026-05-17 21:39:42,831 [ERROR] LogOutputStream:75 - [STDERR_REDIRECT] 
2026-05-17 21:39:43,830 [ERROR] LogOutputStream:75 - [STDERR_REDIRECT] [Fatal Error] :1:1: Premature end of file.
2026-05-17 21:39:43,830 [ERROR] LogOutputStream:75 - [STDERR_REDIRECT] 
2026-05-17 21:39:44,825 [ERROR] LogOutputStream:75 - [STDERR_REDIRECT] [Fatal Error] :1:1: Premature end of file.
2026-05-17 21:39:44,825 [ERROR] LogOutputStream:75 - [STDERR_REDIRECT] 
2026-05-17 21:39:45,825 [ERROR] LogOutputStream:75 - [STDERR_REDIRECT] [Fatal Error] :1:1: Premature end of file.
2026-05-17 21:39:45,825 [ERROR] LogOutputStream:75 - [STDERR_REDIRECT] 
2026-05-17 21:39:46,824 [ERROR] LogOutputStream:75 - [STDERR_REDIRECT] [Fatal Error] :1:1: Premature end of file.
2026-05-17 21:39:46,824 [ERROR] LogOutputStream:75 - [STDERR_REDIRECT] 
2026-05-17 21:39:47,837 [ERROR] LogOutputStream:75 - [STDERR_REDIRECT] [Fatal Error] :1:1: Premature end of file.
2026-05-17 21:39:47,837 [ERROR] LogOutputStream:75 - [STDERR_REDIRECT] 
2026-05-17 21:39:48,835 [ERROR] LogOutputStream:75 - [STDERR_REDIRECT] [Fatal Error] :1:1: Premature end of file.
2026-05-17 21:39:48,835 [ERROR] LogOutputStream:75 - [STDERR_REDIRECT] 
2026-05-17 21:39:49,834 [ERROR] LogOutputStream:75 - [STDERR_REDIRECT] [Fatal Error] :1:1: Premature end of file.
2026-05-17 21:39:49,834 [ERROR] LogOutputStream:75 - [STDERR_REDIRECT] 
2026-05-17 21:39:50,831 [ERROR] LogOutputStream:75 - [STDERR_REDIRECT] [Fatal Error] :1:1: Premature end of file.
2026-05-17 21:39:50,831 [ERROR] LogOutputStream:75 - [STDERR_REDIRECT] 
2026-05-17 21:39:51,831 [ERROR] LogOutputStream:75 - [STDERR_REDIRECT] [Fatal Error] :1:1: Premature end of file.
2026-05-17 21:39:51,831 [ERROR] LogOutputStream:75 - [STDERR_REDIRECT] 
2026-05-17 21:39:52,830 [ERROR] LogOutputStream:75 - [STDERR_REDIRECT] [Fatal Error] :1:1: Premature end of file.
2026-05-17 21:39:52,830 [ERROR] LogOutputStream:75 - [STDERR_REDIRECT] 
2026-05-17 21:39:53,831 [ERROR] LogOutputStream:75 - [STDERR_REDIRECT] [Fatal Error] :1:1: Premature end of file.
2026-05-17 21:39:53,831 [ERROR] LogOutputStream:75 - [STDERR_REDIRECT] 
2026-05-17 21:39:54,829 [ERROR] LogOutputStream:75 - [STDERR_REDIRECT] [Fatal Error] :1:1: Premature end of file.
2026-05-17 21:39:54,829 [ERROR] LogOutputStream:75 - [STDERR_REDIRECT] 
2026-05-17 21:39:55,841 [ERROR] LogOutputStream:75 - [STDERR_REDIRECT] [Fatal Error] :1:1: Premature end of file.
2026-05-17 21:39:55,841 [ERROR] LogOutputStream:75 - [STDERR_REDIRECT] 
2026-05-17 21:39:56,826 [ERROR] LogOutputStream:75 - [STDERR_REDIRECT] [Fatal Error] :1:1: Premature end of file.
2026-05-17 21:39:56,826 [ERROR] LogOutputStream:75 - [STDERR_REDIRECT] 
2026-05-17 21:39:57,822 [ERROR] LogOutputStream:75 - [STDERR_REDIRECT] [Fatal Error] :1:1: Premature end of file.
2026-05-17 21:39:57,822 [ERROR] LogOutputStream:75 - [STDERR_REDIRECT] 
2026-05-17 21:39:58,836 [ERROR] LogOutputStream:75 - [STDERR_REDIRECT] [Fatal Error] :1:1: Premature end of file.
2026-05-17 21:39:58,836 [ERROR] LogOutputStream:75 - [STDERR_REDIRECT] 
2026-05-17 21:39:59,832 [ERROR] LogOutputStream:75 - [STDERR_REDIRECT] [Fatal Error] :1:1: Premature end of file.
2026-05-17 21:39:59,832 [ERROR] LogOutputStream:75 - [STDERR_REDIRECT] 
2026-05-17 21:40:00,828 [ERROR] LogOutputStream:75 - [STDERR_REDIRECT] [Fatal Error] :1:1: Premature end of file.
2026-05-17 21:40:00,828 [ERROR] LogOutputStream:75 - [STDERR_REDIRECT] 
2026-05-17 21:40:01,828 [ERROR] LogOutputStream:75 - [STDERR_REDIRECT] [Fatal Error] :1:1: Premature end of file.
2026-05-17 21:40:01,828 [ERROR] LogOutputStream:75 - [STDERR_REDIRECT] 
2026-05-17 21:40:02,827 [ERROR] LogOutputStream:75 - [STDERR_REDIRECT] [Fatal Error] :1:1: Premature end of file.
2026-05-17 21:40:02,827 [ERROR] LogOutputStream:75 - [STDERR_REDIRECT] 
2026-05-17 21:40:03,826 [ERROR] LogOutputStream:75 - [STDERR_REDIRECT] [Fatal Error] :1:1: Premature end of file.
2026-05-17 21:40:03,826 [ERROR] LogOutputStream:75 - [STDERR_REDIRECT] 
2026-05-17 21:40:04,824 [ERROR] LogOutputStream:75 - [STDERR_REDIRECT] [Fatal Error] :1:1: Premature end of file.
2026-05-17 21:40:04,824 [ERROR] LogOutputStream:75 - [STDERR_REDIRECT] 
2026-05-17 21:40:05,823 [ERROR] LogOutputStream:75 - [STDERR_REDIRECT] [Fatal Error] :1:1: Premature end of file.
2026-05-17 21:40:05,823 [ERROR] LogOutputStream:75 - [STDERR_REDIRECT] 
2026-05-17 21:40:06,823 [ERROR] LogOutputStream:75 - [STDERR_REDIRECT] [Fatal Error] :1:1: Premature end of file.
2026-05-17 21:40:06,823 [ERROR] LogOutputStream:75 - [STDERR_REDIRECT] 
2026-05-17 21:40:07,822 [ERROR] LogOutputStream:75 - [STDERR_REDIRECT] [Fatal Error] :1:1: Premature end of file.
2026-05-17 21:40:07,822 [ERROR] LogOutputStream:75 - [STDERR_REDIRECT] 
2026-05-17 21:40:08,837 [ERROR] LogOutputStream:75 - [STDERR_REDIRECT] [Fatal Error] :1:1: Premature end of file.
2026-05-17 21:40:08,837 [ERROR] LogOutputStream:75 - [STDERR_REDIRECT] 
2026-05-17 21:40:09,826 [ERROR] LogOutputStream:75 - [STDERR_REDIRECT] [Fatal Error] :1:1: Premature end of file.
2026-05-17 21:40:09,826 [ERROR] LogOutputStream:75 - [STDERR_REDIRECT] 
2026-05-17 21:40:10,825 [ERROR] LogOutputStream:75 - [STDERR_REDIRECT] [Fatal Error] :1:1: Premature end of file.
2026-05-17 21:40:10,825 [ERROR] LogOutputStream:75 - [STDERR_REDIRECT] 
2026-05-17 21:40:11,826 [ERROR] LogOutputStream:75 - [STDERR_REDIRECT] [Fatal Error] :1:1: Premature end of file.
2026-05-17 21:40:11,826 [ERROR] LogOutputStream:75 - [STDERR_REDIRECT] 
2026-05-17 21:40:12,825 [ERROR] LogOutputStream:75 - [STDERR_REDIRECT] [Fatal Error] :1:1: Premature end of file.
2026-05-17 21:40:12,825 [ERROR] LogOutputStream:75 - [STDERR_REDIRECT] 
2026-05-17 21:40:13,824 [ERROR] LogOutputStream:75 - [STDERR_REDIRECT] [Fatal Error] :1:1: Premature end of file.
2026-05-17 21:40:13,824 [ERROR] LogOutputStream:75 - [STDERR_REDIRECT] 
2026-05-17 21:40:14,825 [ERROR] LogOutputStream:75 - [STDERR_REDIRECT] [Fatal Error] :1:1: Premature end of file.
2026-05-17 21:40:14,825 [ERROR] LogOutputStream:75 - [STDERR_REDIRECT] 
2026-05-17 21:40:15,823 [ERROR] LogOutputStream:75 - [STDERR_REDIRECT] [Fatal Error] :1:1: Premature end of file.
2026-05-17 21:40:15,823 [ERROR] LogOutputStream:75 - [STDERR_REDIRECT] 
2026-05-17 21:40:16,837 [ERROR] LogOutputStream:75 - [STDERR_REDIRECT] [Fatal Error] :1:1: Premature end of file.
2026-05-17 21:40:16,837 [ERROR] LogOutputStream:75 - [STDERR_REDIRECT] 
2026-05-17 21:40:17,824 [ERROR] LogOutputStream:75 - [STDERR_REDIRECT] [Fatal Error] :1:1: Premature end of file.
2026-05-17 21:40:17,824 [ERROR] LogOutputStream:75 - [STDERR_REDIRECT] 
2026-05-17 21:40:18,823 [ERROR] LogOutputStream:75 - [STDERR_REDIRECT] [Fatal Error] :1:1: Premature end of file.
2026-05-17 21:40:18,823 [ERROR] LogOutputStream:75 - [STDERR_REDIRECT] 
2026-05-17 21:40:19,838 [ERROR] LogOutputStream:75 - [STDERR_REDIRECT] [Fatal Error] :1:1: Premature end of file.
2026-05-17 21:40:19,838 [ERROR] LogOutputStream:75 - [STDERR_REDIRECT] 
2026-05-17 21:40:20,835 [ERROR] LogOutputStream:75 - [STDERR_REDIRECT] [Fatal Error] :1:1: Premature end of file.
2026-05-17 21:40:20,835 [ERROR] LogOutputStream:75 - [STDERR_REDIRECT] 
2026-05-17 21:40:21,835 [ERROR] LogOutputStream:75 - [STDERR_REDIRECT] [Fatal Error] :1:1: Premature end of file.
2026-05-17 21:40:21,835 [ERROR] LogOutputStream:75 - [STDERR_REDIRECT] 
2026-05-17 21:40:22,834 [ERROR] LogOutputStream:75 - [STDERR_REDIRECT] [Fatal Error] :1:1: Premature end of file.
2026-05-17 21:40:22,834 [ERROR] LogOutputStream:75 - [STDERR_REDIRECT] 
2026-05-17 21:40:23,833 [ERROR] LogOutputStream:75 - [STDERR_REDIRECT] [Fatal Error] :1:1: Premature end of file.
2026-05-17 21:40:23,833 [ERROR] LogOutputStream:75 - [STDERR_REDIRECT] 
2026-05-17 21:40:24,833 [ERROR] LogOutputStream:75 - [STDERR_REDIRECT] [Fatal Error] :1:1: Premature end of file.
2026-05-17 21:40:24,833 [ERROR] LogOutputStream:75 - [STDERR_REDIRECT] 
2026-05-17 21:40:25,834 [ERROR] LogOutputStream:75 - [STDERR_REDIRECT] [Fatal Error] :1:1: Premature end of file.
2026-05-17 21:40:25,834 [ERROR] LogOutputStream:75 - [STDERR_REDIRECT] 
2026-05-17 21:40:26,833 [ERROR] LogOutputStream:75 - [STDERR_REDIRECT] [Fatal Error] :1:1: Premature end of file.
2026-05-17 21:40:26,833 [ERROR] LogOutputStream:75 - [STDERR_REDIRECT] 
2026-05-17 21:40:27,831 [ERROR] LogOutputStream:75 - [STDERR_REDIRECT] [Fatal Error] :1:1: Premature end of file.
2026-05-17 21:40:27,831 [ERROR] LogOutputStream:75 - [STDERR_REDIRECT] 
2026-05-17 21:40:28,829 [ERROR] LogOutputStream:75 - [STDERR_REDIRECT] [Fatal Error] :1:1: Premature end of file.
2026-05-17 21:40:28,829 [ERROR] LogOutputStream:75 - [STDERR_REDIRECT] 
2026-05-17 21:40:29,829 [ERROR] LogOutputStream:75 - [STDERR_REDIRECT] [Fatal Error] :1:1: Premature end of file.
2026-05-17 21:40:29,829 [ERROR] LogOutputStream:75 - [STDERR_REDIRECT] 
2026-05-17 21:40:30,828 [ERROR] LogOutputStream:75 - [STDERR_REDIRECT] [Fatal Error] :1:1: Premature end of file.
2026-05-17 21:40:30,828 [ERROR] LogOutputStream:75 - [STDERR_REDIRECT] 
2026-05-17 21:40:31,828 [ERROR] LogOutputStream:75 - [STDERR_REDIRECT] [Fatal Error] :1:1: Premature end of file.
2026-05-17 21:40:31,828 [ERROR] LogOutputStream:75 - [STDERR_REDIRECT] 
2026-05-17 21:40:32,829 [ERROR] LogOutputStream:75 - [STDERR_REDIRECT] [Fatal Error] :1:1: Premature end of file.
2026-05-17 21:40:32,829 [ERROR] LogOutputStream:75 - [STDERR_REDIRECT] 
2026-05-17 21:40:33,827 [ERROR] LogOutputStream:75 - [STDERR_REDIRECT] [Fatal Error] :1:1: Premature end of file.
2026-05-17 21:40:33,827 [ERROR] LogOutputStream:75 - [STDERR_REDIRECT] 
2026-05-17 21:40:34,827 [ERROR] LogOutputStream:75 - [STDERR_REDIRECT] [Fatal Error] :1:1: Premature end of file.
2026-05-17 21:40:34,827 [ERROR] LogOutputStream:75 - [STDERR_REDIRECT] 
2026-05-17 21:40:35,825 [ERROR] LogOutputStream:75 - [STDERR_REDIRECT] [Fatal Error] :1:1: Premature end of file.
2026-05-17 21:40:35,825 [ERROR] LogOutputStream:75 - [STDERR_REDIRECT] 
2026-05-17 21:40:36,826 [ERROR] LogOutputStream:75 - [STDERR_REDIRECT] [Fatal Error] :1:1: Premature end of file.
2026-05-17 21:40:36,826 [ERROR] LogOutputStream:75 - [STDERR_REDIRECT] 
2026-05-17 21:40:37,825 [ERROR] LogOutputStream:75 - [STDERR_REDIRECT] [Fatal Error] :1:1: Premature end of file.
2026-05-17 21:40:37,825 [ERROR] LogOutputStream:75 - [STDERR_REDIRECT] 
2026-05-17 21:40:38,825 [ERROR] LogOutputStream:75 - [STDERR_REDIRECT] [Fatal Error] :1:1: Premature end of file.
2026-05-17 21:40:38,825 [ERROR] LogOutputStream:75 - [STDERR_REDIRECT] 
2026-05-17 21:40:39,824 [ERROR] LogOutputStream:75 - [STDERR_REDIRECT] [Fatal Error] :1:1: Premature end of file.
2026-05-17 21:40:39,824 [ERROR] LogOutputStream:75 - [STDERR_REDIRECT] 
2026-05-17 21:40:40,824 [ERROR] LogOutputStream:75 - [STDERR_REDIRECT] [Fatal Error] :1:1: Premature end of file.
2026-05-17 21:40:40,824 [ERROR] LogOutputStream:75 - [STDERR_REDIRECT] 
2026-05-17 21:40:41,824 [ERROR] LogOutputStream:75 - [STDERR_REDIRECT] [Fatal Error] :1:1: Premature end of file.
2026-05-17 21:40:41,824 [ERROR] LogOutputStream:75 - [STDERR_REDIRECT] 
2026-05-17 21:40:42,822 [ERROR] LogOutputStream:75 - [STDERR_REDIRECT] [Fatal Error] :1:1: Premature end of file.
2026-05-17 21:40:42,822 [ERROR] LogOutputStream:75 - [STDERR_REDIRECT] 
2026-05-17 21:40:43,836 [ERROR] LogOutputStream:75 - [STDERR_REDIRECT] [Fatal Error] :1:1: Premature end of file.
2026-05-17 21:40:43,836 [ERROR] LogOutputStream:75 - [STDERR_REDIRECT] 
2026-05-17 21:40:44,833 [ERROR] LogOutputStream:75 - [STDERR_REDIRECT] [Fatal Error] :1:1: Premature end of file.
2026-05-17 21:40:44,833 [ERROR] LogOutputStream:75 - [STDERR_REDIRECT] 
2026-05-17 21:40:45,833 [ERROR] LogOutputStream:75 - [STDERR_REDIRECT] [Fatal Error] :1:1: Premature end of file.
2026-05-17 21:40:45,833 [ERROR] LogOutputStream:75 - [STDERR_REDIRECT] 
2026-05-17 21:40:46,832 [ERROR] LogOutputStream:75 - [STDERR_REDIRECT] [Fatal Error] :1:1: Premature end of file.
2026-05-17 21:40:46,832 [ERROR] LogOutputStream:75 - [STDERR_REDIRECT] 
2026-05-17 21:40:47,832 [ERROR] LogOutputStream:75 - [STDERR_REDIRECT] [Fatal Error] :1:1: Premature end of file.
2026-05-17 21:40:47,832 [ERROR] LogOutputStream:75 - [STDERR_REDIRECT] 
2026-05-17 21:40:48,831 [ERROR] LogOutputStream:75 - [STDERR_REDIRECT] [Fatal Error] :1:1: Premature end of file.
2026-05-17 21:40:48,831 [ERROR] LogOutputStream:75 - [STDERR_REDIRECT] 
2026-05-17 21:40:49,831 [ERROR] LogOutputStream:75 - [STDERR_REDIRECT] [Fatal Error] :1:1: Premature end of file.
2026-05-17 21:40:49,831 [ERROR] LogOutputStream:75 - [STDERR_REDIRECT] 
2026-05-17 21:40:50,832 [ERROR] LogOutputStream:75 - [STDERR_REDIRECT] [Fatal Error] :1:1: Premature end of file.
2026-05-17 21:40:50,832 [ERROR] LogOutputStream:75 - [STDERR_REDIRECT] 
2026-05-17 21:40:51,831 [ERROR] LogOutputStream:75 - [STDERR_REDIRECT] [Fatal Error] :1:1: Premature end of file.
2026-05-17 21:40:51,831 [ERROR] LogOutputStream:75 - [STDERR_REDIRECT] 
2026-05-17 21:40:52,830 [ERROR] LogOutputStream:75 - [STDERR_REDIRECT] [Fatal Error] :1:1: Premature end of file.
2026-05-17 21:40:52,830 [ERROR] LogOutputStream:75 - [STDERR_REDIRECT] 
2026-05-17 21:40:53,844 [ERROR] LogOutputStream:75 - [STDERR_REDIRECT] [Fatal Error] :1:1: Premature end of file.
2026-05-17 21:40:53,844 [ERROR] LogOutputStream:75 - [STDERR_REDIRECT] 
2026-05-17 21:40:54,832 [ERROR] LogOutputStream:75 - [STDERR_REDIRECT] [Fatal Error] :1:1: Premature end of file.
2026-05-17 21:40:54,832 [ERROR] LogOutputStream:75 - [STDERR_REDIRECT] 
2026-05-17 21:40:55,831 [ERROR] LogOutputStream:75 - [STDERR_REDIRECT] [Fatal Error] :1:1: Premature end of file.
2026-05-17 21:40:55,831 [ERROR] LogOutputStream:75 - [STDERR_REDIRECT] 
2026-05-17 21:40:56,832 [ERROR] LogOutputStream:75 - [STDERR_REDIRECT] [Fatal Error] :1:1: Premature end of file.
2026-05-17 21:40:56,832 [ERROR] LogOutputStream:75 - [STDERR_REDIRECT] 
2026-05-17 21:40:57,832 [ERROR] LogOutputStream:75 - [STDERR_REDIRECT] [Fatal Error] :1:1: Premature end of file.
2026-05-17 21:40:57,832 [ERROR] LogOutputStream:75 - [STDERR_REDIRECT] 
2026-05-17 21:40:58,831 [ERROR] LogOutputStream:75 - [STDERR_REDIRECT] [Fatal Error] :1:1: Premature end of file.
2026-05-17 21:40:58,831 [ERROR] LogOutputStream:75 - [STDERR_REDIRECT] 
2026-05-17 21:40:59,833 [ERROR] LogOutputStream:75 - [STDERR_REDIRECT] [Fatal Error] :1:1: Premature end of file.
2026-05-17 21:40:59,833 [ERROR] LogOutputStream:75 - [STDERR_REDIRECT] 
2026-05-17 21:41:00,834 [ERROR] LogOutputStream:75 - [STDERR_REDIRECT] [Fatal Error] :1:1: Premature end of file.
2026-05-17 21:41:00,834 [ERROR] LogOutputStream:75 - [STDERR_REDIRECT] 
2026-05-17 21:41:01,832 [ERROR] LogOutputStream:75 - [STDERR_REDIRECT] [Fatal Error] :1:1: Premature end of file.
2026-05-17 21:41:01,832 [ERROR] LogOutputStream:75 - [STDERR_REDIRECT] 
2026-05-17 21:41:02,831 [ERROR] LogOutputStream:75 - [STDERR_REDIRECT] [Fatal Error] :1:1: Premature end of file.
2026-05-17 21:41:02,831 [ERROR] LogOutputStream:75 - [STDERR_REDIRECT] 
2026-05-17 21:41:03,832 [ERROR] LogOutputStream:75 - [STDERR_REDIRECT] [Fatal Error] :1:1: Premature end of file.
2026-05-17 21:41:03,832 [ERROR] LogOutputStream:75 - [STDERR_REDIRECT] 
2026-05-17 21:41:04,831 [ERROR] LogOutputStream:75 - [STDERR_REDIRECT] [Fatal Error] :1:1: Premature end of file.
2026-05-17 21:41:04,831 [ERROR] LogOutputStream:75 - [STDERR_REDIRECT] 
2026-05-17 21:41:05,830 [ERROR] LogOutputStream:75 - [STDERR_REDIRECT] [Fatal Error] :1:1: Premature end of file.
2026-05-17 21:41:05,830 [ERROR] LogOutputStream:75 - [STDERR_REDIRECT] 
2026-05-17 21:41:06,830 [ERROR] LogOutputStream:75 - [STDERR_REDIRECT] [Fatal Error] :1:1: Premature end of file.
2026-05-17 21:41:06,830 [ERROR] LogOutputStream:75 - [STDERR_REDIRECT] 
2026-05-17 21:41:07,830 [ERROR] LogOutputStream:75 - [STDERR_REDIRECT] [Fatal Error] :1:1: Premature end of file.
2026-05-17 21:41:07,830 [ERROR] LogOutputStream:75 - [STDERR_REDIRECT] 
2026-05-17 21:41:08,825 [ERROR] LogOutputStream:75 - [STDERR_REDIRECT] [Fatal Error] :1:1: Premature end of file.
2026-05-17 21:41:08,825 [ERROR] LogOutputStream:75 - [STDERR_REDIRECT] 
2026-05-17 21:41:09,835 [ERROR] LogOutputStream:75 - [STDERR_REDIRECT] [Fatal Error] :1:1: Premature end of file.
2026-05-17 21:41:09,835 [ERROR] LogOutputStream:75 - [STDERR_REDIRECT] 
2026-05-17 21:41:10,836 [ERROR] LogOutputStream:75 - [STDERR_REDIRECT] [Fatal Error] :1:1: Premature end of file.
2026-05-17 21:41:10,836 [ERROR] LogOutputStream:75 - [STDERR_REDIRECT] 
2026-05-17 21:41:11,835 [ERROR] LogOutputStream:75 - [STDERR_REDIRECT] [Fatal Error] :1:1: Premature end of file.
2026-05-17 21:41:11,835 [ERROR] LogOutputStream:75 - [STDERR_REDIRECT] 
2026-05-17 21:41:12,833 [ERROR] LogOutputStream:75 - [STDERR_REDIRECT] [Fatal Error] :1:1: Premature end of file.
2026-05-17 21:41:12,833 [ERROR] LogOutputStream:75 - [STDERR_REDIRECT] 
2026-05-17 21:41:13,833 [ERROR] LogOutputStream:75 - [STDERR_REDIRECT] [Fatal Error] :1:1: Premature end of file.
2026-05-17 21:41:13,833 [ERROR] LogOutputStream:75 - [STDERR_REDIRECT] 
2026-05-17 21:41:14,830 [ERROR] LogOutputStream:75 - [STDERR_REDIRECT] [Fatal Error] :1:1: Premature end of file.
2026-05-17 21:41:14,830 [ERROR] LogOutputStream:75 - [STDERR_REDIRECT] 
2026-05-17 21:41:15,831 [ERROR] LogOutputStream:75 - [STDERR_REDIRECT] [Fatal Error] :1:1: Premature end of file.
2026-05-17 21:41:15,831 [ERROR] LogOutputStream:75 - [STDERR_REDIRECT] 
2026-05-17 21:41:16,830 [ERROR] LogOutputStream:75 - [STDERR_REDIRECT] [Fatal Error] :1:1: Premature end of file.
2026-05-17 21:41:16,830 [ERROR] LogOutputStream:75 - [STDERR_REDIRECT] 
2026-05-17 21:41:17,832 [ERROR] LogOutputStream:75 - [STDERR_REDIRECT] [Fatal Error] :1:1: Premature end of file.
2026-05-17 21:41:17,832 [ERROR] LogOutputStream:75 - [STDERR_REDIRECT] 
2026-05-17 21:41:18,833 [ERROR] LogOutputStream:75 - [STDERR_REDIRECT] [Fatal Error] :1:1: Premature end of file.
2026-05-17 21:41:18,833 [ERROR] LogOutputStream:75 - [STDERR_REDIRECT] 
2026-05-17 21:41:19,834 [ERROR] LogOutputStream:75 - [STDERR_REDIRECT] [Fatal Error] :1:1: Premature end of file.
2026-05-17 21:41:19,834 [ERROR] LogOutputStream:75 - [STDERR_REDIRECT] 
2026-05-17 21:41:20,833 [ERROR] LogOutputStream:75 - [STDERR_REDIRECT] [Fatal Error] :1:1: Premature end of file.
2026-05-17 21:41:20,833 [ERROR] LogOutputStream:75 - [STDERR_REDIRECT] 
2026-05-17 21:41:21,832 [ERROR] LogOutputStream:75 - [STDERR_REDIRECT] [Fatal Error] :1:1: Premature end of file.
2026-05-17 21:41:21,832 [ERROR] LogOutputStream:75 - [STDERR_REDIRECT] 
2026-05-17 21:41:22,834 [ERROR] LogOutputStream:75 - [STDERR_REDIRECT] [Fatal Error] :1:1: Premature end of file.
2026-05-17 21:41:22,834 [ERROR] LogOutputStream:75 - [STDERR_REDIRECT] 
2026-05-17 21:41:23,834 [ERROR] LogOutputStream:75 - [STDERR_REDIRECT] [Fatal Error] :1:1: Premature end of file.
2026-05-17 21:41:23,834 [ERROR] LogOutputStream:75 - [STDERR_REDIRECT] 
2026-05-17 21:41:24,850 [ERROR] LogOutputStream:75 - [STDERR_REDIRECT] [Fatal Error] :1:1: Premature end of file.
2026-05-17 21:41:24,850 [ERROR] LogOutputStream:75 - [STDERR_REDIRECT] 
2026-05-17 21:41:25,823 [ERROR] LogOutputStream:75 - [STDERR_REDIRECT] [Fatal Error] :1:1: Premature end of file.
2026-05-17 21:41:25,823 [ERROR] LogOutputStream:75 - [STDERR_REDIRECT] 
2026-05-17 21:41:26,838 [ERROR] LogOutputStream:75 - [STDERR_REDIRECT] [Fatal Error] :1:1: Premature end of file.
2026-05-17 21:41:26,838 [ERROR] LogOutputStream:75 - [STDERR_REDIRECT] 
2026-05-17 21:41:27,825 [ERROR] LogOutputStream:75 - [STDERR_REDIRECT] [Fatal Error] :1:1: Premature end of file.
2026-05-17 21:41:27,825 [ERROR] LogOutputStream:75 - [STDERR_REDIRECT] 
2026-05-17 21:41:28,823 [ERROR] LogOutputStream:75 - [STDERR_REDIRECT] [Fatal Error] :1:1: Premature end of file.
2026-05-17 21:41:28,823 [ERROR] LogOutputStream:75 - [STDERR_REDIRECT] 
2026-05-17 21:41:29,826 [ERROR] LogOutputStream:75 - [STDERR_REDIRECT] [Fatal Error] :1:1: Premature end of file.
2026-05-17 21:41:29,826 [ERROR] LogOutputStream:75 - [STDERR_REDIRECT] 
2026-05-17 21:41:30,823 [ERROR] LogOutputStream:75 - [STDERR_REDIRECT] [Fatal Error] :1:1: Premature end of file.
2026-05-17 21:41:30,823 [ERROR] LogOutputStream:75 - [STDERR_REDIRECT] 
2026-05-17 21:41:31,836 [ERROR] LogOutputStream:75 - [STDERR_REDIRECT] [Fatal Error] :1:1: Premature end of file.
2026-05-17 21:41:31,836 [ERROR] LogOutputStream:75 - [STDERR_REDIRECT] 
2026-05-17 21:41:32,831 [ERROR] LogOutputStream:75 - [STDERR_REDIRECT] [Fatal Error] :1:1: Premature end of file.
2026-05-17 21:41:32,831 [ERROR] LogOutputStream:75 - [STDERR_REDIRECT] 
2026-05-17 21:41:33,826 [ERROR] LogOutputStream:75 - [STDERR_REDIRECT] [Fatal Error] :1:1: Premature end of file.
2026-05-17 21:41:33,826 [ERROR] LogOutputStream:75 - [STDERR_REDIRECT] 
2026-05-17 21:41:34,825 [ERROR] LogOutputStream:75 - [STDERR_REDIRECT] [Fatal Error] :1:1: Premature end of file.
2026-05-17 21:41:34,825 [ERROR] LogOutputStream:75 - [STDERR_REDIRECT] 
2026-05-17 21:41:35,845 [ERROR] LogOutputStream:75 - [STDERR_REDIRECT] [Fatal Error] :1:1: Premature end of file.
2026-05-17 21:41:35,845 [ERROR] LogOutputStream:75 - [STDERR_REDIRECT] 
2026-05-17 21:41:36,830 [ERROR] LogOutputStream:75 - [STDERR_REDIRECT] [Fatal Error] :1:1: Premature end of file.
2026-05-17 21:41:36,830 [ERROR] LogOutputStream:75 - [STDERR_REDIRECT] 
2026-05-17 21:41:37,826 [ERROR] LogOutputStream:75 - [STDERR_REDIRECT] [Fatal Error] :1:1: Premature end of file.
2026-05-17 21:41:37,826 [ERROR] LogOutputStream:75 - [STDERR_REDIRECT] 
2026-05-17 21:41:38,823 [ERROR] LogOutputStream:75 - [STDERR_REDIRECT] [Fatal Error] :1:1: Premature end of file.
2026-05-17 21:41:38,823 [ERROR] LogOutputStream:75 - [STDERR_REDIRECT] 
2026-05-17 21:41:39,837 [ERROR] LogOutputStream:75 - [STDERR_REDIRECT] [Fatal Error] :1:1: Premature end of file.
2026-05-17 21:41:39,837 [ERROR] LogOutputStream:75 - [STDERR_REDIRECT] 
2026-05-17 21:41:40,835 [ERROR] LogOutputStream:75 - [STDERR_REDIRECT] [Fatal Error] :1:1: Premature end of file.
2026-05-17 21:41:40,835 [ERROR] LogOutputStream:75 - [STDERR_REDIRECT] 
2026-05-17 21:41:41,832 [ERROR] LogOutputStream:75 - [STDERR_REDIRECT] [Fatal Error] :1:1: Premature end of file.
2026-05-17 21:41:41,832 [ERROR] LogOutputStream:75 - [STDERR_REDIRECT] 
2026-05-17 21:41:42,839 [ERROR] LogOutputStream:75 - [STDERR_REDIRECT] [Fatal Error] :1:1: Premature end of file.
2026-05-17 21:41:42,840 [ERROR] LogOutputStream:75 - [STDERR_REDIRECT] 
2026-05-17 21:41:43,838 [ERROR] LogOutputStream:75 - [STDERR_REDIRECT] [Fatal Error] :1:1: Premature end of file.
2026-05-17 21:41:43,838 [ERROR] LogOutputStream:75 - [STDERR_REDIRECT] 
2026-05-17 21:41:44,824 [ERROR] LogOutputStream:75 - [STDERR_REDIRECT] [Fatal Error] :1:1: Premature end of file.
2026-05-17 21:41:44,824 [ERROR] LogOutputStream:75 - [STDERR_REDIRECT] 
2026-05-17 21:41:45,826 [ERROR] LogOutputStream:75 - [STDERR_REDIRECT] [Fatal Error] :1:1: Premature end of file.
2026-05-17 21:41:45,826 [ERROR] LogOutputStream:75 - [STDERR_REDIRECT] 
2026-05-17 21:41:46,827 [ERROR] LogOutputStream:75 - [STDERR_REDIRECT] [Fatal Error] :1:1: Premature end of file.
2026-05-17 21:41:46,827 [ERROR] LogOutputStream:75 - [STDERR_REDIRECT] 
2026-05-17 21:41:47,828 [ERROR] LogOutputStream:75 - [STDERR_REDIRECT] [Fatal Error] :1:1: Premature end of file.
2026-05-17 21:41:47,828 [ERROR] LogOutputStream:75 - [STDERR_REDIRECT] 
2026-05-17 21:41:48,828 [ERROR] LogOutputStream:75 - [STDERR_REDIRECT] [Fatal Error] :1:1: Premature end of file.
2026-05-17 21:41:48,828 [ERROR] LogOutputStream:75 - [STDERR_REDIRECT] 
2026-05-17 21:41:49,830 [ERROR] LogOutputStream:75 - [STDERR_REDIRECT] [Fatal Error] :1:1: Premature end of file.
2026-05-17 21:41:49,830 [ERROR] LogOutputStream:75 - [STDERR_REDIRECT] 
2026-05-17 21:41:50,832 [ERROR] LogOutputStream:75 - [STDERR_REDIRECT] [Fatal Error] :1:1: Premature end of file.
2026-05-17 21:41:50,832 [ERROR] LogOutputStream:75 - [STDERR_REDIRECT] 
2026-05-17 21:41:51,831 [ERROR] LogOutputStream:75 - [STDERR_REDIRECT] [Fatal Error] :1:1: Premature end of file.
2026-05-17 21:41:51,831 [ERROR] LogOutputStream:75 - [STDERR_REDIRECT] 
2026-05-17 21:41:52,832 [ERROR] LogOutputStream:75 - [STDERR_REDIRECT] [Fatal Error] :1:1: Premature end of file.
2026-05-17 21:41:52,832 [ERROR] LogOutputStream:75 - [STDERR_REDIRECT] 
2026-05-17 21:41:53,835 [ERROR] LogOutputStream:75 - [STDERR_REDIRECT] [Fatal Error] :1:1: Premature end of file.
2026-05-17 21:41:53,835 [ERROR] LogOutputStream:75 - [STDERR_REDIRECT] 
2026-05-17 21:41:54,834 [ERROR] LogOutputStream:75 - [STDERR_REDIRECT] [Fatal Error] :1:1: Premature end of file.
2026-05-17 21:41:54,834 [ERROR] LogOutputStream:75 - [STDERR_REDIRECT] 
2026-05-17 21:41:55,834 [ERROR] LogOutputStream:75 - [STDERR_REDIRECT] [Fatal Error] :1:1: Premature end of file.
2026-05-17 21:41:55,834 [ERROR] LogOutputStream:75 - [STDERR_REDIRECT] 
2026-05-17 21:41:56,835 [ERROR] LogOutputStream:75 - [STDERR_REDIRECT] [Fatal Error] :1:1: Premature end of file.
2026-05-17 21:41:56,835 [ERROR] LogOutputStream:75 - [STDERR_REDIRECT] 
2026-05-17 21:41:57,835 [ERROR] LogOutputStream:75 - [STDERR_REDIRECT] [Fatal Error] :1:1: Premature end of file.
2026-05-17 21:41:57,835 [ERROR] LogOutputStream:75 - [STDERR_REDIRECT] 
2026-05-17 21:41:58,836 [ERROR] LogOutputStream:75 - [STDERR_REDIRECT] [Fatal Error] :1:1: Premature end of file.
2026-05-17 21:41:58,836 [ERROR] LogOutputStream:75 - [STDERR_REDIRECT] 
2026-05-17 21:41:59,836 [ERROR] LogOutputStream:75 - [STDERR_REDIRECT] [Fatal Error] :1:1: Premature end of file.
2026-05-17 21:41:59,836 [ERROR] LogOutputStream:75 - [STDERR_REDIRECT] 
2026-05-17 21:42:00,836 [ERROR] LogOutputStream:75 - [STDERR_REDIRECT] [Fatal Error] :1:1: Premature end of file.
2026-05-17 21:42:00,836 [ERROR] LogOutputStream:75 - [STDERR_REDIRECT] 
2026-05-17 21:42:01,838 [ERROR] LogOutputStream:75 - [STDERR_REDIRECT] [Fatal Error] :1:1: Premature end of file.
2026-05-17 21:42:01,838 [ERROR] LogOutputStream:75 - [STDERR_REDIRECT] 
2026-05-17 21:42:02,825 [ERROR] LogOutputStream:75 - [STDERR_REDIRECT] [Fatal Error] :1:1: Premature end of file.
2026-05-17 21:42:02,825 [ERROR] LogOutputStream:75 - [STDERR_REDIRECT] 
2026-05-17 21:42:03,826 [ERROR] LogOutputStream:75 - [STDERR_REDIRECT] [Fatal Error] :1:1: Premature end of file.
2026-05-17 21:42:03,826 [ERROR] LogOutputStream:75 - [STDERR_REDIRECT] 
2026-05-17 21:42:04,825 [ERROR] LogOutputStream:75 - [STDERR_REDIRECT] [Fatal Error] :1:1: Premature end of file.
2026-05-17 21:42:04,825 [ERROR] LogOutputStream:75 - [STDERR_REDIRECT] 
2026-05-17 21:42:05,826 [ERROR] LogOutputStream:75 - [STDERR_REDIRECT] [Fatal Error] :1:1: Premature end of file.
2026-05-17 21:42:05,826 [ERROR] LogOutputStream:75 - [STDERR_REDIRECT] 
2026-05-17 21:42:06,827 [ERROR] LogOutputStream:75 - [STDERR_REDIRECT] [Fatal Error] :1:1: Premature end of file.
2026-05-17 21:42:06,827 [ERROR] LogOutputStream:75 - [STDERR_REDIRECT] 
2026-05-17 21:42:07,840 [ERROR] LogOutputStream:75 - [STDERR_REDIRECT] [Fatal Error] :1:1: Premature end of file.
2026-05-17 21:42:07,840 [ERROR] LogOutputStream:75 - [STDERR_REDIRECT] 
2026-05-17 21:42:08,828 [ERROR] LogOutputStream:75 - [STDERR_REDIRECT] [Fatal Error] :1:1: Premature end of file.
2026-05-17 21:42:08,828 [ERROR] LogOutputStream:75 - [STDERR_REDIRECT] 
2026-05-17 21:42:09,829 [ERROR] LogOutputStream:75 - [STDERR_REDIRECT] [Fatal Error] :1:1: Premature end of file.
2026-05-17 21:42:09,829 [ERROR] LogOutputStream:75 - [STDERR_REDIRECT] 
2026-05-17 21:42:10,831 [ERROR] LogOutputStream:75 - [STDERR_REDIRECT] [Fatal Error] :1:1: Premature end of file.
2026-05-17 21:42:10,831 [ERROR] LogOutputStream:75 - [STDERR_REDIRECT] 
2026-05-17 21:42:11,833 [ERROR] LogOutputStream:75 - [STDERR_REDIRECT] [Fatal Error] :1:1: Premature end of file.
2026-05-17 21:42:11,833 [ERROR] LogOutputStream:75 - [STDERR_REDIRECT] 
2026-05-17 21:42:12,833 [ERROR] LogOutputStream:75 - [STDERR_REDIRECT] [Fatal Error] :1:1: Premature end of file.
2026-05-17 21:42:12,833 [ERROR] LogOutputStream:75 - [STDERR_REDIRECT] 
2026-05-17 21:42:13,834 [ERROR] LogOutputStream:75 - [STDERR_REDIRECT] [Fatal Error] :1:1: Premature end of file.
2026-05-17 21:42:13,834 [ERROR] LogOutputStream:75 - [STDERR_REDIRECT] 
2026-05-17 21:42:14,833 [ERROR] LogOutputStream:75 - [STDERR_REDIRECT] [Fatal Error] :1:1: Premature end of file.
2026-05-17 21:42:14,833 [ERROR] LogOutputStream:75 - [STDERR_REDIRECT] 
2026-05-17 21:42:15,838 [ERROR] LogOutputStream:75 - [STDERR_REDIRECT] [Fatal Error] :1:1: Premature end of file.
2026-05-17 21:42:15,838 [ERROR] LogOutputStream:75 - [STDERR_REDIRECT] 
2026-05-17 21:42:16,833 [ERROR] LogOutputStream:75 - [STDERR_REDIRECT] [Fatal Error] :1:1: Premature end of file.
2026-05-17 21:42:16,833 [ERROR] LogOutputStream:75 - [STDERR_REDIRECT] 
2026-05-17 21:42:17,835 [ERROR] LogOutputStream:75 - [STDERR_REDIRECT] [Fatal Error] :1:1: Premature end of file.
2026-05-17 21:42:17,835 [ERROR] LogOutputStream:75 - [STDERR_REDIRECT] 
2026-05-17 21:42:18,836 [ERROR] LogOutputStream:75 - [STDERR_REDIRECT] [Fatal Error] :1:1: Premature end of file.
2026-05-17 21:42:18,836 [ERROR] LogOutputStream:75 - [STDERR_REDIRECT] 
2026-05-17 21:42:19,823 [ERROR] LogOutputStream:75 - [STDERR_REDIRECT] [Fatal Error] :1:1: Premature end of file.
2026-05-17 21:42:19,823 [ERROR] LogOutputStream:75 - [STDERR_REDIRECT] 
2026-05-17 21:42:20,823 [ERROR] LogOutputStream:75 - [STDERR_REDIRECT] [Fatal Error] :1:1: Premature end of file.
2026-05-17 21:42:20,823 [ERROR] LogOutputStream:75 - [STDERR_REDIRECT] 
2026-05-17 21:42:21,824 [ERROR] LogOutputStream:75 - [STDERR_REDIRECT] [Fatal Error] :1:1: Premature end of file.
2026-05-17 21:42:21,824 [ERROR] LogOutputStream:75 - [STDERR_REDIRECT] 
2026-05-17 21:42:22,825 [ERROR] LogOutputStream:75 - [STDERR_REDIRECT] [Fatal Error] :1:1: Premature end of file.
2026-05-17 21:42:22,825 [ERROR] LogOutputStream:75 - [STDERR_REDIRECT] 
2026-05-17 21:42:23,826 [ERROR] LogOutputStream:75 - [STDERR_REDIRECT] [Fatal Error] :1:1: Premature end of file.
2026-05-17 21:42:23,826 [ERROR] LogOutputStream:75 - [STDERR_REDIRECT] 
2026-05-17 21:42:24,826 [ERROR] LogOutputStream:75 - [STDERR_REDIRECT] [Fatal Error] :1:1: Premature end of file.
2026-05-17 21:42:24,826 [ERROR] LogOutputStream:75 - [STDERR_REDIRECT] 
2026-05-17 21:42:25,825 [ERROR] LogOutputStream:75 - [STDERR_REDIRECT] [Fatal Error] :1:1: Premature end of file.
2026-05-17 21:42:25,825 [ERROR] LogOutputStream:75 - [STDERR_REDIRECT] 
2026-05-17 21:42:26,826 [ERROR] LogOutputStream:75 - [STDERR_REDIRECT] [Fatal Error] :1:1: Premature end of file.
2026-05-17 21:42:26,826 [ERROR] LogOutputStream:75 - [STDERR_REDIRECT] 
2026-05-17 21:42:27,826 [ERROR] LogOutputStream:75 - [STDERR_REDIRECT] [Fatal Error] :1:1: Premature end of file.
2026-05-17 21:42:27,826 [ERROR] LogOutputStream:75 - [STDERR_REDIRECT] 
2026-05-17 21:42:28,827 [ERROR] LogOutputStream:75 - [STDERR_REDIRECT] [Fatal Error] :1:1: Premature end of file.
2026-05-17 21:42:28,827 [ERROR] LogOutputStream:75 - [STDERR_REDIRECT] 
2026-05-17 21:42:29,828 [ERROR] LogOutputStream:75 - [STDERR_REDIRECT] [Fatal Error] :1:1: Premature end of file.
2026-05-17 21:42:29,828 [ERROR] LogOutputStream:75 - [STDERR_REDIRECT] 
2026-05-17 21:42:30,829 [ERROR] LogOutputStream:75 - [STDERR_REDIRECT] [Fatal Error] :1:1: Premature end of file.
2026-05-17 21:42:30,829 [ERROR] LogOutputStream:75 - [STDERR_REDIRECT] 
2026-05-17 21:42:31,832 [ERROR] LogOutputStream:75 - [STDERR_REDIRECT] [Fatal Error] :1:1: Premature end of file.
2026-05-17 21:42:31,832 [ERROR] LogOutputStream:75 - [STDERR_REDIRECT] 
2026-05-17 21:42:32,834 [ERROR] LogOutputStream:75 - [STDERR_REDIRECT] [Fatal Error] :1:1: Premature end of file.
2026-05-17 21:42:32,834 [ERROR] LogOutputStream:75 - [STDERR_REDIRECT] 
2026-05-17 21:42:33,833 [ERROR] LogOutputStream:75 - [STDERR_REDIRECT] [Fatal Error] :1:1: Premature end of file.
2026-05-17 21:42:33,833 [ERROR] LogOutputStream:75 - [STDERR_REDIRECT] 
2026-05-17 21:42:34,843 [ERROR] LogOutputStream:75 - [STDERR_REDIRECT] [Fatal Error] :1:1: Premature end of file.
2026-05-17 21:42:34,843 [ERROR] LogOutputStream:75 - [STDERR_REDIRECT] 
2026-05-17 21:42:35,834 [ERROR] LogOutputStream:75 - [STDERR_REDIRECT] [Fatal Error] :1:1: Premature end of file.
2026-05-17 21:42:35,834 [ERROR] LogOutputStream:75 - [STDERR_REDIRECT] 
2026-05-17 21:42:36,835 [ERROR] LogOutputStream:75 - [STDERR_REDIRECT] [Fatal Error] :1:1: Premature end of file.
2026-05-17 21:42:36,835 [ERROR] LogOutputStream:75 - [STDERR_REDIRECT] 
2026-05-17 21:42:37,837 [ERROR] LogOutputStream:75 - [STDERR_REDIRECT] [Fatal Error] :1:1: Premature end of file.
2026-05-17 21:42:37,837 [ERROR] LogOutputStream:75 - [STDERR_REDIRECT] 
2026-05-17 21:42:38,822 [ERROR] LogOutputStream:75 - [STDERR_REDIRECT] [Fatal Error] :1:1: Premature end of file.
2026-05-17 21:42:38,822 [ERROR] LogOutputStream:75 - [STDERR_REDIRECT] 
2026-05-17 21:42:39,823 [ERROR] LogOutputStream:75 - [STDERR_REDIRECT] [Fatal Error] :1:1: Premature end of file.
2026-05-17 21:42:39,823 [ERROR] LogOutputStream:75 - [STDERR_REDIRECT] 
2026-05-17 21:42:40,826 [ERROR] LogOutputStream:75 - [STDERR_REDIRECT] [Fatal Error] :1:1: Premature end of file.
2026-05-17 21:42:40,826 [ERROR] LogOutputStream:75 - [STDERR_REDIRECT] 
2026-05-17 21:42:41,828 [ERROR] LogOutputStream:75 - [STDERR_REDIRECT] [Fatal Error] :1:1: Premature end of file.
2026-05-17 21:42:41,828 [ERROR] LogOutputStream:75 - [STDERR_REDIRECT] 
2026-05-17 21:42:42,828 [ERROR] LogOutputStream:75 - [STDERR_REDIRECT] [Fatal Error] :1:1: Premature end of file.
2026-05-17 21:42:42,828 [ERROR] LogOutputStream:75 - [STDERR_REDIRECT] 
2026-05-17 21:42:43,828 [ERROR] LogOutputStream:75 - [STDERR_REDIRECT] [Fatal Error] :1:1: Premature end of file.
2026-05-17 21:42:43,828 [ERROR] LogOutputStream:75 - [STDERR_REDIRECT] 
2026-05-17 21:42:44,828 [ERROR] LogOutputStream:75 - [STDERR_REDIRECT] [Fatal Error] :1:1: Premature end of file.
2026-05-17 21:42:44,828 [ERROR] LogOutputStream:75 - [STDERR_REDIRECT] 
2026-05-17 21:42:45,829 [ERROR] LogOutputStream:75 - [STDERR_REDIRECT] [Fatal Error] :1:1: Premature end of file.
2026-05-17 21:42:45,829 [ERROR] LogOutputStream:75 - [STDERR_REDIRECT] 
2026-05-17 21:42:46,830 [ERROR] LogOutputStream:75 - [STDERR_REDIRECT] [Fatal Error] :1:1: Premature end of file.
2026-05-17 21:42:46,830 [ERROR] LogOutputStream:75 - [STDERR_REDIRECT] 
2026-05-17 21:42:47,831 [ERROR] LogOutputStream:75 - [STDERR_REDIRECT] [Fatal Error] :1:1: Premature end of file.
2026-05-17 21:42:47,831 [ERROR] LogOutputStream:75 - [STDERR_REDIRECT] 
2026-05-17 21:42:48,832 [ERROR] LogOutputStream:75 - [STDERR_REDIRECT] [Fatal Error] :1:1: Premature end of file.
2026-05-17 21:42:48,832 [ERROR] LogOutputStream:75 - [STDERR_REDIRECT] 
2026-05-17 21:42:49,835 [ERROR] LogOutputStream:75 - [STDERR_REDIRECT] [Fatal Error] :1:1: Premature end of file.
2026-05-17 21:42:49,835 [ERROR] LogOutputStream:75 - [STDERR_REDIRECT] 
2026-05-17 21:42:50,835 [ERROR] LogOutputStream:75 - [STDERR_REDIRECT] [Fatal Error] :1:1: Premature end of file.
2026-05-17 21:42:50,835 [ERROR] LogOutputStream:75 - [STDERR_REDIRECT] 
2026-05-17 21:42:51,835 [ERROR] LogOutputStream:75 - [STDERR_REDIRECT] [Fatal Error] :1:1: Premature end of file.
2026-05-17 21:42:51,835 [ERROR] LogOutputStream:75 - [STDERR_REDIRECT] 
2026-05-17 21:42:52,836 [ERROR] LogOutputStream:75 - [STDERR_REDIRECT] [Fatal Error] :1:1: Premature end of file.
2026-05-17 21:42:52,836 [ERROR] LogOutputStream:75 - [STDERR_REDIRECT] 
2026-05-17 21:42:53,822 [ERROR] LogOutputStream:75 - [STDERR_REDIRECT] [Fatal Error] :1:1: Premature end of file.
2026-05-17 21:42:53,822 [ERROR] LogOutputStream:75 - [STDERR_REDIRECT] 
2026-05-17 21:42:54,823 [ERROR] LogOutputStream:75 - [STDERR_REDIRECT] [Fatal Error] :1:1: Premature end of file.
2026-05-17 21:42:54,823 [ERROR] LogOutputStream:75 - [STDERR_REDIRECT] 
2026-05-17 21:42:55,837 [ERROR] LogOutputStream:75 - [STDERR_REDIRECT] [Fatal Error] :1:1: Premature end of file.
2026-05-17 21:42:55,837 [ERROR] LogOutputStream:75 - [STDERR_REDIRECT] 
2026-05-17 21:42:56,836 [ERROR] LogOutputStream:75 - [STDERR_REDIRECT] [Fatal Error] :1:1: Premature end of file.
2026-05-17 21:42:56,836 [ERROR] LogOutputStream:75 - [STDERR_REDIRECT] 
2026-05-17 21:42:57,836 [ERROR] LogOutputStream:75 - [STDERR_REDIRECT] [Fatal Error] :1:1: Premature end of file.
2026-05-17 21:42:57,836 [ERROR] LogOutputStream:75 - [STDERR_REDIRECT] 
2026-05-17 21:42:58,822 [ERROR] LogOutputStream:75 - [STDERR_REDIRECT] [Fatal Error] :1:1: Premature end of file.
2026-05-17 21:42:58,822 [ERROR] LogOutputStream:75 - [STDERR_REDIRECT] 
2026-05-17 21:42:59,824 [ERROR] LogOutputStream:75 - [STDERR_REDIRECT] [Fatal Error] :1:1: Premature end of file.
2026-05-17 21:42:59,824 [ERROR] LogOutputStream:75 - [STDERR_REDIRECT] 
2026-05-17 21:43:00,825 [ERROR] LogOutputStream:75 - [STDERR_REDIRECT] [Fatal Error] :1:1: Premature end of file.
2026-05-17 21:43:00,825 [ERROR] LogOutputStream:75 - [STDERR_REDIRECT] 
2026-05-17 21:43:01,829 [ERROR] LogOutputStream:75 - [STDERR_REDIRECT] [Fatal Error] :1:1: Premature end of file.
2026-05-17 21:43:01,829 [ERROR] LogOutputStream:75 - [STDERR_REDIRECT] 
2026-05-17 21:43:02,830 [ERROR] LogOutputStream:75 - [STDERR_REDIRECT] [Fatal Error] :1:1: Premature end of file.
2026-05-17 21:43:02,830 [ERROR] LogOutputStream:75 - [STDERR_REDIRECT] 
2026-05-17 21:43:03,830 [ERROR] LogOutputStream:75 - [STDERR_REDIRECT] [Fatal Error] :1:1: Premature end of file.
2026-05-17 21:43:03,830 [ERROR] LogOutputStream:75 - [STDERR_REDIRECT] 
2026-05-17 21:43:04,831 [ERROR] LogOutputStream:75 - [STDERR_REDIRECT] [Fatal Error] :1:1: Premature end of file.
2026-05-17 21:43:04,831 [ERROR] LogOutputStream:75 - [STDERR_REDIRECT] 
2026-05-17 21:43:05,832 [ERROR] LogOutputStream:75 - [STDERR_REDIRECT] [Fatal Error] :1:1: Premature end of file.
2026-05-17 21:43:05,832 [ERROR] LogOutputStream:75 - [STDERR_REDIRECT] 
2026-05-17 21:43:06,845 [ERROR] LogOutputStream:75 - [STDERR_REDIRECT] [Fatal Error] :1:1: Premature end of file.
2026-05-17 21:43:06,845 [ERROR] LogOutputStream:75 - [STDERR_REDIRECT] 
2026-05-17 21:43:07,833 [ERROR] LogOutputStream:75 - [STDERR_REDIRECT] [Fatal Error] :1:1: Premature end of file.
2026-05-17 21:43:07,833 [ERROR] LogOutputStream:75 - [STDERR_REDIRECT] 
2026-05-17 21:43:08,834 [ERROR] LogOutputStream:75 - [STDERR_REDIRECT] [Fatal Error] :1:1: Premature end of file.
2026-05-17 21:43:08,834 [ERROR] LogOutputStream:75 - [STDERR_REDIRECT] 
2026-05-17 21:43:09,847 [ERROR] LogOutputStream:75 - [STDERR_REDIRECT] [Fatal Error] :1:1: Premature end of file.
2026-05-17 21:43:09,847 [ERROR] LogOutputStream:75 - [STDERR_REDIRECT] 
2026-05-17 21:43:10,833 [ERROR] LogOutputStream:75 - [STDERR_REDIRECT] [Fatal Error] :1:1: Premature end of file.
2026-05-17 21:43:10,833 [ERROR] LogOutputStream:75 - [STDERR_REDIRECT] 
2026-05-17 21:43:11,833 [ERROR] LogOutputStream:75 - [STDERR_REDIRECT] [Fatal Error] :1:1: Premature end of file.
2026-05-17 21:43:11,833 [ERROR] LogOutputStream:75 - [STDERR_REDIRECT] 
2026-05-17 21:43:12,834 [ERROR] LogOutputStream:75 - [STDERR_REDIRECT] [Fatal Error] :1:1: Premature end of file.
2026-05-17 21:43:12,834 [ERROR] LogOutputStream:75 - [STDERR_REDIRECT] 
2026-05-17 21:43:13,836 [ERROR] LogOutputStream:75 - [STDERR_REDIRECT] [Fatal Error] :1:1: Premature end of file.
2026-05-17 21:43:13,836 [ERROR] LogOutputStream:75 - [STDERR_REDIRECT] 
2026-05-17 21:43:14,837 [ERROR] LogOutputStream:75 - [STDERR_REDIRECT] [Fatal Error] :1:1: Premature end of file.
2026-05-17 21:43:14,837 [ERROR] LogOutputStream:75 - [STDERR_REDIRECT] 
2026-05-17 21:43:15,823 [ERROR] LogOutputStream:75 - [STDERR_REDIRECT] [Fatal Error] :1:1: Premature end of file.
2026-05-17 21:43:15,823 [ERROR] LogOutputStream:75 - [STDERR_REDIRECT] 
2026-05-17 21:43:16,822 [ERROR] LogOutputStream:75 - [STDERR_REDIRECT] [Fatal Error] :1:1: Premature end of file.
2026-05-17 21:43:16,822 [ERROR] LogOutputStream:75 - [STDERR_REDIRECT] 
2026-05-17 21:43:17,837 [ERROR] LogOutputStream:75 - [STDERR_REDIRECT] [Fatal Error] :1:1: Premature end of file.
2026-05-17 21:43:17,837 [ERROR] LogOutputStream:75 - [STDERR_REDIRECT] 
2026-05-17 21:43:18,836 [ERROR] LogOutputStream:75 - [STDERR_REDIRECT] [Fatal Error] :1:1: Premature end of file.
2026-05-17 21:43:18,836 [ERROR] LogOutputStream:75 - [STDERR_REDIRECT] 
2026-05-17 21:43:19,837 [ERROR] LogOutputStream:75 - [STDERR_REDIRECT] [Fatal Error] :1:1: Premature end of file.
2026-05-17 21:43:19,837 [ERROR] LogOutputStream:75 - [STDERR_REDIRECT] 
2026-05-17 21:43:20,823 [ERROR] LogOutputStream:75 - [STDERR_REDIRECT] [Fatal Error] :1:1: Premature end of file.
2026-05-17 21:43:20,823 [ERROR] LogOutputStream:75 - [STDERR_REDIRECT] 
2026-05-17 21:43:21,825 [ERROR] LogOutputStream:75 - [STDERR_REDIRECT] [Fatal Error] :1:1: Premature end of file.
2026-05-17 21:43:21,825 [ERROR] LogOutputStream:75 - [STDERR_REDIRECT] 
2026-05-17 21:43:22,825 [ERROR] LogOutputStream:75 - [STDERR_REDIRECT] [Fatal Error] :1:1: Premature end of file.
2026-05-17 21:43:22,825 [ERROR] LogOutputStream:75 - [STDERR_REDIRECT] 
2026-05-17 21:43:23,826 [ERROR] LogOutputStream:75 - [STDERR_REDIRECT] [Fatal Error] :1:1: Premature end of file.
2026-05-17 21:43:23,826 [ERROR] LogOutputStream:75 - [STDERR_REDIRECT] 
2026-05-17 21:43:24,826 [ERROR] LogOutputStream:75 - [STDERR_REDIRECT] [Fatal Error] :1:1: Premature end of file.
2026-05-17 21:43:24,826 [ERROR] LogOutputStream:75 - [STDERR_REDIRECT] 
2026-05-17 21:43:25,826 [ERROR] LogOutputStream:75 - [STDERR_REDIRECT] [Fatal Error] :1:1: Premature end of file.
2026-05-17 21:43:25,826 [ERROR] LogOutputStream:75 - [STDERR_REDIRECT] 
2026-05-17 21:43:26,827 [ERROR] LogOutputStream:75 - [STDERR_REDIRECT] [Fatal Error] :1:1: Premature end of file.
2026-05-17 21:43:26,827 [ERROR] LogOutputStream:75 - [STDERR_REDIRECT] 
2026-05-17 21:43:27,830 [ERROR] LogOutputStream:75 - [STDERR_REDIRECT] [Fatal Error] :1:1: Premature end of file.
2026-05-17 21:43:27,830 [ERROR] LogOutputStream:75 - [STDERR_REDIRECT] 
2026-05-17 21:43:28,834 [ERROR] LogOutputStream:75 - [STDERR_REDIRECT] [Fatal Error] :1:1: Premature end of file.
2026-05-17 21:43:28,834 [ERROR] LogOutputStream:75 - [STDERR_REDIRECT] 
2026-05-17 21:43:29,835 [ERROR] LogOutputStream:75 - [STDERR_REDIRECT] [Fatal Error] :1:1: Premature end of file.
2026-05-17 21:43:29,835 [ERROR] LogOutputStream:75 - [STDERR_REDIRECT] 
2026-05-17 21:43:30,834 [ERROR] LogOutputStream:75 - [STDERR_REDIRECT] [Fatal Error] :1:1: Premature end of file.
2026-05-17 21:43:30,834 [ERROR] LogOutputStream:75 - [STDERR_REDIRECT] 
2026-05-17 21:43:31,836 [ERROR] LogOutputStream:75 - [STDERR_REDIRECT] [Fatal Error] :1:1: Premature end of file.
2026-05-17 21:43:31,836 [ERROR] LogOutputStream:75 - [STDERR_REDIRECT] 
2026-05-17 21:43:32,837 [ERROR] LogOutputStream:75 - [STDERR_REDIRECT] [Fatal Error] :1:1: Premature end of file.
2026-05-17 21:43:32,837 [ERROR] LogOutputStream:75 - [STDERR_REDIRECT] 
2026-05-17 21:43:33,823 [ERROR] LogOutputStream:75 - [STDERR_REDIRECT] [Fatal Error] :1:1: Premature end of file.
2026-05-17 21:43:33,823 [ERROR] LogOutputStream:75 - [STDERR_REDIRECT] 
2026-05-17 21:43:34,823 [ERROR] LogOutputStream:75 - [STDERR_REDIRECT] [Fatal Error] :1:1: Premature end of file.
2026-05-17 21:43:34,823 [ERROR] LogOutputStream:75 - [STDERR_REDIRECT] 
2026-05-17 21:43:35,827 [ERROR] LogOutputStream:75 - [STDERR_REDIRECT] [Fatal Error] :1:1: Premature end of file.
2026-05-17 21:43:35,827 [ERROR] LogOutputStream:75 - [STDERR_REDIRECT] 
2026-05-17 21:43:36,827 [ERROR] LogOutputStream:75 - [STDERR_REDIRECT] [Fatal Error] :1:1: Premature end of file.
2026-05-17 21:43:36,827 [ERROR] LogOutputStream:75 - [STDERR_REDIRECT] 
2026-05-17 21:43:37,828 [ERROR] LogOutputStream:75 - [STDERR_REDIRECT] [Fatal Error] :1:1: Premature end of file.
2026-05-17 21:43:37,828 [ERROR] LogOutputStream:75 - [STDERR_REDIRECT] 
2026-05-17 21:43:38,831 [ERROR] LogOutputStream:75 - [STDERR_REDIRECT] [Fatal Error] :1:1: Premature end of file.
2026-05-17 21:43:38,831 [ERROR] LogOutputStream:75 - [STDERR_REDIRECT] 
2026-05-17 21:43:39,830 [ERROR] LogOutputStream:75 - [STDERR_REDIRECT] [Fatal Error] :1:1: Premature end of file.
2026-05-17 21:43:39,830 [ERROR] LogOutputStream:75 - [STDERR_REDIRECT] 
2026-05-17 21:43:40,832 [ERROR] LogOutputStream:75 - [STDERR_REDIRECT] [Fatal Error] :1:1: Premature end of file.
2026-05-17 21:43:40,832 [ERROR] LogOutputStream:75 - [STDERR_REDIRECT] 
2026-05-17 21:43:41,835 [ERROR] LogOutputStream:75 - [STDERR_REDIRECT] [Fatal Error] :1:1: Premature end of file.
2026-05-17 21:43:41,835 [ERROR] LogOutputStream:75 - [STDERR_REDIRECT] 
2026-05-17 21:43:42,836 [ERROR] LogOutputStream:75 - [STDERR_REDIRECT] [Fatal Error] :1:1: Premature end of file.
2026-05-17 21:43:42,836 [ERROR] LogOutputStream:75 - [STDERR_REDIRECT] 
2026-05-17 21:43:43,823 [ERROR] LogOutputStream:75 - [STDERR_REDIRECT] [Fatal Error] :1:1: Premature end of file.
2026-05-17 21:43:43,823 [ERROR] LogOutputStream:75 - [STDERR_REDIRECT] 
2026-05-17 21:43:44,823 [ERROR] LogOutputStream:75 - [STDERR_REDIRECT] [Fatal Error] :1:1: Premature end of file.
2026-05-17 21:43:44,823 [ERROR] LogOutputStream:75 - [STDERR_REDIRECT] 
2026-05-17 21:43:45,824 [ERROR] LogOutputStream:75 - [STDERR_REDIRECT] [Fatal Error] :1:1: Premature end of file.
2026-05-17 21:43:45,824 [ERROR] LogOutputStream:75 - [STDERR_REDIRECT] 
2026-05-17 21:43:46,825 [ERROR] LogOutputStream:75 - [STDERR_REDIRECT] [Fatal Error] :1:1: Premature end of file.
2026-05-17 21:43:46,825 [ERROR] LogOutputStream:75 - [STDERR_REDIRECT] 
2026-05-17 21:43:47,827 [ERROR] LogOutputStream:75 - [STDERR_REDIRECT] [Fatal Error] :1:1: Premature end of file.
2026-05-17 21:43:47,827 [ERROR] LogOutputStream:75 - [STDERR_REDIRECT] 
2026-05-17 21:43:48,828 [ERROR] LogOutputStream:75 - [STDERR_REDIRECT] [Fatal Error] :1:1: Premature end of file.
2026-05-17 21:43:48,828 [ERROR] LogOutputStream:75 - [STDERR_REDIRECT] 
2026-05-17 21:43:49,829 [ERROR] LogOutputStream:75 - [STDERR_REDIRECT] [Fatal Error] :1:1: Premature end of file.
2026-05-17 21:43:49,829 [ERROR] LogOutputStream:75 - [STDERR_REDIRECT] 
2026-05-17 21:43:50,829 [ERROR] LogOutputStream:75 - [STDERR_REDIRECT] [Fatal Error] :1:1: Premature end of file.
2026-05-17 21:43:50,829 [ERROR] LogOutputStream:75 - [STDERR_REDIRECT] 
2026-05-17 21:43:51,830 [ERROR] LogOutputStream:75 - [STDERR_REDIRECT] [Fatal Error] :1:1: Premature end of file.
2026-05-17 21:43:51,830 [ERROR] LogOutputStream:75 - [STDERR_REDIRECT] 
2026-05-17 21:43:52,830 [ERROR] LogOutputStream:75 - [STDERR_REDIRECT] [Fatal Error] :1:1: Premature end of file.
2026-05-17 21:43:52,830 [ERROR] LogOutputStream:75 - [STDERR_REDIRECT] 
2026-05-17 21:43:53,831 [ERROR] LogOutputStream:75 - [STDERR_REDIRECT] [Fatal Error] :1:1: Premature end of file.
2026-05-17 21:43:53,831 [ERROR] LogOutputStream:75 - [STDERR_REDIRECT] 
2026-05-17 21:43:54,830 [ERROR] LogOutputStream:75 - [STDERR_REDIRECT] [Fatal Error] :1:1: Premature end of file.
2026-05-17 21:43:54,830 [ERROR] LogOutputStream:75 - [STDERR_REDIRECT] 
2026-05-17 21:43:55,830 [ERROR] LogOutputStream:75 - [STDERR_REDIRECT] [Fatal Error] :1:1: Premature end of file.
2026-05-17 21:43:55,830 [ERROR] LogOutputStream:75 - [STDERR_REDIRECT] 
2026-05-17 21:43:56,840 [ERROR] LogOutputStream:75 - [STDERR_REDIRECT] [Fatal Error] :1:1: Premature end of file.
2026-05-17 21:43:56,840 [ERROR] LogOutputStream:75 - [STDERR_REDIRECT] 
2026-05-17 21:43:57,833 [ERROR] LogOutputStream:75 - [STDERR_REDIRECT] [Fatal Error] :1:1: Premature end of file.
2026-05-17 21:43:57,833 [ERROR] LogOutputStream:75 - [STDERR_REDIRECT] 
2026-05-17 21:43:58,833 [ERROR] LogOutputStream:75 - [STDERR_REDIRECT] [Fatal Error] :1:1: Premature end of file.
2026-05-17 21:43:58,833 [ERROR] LogOutputStream:75 - [STDERR_REDIRECT] 
2026-05-17 21:43:59,835 [ERROR] LogOutputStream:75 - [STDERR_REDIRECT] [Fatal Error] :1:1: Premature end of file.
2026-05-17 21:43:59,835 [ERROR] LogOutputStream:75 - [STDERR_REDIRECT] 
2026-05-17 21:44:00,838 [ERROR] LogOutputStream:75 - [STDERR_REDIRECT] [Fatal Error] :1:1: Premature end of file.
2026-05-17 21:44:00,838 [ERROR] LogOutputStream:75 - [STDERR_REDIRECT] 
2026-05-17 21:44:01,823 [ERROR] LogOutputStream:75 - [STDERR_REDIRECT] [Fatal Error] :1:1: Premature end of file.
2026-05-17 21:44:01,823 [ERROR] LogOutputStream:75 - [STDERR_REDIRECT] 
2026-05-17 21:44:02,827 [ERROR] LogOutputStream:75 - [STDERR_REDIRECT] [Fatal Error] :1:1: Premature end of file.
2026-05-17 21:44:02,827 [ERROR] LogOutputStream:75 - [STDERR_REDIRECT] 
2026-05-17 21:44:03,826 [ERROR] LogOutputStream:75 - [STDERR_REDIRECT] [Fatal Error] :1:1: Premature end of file.
2026-05-17 21:44:03,826 [ERROR] LogOutputStream:75 - [STDERR_REDIRECT] 
2026-05-17 21:44:04,828 [ERROR] LogOutputStream:75 - [STDERR_REDIRECT] [Fatal Error] :1:1: Premature end of file.
2026-05-17 21:44:04,828 [ERROR] LogOutputStream:75 - [STDERR_REDIRECT] 
2026-05-17 21:44:05,829 [ERROR] LogOutputStream:75 - [STDERR_REDIRECT] [Fatal Error] :1:1: Premature end of file.
2026-05-17 21:44:05,829 [ERROR] LogOutputStream:75 - [STDERR_REDIRECT] 
2026-05-17 21:44:06,829 [ERROR] LogOutputStream:75 - [STDERR_REDIRECT] [Fatal Error] :1:1: Premature end of file.
2026-05-17 21:44:06,829 [ERROR] LogOutputStream:75 - [STDERR_REDIRECT] 
2026-05-17 21:44:07,830 [ERROR] LogOutputStream:75 - [STDERR_REDIRECT] [Fatal Error] :1:1: Premature end of file.
2026-05-17 21:44:07,830 [ERROR] LogOutputStream:75 - [STDERR_REDIRECT] 
2026-05-17 21:44:08,832 [ERROR] LogOutputStream:75 - [STDERR_REDIRECT] [Fatal Error] :1:1: Premature end of file.
2026-05-17 21:44:08,832 [ERROR] LogOutputStream:75 - [STDERR_REDIRECT] 
2026-05-17 21:44:09,834 [ERROR] LogOutputStream:75 - [STDERR_REDIRECT] [Fatal Error] :1:1: Premature end of file.
2026-05-17 21:44:09,834 [ERROR] LogOutputStream:75 - [STDERR_REDIRECT] 
2026-05-17 21:44:10,836 [ERROR] LogOutputStream:75 - [STDERR_REDIRECT] [Fatal Error] :1:1: Premature end of file.
2026-05-17 21:44:10,836 [ERROR] LogOutputStream:75 - [STDERR_REDIRECT] 
2026-05-17 21:44:11,837 [ERROR] LogOutputStream:75 - [STDERR_REDIRECT] [Fatal Error] :1:1: Premature end of file.
2026-05-17 21:44:11,837 [ERROR] LogOutputStream:75 - [STDERR_REDIRECT] 
2026-05-17 21:44:12,823 [ERROR] LogOutputStream:75 - [STDERR_REDIRECT] [Fatal Error] :1:1: Premature end of file.
2026-05-17 21:44:12,823 [ERROR] LogOutputStream:75 - [STDERR_REDIRECT] 
2026-05-17 21:44:13,839 [ERROR] LogOutputStream:75 - [STDERR_REDIRECT] [Fatal Error] :1:1: Premature end of file.
2026-05-17 21:44:13,839 [ERROR] LogOutputStream:75 - [STDERR_REDIRECT] 
2026-05-17 21:44:14,826 [ERROR] LogOutputStream:75 - [STDERR_REDIRECT] [Fatal Error] :1:1: Premature end of file.
2026-05-17 21:44:14,826 [ERROR] LogOutputStream:75 - [STDERR_REDIRECT] 
2026-05-17 21:44:15,826 [ERROR] LogOutputStream:75 - [STDERR_REDIRECT] [Fatal Error] :1:1: Premature end of file.
2026-05-17 21:44:15,826 [ERROR] LogOutputStream:75 - [STDERR_REDIRECT] 
2026-05-17 21:44:16,827 [ERROR] LogOutputStream:75 - [STDERR_REDIRECT] [Fatal Error] :1:1: Premature end of file.
2026-05-17 21:44:16,827 [ERROR] LogOutputStream:75 - [STDERR_REDIRECT] 
2026-05-17 21:44:17,842 [ERROR] LogOutputStream:75 - [STDERR_REDIRECT] [Fatal Error] :1:1: Premature end of file.
2026-05-17 21:44:17,842 [ERROR] LogOutputStream:75 - [STDERR_REDIRECT] 
2026-05-17 21:44:18,826 [ERROR] LogOutputStream:75 - [STDERR_REDIRECT] [Fatal Error] :1:1: Premature end of file.
2026-05-17 21:44:18,826 [ERROR] LogOutputStream:75 - [STDERR_REDIRECT] 
2026-05-17 21:44:19,828 [ERROR] LogOutputStream:75 - [STDERR_REDIRECT] [Fatal Error] :1:1: Premature end of file.
2026-05-17 21:44:19,828 [ERROR] LogOutputStream:75 - [STDERR_REDIRECT] 
2026-05-17 21:44:20,830 [ERROR] LogOutputStream:75 - [STDERR_REDIRECT] [Fatal Error] :1:1: Premature end of file.
2026-05-17 21:44:20,830 [ERROR] LogOutputStream:75 - [STDERR_REDIRECT] 
2026-05-17 21:44:21,833 [ERROR] LogOutputStream:75 - [STDERR_REDIRECT] [Fatal Error] :1:1: Premature end of file.
2026-05-17 21:44:21,833 [ERROR] LogOutputStream:75 - [STDERR_REDIRECT] 
2026-05-17 21:44:22,831 [ERROR] LogOutputStream:75 - [STDERR_REDIRECT] [Fatal Error] :1:1: Premature end of file.
2026-05-17 21:44:22,831 [ERROR] LogOutputStream:75 - [STDERR_REDIRECT] 
2026-05-17 21:44:23,833 [ERROR] LogOutputStream:75 - [STDERR_REDIRECT] [Fatal Error] :1:1: Premature end of file.
2026-05-17 21:44:23,833 [ERROR] LogOutputStream:75 - [STDERR_REDIRECT] 
2026-05-17 21:44:24,832 [ERROR] LogOutputStream:75 - [STDERR_REDIRECT] [Fatal Error] :1:1: Premature end of file.
2026-05-17 21:44:24,832 [ERROR] LogOutputStream:75 - [STDERR_REDIRECT] 
2026-05-17 21:44:25,831 [ERROR] LogOutputStream:75 - [STDERR_REDIRECT] [Fatal Error] :1:1: Premature end of file.
2026-05-17 21:44:25,831 [ERROR] LogOutputStream:75 - [STDERR_REDIRECT] 
2026-05-17 21:44:26,829 [ERROR] LogOutputStream:75 - [STDERR_REDIRECT] [Fatal Error] :1:1: Premature end of file.
2026-05-17 21:44:26,829 [ERROR] LogOutputStream:75 - [STDERR_REDIRECT] 
2026-05-17 21:44:27,824 [ERROR] LogOutputStream:75 - [STDERR_REDIRECT] [Fatal Error] :1:1: Premature end of file.
2026-05-17 21:44:27,824 [ERROR] LogOutputStream:75 - [STDERR_REDIRECT] 
2026-05-17 21:44:28,824 [ERROR] LogOutputStream:75 - [STDERR_REDIRECT] [Fatal Error] :1:1: Premature end of file.
2026-05-17 21:44:28,824 [ERROR] LogOutputStream:75 - [STDERR_REDIRECT] 
2026-05-17 21:44:29,830 [ERROR] LogOutputStream:75 - [STDERR_REDIRECT] [Fatal Error] :1:1: Premature end of file.
2026-05-17 21:44:29,830 [ERROR] LogOutputStream:75 - [STDERR_REDIRECT] 
2026-05-17 21:44:30,827 [ERROR] LogOutputStream:75 - [STDERR_REDIRECT] [Fatal Error] :1:1: Premature end of file.
2026-05-17 21:44:30,827 [ERROR] LogOutputStream:75 - [STDERR_REDIRECT] 
2026-05-17 21:44:31,828 [ERROR] LogOutputStream:75 - [STDERR_REDIRECT] [Fatal Error] :1:1: Premature end of file.
2026-05-17 21:44:31,828 [ERROR] LogOutputStream:75 - [STDERR_REDIRECT] 
2026-05-17 21:44:32,829 [ERROR] LogOutputStream:75 - [STDERR_REDIRECT] [Fatal Error] :1:1: Premature end of file.
2026-05-17 21:44:32,829 [ERROR] LogOutputStream:75 - [STDERR_REDIRECT] 
2026-05-17 21:44:33,828 [ERROR] LogOutputStream:75 - [STDERR_REDIRECT] [Fatal Error] :1:1: Premature end of file.
2026-05-17 21:44:33,828 [ERROR] LogOutputStream:75 - [STDERR_REDIRECT] 
2026-05-17 21:44:34,829 [ERROR] LogOutputStream:75 - [STDERR_REDIRECT] [Fatal Error] :1:1: Premature end of file.
2026-05-17 21:44:34,829 [ERROR] LogOutputStream:75 - [STDERR_REDIRECT] 
2026-05-17 21:44:35,829 [ERROR] LogOutputStream:75 - [STDERR_REDIRECT] [Fatal Error] :1:1: Premature end of file.
2026-05-17 21:44:35,829 [ERROR] LogOutputStream:75 - [STDERR_REDIRECT] 
2026-05-17 21:44:36,830 [ERROR] LogOutputStream:75 - [STDERR_REDIRECT] [Fatal Error] :1:1: Premature end of file.
2026-05-17 21:44:36,830 [ERROR] LogOutputStream:75 - [STDERR_REDIRECT] 
2026-05-17 21:44:37,831 [ERROR] LogOutputStream:75 - [STDERR_REDIRECT] [Fatal Error] :1:1: Premature end of file.
2026-05-17 21:44:37,831 [ERROR] LogOutputStream:75 - [STDERR_REDIRECT] 
2026-05-17 21:44:38,845 [ERROR] LogOutputStream:75 - [STDERR_REDIRECT] [Fatal Error] :1:1: Premature end of file.
2026-05-17 21:44:38,845 [ERROR] LogOutputStream:75 - [STDERR_REDIRECT] 
2026-05-17 21:44:39,835 [ERROR] LogOutputStream:75 - [STDERR_REDIRECT] [Fatal Error] :1:1: Premature end of file.
2026-05-17 21:44:39,835 [ERROR] LogOutputStream:75 - [STDERR_REDIRECT] 
2026-05-17 21:44:40,834 [ERROR] LogOutputStream:75 - [STDERR_REDIRECT] [Fatal Error] :1:1: Premature end of file.
2026-05-17 21:44:40,834 [ERROR] LogOutputStream:75 - [STDERR_REDIRECT] 
2026-05-17 21:44:41,835 [ERROR] LogOutputStream:75 - [STDERR_REDIRECT] [Fatal Error] :1:1: Premature end of file.
2026-05-17 21:44:41,835 [ERROR] LogOutputStream:75 - [STDERR_REDIRECT] 
2026-05-17 21:44:42,835 [ERROR] LogOutputStream:75 - [STDERR_REDIRECT] [Fatal Error] :1:1: Premature end of file.
2026-05-17 21:44:42,835 [ERROR] LogOutputStream:75 - [STDERR_REDIRECT] 
2026-05-17 21:44:43,835 [ERROR] LogOutputStream:75 - [STDERR_REDIRECT] [Fatal Error] :1:1: Premature end of file.
2026-05-17 21:44:43,835 [ERROR] LogOutputStream:75 - [STDERR_REDIRECT] 
2026-05-17 21:44:44,836 [ERROR] LogOutputStream:75 - [STDERR_REDIRECT] [Fatal Error] :1:1: Premature end of file.
2026-05-17 21:44:44,836 [ERROR] LogOutputStream:75 - [STDERR_REDIRECT] 
2026-05-17 21:44:45,837 [ERROR] LogOutputStream:75 - [STDERR_REDIRECT] [Fatal Error] :1:1: Premature end of file.
2026-05-17 21:44:45,837 [ERROR] LogOutputStream:75 - [STDERR_REDIRECT] 
2026-05-17 21:44:46,835 [ERROR] LogOutputStream:75 - [STDERR_REDIRECT] [Fatal Error] :1:1: Premature end of file.
2026-05-17 21:44:46,836 [ERROR] LogOutputStream:75 - [STDERR_REDIRECT] 
2026-05-17 21:44:47,825 [ERROR] LogOutputStream:75 - [STDERR_REDIRECT] [Fatal Error] :1:1: Premature end of file.
2026-05-17 21:44:47,825 [ERROR] LogOutputStream:75 - [STDERR_REDIRECT] 
2026-05-17 21:44:48,828 [ERROR] LogOutputStream:75 - [STDERR_REDIRECT] [Fatal Error] :1:1: Premature end of file.
2026-05-17 21:44:48,828 [ERROR] LogOutputStream:75 - [STDERR_REDIRECT] 
2026-05-17 21:44:49,830 [ERROR] LogOutputStream:75 - [STDERR_REDIRECT] [Fatal Error] :1:1: Premature end of file.
2026-05-17 21:44:49,830 [ERROR] LogOutputStream:75 - [STDERR_REDIRECT] 
2026-05-17 21:44:50,831 [ERROR] LogOutputStream:75 - [STDERR_REDIRECT] [Fatal Error] :1:1: Premature end of file.
2026-05-17 21:44:50,831 [ERROR] LogOutputStream:75 - [STDERR_REDIRECT] 
2026-05-17 21:44:51,832 [ERROR] LogOutputStream:75 - [STDERR_REDIRECT] [Fatal Error] :1:1: Premature end of file.
2026-05-17 21:44:51,832 [ERROR] LogOutputStream:75 - [STDERR_REDIRECT] 
2026-05-17 21:44:52,833 [ERROR] LogOutputStream:75 - [STDERR_REDIRECT] [Fatal Error] :1:1: Premature end of file.
2026-05-17 21:44:52,833 [ERROR] LogOutputStream:75 - [STDERR_REDIRECT] 
2026-05-17 21:44:53,833 [ERROR] LogOutputStream:75 - [STDERR_REDIRECT] [Fatal Error] :1:1: Premature end of file.
2026-05-17 21:44:53,833 [ERROR] LogOutputStream:75 - [STDERR_REDIRECT] 
2026-05-17 21:44:54,834 [ERROR] LogOutputStream:75 - [STDERR_REDIRECT] [Fatal Error] :1:1: Premature end of file.
2026-05-17 21:44:54,834 [ERROR] LogOutputStream:75 - [STDERR_REDIRECT] 
2026-05-17 21:44:55,834 [ERROR] LogOutputStream:75 - [STDERR_REDIRECT] [Fatal Error] :1:1: Premature end of file.
2026-05-17 21:44:55,834 [ERROR] LogOutputStream:75 - [STDERR_REDIRECT] 
2026-05-17 21:44:56,834 [ERROR] LogOutputStream:75 - [STDERR_REDIRECT] [Fatal Error] :1:1: Premature end of file.
2026-05-17 21:44:56,834 [ERROR] LogOutputStream:75 - [STDERR_REDIRECT] 
2026-05-17 21:44:57,836 [ERROR] LogOutputStream:75 - [STDERR_REDIRECT] [Fatal Error] :1:1: Premature end of file.
2026-05-17 21:44:57,836 [ERROR] LogOutputStream:75 - [STDERR_REDIRECT] 
2026-05-17 21:44:58,838 [ERROR] LogOutputStream:75 - [STDERR_REDIRECT] [Fatal Error] :1:1: Premature end of file.
2026-05-17 21:44:58,838 [ERROR] LogOutputStream:75 - [STDERR_REDIRECT] 
2026-05-17 21:44:59,823 [ERROR] LogOutputStream:75 - [STDERR_REDIRECT] [Fatal Error] :1:1: Premature end of file.
2026-05-17 21:44:59,823 [ERROR] LogOutputStream:75 - [STDERR_REDIRECT] 
2026-05-17 21:45:00,824 [ERROR] LogOutputStream:75 - [STDERR_REDIRECT] [Fatal Error] :1:1: Premature end of file.
2026-05-17 21:45:00,824 [ERROR] LogOutputStream:75 - [STDERR_REDIRECT] 
2026-05-17 21:45:01,825 [ERROR] LogOutputStream:75 - [STDERR_REDIRECT] [Fatal Error] :1:1: Premature end of file.
2026-05-17 21:45:01,825 [ERROR] LogOutputStream:75 - [STDERR_REDIRECT] 
2026-05-17 21:45:02,826 [ERROR] LogOutputStream:75 - [STDERR_REDIRECT] [Fatal Error] :1:1: Premature end of file.
2026-05-17 21:45:02,826 [ERROR] LogOutputStream:75 - [STDERR_REDIRECT] 
2026-05-17 21:45:03,836 [ERROR] LogOutputStream:75 - [STDERR_REDIRECT] [Fatal Error] :1:1: Premature end of file.
2026-05-17 21:45:03,836 [ERROR] LogOutputStream:75 - [STDERR_REDIRECT] 
2026-05-17 21:45:04,831 [ERROR] LogOutputStream:75 - [STDERR_REDIRECT] [Fatal Error] :1:1: Premature end of file.
2026-05-17 21:45:04,831 [ERROR] LogOutputStream:75 - [STDERR_REDIRECT] 
2026-05-17 21:45:05,831 [ERROR] LogOutputStream:75 - [STDERR_REDIRECT] [Fatal Error] :1:1: Premature end of file.
2026-05-17 21:45:05,831 [ERROR] LogOutputStream:75 - [STDERR_REDIRECT] 
2026-05-17 21:45:06,831 [ERROR] LogOutputStream:75 - [STDERR_REDIRECT] [Fatal Error] :1:1: Premature end of file.
2026-05-17 21:45:06,831 [ERROR] LogOutputStream:75 - [STDERR_REDIRECT] 
2026-05-17 21:45:07,833 [ERROR] LogOutputStream:75 - [STDERR_REDIRECT] [Fatal Error] :1:1: Premature end of file.
2026-05-17 21:45:07,833 [ERROR] LogOutputStream:75 - [STDERR_REDIRECT] 
2026-05-17 21:45:08,832 [ERROR] LogOutputStream:75 - [STDERR_REDIRECT] [Fatal Error] :1:1: Premature end of file.
2026-05-17 21:45:08,832 [ERROR] LogOutputStream:75 - [STDERR_REDIRECT] 
2026-05-17 21:45:09,833 [ERROR] LogOutputStream:75 - [STDERR_REDIRECT] [Fatal Error] :1:1: Premature end of file.
2026-05-17 21:45:09,833 [ERROR] LogOutputStream:75 - [STDERR_REDIRECT] 
2026-05-17 21:45:10,835 [ERROR] LogOutputStream:75 - [STDERR_REDIRECT] [Fatal Error] :1:1: Premature end of file.
2026-05-17 21:45:10,835 [ERROR] LogOutputStream:75 - [STDERR_REDIRECT] 
2026-05-17 21:45:11,834 [ERROR] LogOutputStream:75 - [STDERR_REDIRECT] [Fatal Error] :1:1: Premature end of file.
2026-05-17 21:45:11,834 [ERROR] LogOutputStream:75 - [STDERR_REDIRECT] 
2026-05-17 21:45:12,835 [ERROR] LogOutputStream:75 - [STDERR_REDIRECT] [Fatal Error] :1:1: Premature end of file.
2026-05-17 21:45:12,835 [ERROR] LogOutputStream:75 - [STDERR_REDIRECT] 
2026-05-17 21:45:13,837 [ERROR] LogOutputStream:75 - [STDERR_REDIRECT] [Fatal Error] :1:1: Premature end of file.
2026-05-17 21:45:13,837 [ERROR] LogOutputStream:75 - [STDERR_REDIRECT] 
2026-05-17 21:45:14,837 [ERROR] LogOutputStream:75 - [STDERR_REDIRECT] [Fatal Error] :1:1: Premature end of file.
2026-05-17 21:45:14,837 [ERROR] LogOutputStream:75 - [STDERR_REDIRECT] 
2026-05-17 21:45:15,836 [ERROR] LogOutputStream:75 - [STDERR_REDIRECT] [Fatal Error] :1:1: Premature end of file.
2026-05-17 21:45:15,836 [ERROR] LogOutputStream:75 - [STDERR_REDIRECT] 
2026-05-17 21:45:16,836 [ERROR] LogOutputStream:75 - [STDERR_REDIRECT] [Fatal Error] :1:1: Premature end of file.
2026-05-17 21:45:16,836 [ERROR] LogOutputStream:75 - [STDERR_REDIRECT] 
2026-05-17 21:45:17,822 [ERROR] LogOutputStream:75 - [STDERR_REDIRECT] [Fatal Error] :1:1: Premature end of file.
2026-05-17 21:45:17,822 [ERROR] LogOutputStream:75 - [STDERR_REDIRECT] 
2026-05-17 21:45:18,822 [ERROR] LogOutputStream:75 - [STDERR_REDIRECT] [Fatal Error] :1:1: Premature end of file.
2026-05-17 21:45:18,822 [ERROR] LogOutputStream:75 - [STDERR_REDIRECT] 
2026-05-17 21:45:19,825 [ERROR] LogOutputStream:75 - [STDERR_REDIRECT] [Fatal Error] :1:1: Premature end of file.
2026-05-17 21:45:19,825 [ERROR] LogOutputStream:75 - [STDERR_REDIRECT] 
2026-05-17 21:45:20,839 [ERROR] LogOutputStream:75 - [STDERR_REDIRECT] [Fatal Error] :1:1: Premature end of file.
2026-05-17 21:45:20,839 [ERROR] LogOutputStream:75 - [STDERR_REDIRECT] 
2026-05-17 21:45:21,826 [ERROR] LogOutputStream:75 - [STDERR_REDIRECT] [Fatal Error] :1:1: Premature end of file.
2026-05-17 21:45:21,826 [ERROR] LogOutputStream:75 - [STDERR_REDIRECT] 
2026-05-17 21:45:22,839 [ERROR] LogOutputStream:75 - [STDERR_REDIRECT] [Fatal Error] :1:1: Premature end of file.
2026-05-17 21:45:22,839 [ERROR] LogOutputStream:75 - [STDERR_REDIRECT] 
2026-05-17 21:45:23,828 [ERROR] LogOutputStream:75 - [STDERR_REDIRECT] [Fatal Error] :1:1: Premature end of file.
2026-05-17 21:45:23,828 [ERROR] LogOutputStream:75 - [STDERR_REDIRECT] 
2026-05-17 21:45:24,830 [ERROR] LogOutputStream:75 - [STDERR_REDIRECT] [Fatal Error] :1:1: Premature end of file.
2026-05-17 21:45:24,830 [ERROR] LogOutputStream:75 - [STDERR_REDIRECT] 
2026-05-17 21:45:25,832 [ERROR] LogOutputStream:75 - [STDERR_REDIRECT] [Fatal Error] :1:1: Premature end of file.
2026-05-17 21:45:25,832 [ERROR] LogOutputStream:75 - [STDERR_REDIRECT] 
2026-05-17 21:45:26,831 [ERROR] LogOutputStream:75 - [STDERR_REDIRECT] [Fatal Error] :1:1: Premature end of file.
2026-05-17 21:45:26,831 [ERROR] LogOutputStream:75 - [STDERR_REDIRECT] 
2026-05-17 21:45:27,830 [ERROR] LogOutputStream:75 - [STDERR_REDIRECT] [Fatal Error] :1:1: Premature end of file.
2026-05-17 21:45:27,830 [ERROR] LogOutputStream:75 - [STDERR_REDIRECT] 
2026-05-17 21:45:28,829 [ERROR] LogOutputStream:75 - [STDERR_REDIRECT] [Fatal Error] :1:1: Premature end of file.
2026-05-17 21:45:28,829 [ERROR] LogOutputStream:75 - [STDERR_REDIRECT] 
2026-05-17 21:45:29,830 [ERROR] LogOutputStream:75 - [STDERR_REDIRECT] [Fatal Error] :1:1: Premature end of file.
2026-05-17 21:45:29,830 [ERROR] LogOutputStream:75 - [STDERR_REDIRECT] 
2026-05-17 21:45:30,831 [ERROR] LogOutputStream:75 - [STDERR_REDIRECT] [Fatal Error] :1:1: Premature end of file.
2026-05-17 21:45:30,831 [ERROR] LogOutputStream:75 - [STDERR_REDIRECT] 
2026-05-17 21:45:31,831 [ERROR] LogOutputStream:75 - [STDERR_REDIRECT] [Fatal Error] :1:1: Premature end of file.
2026-05-17 21:45:31,831 [ERROR] LogOutputStream:75 - [STDERR_REDIRECT] 
2026-05-17 21:45:32,832 [ERROR] LogOutputStream:75 - [STDERR_REDIRECT] [Fatal Error] :1:1: Premature end of file.
2026-05-17 21:45:32,832 [ERROR] LogOutputStream:75 - [STDERR_REDIRECT] 
2026-05-17 21:45:33,832 [ERROR] LogOutputStream:75 - [STDERR_REDIRECT] [Fatal Error] :1:1: Premature end of file.
2026-05-17 21:45:33,832 [ERROR] LogOutputStream:75 - [STDERR_REDIRECT] 
2026-05-17 21:45:34,834 [ERROR] LogOutputStream:75 - [STDERR_REDIRECT] [Fatal Error] :1:1: Premature end of file.
2026-05-17 21:45:34,834 [ERROR] LogOutputStream:75 - [STDERR_REDIRECT] 
2026-05-17 21:45:35,833 [ERROR] LogOutputStream:75 - [STDERR_REDIRECT] [Fatal Error] :1:1: Premature end of file.
2026-05-17 21:45:35,833 [ERROR] LogOutputStream:75 - [STDERR_REDIRECT] 
2026-05-17 21:45:36,839 [ERROR] LogOutputStream:75 - [STDERR_REDIRECT] [Fatal Error] :1:1: Premature end of file.
2026-05-17 21:45:36,839 [ERROR] LogOutputStream:75 - [STDERR_REDIRECT] 
2026-05-17 21:45:37,832 [ERROR] LogOutputStream:75 - [STDERR_REDIRECT] [Fatal Error] :1:1: Premature end of file.
2026-05-17 21:45:37,832 [ERROR] LogOutputStream:75 - [STDERR_REDIRECT] 
2026-05-17 21:45:38,833 [ERROR] LogOutputStream:75 - [STDERR_REDIRECT] [Fatal Error] :1:1: Premature end of file.
2026-05-17 21:45:38,833 [ERROR] LogOutputStream:75 - [STDERR_REDIRECT] 
2026-05-17 21:45:39,835 [ERROR] LogOutputStream:75 - [STDERR_REDIRECT] [Fatal Error] :1:1: Premature end of file.
2026-05-17 21:45:39,835 [ERROR] LogOutputStream:75 - [STDERR_REDIRECT] 
2026-05-17 21:45:40,823 [ERROR] LogOutputStream:75 - [STDERR_REDIRECT] [Fatal Error] :1:1: Premature end of file.
2026-05-17 21:45:40,823 [ERROR] LogOutputStream:75 - [STDERR_REDIRECT] 
2026-05-17 21:45:41,823 [ERROR] LogOutputStream:75 - [STDERR_REDIRECT] [Fatal Error] :1:1: Premature end of file.
2026-05-17 21:45:41,823 [ERROR] LogOutputStream:75 - [STDERR_REDIRECT] 
2026-05-17 21:45:42,823 [ERROR] LogOutputStream:75 - [STDERR_REDIRECT] [Fatal Error] :1:1: Premature end of file.
2026-05-17 21:45:42,823 [ERROR] LogOutputStream:75 - [STDERR_REDIRECT] 
2026-05-17 21:45:43,825 [ERROR] LogOutputStream:75 - [STDERR_REDIRECT] [Fatal Error] :1:1: Premature end of file.
2026-05-17 21:45:43,825 [ERROR] LogOutputStream:75 - [STDERR_REDIRECT] 
2026-05-17 21:45:44,825 [ERROR] LogOutputStream:75 - [STDERR_REDIRECT] [Fatal Error] :1:1: Premature end of file.
2026-05-17 21:45:44,825 [ERROR] LogOutputStream:75 - [STDERR_REDIRECT] 
2026-05-17 21:45:45,826 [ERROR] LogOutputStream:75 - [STDERR_REDIRECT] [Fatal Error] :1:1: Premature end of file.
2026-05-17 21:45:45,826 [ERROR] LogOutputStream:75 - [STDERR_REDIRECT] 
2026-05-17 21:45:46,825 [ERROR] LogOutputStream:75 - [STDERR_REDIRECT] [Fatal Error] :1:1: Premature end of file.
2026-05-17 21:45:46,825 [ERROR] LogOutputStream:75 - [STDERR_REDIRECT] 
2026-05-17 21:45:47,824 [ERROR] LogOutputStream:75 - [STDERR_REDIRECT] [Fatal Error] :1:1: Premature end of file.
2026-05-17 21:45:47,824 [ERROR] LogOutputStream:75 - [STDERR_REDIRECT] 
2026-05-17 21:45:48,825 [ERROR] LogOutputStream:75 - [STDERR_REDIRECT] [Fatal Error] :1:1: Premature end of file.
2026-05-17 21:45:48,825 [ERROR] LogOutputStream:75 - [STDERR_REDIRECT] 
2026-05-17 21:45:49,827 [ERROR] LogOutputStream:75 - [STDERR_REDIRECT] [Fatal Error] :1:1: Premature end of file.
2026-05-17 21:45:49,827 [ERROR] LogOutputStream:75 - [STDERR_REDIRECT] 
2026-05-17 21:45:50,829 [ERROR] LogOutputStream:75 - [STDERR_REDIRECT] [Fatal Error] :1:1: Premature end of file.
2026-05-17 21:45:50,829 [ERROR] LogOutputStream:75 - [STDERR_REDIRECT] 
2026-05-17 21:45:51,831 [ERROR] LogOutputStream:75 - [STDERR_REDIRECT] [Fatal Error] :1:1: Premature end of file.
2026-05-17 21:45:51,831 [ERROR] LogOutputStream:75 - [STDERR_REDIRECT] 
2026-05-17 21:45:52,832 [ERROR] LogOutputStream:75 - [STDERR_REDIRECT] [Fatal Error] :1:1: Premature end of file.
2026-05-17 21:45:52,832 [ERROR] LogOutputStream:75 - [STDERR_REDIRECT] 
2026-05-17 21:45:53,833 [ERROR] LogOutputStream:75 - [STDERR_REDIRECT] [Fatal Error] :1:1: Premature end of file.
2026-05-17 21:45:53,833 [ERROR] LogOutputStream:75 - [STDERR_REDIRECT] 
2026-05-17 21:45:54,834 [ERROR] LogOutputStream:75 - [STDERR_REDIRECT] [Fatal Error] :1:1: Premature end of file.
2026-05-17 21:45:54,834 [ERROR] LogOutputStream:75 - [STDERR_REDIRECT] 
2026-05-17 21:45:55,836 [ERROR] LogOutputStream:75 - [STDERR_REDIRECT] [Fatal Error] :1:1: Premature end of file.
2026-05-17 21:45:55,836 [ERROR] LogOutputStream:75 - [STDERR_REDIRECT] 
2026-05-17 21:45:56,836 [ERROR] LogOutputStream:75 - [STDERR_REDIRECT] [Fatal Error] :1:1: Premature end of file.
2026-05-17 21:45:56,836 [ERROR] LogOutputStream:75 - [STDERR_REDIRECT] 
2026-05-17 21:45:57,837 [ERROR] LogOutputStream:75 - [STDERR_REDIRECT] [Fatal Error] :1:1: Premature end of file.
2026-05-17 21:45:57,837 [ERROR] LogOutputStream:75 - [STDERR_REDIRECT] 
2026-05-17 21:45:58,837 [ERROR] LogOutputStream:75 - [STDERR_REDIRECT] [Fatal Error] :1:1: Premature end of file.
2026-05-17 21:45:58,837 [ERROR] LogOutputStream:75 - [STDERR_REDIRECT] 
2026-05-17 21:45:59,823 [ERROR] LogOutputStream:75 - [STDERR_REDIRECT] [Fatal Error] :1:1: Premature end of file.
2026-05-17 21:45:59,823 [ERROR] LogOutputStream:75 - [STDERR_REDIRECT] 
2026-05-17 21:46:00,824 [ERROR] LogOutputStream:75 - [STDERR_REDIRECT] [Fatal Error] :1:1: Premature end of file.
2026-05-17 21:46:00,824 [ERROR] LogOutputStream:75 - [STDERR_REDIRECT] 
2026-05-17 21:46:01,838 [ERROR] LogOutputStream:75 - [STDERR_REDIRECT] [Fatal Error] :1:1: Premature end of file.
2026-05-17 21:46:01,838 [ERROR] LogOutputStream:75 - [STDERR_REDIRECT] 
2026-05-17 21:46:02,827 [ERROR] LogOutputStream:75 - [STDERR_REDIRECT] [Fatal Error] :1:1: Premature end of file.
2026-05-17 21:46:02,827 [ERROR] LogOutputStream:75 - [STDERR_REDIRECT] 
2026-05-17 21:46:03,828 [ERROR] LogOutputStream:75 - [STDERR_REDIRECT] [Fatal Error] :1:1: Premature end of file.
2026-05-17 21:46:03,828 [ERROR] LogOutputStream:75 - [STDERR_REDIRECT] 
2026-05-17 21:46:04,827 [ERROR] LogOutputStream:75 - [STDERR_REDIRECT] [Fatal Error] :1:1: Premature end of file.
2026-05-17 21:46:04,827 [ERROR] LogOutputStream:75 - [STDERR_REDIRECT] 
2026-05-17 21:46:05,829 [ERROR] LogOutputStream:75 - [STDERR_REDIRECT] [Fatal Error] :1:1: Premature end of file.
2026-05-17 21:46:05,829 [ERROR] LogOutputStream:75 - [STDERR_REDIRECT] 
2026-05-17 21:46:06,830 [ERROR] LogOutputStream:75 - [STDERR_REDIRECT] [Fatal Error] :1:1: Premature end of file.
2026-05-17 21:46:06,830 [ERROR] LogOutputStream:75 - [STDERR_REDIRECT] 
2026-05-17 21:46:07,828 [ERROR] LogOutputStream:75 - [STDERR_REDIRECT] [Fatal Error] :1:1: Premature end of file.
2026-05-17 21:46:07,828 [ERROR] LogOutputStream:75 - [STDERR_REDIRECT] 
2026-05-17 21:46:08,831 [ERROR] LogOutputStream:75 - [STDERR_REDIRECT] [Fatal Error] :1:1: Premature end of file.
2026-05-17 21:46:08,831 [ERROR] LogOutputStream:75 - [STDERR_REDIRECT] 
2026-05-17 21:46:09,843 [ERROR] LogOutputStream:75 - [STDERR_REDIRECT] [Fatal Error] :1:1: Premature end of file.
2026-05-17 21:46:09,843 [ERROR] LogOutputStream:75 - [STDERR_REDIRECT] 
2026-05-17 21:46:10,835 [ERROR] LogOutputStream:75 - [STDERR_REDIRECT] [Fatal Error] :1:1: Premature end of file.
2026-05-17 21:46:10,835 [ERROR] LogOutputStream:75 - [STDERR_REDIRECT] 
2026-05-17 21:46:11,836 [ERROR] LogOutputStream:75 - [STDERR_REDIRECT] [Fatal Error] :1:1: Premature end of file.
2026-05-17 21:46:11,836 [ERROR] LogOutputStream:75 - [STDERR_REDIRECT] 
2026-05-17 21:46:12,823 [ERROR] LogOutputStream:75 - [STDERR_REDIRECT] [Fatal Error] :1:1: Premature end of file.
2026-05-17 21:46:12,823 [ERROR] LogOutputStream:75 - [STDERR_REDIRECT] 
2026-05-17 21:46:13,823 [ERROR] LogOutputStream:75 - [STDERR_REDIRECT] [Fatal Error] :1:1: Premature end of file.
2026-05-17 21:46:13,823 [ERROR] LogOutputStream:75 - [STDERR_REDIRECT] 
2026-05-17 21:46:14,822 [ERROR] LogOutputStream:75 - [STDERR_REDIRECT] [Fatal Error] :1:1: Premature end of file.
2026-05-17 21:46:14,822 [ERROR] LogOutputStream:75 - [STDERR_REDIRECT] 
2026-05-17 21:46:15,823 [ERROR] LogOutputStream:75 - [STDERR_REDIRECT] [Fatal Error] :1:1: Premature end of file.
2026-05-17 21:46:15,823 [ERROR] LogOutputStream:75 - [STDERR_REDIRECT] 
2026-05-17 21:46:16,824 [ERROR] LogOutputStream:75 - [STDERR_REDIRECT] [Fatal Error] :1:1: Premature end of file.
2026-05-17 21:46:16,824 [ERROR] LogOutputStream:75 - [STDERR_REDIRECT] 
2026-05-17 21:46:17,827 [ERROR] LogOutputStream:75 - [STDERR_REDIRECT] [Fatal Error] :1:1: Premature end of file.
2026-05-17 21:46:17,827 [ERROR] LogOutputStream:75 - [STDERR_REDIRECT] 
2026-05-17 21:46:18,828 [ERROR] LogOutputStream:75 - [STDERR_REDIRECT] [Fatal Error] :1:1: Premature end of file.
2026-05-17 21:46:18,828 [ERROR] LogOutputStream:75 - [STDERR_REDIRECT] 
2026-05-17 21:46:19,829 [ERROR] LogOutputStream:75 - [STDERR_REDIRECT] [Fatal Error] :1:1: Premature end of file.
2026-05-17 21:46:19,829 [ERROR] LogOutputStream:75 - [STDERR_REDIRECT] 
2026-05-17 21:46:20,831 [ERROR] LogOutputStream:75 - [STDERR_REDIRECT] [Fatal Error] :1:1: Premature end of file.
2026-05-17 21:46:20,831 [ERROR] LogOutputStream:75 - [STDERR_REDIRECT] 
2026-05-17 21:46:21,832 [ERROR] LogOutputStream:75 - [STDERR_REDIRECT] [Fatal Error] :1:1: Premature end of file.
2026-05-17 21:46:21,832 [ERROR] LogOutputStream:75 - [STDERR_REDIRECT] 
2026-05-17 21:46:22,834 [ERROR] LogOutputStream:75 - [STDERR_REDIRECT] [Fatal Error] :1:1: Premature end of file.
2026-05-17 21:46:22,834 [ERROR] LogOutputStream:75 - [STDERR_REDIRECT] 
2026-05-17 21:46:23,833 [ERROR] LogOutputStream:75 - [STDERR_REDIRECT] [Fatal Error] :1:1: Premature end of file.
2026-05-17 21:46:23,833 [ERROR] LogOutputStream:75 - [STDERR_REDIRECT] 
2026-05-17 21:46:24,845 [ERROR] LogOutputStream:75 - [STDERR_REDIRECT] [Fatal Error] :1:1: Premature end of file.
2026-05-17 21:46:24,845 [ERROR] LogOutputStream:75 - [STDERR_REDIRECT] 
2026-05-17 21:46:25,832 [ERROR] LogOutputStream:75 - [STDERR_REDIRECT] [Fatal Error] :1:1: Premature end of file.
2026-05-17 21:46:25,832 [ERROR] LogOutputStream:75 - [STDERR_REDIRECT] 
2026-05-17 21:46:26,834 [ERROR] LogOutputStream:75 - [STDERR_REDIRECT] [Fatal Error] :1:1: Premature end of file.
2026-05-17 21:46:26,834 [ERROR] LogOutputStream:75 - [STDERR_REDIRECT] 
2026-05-17 21:46:27,835 [ERROR] LogOutputStream:75 - [STDERR_REDIRECT] [Fatal Error] :1:1: Premature end of file.
2026-05-17 21:46:27,835 [ERROR] LogOutputStream:75 - [STDERR_REDIRECT] 
2026-05-17 21:46:28,835 [ERROR] LogOutputStream:75 - [STDERR_REDIRECT] [Fatal Error] :1:1: Premature end of file.
2026-05-17 21:46:28,835 [ERROR] LogOutputStream:75 - [STDERR_REDIRECT] 
2026-05-17 21:46:29,836 [ERROR] LogOutputStream:75 - [STDERR_REDIRECT] [Fatal Error] :1:1: Premature end of file.
2026-05-17 21:46:29,836 [ERROR] LogOutputStream:75 - [STDERR_REDIRECT] 
2026-05-17 21:46:30,837 [ERROR] LogOutputStream:75 - [STDERR_REDIRECT] [Fatal Error] :1:1: Premature end of file.
2026-05-17 21:46:30,837 [ERROR] LogOutputStream:75 - [STDERR_REDIRECT] 
2026-05-17 21:46:31,824 [ERROR] LogOutputStream:75 - [STDERR_REDIRECT] [Fatal Error] :1:1: Premature end of file.
2026-05-17 21:46:31,824 [ERROR] LogOutputStream:75 - [STDERR_REDIRECT] 
2026-05-17 21:46:32,824 [ERROR] LogOutputStream:75 - [STDERR_REDIRECT] [Fatal Error] :1:1: Premature end of file.
2026-05-17 21:46:32,824 [ERROR] LogOutputStream:75 - [STDERR_REDIRECT] 
2026-05-17 21:46:33,825 [ERROR] LogOutputStream:75 - [STDERR_REDIRECT] [Fatal Error] :1:1: Premature end of file.
2026-05-17 21:46:33,825 [ERROR] LogOutputStream:75 - [STDERR_REDIRECT] 
2026-05-17 21:46:34,827 [ERROR] LogOutputStream:75 - [STDERR_REDIRECT] [Fatal Error] :1:1: Premature end of file.
2026-05-17 21:46:34,827 [ERROR] LogOutputStream:75 - [STDERR_REDIRECT] 
2026-05-17 21:46:35,827 [ERROR] LogOutputStream:75 - [STDERR_REDIRECT] [Fatal Error] :1:1: Premature end of file.
2026-05-17 21:46:35,827 [ERROR] LogOutputStream:75 - [STDERR_REDIRECT] 
2026-05-17 21:46:36,827 [ERROR] LogOutputStream:75 - [STDERR_REDIRECT] [Fatal Error] :1:1: Premature end of file.
2026-05-17 21:46:36,827 [ERROR] LogOutputStream:75 - [STDERR_REDIRECT] 
2026-05-17 21:46:37,825 [ERROR] LogOutputStream:75 - [STDERR_REDIRECT] [Fatal Error] :1:1: Premature end of file.
2026-05-17 21:46:37,825 [ERROR] LogOutputStream:75 - [STDERR_REDIRECT] 
2026-05-17 21:46:38,824 [ERROR] LogOutputStream:75 - [STDERR_REDIRECT] [Fatal Error] :1:1: Premature end of file.
2026-05-17 21:46:38,824 [ERROR] LogOutputStream:75 - [STDERR_REDIRECT] 
2026-05-17 21:46:39,825 [ERROR] LogOutputStream:75 - [STDERR_REDIRECT] [Fatal Error] :1:1: Premature end of file.
2026-05-17 21:46:39,825 [ERROR] LogOutputStream:75 - [STDERR_REDIRECT] 
2026-05-17 21:46:40,827 [ERROR] LogOutputStream:75 - [STDERR_REDIRECT] [Fatal Error] :1:1: Premature end of file.
2026-05-17 21:46:40,827 [ERROR] LogOutputStream:75 - [STDERR_REDIRECT] 
2026-05-17 21:46:41,828 [ERROR] LogOutputStream:75 - [STDERR_REDIRECT] [Fatal Error] :1:1: Premature end of file.
2026-05-17 21:46:41,828 [ERROR] LogOutputStream:75 - [STDERR_REDIRECT] 
2026-05-17 21:46:42,828 [ERROR] LogOutputStream:75 - [STDERR_REDIRECT] [Fatal Error] :1:1: Premature end of file.
2026-05-17 21:46:42,828 [ERROR] LogOutputStream:75 - [STDERR_REDIRECT] 
2026-05-17 21:46:43,830 [ERROR] LogOutputStream:75 - [STDERR_REDIRECT] [Fatal Error] :1:1: Premature end of file.
2026-05-17 21:46:43,830 [ERROR] LogOutputStream:75 - [STDERR_REDIRECT] 
2026-05-17 21:46:44,832 [ERROR] LogOutputStream:75 - [STDERR_REDIRECT] [Fatal Error] :1:1: Premature end of file.
2026-05-17 21:46:44,832 [ERROR] LogOutputStream:75 - [STDERR_REDIRECT] 
2026-05-17 21:46:45,831 [ERROR] LogOutputStream:75 - [STDERR_REDIRECT] [Fatal Error] :1:1: Premature end of file.
2026-05-17 21:46:45,831 [ERROR] LogOutputStream:75 - [STDERR_REDIRECT] 
2026-05-17 21:46:46,833 [ERROR] LogOutputStream:75 - [STDERR_REDIRECT] [Fatal Error] :1:1: Premature end of file.
2026-05-17 21:46:46,833 [ERROR] LogOutputStream:75 - [STDERR_REDIRECT] 
2026-05-17 21:46:47,830 [ERROR] LogOutputStream:75 - [STDERR_REDIRECT] [Fatal Error] :1:1: Premature end of file.
2026-05-17 21:46:47,830 [ERROR] LogOutputStream:75 - [STDERR_REDIRECT] 
2026-05-17 21:46:48,830 [ERROR] LogOutputStream:75 - [STDERR_REDIRECT] [Fatal Error] :1:1: Premature end of file.
2026-05-17 21:46:48,830 [ERROR] LogOutputStream:75 - [STDERR_REDIRECT] 
2026-05-17 21:46:49,831 [ERROR] LogOutputStream:75 - [STDERR_REDIRECT] [Fatal Error] :1:1: Premature end of file.
2026-05-17 21:46:49,831 [ERROR] LogOutputStream:75 - [STDERR_REDIRECT] 
2026-05-17 21:46:50,830 [ERROR] LogOutputStream:75 - [STDERR_REDIRECT] [Fatal Error] :1:1: Premature end of file.
2026-05-17 21:46:50,830 [ERROR] LogOutputStream:75 - [STDERR_REDIRECT] 
2026-05-17 21:46:51,831 [ERROR] LogOutputStream:75 - [STDERR_REDIRECT] [Fatal Error] :1:1: Premature end of file.
2026-05-17 21:46:51,831 [ERROR] LogOutputStream:75 - [STDERR_REDIRECT] 
2026-05-17 21:46:52,831 [ERROR] LogOutputStream:75 - [STDERR_REDIRECT] [Fatal Error] :1:1: Premature end of file.
2026-05-17 21:46:52,831 [ERROR] LogOutputStream:75 - [STDERR_REDIRECT] 
2026-05-17 21:46:53,831 [ERROR] LogOutputStream:75 - [STDERR_REDIRECT] [Fatal Error] :1:1: Premature end of file.
2026-05-17 21:46:53,831 [ERROR] LogOutputStream:75 - [STDERR_REDIRECT] 
2026-05-17 21:46:54,834 [ERROR] LogOutputStream:75 - [STDERR_REDIRECT] [Fatal Error] :1:1: Premature end of file.
2026-05-17 21:46:54,834 [ERROR] LogOutputStream:75 - [STDERR_REDIRECT] 
2026-05-17 21:46:55,835 [ERROR] LogOutputStream:75 - [STDERR_REDIRECT] [Fatal Error] :1:1: Premature end of file.
2026-05-17 21:46:55,835 [ERROR] LogOutputStream:75 - [STDERR_REDIRECT] 
2026-05-17 21:46:56,835 [ERROR] LogOutputStream:75 - [STDERR_REDIRECT] [Fatal Error] :1:1: Premature end of file.
2026-05-17 21:46:56,835 [ERROR] LogOutputStream:75 - [STDERR_REDIRECT] 
2026-05-17 21:46:57,836 [ERROR] LogOutputStream:75 - [STDERR_REDIRECT] [Fatal Error] :1:1: Premature end of file.
2026-05-17 21:46:57,836 [ERROR] LogOutputStream:75 - [STDERR_REDIRECT] 
2026-05-17 21:46:58,838 [ERROR] LogOutputStream:75 - [STDERR_REDIRECT] [Fatal Error] :1:1: Premature end of file.
2026-05-17 21:46:58,838 [ERROR] LogOutputStream:75 - [STDERR_REDIRECT] 
2026-05-17 21:46:59,824 [ERROR] LogOutputStream:75 - [STDERR_REDIRECT] [Fatal Error] :1:1: Premature end of file.
2026-05-17 21:46:59,824 [ERROR] LogOutputStream:75 - [STDERR_REDIRECT] 
2026-05-17 21:47:00,837 [ERROR] LogOutputStream:75 - [STDERR_REDIRECT] [Fatal Error] :1:1: Premature end of file.
2026-05-17 21:47:00,837 [ERROR] LogOutputStream:75 - [STDERR_REDIRECT] 
2026-05-17 21:47:01,828 [ERROR] LogOutputStream:75 - [STDERR_REDIRECT] [Fatal Error] :1:1: Premature end of file.
2026-05-17 21:47:01,828 [ERROR] LogOutputStream:75 - [STDERR_REDIRECT] 
2026-05-17 21:47:02,829 [ERROR] LogOutputStream:75 - [STDERR_REDIRECT] [Fatal Error] :1:1: Premature end of file.
2026-05-17 21:47:02,829 [ERROR] LogOutputStream:75 - [STDERR_REDIRECT] 
2026-05-17 21:47:03,829 [ERROR] LogOutputStream:75 - [STDERR_REDIRECT] [Fatal Error] :1:1: Premature end of file.
2026-05-17 21:47:03,829 [ERROR] LogOutputStream:75 - [STDERR_REDIRECT] 
2026-05-17 21:47:04,829 [ERROR] LogOutputStream:75 - [STDERR_REDIRECT] [Fatal Error] :1:1: Premature end of file.
2026-05-17 21:47:04,829 [ERROR] LogOutputStream:75 - [STDERR_REDIRECT] 
2026-05-17 21:47:05,830 [ERROR] LogOutputStream:75 - [STDERR_REDIRECT] [Fatal Error] :1:1: Premature end of file.
2026-05-17 21:47:05,830 [ERROR] LogOutputStream:75 - [STDERR_REDIRECT] 
2026-05-17 21:47:06,830 [ERROR] LogOutputStream:75 - [STDERR_REDIRECT] [Fatal Error] :1:1: Premature end of file.
2026-05-17 21:47:06,830 [ERROR] LogOutputStream:75 - [STDERR_REDIRECT] 
2026-05-17 21:47:07,831 [ERROR] LogOutputStream:75 - [STDERR_REDIRECT] [Fatal Error] :1:1: Premature end of file.
2026-05-17 21:47:07,831 [ERROR] LogOutputStream:75 - [STDERR_REDIRECT] 
2026-05-17 21:47:08,830 [ERROR] LogOutputStream:75 - [STDERR_REDIRECT] [Fatal Error] :1:1: Premature end of file.
2026-05-17 21:47:08,830 [ERROR] LogOutputStream:75 - [STDERR_REDIRECT] 
2026-05-17 21:47:09,831 [ERROR] LogOutputStream:75 - [STDERR_REDIRECT] [Fatal Error] :1:1: Premature end of file.
2026-05-17 21:47:09,831 [ERROR] LogOutputStream:75 - [STDERR_REDIRECT] 
2026-05-17 21:47:10,834 [ERROR] LogOutputStream:75 - [STDERR_REDIRECT] [Fatal Error] :1:1: Premature end of file.
2026-05-17 21:47:10,834 [ERROR] LogOutputStream:75 - [STDERR_REDIRECT] 
2026-05-17 21:47:11,835 [ERROR] LogOutputStream:75 - [STDERR_REDIRECT] [Fatal Error] :1:1: Premature end of file.
2026-05-17 21:47:11,835 [ERROR] LogOutputStream:75 - [STDERR_REDIRECT] 
2026-05-17 21:47:12,834 [ERROR] LogOutputStream:75 - [STDERR_REDIRECT] [Fatal Error] :1:1: Premature end of file.
2026-05-17 21:47:12,834 [ERROR] LogOutputStream:75 - [STDERR_REDIRECT] 
2026-05-17 21:47:13,837 [ERROR] LogOutputStream:75 - [STDERR_REDIRECT] [Fatal Error] :1:1: Premature end of file.
2026-05-17 21:47:13,837 [ERROR] LogOutputStream:75 - [STDERR_REDIRECT] 
2026-05-17 21:47:14,837 [ERROR] LogOutputStream:75 - [STDERR_REDIRECT] [Fatal Error] :1:1: Premature end of file.
2026-05-17 21:47:14,837 [ERROR] LogOutputStream:75 - [STDERR_REDIRECT] 
2026-05-17 21:47:15,837 [ERROR] LogOutputStream:75 - [STDERR_REDIRECT] [Fatal Error] :1:1: Premature end of file.
2026-05-17 21:47:15,837 [ERROR] LogOutputStream:75 - [STDERR_REDIRECT] 
2026-05-17 21:47:16,837 [ERROR] LogOutputStream:75 - [STDERR_REDIRECT] [Fatal Error] :1:1: Premature end of file.
2026-05-17 21:47:16,837 [ERROR] LogOutputStream:75 - [STDERR_REDIRECT] 
2026-05-17 21:47:17,851 [ERROR] LogOutputStream:75 - [STDERR_REDIRECT] [Fatal Error] :1:1: Premature end of file.
2026-05-17 21:47:17,851 [ERROR] LogOutputStream:75 - [STDERR_REDIRECT] 
2026-05-17 21:47:18,824 [ERROR] LogOutputStream:75 - [STDERR_REDIRECT] [Fatal Error] :1:1: Premature end of file.
2026-05-17 21:47:18,824 [ERROR] LogOutputStream:75 - [STDERR_REDIRECT] 
2026-05-17 21:47:19,823 [ERROR] LogOutputStream:75 - [STDERR_REDIRECT] [Fatal Error] :1:1: Premature end of file.
2026-05-17 21:47:19,823 [ERROR] LogOutputStream:75 - [STDERR_REDIRECT] 
2026-05-17 21:47:20,823 [ERROR] LogOutputStream:75 - [STDERR_REDIRECT] [Fatal Error] :1:1: Premature end of file.
2026-05-17 21:47:20,823 [ERROR] LogOutputStream:75 - [STDERR_REDIRECT] 
2026-05-17 21:47:21,825 [ERROR] LogOutputStream:75 - [STDERR_REDIRECT] [Fatal Error] :1:1: Premature end of file.
2026-05-17 21:47:21,825 [ERROR] LogOutputStream:75 - [STDERR_REDIRECT] 
2026-05-17 21:47:22,824 [ERROR] LogOutputStream:75 - [STDERR_REDIRECT] [Fatal Error] :1:1: Premature end of file.
2026-05-17 21:47:22,824 [ERROR] LogOutputStream:75 - [STDERR_REDIRECT] 
2026-05-17 21:47:23,826 [ERROR] LogOutputStream:75 - [STDERR_REDIRECT] [Fatal Error] :1:1: Premature end of file.
2026-05-17 21:47:23,826 [ERROR] LogOutputStream:75 - [STDERR_REDIRECT] 
2026-05-17 21:47:24,826 [ERROR] LogOutputStream:75 - [STDERR_REDIRECT] [Fatal Error] :1:1: Premature end of file.
2026-05-17 21:47:24,826 [ERROR] LogOutputStream:75 - [STDERR_REDIRECT] 
2026-05-17 21:47:25,829 [ERROR] LogOutputStream:75 - [STDERR_REDIRECT] [Fatal Error] :1:1: Premature end of file.
2026-05-17 21:47:25,829 [ERROR] LogOutputStream:75 - [STDERR_REDIRECT] 
2026-05-17 21:47:26,830 [ERROR] LogOutputStream:75 - [STDERR_REDIRECT] [Fatal Error] :1:1: Premature end of file.
2026-05-17 21:47:26,830 [ERROR] LogOutputStream:75 - [STDERR_REDIRECT] 
2026-05-17 21:47:27,831 [ERROR] LogOutputStream:75 - [STDERR_REDIRECT] [Fatal Error] :1:1: Premature end of file.
2026-05-17 21:47:27,831 [ERROR] LogOutputStream:75 - [STDERR_REDIRECT] 
2026-05-17 21:47:28,831 [ERROR] LogOutputStream:75 - [STDERR_REDIRECT] [Fatal Error] :1:1: Premature end of file.
2026-05-17 21:47:28,831 [ERROR] LogOutputStream:75 - [STDERR_REDIRECT] 
2026-05-17 21:47:29,832 [ERROR] LogOutputStream:75 - [STDERR_REDIRECT] [Fatal Error] :1:1: Premature end of file.
2026-05-17 21:47:29,832 [ERROR] LogOutputStream:75 - [STDERR_REDIRECT] 
2026-05-17 21:47:30,832 [ERROR] LogOutputStream:75 - [STDERR_REDIRECT] [Fatal Error] :1:1: Premature end of file.
2026-05-17 21:47:30,832 [ERROR] LogOutputStream:75 - [STDERR_REDIRECT] 
2026-05-17 21:47:31,834 [ERROR] LogOutputStream:75 - [STDERR_REDIRECT] [Fatal Error] :1:1: Premature end of file.
2026-05-17 21:47:31,834 [ERROR] LogOutputStream:75 - [STDERR_REDIRECT] 
2026-05-17 21:47:32,833 [ERROR] LogOutputStream:75 - [STDERR_REDIRECT] [Fatal Error] :1:1: Premature end of file.
2026-05-17 21:47:32,833 [ERROR] LogOutputStream:75 - [STDERR_REDIRECT] 
2026-05-17 21:47:33,831 [ERROR] LogOutputStream:75 - [STDERR_REDIRECT] [Fatal Error] :1:1: Premature end of file.
2026-05-17 21:47:33,831 [ERROR] LogOutputStream:75 - [STDERR_REDIRECT] 
2026-05-17 21:47:34,831 [ERROR] LogOutputStream:75 - [STDERR_REDIRECT] [Fatal Error] :1:1: Premature end of file.
2026-05-17 21:47:34,831 [ERROR] LogOutputStream:75 - [STDERR_REDIRECT] 
2026-05-17 21:47:35,834 [ERROR] LogOutputStream:75 - [STDERR_REDIRECT] [Fatal Error] :1:1: Premature end of file.
2026-05-17 21:47:35,834 [ERROR] LogOutputStream:75 - [STDERR_REDIRECT] 
2026-05-17 21:47:36,834 [ERROR] LogOutputStream:75 - [STDERR_REDIRECT] [Fatal Error] :1:1: Premature end of file.
2026-05-17 21:47:36,834 [ERROR] LogOutputStream:75 - [STDERR_REDIRECT] 
2026-05-17 21:47:37,846 [ERROR] LogOutputStream:75 - [STDERR_REDIRECT] [Fatal Error] :1:1: Premature end of file.
2026-05-17 21:47:37,846 [ERROR] LogOutputStream:75 - [STDERR_REDIRECT] 
2026-05-17 21:47:38,837 [ERROR] LogOutputStream:75 - [STDERR_REDIRECT] [Fatal Error] :1:1: Premature end of file.
2026-05-17 21:47:38,837 [ERROR] LogOutputStream:75 - [STDERR_REDIRECT] 
2026-05-17 21:47:39,838 [ERROR] LogOutputStream:75 - [STDERR_REDIRECT] [Fatal Error] :1:1: Premature end of file.
2026-05-17 21:47:39,838 [ERROR] LogOutputStream:75 - [STDERR_REDIRECT] 
2026-05-17 21:47:40,822 [ERROR] LogOutputStream:75 - [STDERR_REDIRECT] [Fatal Error] :1:1: Premature end of file.
2026-05-17 21:47:40,822 [ERROR] LogOutputStream:75 - [STDERR_REDIRECT] 
2026-05-17 21:47:41,837 [ERROR] LogOutputStream:75 - [STDERR_REDIRECT] [Fatal Error] :1:1: Premature end of file.
2026-05-17 21:47:41,837 [ERROR] LogOutputStream:75 - [STDERR_REDIRECT] 
2026-05-17 21:47:42,823 [ERROR] LogOutputStream:75 - [STDERR_REDIRECT] [Fatal Error] :1:1: Premature end of file.
2026-05-17 21:47:42,823 [ERROR] LogOutputStream:75 - [STDERR_REDIRECT] 
2026-05-17 21:47:43,826 [ERROR] LogOutputStream:75 - [STDERR_REDIRECT] [Fatal Error] :1:1: Premature end of file.
2026-05-17 21:47:43,826 [ERROR] LogOutputStream:75 - [STDERR_REDIRECT] 
2026-05-17 21:47:44,828 [ERROR] LogOutputStream:75 - [STDERR_REDIRECT] [Fatal Error] :1:1: Premature end of file.
2026-05-17 21:47:44,828 [ERROR] LogOutputStream:75 - [STDERR_REDIRECT] 
2026-05-17 21:47:45,827 [ERROR] LogOutputStream:75 - [STDERR_REDIRECT] [Fatal Error] :1:1: Premature end of file.
2026-05-17 21:47:45,827 [ERROR] LogOutputStream:75 - [STDERR_REDIRECT] 
2026-05-17 21:47:46,831 [ERROR] LogOutputStream:75 - [STDERR_REDIRECT] [Fatal Error] :1:1: Premature end of file.
2026-05-17 21:47:46,831 [ERROR] LogOutputStream:75 - [STDERR_REDIRECT] 
2026-05-17 21:47:47,831 [ERROR] LogOutputStream:75 - [STDERR_REDIRECT] [Fatal Error] :1:1: Premature end of file.
2026-05-17 21:47:47,831 [ERROR] LogOutputStream:75 - [STDERR_REDIRECT] 
2026-05-17 21:47:48,832 [ERROR] LogOutputStream:75 - [STDERR_REDIRECT] [Fatal Error] :1:1: Premature end of file.
2026-05-17 21:47:48,832 [ERROR] LogOutputStream:75 - [STDERR_REDIRECT] 
2026-05-17 21:47:49,832 [ERROR] LogOutputStream:75 - [STDERR_REDIRECT] [Fatal Error] :1:1: Premature end of file.
2026-05-17 21:47:49,832 [ERROR] LogOutputStream:75 - [STDERR_REDIRECT] 
2026-05-17 21:47:50,843 [ERROR] LogOutputStream:75 - [STDERR_REDIRECT] [Fatal Error] :1:1: Premature end of file.
2026-05-17 21:47:50,845 [ERROR] LogOutputStream:75 - [STDERR_REDIRECT] 
2026-05-17 21:47:51,835 [ERROR] LogOutputStream:75 - [STDERR_REDIRECT] [Fatal Error] :1:1: Premature end of file.
2026-05-17 21:47:51,835 [ERROR] LogOutputStream:75 - [STDERR_REDIRECT] 
2026-05-17 21:47:52,847 [ERROR] LogOutputStream:75 - [STDERR_REDIRECT] [Fatal Error] :1:1: Premature end of file.
2026-05-17 21:47:52,847 [ERROR] LogOutputStream:75 - [STDERR_REDIRECT] 
2026-05-17 21:47:53,835 [ERROR] LogOutputStream:75 - [STDERR_REDIRECT] [Fatal Error] :1:1: Premature end of file.
2026-05-17 21:47:53,835 [ERROR] LogOutputStream:75 - [STDERR_REDIRECT] 
2026-05-17 21:47:54,837 [ERROR] LogOutputStream:75 - [STDERR_REDIRECT] [Fatal Error] :1:1: Premature end of file.
2026-05-17 21:47:54,837 [ERROR] LogOutputStream:75 - [STDERR_REDIRECT] 
2026-05-17 21:47:55,823 [ERROR] LogOutputStream:75 - [STDERR_REDIRECT] [Fatal Error] :1:1: Premature end of file.
2026-05-17 21:47:55,823 [ERROR] LogOutputStream:75 - [STDERR_REDIRECT] 
2026-05-17 21:47:56,825 [ERROR] LogOutputStream:75 - [STDERR_REDIRECT] [Fatal Error] :1:1: Premature end of file.
2026-05-17 21:47:56,825 [ERROR] LogOutputStream:75 - [STDERR_REDIRECT] 
2026-05-17 21:47:57,827 [ERROR] LogOutputStream:75 - [STDERR_REDIRECT] [Fatal Error] :1:1: Premature end of file.
2026-05-17 21:47:57,827 [ERROR] LogOutputStream:75 - [STDERR_REDIRECT] 
2026-05-17 21:47:58,827 [ERROR] LogOutputStream:75 - [STDERR_REDIRECT] [Fatal Error] :1:1: Premature end of file.
2026-05-17 21:47:58,827 [ERROR] LogOutputStream:75 - [STDERR_REDIRECT] 
2026-05-17 21:47:59,830 [ERROR] LogOutputStream:75 - [STDERR_REDIRECT] [Fatal Error] :1:1: Premature end of file.
2026-05-17 21:47:59,830 [ERROR] LogOutputStream:75 - [STDERR_REDIRECT] 
2026-05-17 21:48:00,830 [ERROR] LogOutputStream:75 - [STDERR_REDIRECT] [Fatal Error] :1:1: Premature end of file.
2026-05-17 21:48:00,830 [ERROR] LogOutputStream:75 - [STDERR_REDIRECT] 
2026-05-17 21:48:01,831 [ERROR] LogOutputStream:75 - [STDERR_REDIRECT] [Fatal Error] :1:1: Premature end of file.
2026-05-17 21:48:01,831 [ERROR] LogOutputStream:75 - [STDERR_REDIRECT] 
2026-05-17 21:48:02,833 [ERROR] LogOutputStream:75 - [STDERR_REDIRECT] [Fatal Error] :1:1: Premature end of file.
2026-05-17 21:48:02,833 [ERROR] LogOutputStream:75 - [STDERR_REDIRECT] 
2026-05-17 21:48:03,848 [ERROR] LogOutputStream:75 - [STDERR_REDIRECT] [Fatal Error] :1:1: Premature end of file.
2026-05-17 21:48:03,848 [ERROR] LogOutputStream:75 - [STDERR_REDIRECT] 
2026-05-17 21:48:04,838 [ERROR] LogOutputStream:75 - [STDERR_REDIRECT] [Fatal Error] :1:1: Premature end of file.
2026-05-17 21:48:04,838 [ERROR] LogOutputStream:75 - [STDERR_REDIRECT] 
2026-05-17 21:48:05,823 [ERROR] LogOutputStream:75 - [STDERR_REDIRECT] [Fatal Error] :1:1: Premature end of file.
2026-05-17 21:48:05,823 [ERROR] LogOutputStream:75 - [STDERR_REDIRECT] 
2026-05-17 21:48:06,823 [ERROR] LogOutputStream:75 - [STDERR_REDIRECT] [Fatal Error] :1:1: Premature end of file.
2026-05-17 21:48:06,823 [ERROR] LogOutputStream:75 - [STDERR_REDIRECT] 
2026-05-17 21:48:07,824 [ERROR] LogOutputStream:75 - [STDERR_REDIRECT] [Fatal Error] :1:1: Premature end of file.
2026-05-17 21:48:07,824 [ERROR] LogOutputStream:75 - [STDERR_REDIRECT] 
2026-05-17 21:48:08,826 [ERROR] LogOutputStream:75 - [STDERR_REDIRECT] [Fatal Error] :1:1: Premature end of file.
2026-05-17 21:48:08,826 [ERROR] LogOutputStream:75 - [STDERR_REDIRECT] 
2026-05-17 21:48:09,826 [ERROR] LogOutputStream:75 - [STDERR_REDIRECT] [Fatal Error] :1:1: Premature end of file.
2026-05-17 21:48:09,826 [ERROR] LogOutputStream:75 - [STDERR_REDIRECT] 
2026-05-17 21:48:10,826 [ERROR] LogOutputStream:75 - [STDERR_REDIRECT] [Fatal Error] :1:1: Premature end of file.
2026-05-17 21:48:10,826 [ERROR] LogOutputStream:75 - [STDERR_REDIRECT] 
2026-05-17 21:48:11,830 [ERROR] LogOutputStream:75 - [STDERR_REDIRECT] [Fatal Error] :1:1: Premature end of file.
2026-05-17 21:48:11,830 [ERROR] LogOutputStream:75 - [STDERR_REDIRECT] 
2026-05-17 21:48:12,829 [ERROR] LogOutputStream:75 - [STDERR_REDIRECT] [Fatal Error] :1:1: Premature end of file.
2026-05-17 21:48:12,829 [ERROR] LogOutputStream:75 - [STDERR_REDIRECT] 
2026-05-17 21:48:13,830 [ERROR] LogOutputStream:75 - [STDERR_REDIRECT] [Fatal Error] :1:1: Premature end of file.
2026-05-17 21:48:13,830 [ERROR] LogOutputStream:75 - [STDERR_REDIRECT] 
2026-05-17 21:48:14,830 [ERROR] LogOutputStream:75 - [STDERR_REDIRECT] [Fatal Error] :1:1: Premature end of file.
2026-05-17 21:48:14,830 [ERROR] LogOutputStream:75 - [STDERR_REDIRECT] 
2026-05-17 21:48:15,830 [ERROR] LogOutputStream:75 - [STDERR_REDIRECT] [Fatal Error] :1:1: Premature end of file.
2026-05-17 21:48:15,830 [ERROR] LogOutputStream:75 - [STDERR_REDIRECT] 
2026-05-17 21:48:16,832 [ERROR] LogOutputStream:75 - [STDERR_REDIRECT] [Fatal Error] :1:1: Premature end of file.
2026-05-17 21:48:16,832 [ERROR] LogOutputStream:75 - [STDERR_REDIRECT] 
2026-05-17 21:48:17,835 [ERROR] LogOutputStream:75 - [STDERR_REDIRECT] [Fatal Error] :1:1: Premature end of file.
2026-05-17 21:48:17,835 [ERROR] LogOutputStream:75 - [STDERR_REDIRECT] 
2026-05-17 21:48:18,849 [ERROR] LogOutputStream:75 - [STDERR_REDIRECT] [Fatal Error] :1:1: Premature end of file.
2026-05-17 21:48:18,849 [ERROR] LogOutputStream:75 - [STDERR_REDIRECT] 
2026-05-17 21:48:19,837 [ERROR] LogOutputStream:75 - [STDERR_REDIRECT] [Fatal Error] :1:1: Premature end of file.
2026-05-17 21:48:19,837 [ERROR] LogOutputStream:75 - [STDERR_REDIRECT] 
2026-05-17 21:48:20,822 [ERROR] LogOutputStream:75 - [STDERR_REDIRECT] [Fatal Error] :1:1: Premature end of file.
2026-05-17 21:48:20,822 [ERROR] LogOutputStream:75 - [STDERR_REDIRECT] 
2026-05-17 21:48:21,822 [ERROR] LogOutputStream:75 - [STDERR_REDIRECT] [Fatal Error] :1:1: Premature end of file.
2026-05-17 21:48:21,822 [ERROR] LogOutputStream:75 - [STDERR_REDIRECT] 
2026-05-17 21:48:22,838 [ERROR] LogOutputStream:75 - [STDERR_REDIRECT] [Fatal Error] :1:1: Premature end of file.
2026-05-17 21:48:22,838 [ERROR] LogOutputStream:75 - [STDERR_REDIRECT] 
2026-05-17 21:48:23,824 [ERROR] LogOutputStream:75 - [STDERR_REDIRECT] [Fatal Error] :1:1: Premature end of file.
2026-05-17 21:48:23,824 [ERROR] LogOutputStream:75 - [STDERR_REDIRECT] 
2026-05-17 21:48:24,824 [ERROR] LogOutputStream:75 - [STDERR_REDIRECT] [Fatal Error] :1:1: Premature end of file.
2026-05-17 21:48:24,824 [ERROR] LogOutputStream:75 - [STDERR_REDIRECT] 
2026-05-17 21:48:25,826 [ERROR] LogOutputStream:75 - [STDERR_REDIRECT] [Fatal Error] :1:1: Premature end of file.
2026-05-17 21:48:25,826 [ERROR] LogOutputStream:75 - [STDERR_REDIRECT] 
2026-05-17 21:48:26,826 [ERROR] LogOutputStream:75 - [STDERR_REDIRECT] [Fatal Error] :1:1: Premature end of file.
2026-05-17 21:48:26,826 [ERROR] LogOutputStream:75 - [STDERR_REDIRECT] 
2026-05-17 21:48:27,827 [ERROR] LogOutputStream:75 - [STDERR_REDIRECT] [Fatal Error] :1:1: Premature end of file.
2026-05-17 21:48:27,827 [ERROR] LogOutputStream:75 - [STDERR_REDIRECT] 
2026-05-17 21:48:28,829 [ERROR] LogOutputStream:75 - [STDERR_REDIRECT] [Fatal Error] :1:1: Premature end of file.
2026-05-17 21:48:28,829 [ERROR] LogOutputStream:75 - [STDERR_REDIRECT] 
2026-05-17 21:48:29,832 [ERROR] LogOutputStream:75 - [STDERR_REDIRECT] [Fatal Error] :1:1: Premature end of file.
2026-05-17 21:48:29,832 [ERROR] LogOutputStream:75 - [STDERR_REDIRECT] 
2026-05-17 21:48:30,830 [ERROR] LogOutputStream:75 - [STDERR_REDIRECT] [Fatal Error] :1:1: Premature end of file.
2026-05-17 21:48:30,830 [ERROR] LogOutputStream:75 - [STDERR_REDIRECT] 
2026-05-17 21:48:31,832 [ERROR] LogOutputStream:75 - [STDERR_REDIRECT] [Fatal Error] :1:1: Premature end of file.
2026-05-17 21:48:31,832 [ERROR] LogOutputStream:75 - [STDERR_REDIRECT] 
2026-05-17 21:48:32,833 [ERROR] LogOutputStream:75 - [STDERR_REDIRECT] [Fatal Error] :1:1: Premature end of file.
2026-05-17 21:48:32,833 [ERROR] LogOutputStream:75 - [STDERR_REDIRECT] 
2026-05-17 21:48:33,836 [ERROR] LogOutputStream:75 - [STDERR_REDIRECT] [Fatal Error] :1:1: Premature end of file.
2026-05-17 21:48:33,836 [ERROR] LogOutputStream:75 - [STDERR_REDIRECT] 
2026-05-17 21:48:34,822 [ERROR] LogOutputStream:75 - [STDERR_REDIRECT] [Fatal Error] :1:1: Premature end of file.
2026-05-17 21:48:34,822 [ERROR] LogOutputStream:75 - [STDERR_REDIRECT] 
2026-05-17 21:48:35,823 [ERROR] LogOutputStream:75 - [STDERR_REDIRECT] [Fatal Error] :1:1: Premature end of file.
2026-05-17 21:48:35,823 [ERROR] LogOutputStream:75 - [STDERR_REDIRECT] 
2026-05-17 21:48:36,824 [ERROR] LogOutputStream:75 - [STDERR_REDIRECT] [Fatal Error] :1:1: Premature end of file.
2026-05-17 21:48:36,824 [ERROR] LogOutputStream:75 - [STDERR_REDIRECT] 
2026-05-17 21:48:37,824 [ERROR] LogOutputStream:75 - [STDERR_REDIRECT] [Fatal Error] :1:1: Premature end of file.
2026-05-17 21:48:37,824 [ERROR] LogOutputStream:75 - [STDERR_REDIRECT] 
2026-05-17 21:48:38,825 [ERROR] LogOutputStream:75 - [STDERR_REDIRECT] [Fatal Error] :1:1: Premature end of file.
2026-05-17 21:48:38,825 [ERROR] LogOutputStream:75 - [STDERR_REDIRECT] 
2026-05-17 21:48:39,829 [ERROR] LogOutputStream:75 - [STDERR_REDIRECT] [Fatal Error] :1:1: Premature end of file.
2026-05-17 21:48:39,829 [ERROR] LogOutputStream:75 - [STDERR_REDIRECT] 
2026-05-17 21:48:40,830 [ERROR] LogOutputStream:75 - [STDERR_REDIRECT] [Fatal Error] :1:1: Premature end of file.
2026-05-17 21:48:40,830 [ERROR] LogOutputStream:75 - [STDERR_REDIRECT] 
2026-05-17 21:48:41,831 [ERROR] LogOutputStream:75 - [STDERR_REDIRECT] [Fatal Error] :1:1: Premature end of file.
2026-05-17 21:48:41,831 [ERROR] LogOutputStream:75 - [STDERR_REDIRECT] 
2026-05-17 21:48:42,840 [ERROR] LogOutputStream:75 - [STDERR_REDIRECT] [Fatal Error] :1:1: Premature end of file.
2026-05-17 21:48:42,840 [ERROR] LogOutputStream:75 - [STDERR_REDIRECT] 
2026-05-17 21:48:43,829 [ERROR] LogOutputStream:75 - [STDERR_REDIRECT] [Fatal Error] :1:1: Premature end of file.
2026-05-17 21:48:43,829 [ERROR] LogOutputStream:75 - [STDERR_REDIRECT] 
2026-05-17 21:48:44,830 [ERROR] LogOutputStream:75 - [STDERR_REDIRECT] [Fatal Error] :1:1: Premature end of file.
2026-05-17 21:48:44,830 [ERROR] LogOutputStream:75 - [STDERR_REDIRECT] 
2026-05-17 21:48:45,830 [ERROR] LogOutputStream:75 - [STDERR_REDIRECT] [Fatal Error] :1:1: Premature end of file.
2026-05-17 21:48:45,830 [ERROR] LogOutputStream:75 - [STDERR_REDIRECT] 
2026-05-17 21:48:46,830 [ERROR] LogOutputStream:75 - [STDERR_REDIRECT] [Fatal Error] :1:1: Premature end of file.
2026-05-17 21:48:46,830 [ERROR] LogOutputStream:75 - [STDERR_REDIRECT] 
2026-05-17 21:48:47,829 [ERROR] LogOutputStream:75 - [STDERR_REDIRECT] [Fatal Error] :1:1: Premature end of file.
2026-05-17 21:48:47,829 [ERROR] LogOutputStream:75 - [STDERR_REDIRECT] 
2026-05-17 21:48:48,829 [ERROR] LogOutputStream:75 - [STDERR_REDIRECT] [Fatal Error] :1:1: Premature end of file.
2026-05-17 21:48:48,829 [ERROR] LogOutputStream:75 - [STDERR_REDIRECT] 
2026-05-17 21:48:49,830 [ERROR] LogOutputStream:75 - [STDERR_REDIRECT] [Fatal Error] :1:1: Premature end of file.
2026-05-17 21:48:49,830 [ERROR] LogOutputStream:75 - [STDERR_REDIRECT] 
2026-05-17 21:48:50,832 [ERROR] LogOutputStream:75 - [STDERR_REDIRECT] [Fatal Error] :1:1: Premature end of file.
2026-05-17 21:48:50,832 [ERROR] LogOutputStream:75 - [STDERR_REDIRECT] 
2026-05-17 21:48:51,833 [ERROR] LogOutputStream:75 - [STDERR_REDIRECT] [Fatal Error] :1:1: Premature end of file.
2026-05-17 21:48:51,833 [ERROR] LogOutputStream:75 - [STDERR_REDIRECT] 
2026-05-17 21:48:52,832 [ERROR] LogOutputStream:75 - [STDERR_REDIRECT] [Fatal Error] :1:1: Premature end of file.
2026-05-17 21:48:52,832 [ERROR] LogOutputStream:75 - [STDERR_REDIRECT] 
2026-05-17 21:48:53,833 [ERROR] LogOutputStream:75 - [STDERR_REDIRECT] [Fatal Error] :1:1: Premature end of file.
2026-05-17 21:48:53,833 [ERROR] LogOutputStream:75 - [STDERR_REDIRECT] 
2026-05-17 21:48:54,847 [ERROR] LogOutputStream:75 - [STDERR_REDIRECT] [Fatal Error] :1:1: Premature end of file.
2026-05-17 21:48:54,847 [ERROR] LogOutputStream:75 - [STDERR_REDIRECT] 
2026-05-17 21:48:55,836 [ERROR] LogOutputStream:75 - [STDERR_REDIRECT] [Fatal Error] :1:1: Premature end of file.
2026-05-17 21:48:55,836 [ERROR] LogOutputStream:75 - [STDERR_REDIRECT] 
2026-05-17 21:48:56,847 [ERROR] LogOutputStream:75 - [STDERR_REDIRECT] [Fatal Error] :1:1: Premature end of file.
2026-05-17 21:48:56,847 [ERROR] LogOutputStream:75 - [STDERR_REDIRECT] 
2026-05-17 21:48:57,835 [ERROR] LogOutputStream:75 - [STDERR_REDIRECT] [Fatal Error] :1:1: Premature end of file.
2026-05-17 21:48:57,835 [ERROR] LogOutputStream:75 - [STDERR_REDIRECT] 
2026-05-17 21:48:58,824 [ERROR] LogOutputStream:75 - [STDERR_REDIRECT] [Fatal Error] :1:1: Premature end of file.
2026-05-17 21:48:58,824 [ERROR] LogOutputStream:75 - [STDERR_REDIRECT] 
2026-05-17 21:48:59,824 [ERROR] LogOutputStream:75 - [STDERR_REDIRECT] [Fatal Error] :1:1: Premature end of file.
2026-05-17 21:48:59,824 [ERROR] LogOutputStream:75 - [STDERR_REDIRECT] 
2026-05-17 21:49:00,822 [ERROR] LogOutputStream:75 - [STDERR_REDIRECT] [Fatal Error] :1:1: Premature end of file.
2026-05-17 21:49:00,822 [ERROR] LogOutputStream:75 - [STDERR_REDIRECT] 
2026-05-17 21:49:01,825 [ERROR] LogOutputStream:75 - [STDERR_REDIRECT] [Fatal Error] :1:1: Premature end of file.
2026-05-17 21:49:01,825 [ERROR] LogOutputStream:75 - [STDERR_REDIRECT] 
2026-05-17 21:49:02,825 [ERROR] LogOutputStream:75 - [STDERR_REDIRECT] [Fatal Error] :1:1: Premature end of file.
2026-05-17 21:49:02,825 [ERROR] LogOutputStream:75 - [STDERR_REDIRECT] 
2026-05-17 21:49:03,827 [ERROR] LogOutputStream:75 - [STDERR_REDIRECT] [Fatal Error] :1:1: Premature end of file.
2026-05-17 21:49:03,827 [ERROR] LogOutputStream:75 - [STDERR_REDIRECT] 
2026-05-17 21:49:04,828 [ERROR] LogOutputStream:75 - [STDERR_REDIRECT] [Fatal Error] :1:1: Premature end of file.
2026-05-17 21:49:04,828 [ERROR] LogOutputStream:75 - [STDERR_REDIRECT] 
2026-05-17 21:49:05,829 [ERROR] LogOutputStream:75 - [STDERR_REDIRECT] [Fatal Error] :1:1: Premature end of file.
2026-05-17 21:49:05,829 [ERROR] LogOutputStream:75 - [STDERR_REDIRECT] 
2026-05-17 21:49:06,842 [ERROR] LogOutputStream:75 - [STDERR_REDIRECT] [Fatal Error] :1:1: Premature end of file.
2026-05-17 21:49:06,842 [ERROR] LogOutputStream:75 - [STDERR_REDIRECT] 
2026-05-17 21:49:07,833 [ERROR] LogOutputStream:75 - [STDERR_REDIRECT] [Fatal Error] :1:1: Premature end of file.
2026-05-17 21:49:07,833 [ERROR] LogOutputStream:75 - [STDERR_REDIRECT] 
2026-05-17 21:49:08,833 [ERROR] LogOutputStream:75 - [STDERR_REDIRECT] [Fatal Error] :1:1: Premature end of file.
2026-05-17 21:49:08,833 [ERROR] LogOutputStream:75 - [STDERR_REDIRECT] 
2026-05-17 21:49:09,846 [ERROR] LogOutputStream:75 - [STDERR_REDIRECT] [Fatal Error] :1:1: Premature end of file.
2026-05-17 21:49:09,848 [ERROR] LogOutputStream:75 - [STDERR_REDIRECT] 
2026-05-17 21:49:10,836 [ERROR] LogOutputStream:75 - [STDERR_REDIRECT] [Fatal Error] :1:1: Premature end of file.
2026-05-17 21:49:10,836 [ERROR] LogOutputStream:75 - [STDERR_REDIRECT] 
2026-05-17 21:49:11,837 [ERROR] LogOutputStream:75 - [STDERR_REDIRECT] [Fatal Error] :1:1: Premature end of file.
2026-05-17 21:49:11,837 [ERROR] LogOutputStream:75 - [STDERR_REDIRECT] 
2026-05-17 21:49:12,826 [ERROR] LogOutputStream:75 - [STDERR_REDIRECT] [Fatal Error] :1:1: Premature end of file.
2026-05-17 21:49:12,826 [ERROR] LogOutputStream:75 - [STDERR_REDIRECT] 
2026-05-17 21:49:13,826 [ERROR] LogOutputStream:75 - [STDERR_REDIRECT] [Fatal Error] :1:1: Premature end of file.
2026-05-17 21:49:13,826 [ERROR] LogOutputStream:75 - [STDERR_REDIRECT] 
2026-05-17 21:49:14,840 [ERROR] LogOutputStream:75 - [STDERR_REDIRECT] [Fatal Error] :1:1: Premature end of file.
2026-05-17 21:49:14,840 [ERROR] LogOutputStream:75 - [STDERR_REDIRECT] 
2026-05-17 21:49:15,828 [ERROR] LogOutputStream:75 - [STDERR_REDIRECT] [Fatal Error] :1:1: Premature end of file.
2026-05-17 21:49:15,828 [ERROR] LogOutputStream:75 - [STDERR_REDIRECT] 
2026-05-17 21:49:16,829 [ERROR] LogOutputStream:75 - [STDERR_REDIRECT] [Fatal Error] :1:1: Premature end of file.
2026-05-17 21:49:16,829 [ERROR] LogOutputStream:75 - [STDERR_REDIRECT] 
2026-05-17 21:49:17,830 [ERROR] LogOutputStream:75 - [STDERR_REDIRECT] [Fatal Error] :1:1: Premature end of file.
2026-05-17 21:49:17,830 [ERROR] LogOutputStream:75 - [STDERR_REDIRECT] 
2026-05-17 21:49:18,830 [ERROR] LogOutputStream:75 - [STDERR_REDIRECT] [Fatal Error] :1:1: Premature end of file.
2026-05-17 21:49:18,830 [ERROR] LogOutputStream:75 - [STDERR_REDIRECT] 
2026-05-17 21:49:19,830 [ERROR] LogOutputStream:75 - [STDERR_REDIRECT] [Fatal Error] :1:1: Premature end of file.
2026-05-17 21:49:19,830 [ERROR] LogOutputStream:75 - [STDERR_REDIRECT] 
2026-05-17 21:49:20,831 [ERROR] LogOutputStream:75 - [STDERR_REDIRECT] [Fatal Error] :1:1: Premature end of file.
2026-05-17 21:49:20,831 [ERROR] LogOutputStream:75 - [STDERR_REDIRECT] 
2026-05-17 21:49:21,831 [ERROR] LogOutputStream:75 - [STDERR_REDIRECT] [Fatal Error] :1:1: Premature end of file.
2026-05-17 21:49:21,831 [ERROR] LogOutputStream:75 - [STDERR_REDIRECT] 
2026-05-17 21:49:22,833 [ERROR] LogOutputStream:75 - [STDERR_REDIRECT] [Fatal Error] :1:1: Premature end of file.
2026-05-17 21:49:22,833 [ERROR] LogOutputStream:75 - [STDERR_REDIRECT] 
2026-05-17 21:49:23,835 [ERROR] LogOutputStream:75 - [STDERR_REDIRECT] [Fatal Error] :1:1: Premature end of file.
2026-05-17 21:49:23,835 [ERROR] LogOutputStream:75 - [STDERR_REDIRECT] 
2026-05-17 21:49:24,837 [ERROR] LogOutputStream:75 - [STDERR_REDIRECT] [Fatal Error] :1:1: Premature end of file.
2026-05-17 21:49:24,837 [ERROR] LogOutputStream:75 - [STDERR_REDIRECT] 
2026-05-17 21:49:25,823 [ERROR] LogOutputStream:75 - [STDERR_REDIRECT] [Fatal Error] :1:1: Premature end of file.
2026-05-17 21:49:25,823 [ERROR] LogOutputStream:75 - [STDERR_REDIRECT] 
2026-05-17 21:49:26,823 [ERROR] LogOutputStream:75 - [STDERR_REDIRECT] [Fatal Error] :1:1: Premature end of file.
2026-05-17 21:49:26,823 [ERROR] LogOutputStream:75 - [STDERR_REDIRECT] 
2026-05-17 21:49:27,826 [ERROR] LogOutputStream:75 - [STDERR_REDIRECT] [Fatal Error] :1:1: Premature end of file.
2026-05-17 21:49:27,826 [ERROR] LogOutputStream:75 - [STDERR_REDIRECT] 
2026-05-17 21:49:28,827 [ERROR] LogOutputStream:75 - [STDERR_REDIRECT] [Fatal Error] :1:1: Premature end of file.
2026-05-17 21:49:28,827 [ERROR] LogOutputStream:75 - [STDERR_REDIRECT] 
2026-05-17 21:49:29,827 [ERROR] LogOutputStream:75 - [STDERR_REDIRECT] [Fatal Error] :1:1: Premature end of file.
2026-05-17 21:49:29,827 [ERROR] LogOutputStream:75 - [STDERR_REDIRECT] 
2026-05-17 21:49:30,826 [ERROR] LogOutputStream:75 - [STDERR_REDIRECT] [Fatal Error] :1:1: Premature end of file.
2026-05-17 21:49:30,826 [ERROR] LogOutputStream:75 - [STDERR_REDIRECT] 
2026-05-17 21:49:31,828 [ERROR] LogOutputStream:75 - [STDERR_REDIRECT] [Fatal Error] :1:1: Premature end of file.
2026-05-17 21:49:31,828 [ERROR] LogOutputStream:75 - [STDERR_REDIRECT] 
2026-05-17 21:49:32,830 [ERROR] LogOutputStream:75 - [STDERR_REDIRECT] [Fatal Error] :1:1: Premature end of file.
2026-05-17 21:49:32,830 [ERROR] LogOutputStream:75 - [STDERR_REDIRECT] 
2026-05-17 21:49:33,832 [ERROR] LogOutputStream:75 - [STDERR_REDIRECT] [Fatal Error] :1:1: Premature end of file.
2026-05-17 21:49:33,832 [ERROR] LogOutputStream:75 - [STDERR_REDIRECT] 
2026-05-17 21:49:34,834 [ERROR] LogOutputStream:75 - [STDERR_REDIRECT] [Fatal Error] :1:1: Premature end of file.
2026-05-17 21:49:34,834 [ERROR] LogOutputStream:75 - [STDERR_REDIRECT] 
2026-05-17 21:49:35,835 [ERROR] LogOutputStream:75 - [STDERR_REDIRECT] [Fatal Error] :1:1: Premature end of file.
2026-05-17 21:49:35,835 [ERROR] LogOutputStream:75 - [STDERR_REDIRECT] 
2026-05-17 21:49:36,835 [ERROR] LogOutputStream:75 - [STDERR_REDIRECT] [Fatal Error] :1:1: Premature end of file.
2026-05-17 21:49:36,835 [ERROR] LogOutputStream:75 - [STDERR_REDIRECT] 
2026-05-17 21:49:37,835 [ERROR] LogOutputStream:75 - [STDERR_REDIRECT] [Fatal Error] :1:1: Premature end of file.
2026-05-17 21:49:37,835 [ERROR] LogOutputStream:75 - [STDERR_REDIRECT] 
2026-05-17 21:49:38,822 [ERROR] LogOutputStream:75 - [STDERR_REDIRECT] [Fatal Error] :1:1: Premature end of file.
2026-05-17 21:49:38,822 [ERROR] LogOutputStream:75 - [STDERR_REDIRECT] 
2026-05-17 21:49:39,837 [ERROR] LogOutputStream:75 - [STDERR_REDIRECT] [Fatal Error] :1:1: Premature end of file.
2026-05-17 21:49:39,837 [ERROR] LogOutputStream:75 - [STDERR_REDIRECT] 
2026-05-17 21:49:40,823 [ERROR] LogOutputStream:75 - [STDERR_REDIRECT] [Fatal Error] :1:1: Premature end of file.
2026-05-17 21:49:40,823 [ERROR] LogOutputStream:75 - [STDERR_REDIRECT] 
2026-05-17 21:49:41,823 [ERROR] LogOutputStream:75 - [STDERR_REDIRECT] [Fatal Error] :1:1: Premature end of file.
2026-05-17 21:49:41,823 [ERROR] LogOutputStream:75 - [STDERR_REDIRECT] 
2026-05-17 21:49:42,823 [ERROR] LogOutputStream:75 - [STDERR_REDIRECT] [Fatal Error] :1:1: Premature end of file.
2026-05-17 21:49:42,823 [ERROR] LogOutputStream:75 - [STDERR_REDIRECT] 
2026-05-17 21:49:43,825 [ERROR] LogOutputStream:75 - [STDERR_REDIRECT] [Fatal Error] :1:1: Premature end of file.
2026-05-17 21:49:43,825 [ERROR] LogOutputStream:75 - [STDERR_REDIRECT] 
2026-05-17 21:49:44,828 [ERROR] LogOutputStream:75 - [STDERR_REDIRECT] [Fatal Error] :1:1: Premature end of file.
2026-05-17 21:49:44,828 [ERROR] LogOutputStream:75 - [STDERR_REDIRECT] 
2026-05-17 21:49:45,829 [ERROR] LogOutputStream:75 - [STDERR_REDIRECT] [Fatal Error] :1:1: Premature end of file.
2026-05-17 21:49:45,829 [ERROR] LogOutputStream:75 - [STDERR_REDIRECT] 
2026-05-17 21:49:46,828 [ERROR] LogOutputStream:75 - [STDERR_REDIRECT] [Fatal Error] :1:1: Premature end of file.
2026-05-17 21:49:46,828 [ERROR] LogOutputStream:75 - [STDERR_REDIRECT] 
2026-05-17 21:49:47,840 [ERROR] LogOutputStream:75 - [STDERR_REDIRECT] [Fatal Error] :1:1: Premature end of file.
2026-05-17 21:49:47,840 [ERROR] LogOutputStream:75 - [STDERR_REDIRECT] 
2026-05-17 21:49:48,835 [ERROR] LogOutputStream:75 - [STDERR_REDIRECT] [Fatal Error] :1:1: Premature end of file.
2026-05-17 21:49:48,835 [ERROR] LogOutputStream:75 - [STDERR_REDIRECT] 
2026-05-17 21:49:49,833 [ERROR] LogOutputStream:75 - [STDERR_REDIRECT] [Fatal Error] :1:1: Premature end of file.
2026-05-17 21:49:49,833 [ERROR] LogOutputStream:75 - [STDERR_REDIRECT] 
2026-05-17 21:49:50,833 [ERROR] LogOutputStream:75 - [STDERR_REDIRECT] [Fatal Error] :1:1: Premature end of file.
2026-05-17 21:49:50,833 [ERROR] LogOutputStream:75 - [STDERR_REDIRECT] 
2026-05-17 21:49:51,830 [ERROR] LogOutputStream:75 - [STDERR_REDIRECT] [Fatal Error] :1:1: Premature end of file.
2026-05-17 21:49:51,830 [ERROR] LogOutputStream:75 - [STDERR_REDIRECT] 
2026-05-17 21:49:52,832 [ERROR] LogOutputStream:75 - [STDERR_REDIRECT] [Fatal Error] :1:1: Premature end of file.
2026-05-17 21:49:52,832 [ERROR] LogOutputStream:75 - [STDERR_REDIRECT] 
2026-05-17 21:49:53,834 [ERROR] LogOutputStream:75 - [STDERR_REDIRECT] [Fatal Error] :1:1: Premature end of file.
2026-05-17 21:49:53,834 [ERROR] LogOutputStream:75 - [STDERR_REDIRECT] 
2026-05-17 21:49:54,833 [ERROR] LogOutputStream:75 - [STDERR_REDIRECT] [Fatal Error] :1:1: Premature end of file.
2026-05-17 21:49:54,833 [ERROR] LogOutputStream:75 - [STDERR_REDIRECT] 
2026-05-17 21:49:55,835 [ERROR] LogOutputStream:75 - [STDERR_REDIRECT] [Fatal Error] :1:1: Premature end of file.
2026-05-17 21:49:55,835 [ERROR] LogOutputStream:75 - [STDERR_REDIRECT] 
2026-05-17 21:49:56,836 [ERROR] LogOutputStream:75 - [STDERR_REDIRECT] [Fatal Error] :1:1: Premature end of file.
2026-05-17 21:49:56,836 [ERROR] LogOutputStream:75 - [STDERR_REDIRECT] 
2026-05-17 21:49:57,838 [ERROR] LogOutputStream:75 - [STDERR_REDIRECT] [Fatal Error] :1:1: Premature end of file.
2026-05-17 21:49:57,838 [ERROR] LogOutputStream:75 - [STDERR_REDIRECT] 
2026-05-17 21:49:58,837 [ERROR] LogOutputStream:75 - [STDERR_REDIRECT] [Fatal Error] :1:1: Premature end of file.
2026-05-17 21:49:58,837 [ERROR] LogOutputStream:75 - [STDERR_REDIRECT] 
2026-05-17 21:49:59,837 [ERROR] LogOutputStream:75 - [STDERR_REDIRECT] [Fatal Error] :1:1: Premature end of file.
2026-05-17 21:49:59,837 [ERROR] LogOutputStream:75 - [STDERR_REDIRECT] 
2026-05-17 21:50:00,838 [ERROR] LogOutputStream:75 - [STDERR_REDIRECT] [Fatal Error] :1:1: Premature end of file.
2026-05-17 21:50:00,838 [ERROR] LogOutputStream:75 - [STDERR_REDIRECT] 
2026-05-17 21:50:01,823 [ERROR] LogOutputStream:75 - [STDERR_REDIRECT] [Fatal Error] :1:1: Premature end of file.
2026-05-17 21:50:01,823 [ERROR] LogOutputStream:75 - [STDERR_REDIRECT] 
2026-05-17 21:50:02,823 [ERROR] LogOutputStream:75 - [STDERR_REDIRECT] [Fatal Error] :1:1: Premature end of file.
2026-05-17 21:50:02,823 [ERROR] LogOutputStream:75 - [STDERR_REDIRECT] 
2026-05-17 21:50:03,824 [ERROR] LogOutputStream:75 - [STDERR_REDIRECT] [Fatal Error] :1:1: Premature end of file.
2026-05-17 21:50:03,824 [ERROR] LogOutputStream:75 - [STDERR_REDIRECT] 
2026-05-17 21:50:04,838 [ERROR] LogOutputStream:75 - [STDERR_REDIRECT] [Fatal Error] :1:1: Premature end of file.
2026-05-17 21:50:04,840 [ERROR] LogOutputStream:75 - [STDERR_REDIRECT] 
2026-05-17 21:50:05,828 [ERROR] LogOutputStream:75 - [STDERR_REDIRECT] [Fatal Error] :1:1: Premature end of file.
2026-05-17 21:50:05,828 [ERROR] LogOutputStream:75 - [STDERR_REDIRECT] 
2026-05-17 21:50:06,830 [ERROR] LogOutputStream:75 - [STDERR_REDIRECT] [Fatal Error] :1:1: Premature end of file.
2026-05-17 21:50:06,830 [ERROR] LogOutputStream:75 - [STDERR_REDIRECT] 
2026-05-17 21:50:07,833 [ERROR] LogOutputStream:75 - [STDERR_REDIRECT] [Fatal Error] :1:1: Premature end of file.
2026-05-17 21:50:07,833 [ERROR] LogOutputStream:75 - [STDERR_REDIRECT] 
2026-05-17 21:50:08,834 [ERROR] LogOutputStream:75 - [STDERR_REDIRECT] [Fatal Error] :1:1: Premature end of file.
2026-05-17 21:50:08,834 [ERROR] LogOutputStream:75 - [STDERR_REDIRECT] 
2026-05-17 21:50:09,836 [ERROR] LogOutputStream:75 - [STDERR_REDIRECT] [Fatal Error] :1:1: Premature end of file.
2026-05-17 21:50:09,836 [ERROR] LogOutputStream:75 - [STDERR_REDIRECT] 
2026-05-17 21:50:10,837 [ERROR] LogOutputStream:75 - [STDERR_REDIRECT] [Fatal Error] :1:1: Premature end of file.
2026-05-17 21:50:10,837 [ERROR] LogOutputStream:75 - [STDERR_REDIRECT] 
2026-05-17 21:50:11,823 [ERROR] LogOutputStream:75 - [STDERR_REDIRECT] [Fatal Error] :1:1: Premature end of file.
2026-05-17 21:50:11,823 [ERROR] LogOutputStream:75 - [STDERR_REDIRECT] 
2026-05-17 21:50:12,837 [ERROR] LogOutputStream:75 - [STDERR_REDIRECT] [Fatal Error] :1:1: Premature end of file.
2026-05-17 21:50:12,837 [ERROR] LogOutputStream:75 - [STDERR_REDIRECT] 
2026-05-17 21:50:13,827 [ERROR] LogOutputStream:75 - [STDERR_REDIRECT] [Fatal Error] :1:1: Premature end of file.
2026-05-17 21:50:13,827 [ERROR] LogOutputStream:75 - [STDERR_REDIRECT] 
2026-05-17 21:50:14,827 [ERROR] LogOutputStream:75 - [STDERR_REDIRECT] [Fatal Error] :1:1: Premature end of file.
2026-05-17 21:50:14,827 [ERROR] LogOutputStream:75 - [STDERR_REDIRECT] 
2026-05-17 21:50:15,828 [ERROR] LogOutputStream:75 - [STDERR_REDIRECT] [Fatal Error] :1:1: Premature end of file.
2026-05-17 21:50:15,828 [ERROR] LogOutputStream:75 - [STDERR_REDIRECT] 
2026-05-17 21:50:16,829 [ERROR] LogOutputStream:75 - [STDERR_REDIRECT] [Fatal Error] :1:1: Premature end of file.
2026-05-17 21:50:16,829 [ERROR] LogOutputStream:75 - [STDERR_REDIRECT] 
2026-05-17 21:50:17,829 [ERROR] LogOutputStream:75 - [STDERR_REDIRECT] [Fatal Error] :1:1: Premature end of file.
2026-05-17 21:50:17,829 [ERROR] LogOutputStream:75 - [STDERR_REDIRECT] 
2026-05-17 21:50:18,829 [ERROR] LogOutputStream:75 - [STDERR_REDIRECT] [Fatal Error] :1:1: Premature end of file.
2026-05-17 21:50:18,829 [ERROR] LogOutputStream:75 - [STDERR_REDIRECT] 
2026-05-17 21:50:19,829 [ERROR] LogOutputStream:75 - [STDERR_REDIRECT] [Fatal Error] :1:1: Premature end of file.
2026-05-17 21:50:19,829 [ERROR] LogOutputStream:75 - [STDERR_REDIRECT] 
2026-05-17 21:50:20,830 [ERROR] LogOutputStream:75 - [STDERR_REDIRECT] [Fatal Error] :1:1: Premature end of file.
2026-05-17 21:50:20,830 [ERROR] LogOutputStream:75 - [STDERR_REDIRECT] 
2026-05-17 21:50:21,830 [ERROR] LogOutputStream:75 - [STDERR_REDIRECT] [Fatal Error] :1:1: Premature end of file.
2026-05-17 21:50:21,830 [ERROR] LogOutputStream:75 - [STDERR_REDIRECT] 
2026-05-17 21:50:22,831 [ERROR] LogOutputStream:75 - [STDERR_REDIRECT] [Fatal Error] :1:1: Premature end of file.
2026-05-17 21:50:22,831 [ERROR] LogOutputStream:75 - [STDERR_REDIRECT] 
2026-05-17 21:50:23,830 [ERROR] LogOutputStream:75 - [STDERR_REDIRECT] [Fatal Error] :1:1: Premature end of file.
2026-05-17 21:50:23,830 [ERROR] LogOutputStream:75 - [STDERR_REDIRECT] 
2026-05-17 21:50:24,832 [ERROR] LogOutputStream:75 - [STDERR_REDIRECT] [Fatal Error] :1:1: Premature end of file.
2026-05-17 21:50:24,832 [ERROR] LogOutputStream:75 - [STDERR_REDIRECT] 
2026-05-17 21:50:25,832 [ERROR] LogOutputStream:75 - [STDERR_REDIRECT] [Fatal Error] :1:1: Premature end of file.
2026-05-17 21:50:25,832 [ERROR] LogOutputStream:75 - [STDERR_REDIRECT] 
2026-05-17 21:50:26,833 [ERROR] LogOutputStream:75 - [STDERR_REDIRECT] [Fatal Error] :1:1: Premature end of file.
2026-05-17 21:50:26,833 [ERROR] LogOutputStream:75 - [STDERR_REDIRECT] 
2026-05-17 21:50:27,833 [ERROR] LogOutputStream:75 - [STDERR_REDIRECT] [Fatal Error] :1:1: Premature end of file.
2026-05-17 21:50:27,833 [ERROR] LogOutputStream:75 - [STDERR_REDIRECT] 
2026-05-17 21:50:28,834 [ERROR] LogOutputStream:75 - [STDERR_REDIRECT] [Fatal Error] :1:1: Premature end of file.
2026-05-17 21:50:28,834 [ERROR] LogOutputStream:75 - [STDERR_REDIRECT] 
2026-05-17 21:50:29,843 [ERROR] LogOutputStream:75 - [STDERR_REDIRECT] [Fatal Error] :1:1: Premature end of file.
2026-05-17 21:50:29,843 [ERROR] LogOutputStream:75 - [STDERR_REDIRECT] 
2026-05-17 21:50:30,835 [ERROR] LogOutputStream:75 - [STDERR_REDIRECT] [Fatal Error] :1:1: Premature end of file.
2026-05-17 21:50:30,835 [ERROR] LogOutputStream:75 - [STDERR_REDIRECT] 
2026-05-17 21:50:31,835 [ERROR] LogOutputStream:75 - [STDERR_REDIRECT] [Fatal Error] :1:1: Premature end of file.
2026-05-17 21:50:31,835 [ERROR] LogOutputStream:75 - [STDERR_REDIRECT] 
2026-05-17 21:50:32,837 [ERROR] LogOutputStream:75 - [STDERR_REDIRECT] [Fatal Error] :1:1: Premature end of file.
2026-05-17 21:50:32,837 [ERROR] LogOutputStream:75 - [STDERR_REDIRECT] 
2026-05-17 21:50:33,837 [ERROR] LogOutputStream:75 - [STDERR_REDIRECT] [Fatal Error] :1:1: Premature end of file.
2026-05-17 21:50:33,837 [ERROR] LogOutputStream:75 - [STDERR_REDIRECT] 
2026-05-17 21:50:34,837 [ERROR] LogOutputStream:75 - [STDERR_REDIRECT] [Fatal Error] :1:1: Premature end of file.
2026-05-17 21:50:34,837 [ERROR] LogOutputStream:75 - [STDERR_REDIRECT] 
2026-05-17 21:50:35,837 [ERROR] LogOutputStream:75 - [STDERR_REDIRECT] [Fatal Error] :1:1: Premature end of file.
2026-05-17 21:50:35,837 [ERROR] LogOutputStream:75 - [STDERR_REDIRECT] 
2026-05-17 21:50:36,838 [ERROR] LogOutputStream:75 - [STDERR_REDIRECT] [Fatal Error] :1:1: Premature end of file.
2026-05-17 21:50:36,838 [ERROR] LogOutputStream:75 - [STDERR_REDIRECT] 
2026-05-17 21:50:37,837 [ERROR] LogOutputStream:75 - [STDERR_REDIRECT] [Fatal Error] :1:1: Premature end of file.
2026-05-17 21:50:37,837 [ERROR] LogOutputStream:75 - [STDERR_REDIRECT] 
2026-05-17 21:50:38,824 [ERROR] LogOutputStream:75 - [STDERR_REDIRECT] [Fatal Error] :1:1: Premature end of file.
2026-05-17 21:50:38,824 [ERROR] LogOutputStream:75 - [STDERR_REDIRECT] 
2026-05-17 21:50:39,824 [ERROR] LogOutputStream:75 - [STDERR_REDIRECT] [Fatal Error] :1:1: Premature end of file.
2026-05-17 21:50:39,824 [ERROR] LogOutputStream:75 - [STDERR_REDIRECT] 
2026-05-17 21:50:40,825 [ERROR] LogOutputStream:75 - [STDERR_REDIRECT] [Fatal Error] :1:1: Premature end of file.
2026-05-17 21:50:40,825 [ERROR] LogOutputStream:75 - [STDERR_REDIRECT] 
2026-05-17 21:50:41,826 [ERROR] LogOutputStream:75 - [STDERR_REDIRECT] [Fatal Error] :1:1: Premature end of file.
2026-05-17 21:50:41,826 [ERROR] LogOutputStream:75 - [STDERR_REDIRECT] 
2026-05-17 21:50:42,826 [ERROR] LogOutputStream:75 - [STDERR_REDIRECT] [Fatal Error] :1:1: Premature end of file.
2026-05-17 21:50:42,826 [ERROR] LogOutputStream:75 - [STDERR_REDIRECT] 
2026-05-17 21:50:43,825 [ERROR] LogOutputStream:75 - [STDERR_REDIRECT] [Fatal Error] :1:1: Premature end of file.
2026-05-17 21:50:43,825 [ERROR] LogOutputStream:75 - [STDERR_REDIRECT] 
2026-05-17 21:50:44,825 [ERROR] LogOutputStream:75 - [STDERR_REDIRECT] [Fatal Error] :1:1: Premature end of file.
2026-05-17 21:50:44,825 [ERROR] LogOutputStream:75 - [STDERR_REDIRECT] 
2026-05-17 21:50:45,826 [ERROR] LogOutputStream:75 - [STDERR_REDIRECT] [Fatal Error] :1:1: Premature end of file.
2026-05-17 21:50:45,826 [ERROR] LogOutputStream:75 - [STDERR_REDIRECT] 
2026-05-17 21:50:46,827 [ERROR] LogOutputStream:75 - [STDERR_REDIRECT] [Fatal Error] :1:1: Premature end of file.
2026-05-17 21:50:46,827 [ERROR] LogOutputStream:75 - [STDERR_REDIRECT] 
2026-05-17 21:50:47,829 [ERROR] LogOutputStream:75 - [STDERR_REDIRECT] [Fatal Error] :1:1: Premature end of file.
2026-05-17 21:50:47,829 [ERROR] LogOutputStream:75 - [STDERR_REDIRECT] 
2026-05-17 21:50:48,829 [ERROR] LogOutputStream:75 - [STDERR_REDIRECT] [Fatal Error] :1:1: Premature end of file.
2026-05-17 21:50:48,829 [ERROR] LogOutputStream:75 - [STDERR_REDIRECT] 
2026-05-17 21:50:49,830 [ERROR] LogOutputStream:75 - [STDERR_REDIRECT] [Fatal Error] :1:1: Premature end of file.
2026-05-17 21:50:49,830 [ERROR] LogOutputStream:75 - [STDERR_REDIRECT] 
2026-05-17 21:50:50,830 [ERROR] LogOutputStream:75 - [STDERR_REDIRECT] [Fatal Error] :1:1: Premature end of file.
2026-05-17 21:50:50,830 [ERROR] LogOutputStream:75 - [STDERR_REDIRECT] 
2026-05-17 21:50:51,831 [ERROR] LogOutputStream:75 - [STDERR_REDIRECT] [Fatal Error] :1:1: Premature end of file.
2026-05-17 21:50:51,831 [ERROR] LogOutputStream:75 - [STDERR_REDIRECT] 
2026-05-17 21:50:52,833 [ERROR] LogOutputStream:75 - [STDERR_REDIRECT] [Fatal Error] :1:1: Premature end of file.
2026-05-17 21:50:52,833 [ERROR] LogOutputStream:75 - [STDERR_REDIRECT] 
2026-05-17 21:50:53,833 [ERROR] LogOutputStream:75 - [STDERR_REDIRECT] [Fatal Error] :1:1: Premature end of file.
2026-05-17 21:50:53,833 [ERROR] LogOutputStream:75 - [STDERR_REDIRECT] 
2026-05-17 21:50:54,835 [ERROR] LogOutputStream:75 - [STDERR_REDIRECT] [Fatal Error] :1:1: Premature end of file.
2026-05-17 21:50:54,835 [ERROR] LogOutputStream:75 - [STDERR_REDIRECT] 
2026-05-17 21:50:55,834 [ERROR] LogOutputStream:75 - [STDERR_REDIRECT] [Fatal Error] :1:1: Premature end of file.
2026-05-17 21:50:55,834 [ERROR] LogOutputStream:75 - [STDERR_REDIRECT] 
2026-05-17 21:50:56,834 [ERROR] LogOutputStream:75 - [STDERR_REDIRECT] [Fatal Error] :1:1: Premature end of file.
2026-05-17 21:50:56,834 [ERROR] LogOutputStream:75 - [STDERR_REDIRECT] 
2026-05-17 21:50:57,835 [ERROR] LogOutputStream:75 - [STDERR_REDIRECT] [Fatal Error] :1:1: Premature end of file.
2026-05-17 21:50:57,835 [ERROR] LogOutputStream:75 - [STDERR_REDIRECT] 
2026-05-17 21:50:58,836 [ERROR] LogOutputStream:75 - [STDERR_REDIRECT] [Fatal Error] :1:1: Premature end of file.
2026-05-17 21:50:58,836 [ERROR] LogOutputStream:75 - [STDERR_REDIRECT] 
2026-05-17 21:50:59,837 [ERROR] LogOutputStream:75 - [STDERR_REDIRECT] [Fatal Error] :1:1: Premature end of file.
2026-05-17 21:50:59,837 [ERROR] LogOutputStream:75 - [STDERR_REDIRECT] 
2026-05-17 21:51:00,823 [ERROR] LogOutputStream:75 - [STDERR_REDIRECT] [Fatal Error] :1:1: Premature end of file.
2026-05-17 21:51:00,823 [ERROR] LogOutputStream:75 - [STDERR_REDIRECT] 
2026-05-17 21:51:01,824 [ERROR] LogOutputStream:75 - [STDERR_REDIRECT] [Fatal Error] :1:1: Premature end of file.
2026-05-17 21:51:01,824 [ERROR] LogOutputStream:75 - [STDERR_REDIRECT] 
2026-05-17 21:51:02,838 [ERROR] LogOutputStream:75 - [STDERR_REDIRECT] [Fatal Error] :1:1: Premature end of file.
2026-05-17 21:51:02,838 [ERROR] LogOutputStream:75 - [STDERR_REDIRECT] 
2026-05-17 21:51:03,824 [ERROR] LogOutputStream:75 - [STDERR_REDIRECT] [Fatal Error] :1:1: Premature end of file.
2026-05-17 21:51:03,824 [ERROR] LogOutputStream:75 - [STDERR_REDIRECT] 
2026-05-17 21:51:04,825 [ERROR] LogOutputStream:75 - [STDERR_REDIRECT] [Fatal Error] :1:1: Premature end of file.
2026-05-17 21:51:04,825 [ERROR] LogOutputStream:75 - [STDERR_REDIRECT] 
2026-05-17 21:51:05,827 [ERROR] LogOutputStream:75 - [STDERR_REDIRECT] [Fatal Error] :1:1: Premature end of file.
2026-05-17 21:51:05,827 [ERROR] LogOutputStream:75 - [STDERR_REDIRECT] 
2026-05-17 21:51:06,827 [ERROR] LogOutputStream:75 - [STDERR_REDIRECT] [Fatal Error] :1:1: Premature end of file.
2026-05-17 21:51:06,827 [ERROR] LogOutputStream:75 - [STDERR_REDIRECT] 
2026-05-17 21:51:07,828 [ERROR] LogOutputStream:75 - [STDERR_REDIRECT] [Fatal Error] :1:1: Premature end of file.
2026-05-17 21:51:07,828 [ERROR] LogOutputStream:75 - [STDERR_REDIRECT] 
2026-05-17 21:51:08,829 [ERROR] LogOutputStream:75 - [STDERR_REDIRECT] [Fatal Error] :1:1: Premature end of file.
2026-05-17 21:51:08,829 [ERROR] LogOutputStream:75 - [STDERR_REDIRECT] 
2026-05-17 21:51:09,830 [ERROR] LogOutputStream:75 - [STDERR_REDIRECT] [Fatal Error] :1:1: Premature end of file.
2026-05-17 21:51:09,830 [ERROR] LogOutputStream:75 - [STDERR_REDIRECT] 
2026-05-17 21:51:10,831 [ERROR] LogOutputStream:75 - [STDERR_REDIRECT] [Fatal Error] :1:1: Premature end of file.
2026-05-17 21:51:10,831 [ERROR] LogOutputStream:75 - [STDERR_REDIRECT] 
2026-05-17 21:51:11,833 [ERROR] LogOutputStream:75 - [STDERR_REDIRECT] [Fatal Error] :1:1: Premature end of file.
2026-05-17 21:51:11,833 [ERROR] LogOutputStream:75 - [STDERR_REDIRECT] 
2026-05-17 21:51:12,834 [ERROR] LogOutputStream:75 - [STDERR_REDIRECT] [Fatal Error] :1:1: Premature end of file.
2026-05-17 21:51:12,834 [ERROR] LogOutputStream:75 - [STDERR_REDIRECT] 
2026-05-17 21:51:13,835 [ERROR] LogOutputStream:75 - [STDERR_REDIRECT] [Fatal Error] :1:1: Premature end of file.
2026-05-17 21:51:13,835 [ERROR] LogOutputStream:75 - [STDERR_REDIRECT] 
2026-05-17 21:51:14,835 [ERROR] LogOutputStream:75 - [STDERR_REDIRECT] [Fatal Error] :1:1: Premature end of file.
2026-05-17 21:51:14,835 [ERROR] LogOutputStream:75 - [STDERR_REDIRECT] 
2026-05-17 21:51:15,837 [ERROR] LogOutputStream:75 - [STDERR_REDIRECT] [Fatal Error] :1:1: Premature end of file.
2026-05-17 21:51:15,837 [ERROR] LogOutputStream:75 - [STDERR_REDIRECT] 
2026-05-17 21:51:16,824 [ERROR] LogOutputStream:75 - [STDERR_REDIRECT] [Fatal Error] :1:1: Premature end of file.
2026-05-17 21:51:16,824 [ERROR] LogOutputStream:75 - [STDERR_REDIRECT] 
2026-05-17 21:51:17,824 [ERROR] LogOutputStream:75 - [STDERR_REDIRECT] [Fatal Error] :1:1: Premature end of file.
2026-05-17 21:51:17,824 [ERROR] LogOutputStream:75 - [STDERR_REDIRECT] 
2026-05-17 21:51:18,825 [ERROR] LogOutputStream:75 - [STDERR_REDIRECT] [Fatal Error] :1:1: Premature end of file.
2026-05-17 21:51:18,825 [ERROR] LogOutputStream:75 - [STDERR_REDIRECT] 
2026-05-17 21:51:19,827 [ERROR] LogOutputStream:75 - [STDERR_REDIRECT] [Fatal Error] :1:1: Premature end of file.
2026-05-17 21:51:19,827 [ERROR] LogOutputStream:75 - [STDERR_REDIRECT] 
2026-05-17 21:51:20,834 [ERROR] LogOutputStream:75 - [STDERR_REDIRECT] [Fatal Error] :1:1: Premature end of file.
2026-05-17 21:51:20,834 [ERROR] LogOutputStream:75 - [STDERR_REDIRECT] 
2026-05-17 21:51:21,827 [ERROR] LogOutputStream:75 - [STDERR_REDIRECT] [Fatal Error] :1:1: Premature end of file.
2026-05-17 21:51:21,827 [ERROR] LogOutputStream:75 - [STDERR_REDIRECT] 
2026-05-17 21:51:22,829 [ERROR] LogOutputStream:75 - [STDERR_REDIRECT] [Fatal Error] :1:1: Premature end of file.
2026-05-17 21:51:22,829 [ERROR] LogOutputStream:75 - [STDERR_REDIRECT] 
2026-05-17 21:51:23,830 [ERROR] LogOutputStream:75 - [STDERR_REDIRECT] [Fatal Error] :1:1: Premature end of file.
2026-05-17 21:51:23,830 [ERROR] LogOutputStream:75 - [STDERR_REDIRECT] 
2026-05-17 21:51:24,831 [ERROR] LogOutputStream:75 - [STDERR_REDIRECT] [Fatal Error] :1:1: Premature end of file.
2026-05-17 21:51:24,831 [ERROR] LogOutputStream:75 - [STDERR_REDIRECT] 
2026-05-17 21:51:25,832 [ERROR] LogOutputStream:75 - [STDERR_REDIRECT] [Fatal Error] :1:1: Premature end of file.
2026-05-17 21:51:25,832 [ERROR] LogOutputStream:75 - [STDERR_REDIRECT] 
2026-05-17 21:51:26,832 [ERROR] LogOutputStream:75 - [STDERR_REDIRECT] [Fatal Error] :1:1: Premature end of file.
2026-05-17 21:51:26,832 [ERROR] LogOutputStream:75 - [STDERR_REDIRECT] 
2026-05-17 21:51:27,839 [ERROR] LogOutputStream:75 - [STDERR_REDIRECT] [Fatal Error] :1:1: Premature end of file.
2026-05-17 21:51:27,839 [ERROR] LogOutputStream:75 - [STDERR_REDIRECT] 
2026-05-17 21:51:28,835 [ERROR] LogOutputStream:75 - [STDERR_REDIRECT] [Fatal Error] :1:1: Premature end of file.
2026-05-17 21:51:28,835 [ERROR] LogOutputStream:75 - [STDERR_REDIRECT] 
2026-05-17 21:51:29,837 [ERROR] LogOutputStream:75 - [STDERR_REDIRECT] [Fatal Error] :1:1: Premature end of file.
2026-05-17 21:51:29,837 [ERROR] LogOutputStream:75 - [STDERR_REDIRECT] 
2026-05-17 21:51:30,838 [ERROR] LogOutputStream:75 - [STDERR_REDIRECT] [Fatal Error] :1:1: Premature end of file.
2026-05-17 21:51:30,838 [ERROR] LogOutputStream:75 - [STDERR_REDIRECT] 
2026-05-17 21:51:31,837 [ERROR] LogOutputStream:75 - [STDERR_REDIRECT] [Fatal Error] :1:1: Premature end of file.
2026-05-17 21:51:31,837 [ERROR] LogOutputStream:75 - [STDERR_REDIRECT] 
2026-05-17 21:51:32,837 [ERROR] LogOutputStream:75 - [STDERR_REDIRECT] [Fatal Error] :1:1: Premature end of file.
2026-05-17 21:51:32,837 [ERROR] LogOutputStream:75 - [STDERR_REDIRECT] 
2026-05-17 21:51:33,837 [ERROR] LogOutputStream:75 - [STDERR_REDIRECT] [Fatal Error] :1:1: Premature end of file.
2026-05-17 21:51:33,837 [ERROR] LogOutputStream:75 - [STDERR_REDIRECT] 
2026-05-17 21:51:34,838 [ERROR] LogOutputStream:75 - [STDERR_REDIRECT] [Fatal Error] :1:1: Premature end of file.
2026-05-17 21:51:34,838 [ERROR] LogOutputStream:75 - [STDERR_REDIRECT] 
2026-05-17 21:51:35,822 [ERROR] LogOutputStream:75 - [STDERR_REDIRECT] [Fatal Error] :1:1: Premature end of file.
2026-05-17 21:51:35,822 [ERROR] LogOutputStream:75 - [STDERR_REDIRECT] 
2026-05-17 21:51:36,836 [ERROR] LogOutputStream:75 - [STDERR_REDIRECT] [Fatal Error] :1:1: Premature end of file.
2026-05-17 21:51:36,836 [ERROR] LogOutputStream:75 - [STDERR_REDIRECT] 
2026-05-17 21:51:37,837 [ERROR] LogOutputStream:75 - [STDERR_REDIRECT] [Fatal Error] :1:1: Premature end of file.
2026-05-17 21:51:37,837 [ERROR] LogOutputStream:75 - [STDERR_REDIRECT] 
2026-05-17 21:51:38,837 [ERROR] LogOutputStream:75 - [STDERR_REDIRECT] [Fatal Error] :1:1: Premature end of file.
2026-05-17 21:51:38,837 [ERROR] LogOutputStream:75 - [STDERR_REDIRECT] 
2026-05-17 21:51:39,823 [ERROR] LogOutputStream:75 - [STDERR_REDIRECT] [Fatal Error] :1:1: Premature end of file.
2026-05-17 21:51:39,823 [ERROR] LogOutputStream:75 - [STDERR_REDIRECT] 
2026-05-17 21:51:40,823 [ERROR] LogOutputStream:75 - [STDERR_REDIRECT] [Fatal Error] :1:1: Premature end of file.
2026-05-17 21:51:40,823 [ERROR] LogOutputStream:75 - [STDERR_REDIRECT] 
2026-05-17 21:51:41,824 [ERROR] LogOutputStream:75 - [STDERR_REDIRECT] [Fatal Error] :1:1: Premature end of file.
2026-05-17 21:51:41,824 [ERROR] LogOutputStream:75 - [STDERR_REDIRECT] 
2026-05-17 21:51:42,824 [ERROR] LogOutputStream:75 - [STDERR_REDIRECT] [Fatal Error] :1:1: Premature end of file.
2026-05-17 21:51:42,824 [ERROR] LogOutputStream:75 - [STDERR_REDIRECT] 
2026-05-17 21:51:43,825 [ERROR] LogOutputStream:75 - [STDERR_REDIRECT] [Fatal Error] :1:1: Premature end of file.
2026-05-17 21:51:43,825 [ERROR] LogOutputStream:75 - [STDERR_REDIRECT] 
2026-05-17 21:51:44,839 [ERROR] LogOutputStream:75 - [STDERR_REDIRECT] [Fatal Error] :1:1: Premature end of file.
2026-05-17 21:51:44,839 [ERROR] LogOutputStream:75 - [STDERR_REDIRECT] 
2026-05-17 21:51:45,827 [ERROR] LogOutputStream:75 - [STDERR_REDIRECT] [Fatal Error] :1:1: Premature end of file.
2026-05-17 21:51:45,827 [ERROR] LogOutputStream:75 - [STDERR_REDIRECT] 
2026-05-17 21:51:46,827 [ERROR] LogOutputStream:75 - [STDERR_REDIRECT] [Fatal Error] :1:1: Premature end of file.
2026-05-17 21:51:46,827 [ERROR] LogOutputStream:75 - [STDERR_REDIRECT] 
2026-05-17 21:51:47,827 [ERROR] LogOutputStream:75 - [STDERR_REDIRECT] [Fatal Error] :1:1: Premature end of file.
2026-05-17 21:51:47,827 [ERROR] LogOutputStream:75 - [STDERR_REDIRECT] 
2026-05-17 21:51:48,827 [ERROR] LogOutputStream:75 - [STDERR_REDIRECT] [Fatal Error] :1:1: Premature end of file.
2026-05-17 21:51:48,827 [ERROR] LogOutputStream:75 - [STDERR_REDIRECT] 
2026-05-17 21:51:49,831 [ERROR] LogOutputStream:75 - [STDERR_REDIRECT] [Fatal Error] :1:1: Premature end of file.
2026-05-17 21:51:49,831 [ERROR] LogOutputStream:75 - [STDERR_REDIRECT] 
2026-05-17 21:51:50,831 [ERROR] LogOutputStream:75 - [STDERR_REDIRECT] [Fatal Error] :1:1: Premature end of file.
2026-05-17 21:51:50,831 [ERROR] LogOutputStream:75 - [STDERR_REDIRECT] 
2026-05-17 21:51:51,830 [ERROR] LogOutputStream:75 - [STDERR_REDIRECT] [Fatal Error] :1:1: Premature end of file.
2026-05-17 21:51:51,830 [ERROR] LogOutputStream:75 - [STDERR_REDIRECT] 
2026-05-17 21:51:52,832 [ERROR] LogOutputStream:75 - [STDERR_REDIRECT] [Fatal Error] :1:1: Premature end of file.
2026-05-17 21:51:52,832 [ERROR] LogOutputStream:75 - [STDERR_REDIRECT] 
2026-05-17 21:51:53,833 [ERROR] LogOutputStream:75 - [STDERR_REDIRECT] [Fatal Error] :1:1: Premature end of file.
2026-05-17 21:51:53,833 [ERROR] LogOutputStream:75 - [STDERR_REDIRECT] 
2026-05-17 21:51:54,835 [ERROR] LogOutputStream:75 - [STDERR_REDIRECT] [Fatal Error] :1:1: Premature end of file.
2026-05-17 21:51:54,835 [ERROR] LogOutputStream:75 - [STDERR_REDIRECT] 
2026-05-17 21:51:55,833 [ERROR] LogOutputStream:75 - [STDERR_REDIRECT] [Fatal Error] :1:1: Premature end of file.
2026-05-17 21:51:55,833 [ERROR] LogOutputStream:75 - [STDERR_REDIRECT] 
2026-05-17 21:51:56,833 [ERROR] LogOutputStream:75 - [STDERR_REDIRECT] [Fatal Error] :1:1: Premature end of file.
2026-05-17 21:51:56,833 [ERROR] LogOutputStream:75 - [STDERR_REDIRECT] 
2026-05-17 21:51:57,834 [ERROR] LogOutputStream:75 - [STDERR_REDIRECT] [Fatal Error] :1:1: Premature end of file.
2026-05-17 21:51:57,834 [ERROR] LogOutputStream:75 - [STDERR_REDIRECT] 
2026-05-17 21:51:58,836 [ERROR] LogOutputStream:75 - [STDERR_REDIRECT] [Fatal Error] :1:1: Premature end of file.
2026-05-17 21:51:58,836 [ERROR] LogOutputStream:75 - [STDERR_REDIRECT] 
2026-05-17 21:51:59,837 [ERROR] LogOutputStream:75 - [STDERR_REDIRECT] [Fatal Error] :1:1: Premature end of file.
2026-05-17 21:51:59,837 [ERROR] LogOutputStream:75 - [STDERR_REDIRECT] 
2026-05-17 21:52:00,822 [ERROR] LogOutputStream:75 - [STDERR_REDIRECT] [Fatal Error] :1:1: Premature end of file.
2026-05-17 21:52:00,822 [ERROR] LogOutputStream:75 - [STDERR_REDIRECT] 
2026-05-17 21:52:01,824 [ERROR] LogOutputStream:75 - [STDERR_REDIRECT] [Fatal Error] :1:1: Premature end of file.
2026-05-17 21:52:01,824 [ERROR] LogOutputStream:75 - [STDERR_REDIRECT] 
2026-05-17 21:52:02,823 [ERROR] LogOutputStream:75 - [STDERR_REDIRECT] [Fatal Error] :1:1: Premature end of file.
2026-05-17 21:52:02,823 [ERROR] LogOutputStream:75 - [STDERR_REDIRECT] 
2026-05-17 21:52:03,825 [ERROR] LogOutputStream:75 - [STDERR_REDIRECT] [Fatal Error] :1:1: Premature end of file.
2026-05-17 21:52:03,825 [ERROR] LogOutputStream:75 - [STDERR_REDIRECT] 
2026-05-17 21:52:04,823 [ERROR] LogOutputStream:75 - [STDERR_REDIRECT] [Fatal Error] :1:1: Premature end of file.
2026-05-17 21:52:04,823 [ERROR] LogOutputStream:75 - [STDERR_REDIRECT] 
2026-05-17 21:52:05,824 [ERROR] LogOutputStream:75 - [STDERR_REDIRECT] [Fatal Error] :1:1: Premature end of file.
2026-05-17 21:52:05,824 [ERROR] LogOutputStream:75 - [STDERR_REDIRECT] 
2026-05-17 21:52:06,824 [ERROR] LogOutputStream:75 - [STDERR_REDIRECT] [Fatal Error] :1:1: Premature end of file.
2026-05-17 21:52:06,824 [ERROR] LogOutputStream:75 - [STDERR_REDIRECT] 
2026-05-17 21:52:07,826 [ERROR] LogOutputStream:75 - [STDERR_REDIRECT] [Fatal Error] :1:1: Premature end of file.
2026-05-17 21:52:07,826 [ERROR] LogOutputStream:75 - [STDERR_REDIRECT] 
2026-05-17 21:52:08,826 [ERROR] LogOutputStream:75 - [STDERR_REDIRECT] [Fatal Error] :1:1: Premature end of file.
2026-05-17 21:52:08,826 [ERROR] LogOutputStream:75 - [STDERR_REDIRECT] 
2026-05-17 21:52:09,827 [ERROR] LogOutputStream:75 - [STDERR_REDIRECT] [Fatal Error] :1:1: Premature end of file.
2026-05-17 21:52:09,827 [ERROR] LogOutputStream:75 - [STDERR_REDIRECT] 
2026-05-17 21:52:10,828 [ERROR] LogOutputStream:75 - [STDERR_REDIRECT] [Fatal Error] :1:1: Premature end of file.
2026-05-17 21:52:10,828 [ERROR] LogOutputStream:75 - [STDERR_REDIRECT] 
2026-05-17 21:52:11,828 [ERROR] LogOutputStream:75 - [STDERR_REDIRECT] [Fatal Error] :1:1: Premature end of file.
2026-05-17 21:52:11,828 [ERROR] LogOutputStream:75 - [STDERR_REDIRECT] 
2026-05-17 21:52:12,829 [ERROR] LogOutputStream:75 - [STDERR_REDIRECT] [Fatal Error] :1:1: Premature end of file.
2026-05-17 21:52:12,829 [ERROR] LogOutputStream:75 - [STDERR_REDIRECT] 
2026-05-17 21:52:13,830 [ERROR] LogOutputStream:75 - [STDERR_REDIRECT] [Fatal Error] :1:1: Premature end of file.
2026-05-17 21:52:13,830 [ERROR] LogOutputStream:75 - [STDERR_REDIRECT] 
2026-05-17 21:52:14,830 [ERROR] LogOutputStream:75 - [STDERR_REDIRECT] [Fatal Error] :1:1: Premature end of file.
2026-05-17 21:52:14,830 [ERROR] LogOutputStream:75 - [STDERR_REDIRECT] 
2026-05-17 21:52:15,833 [ERROR] LogOutputStream:75 - [STDERR_REDIRECT] [Fatal Error] :1:1: Premature end of file.
2026-05-17 21:52:15,833 [ERROR] LogOutputStream:75 - [STDERR_REDIRECT] 
2026-05-17 21:52:16,833 [ERROR] LogOutputStream:75 - [STDERR_REDIRECT] [Fatal Error] :1:1: Premature end of file.
2026-05-17 21:52:16,833 [ERROR] LogOutputStream:75 - [STDERR_REDIRECT] 
2026-05-17 21:52:17,836 [ERROR] LogOutputStream:75 - [STDERR_REDIRECT] [Fatal Error] :1:1: Premature end of file.
2026-05-17 21:52:17,836 [ERROR] LogOutputStream:75 - [STDERR_REDIRECT] 
2026-05-17 21:52:18,837 [ERROR] LogOutputStream:75 - [STDERR_REDIRECT] [Fatal Error] :1:1: Premature end of file.
2026-05-17 21:52:18,837 [ERROR] LogOutputStream:75 - [STDERR_REDIRECT] 
2026-05-17 21:52:19,837 [ERROR] LogOutputStream:75 - [STDERR_REDIRECT] [Fatal Error] :1:1: Premature end of file.
2026-05-17 21:52:19,837 [ERROR] LogOutputStream:75 - [STDERR_REDIRECT] 
2026-05-17 21:52:20,824 [ERROR] LogOutputStream:75 - [STDERR_REDIRECT] [Fatal Error] :1:1: Premature end of file.
2026-05-17 21:52:20,824 [ERROR] LogOutputStream:75 - [STDERR_REDIRECT] 
2026-05-17 21:52:21,825 [ERROR] LogOutputStream:75 - [STDERR_REDIRECT] [Fatal Error] :1:1: Premature end of file.
2026-05-17 21:52:21,825 [ERROR] LogOutputStream:75 - [STDERR_REDIRECT] 
2026-05-17 21:52:22,827 [ERROR] LogOutputStream:75 - [STDERR_REDIRECT] [Fatal Error] :1:1: Premature end of file.
2026-05-17 21:52:22,827 [ERROR] LogOutputStream:75 - [STDERR_REDIRECT] 
2026-05-17 21:52:23,827 [ERROR] LogOutputStream:75 - [STDERR_REDIRECT] [Fatal Error] :1:1: Premature end of file.
2026-05-17 21:52:23,827 [ERROR] LogOutputStream:75 - [STDERR_REDIRECT] 
2026-05-17 21:52:24,828 [ERROR] LogOutputStream:75 - [STDERR_REDIRECT] [Fatal Error] :1:1: Premature end of file.
2026-05-17 21:52:24,828 [ERROR] LogOutputStream:75 - [STDERR_REDIRECT] 
2026-05-17 21:52:25,828 [ERROR] LogOutputStream:75 - [STDERR_REDIRECT] [Fatal Error] :1:1: Premature end of file.
2026-05-17 21:52:25,828 [ERROR] LogOutputStream:75 - [STDERR_REDIRECT] 
2026-05-17 21:52:26,842 [ERROR] LogOutputStream:75 - [STDERR_REDIRECT] [Fatal Error] :1:1: Premature end of file.
2026-05-17 21:52:26,842 [ERROR] LogOutputStream:75 - [STDERR_REDIRECT] 
2026-05-17 21:52:27,833 [ERROR] LogOutputStream:75 - [STDERR_REDIRECT] [Fatal Error] :1:1: Premature end of file.
2026-05-17 21:52:27,833 [ERROR] LogOutputStream:75 - [STDERR_REDIRECT] 
2026-05-17 21:52:28,834 [ERROR] LogOutputStream:75 - [STDERR_REDIRECT] [Fatal Error] :1:1: Premature end of file.
2026-05-17 21:52:28,834 [ERROR] LogOutputStream:75 - [STDERR_REDIRECT] 
2026-05-17 21:52:29,835 [ERROR] LogOutputStream:75 - [STDERR_REDIRECT] [Fatal Error] :1:1: Premature end of file.
2026-05-17 21:52:29,835 [ERROR] LogOutputStream:75 - [STDERR_REDIRECT] 
2026-05-17 21:52:30,835 [ERROR] LogOutputStream:75 - [STDERR_REDIRECT] [Fatal Error] :1:1: Premature end of file.
2026-05-17 21:52:30,835 [ERROR] LogOutputStream:75 - [STDERR_REDIRECT] 
2026-05-17 21:52:31,835 [ERROR] LogOutputStream:75 - [STDERR_REDIRECT] [Fatal Error] :1:1: Premature end of file.
2026-05-17 21:52:31,835 [ERROR] LogOutputStream:75 - [STDERR_REDIRECT] 
2026-05-17 21:52:32,836 [ERROR] LogOutputStream:75 - [STDERR_REDIRECT] [Fatal Error] :1:1: Premature end of file.
2026-05-17 21:52:32,836 [ERROR] LogOutputStream:75 - [STDERR_REDIRECT] 
2026-05-17 21:52:33,837 [ERROR] LogOutputStream:75 - [STDERR_REDIRECT] [Fatal Error] :1:1: Premature end of file.
2026-05-17 21:52:33,837 [ERROR] LogOutputStream:75 - [STDERR_REDIRECT] 
2026-05-17 21:52:34,822 [ERROR] LogOutputStream:75 - [STDERR_REDIRECT] [Fatal Error] :1:1: Premature end of file.
2026-05-17 21:52:34,822 [ERROR] LogOutputStream:75 - [STDERR_REDIRECT] 
2026-05-17 21:52:35,823 [ERROR] LogOutputStream:75 - [STDERR_REDIRECT] [Fatal Error] :1:1: Premature end of file.
2026-05-17 21:52:35,823 [ERROR] LogOutputStream:75 - [STDERR_REDIRECT] 
2026-05-17 21:52:36,822 [ERROR] LogOutputStream:75 - [STDERR_REDIRECT] [Fatal Error] :1:1: Premature end of file.
2026-05-17 21:52:36,822 [ERROR] LogOutputStream:75 - [STDERR_REDIRECT] 
2026-05-17 21:52:37,824 [ERROR] LogOutputStream:75 - [STDERR_REDIRECT] [Fatal Error] :1:1: Premature end of file.
2026-05-17 21:52:37,824 [ERROR] LogOutputStream:75 - [STDERR_REDIRECT] 
2026-05-17 21:52:38,837 [ERROR] LogOutputStream:75 - [STDERR_REDIRECT] [Fatal Error] :1:1: Premature end of file.
2026-05-17 21:52:38,837 [ERROR] LogOutputStream:75 - [STDERR_REDIRECT] 
2026-05-17 21:52:39,824 [ERROR] LogOutputStream:75 - [STDERR_REDIRECT] [Fatal Error] :1:1: Premature end of file.
2026-05-17 21:52:39,824 [ERROR] LogOutputStream:75 - [STDERR_REDIRECT] 
2026-05-17 21:52:40,824 [ERROR] LogOutputStream:75 - [STDERR_REDIRECT] [Fatal Error] :1:1: Premature end of file.
2026-05-17 21:52:40,824 [ERROR] LogOutputStream:75 - [STDERR_REDIRECT] 
2026-05-17 21:52:41,825 [ERROR] LogOutputStream:75 - [STDERR_REDIRECT] [Fatal Error] :1:1: Premature end of file.
2026-05-17 21:52:41,825 [ERROR] LogOutputStream:75 - [STDERR_REDIRECT] 
2026-05-17 21:52:42,826 [ERROR] LogOutputStream:75 - [STDERR_REDIRECT] [Fatal Error] :1:1: Premature end of file.
2026-05-17 21:52:42,826 [ERROR] LogOutputStream:75 - [STDERR_REDIRECT] 
2026-05-17 21:52:43,838 [ERROR] LogOutputStream:75 - [STDERR_REDIRECT] [Fatal Error] :1:1: Premature end of file.
2026-05-17 21:52:43,838 [ERROR] LogOutputStream:75 - [STDERR_REDIRECT] 
2026-05-17 21:52:44,827 [ERROR] LogOutputStream:75 - [STDERR_REDIRECT] [Fatal Error] :1:1: Premature end of file.
2026-05-17 21:52:44,827 [ERROR] LogOutputStream:75 - [STDERR_REDIRECT] 
2026-05-17 21:52:45,828 [ERROR] LogOutputStream:75 - [STDERR_REDIRECT] [Fatal Error] :1:1: Premature end of file.
2026-05-17 21:52:45,828 [ERROR] LogOutputStream:75 - [STDERR_REDIRECT] 
2026-05-17 21:52:46,842 [ERROR] LogOutputStream:75 - [STDERR_REDIRECT] [Fatal Error] :1:1: Premature end of file.
2026-05-17 21:52:46,842 [ERROR] LogOutputStream:75 - [STDERR_REDIRECT] 
2026-05-17 21:52:47,829 [ERROR] LogOutputStream:75 - [STDERR_REDIRECT] [Fatal Error] :1:1: Premature end of file.
2026-05-17 21:52:47,829 [ERROR] LogOutputStream:75 - [STDERR_REDIRECT] 
2026-05-17 21:52:48,828 [ERROR] LogOutputStream:75 - [STDERR_REDIRECT] [Fatal Error] :1:1: Premature end of file.
2026-05-17 21:52:48,828 [ERROR] LogOutputStream:75 - [STDERR_REDIRECT] 
2026-05-17 21:52:49,828 [ERROR] LogOutputStream:75 - [STDERR_REDIRECT] [Fatal Error] :1:1: Premature end of file.
2026-05-17 21:52:49,828 [ERROR] LogOutputStream:75 - [STDERR_REDIRECT] 
2026-05-17 21:52:50,829 [ERROR] LogOutputStream:75 - [STDERR_REDIRECT] [Fatal Error] :1:1: Premature end of file.
2026-05-17 21:52:50,829 [ERROR] LogOutputStream:75 - [STDERR_REDIRECT] 
2026-05-17 21:52:51,830 [ERROR] LogOutputStream:75 - [STDERR_REDIRECT] [Fatal Error] :1:1: Premature end of file.
2026-05-17 21:52:51,830 [ERROR] LogOutputStream:75 - [STDERR_REDIRECT] 
2026-05-17 21:52:52,830 [ERROR] LogOutputStream:75 - [STDERR_REDIRECT] [Fatal Error] :1:1: Premature end of file.
2026-05-17 21:52:52,830 [ERROR] LogOutputStream:75 - [STDERR_REDIRECT] 
2026-05-17 21:52:53,842 [ERROR] LogOutputStream:75 - [STDERR_REDIRECT] [Fatal Error] :1:1: Premature end of file.
2026-05-17 21:52:53,842 [ERROR] LogOutputStream:75 - [STDERR_REDIRECT] 
2026-05-17 21:52:54,831 [ERROR] LogOutputStream:75 - [STDERR_REDIRECT] [Fatal Error] :1:1: Premature end of file.
2026-05-17 21:52:54,831 [ERROR] LogOutputStream:75 - [STDERR_REDIRECT] 
2026-05-17 21:52:55,830 [ERROR] LogOutputStream:75 - [STDERR_REDIRECT] [Fatal Error] :1:1: Premature end of file.
2026-05-17 21:52:55,830 [ERROR] LogOutputStream:75 - [STDERR_REDIRECT] 
2026-05-17 21:52:56,829 [ERROR] LogOutputStream:75 - [STDERR_REDIRECT] [Fatal Error] :1:1: Premature end of file.
2026-05-17 21:52:56,829 [ERROR] LogOutputStream:75 - [STDERR_REDIRECT] 
2026-05-17 21:52:57,833 [ERROR] LogOutputStream:75 - [STDERR_REDIRECT] [Fatal Error] :1:1: Premature end of file.
2026-05-17 21:52:57,833 [ERROR] LogOutputStream:75 - [STDERR_REDIRECT] 
2026-05-17 21:52:58,835 [ERROR] LogOutputStream:75 - [STDERR_REDIRECT] [Fatal Error] :1:1: Premature end of file.
2026-05-17 21:52:58,835 [ERROR] LogOutputStream:75 - [STDERR_REDIRECT] 
2026-05-17 21:52:59,837 [ERROR] LogOutputStream:75 - [STDERR_REDIRECT] [Fatal Error] :1:1: Premature end of file.
2026-05-17 21:52:59,837 [ERROR] LogOutputStream:75 - [STDERR_REDIRECT] 
2026-05-17 21:53:00,849 [ERROR] LogOutputStream:75 - [STDERR_REDIRECT] [Fatal Error] :1:1: Premature end of file.
2026-05-17 21:53:00,849 [ERROR] LogOutputStream:75 - [STDERR_REDIRECT] 
2026-05-17 21:53:01,836 [ERROR] LogOutputStream:75 - [STDERR_REDIRECT] [Fatal Error] :1:1: Premature end of file.
2026-05-17 21:53:01,836 [ERROR] LogOutputStream:75 - [STDERR_REDIRECT] 
2026-05-17 21:53:02,822 [ERROR] LogOutputStream:75 - [STDERR_REDIRECT] [Fatal Error] :1:1: Premature end of file.
2026-05-17 21:53:02,822 [ERROR] LogOutputStream:75 - [STDERR_REDIRECT] 
2026-05-17 21:53:03,823 [ERROR] LogOutputStream:75 - [STDERR_REDIRECT] [Fatal Error] :1:1: Premature end of file.
2026-05-17 21:53:03,823 [ERROR] LogOutputStream:75 - [STDERR_REDIRECT] 
2026-05-17 21:53:04,823 [ERROR] LogOutputStream:75 - [STDERR_REDIRECT] [Fatal Error] :1:1: Premature end of file.
2026-05-17 21:53:04,823 [ERROR] LogOutputStream:75 - [STDERR_REDIRECT] 
2026-05-17 21:53:05,824 [ERROR] LogOutputStream:75 - [STDERR_REDIRECT] [Fatal Error] :1:1: Premature end of file.
2026-05-17 21:53:05,824 [ERROR] LogOutputStream:75 - [STDERR_REDIRECT] 
2026-05-17 21:53:06,823 [ERROR] LogOutputStream:75 - [STDERR_REDIRECT] [Fatal Error] :1:1: Premature end of file.
2026-05-17 21:53:06,823 [ERROR] LogOutputStream:75 - [STDERR_REDIRECT] 
2026-05-17 21:53:07,826 [ERROR] LogOutputStream:75 - [STDERR_REDIRECT] [Fatal Error] :1:1: Premature end of file.
2026-05-17 21:53:07,826 [ERROR] LogOutputStream:75 - [STDERR_REDIRECT] 
2026-05-17 21:53:08,826 [ERROR] LogOutputStream:75 - [STDERR_REDIRECT] [Fatal Error] :1:1: Premature end of file.
2026-05-17 21:53:08,826 [ERROR] LogOutputStream:75 - [STDERR_REDIRECT] 
2026-05-17 21:53:09,826 [ERROR] LogOutputStream:75 - [STDERR_REDIRECT] [Fatal Error] :1:1: Premature end of file.
2026-05-17 21:53:09,826 [ERROR] LogOutputStream:75 - [STDERR_REDIRECT] 
2026-05-17 21:53:10,825 [ERROR] LogOutputStream:75 - [STDERR_REDIRECT] [Fatal Error] :1:1: Premature end of file.
2026-05-17 21:53:10,825 [ERROR] LogOutputStream:75 - [STDERR_REDIRECT] 
2026-05-17 21:53:11,825 [ERROR] LogOutputStream:75 - [STDERR_REDIRECT] [Fatal Error] :1:1: Premature end of file.
2026-05-17 21:53:11,825 [ERROR] LogOutputStream:75 - [STDERR_REDIRECT] 
2026-05-17 21:53:12,826 [ERROR] LogOutputStream:75 - [STDERR_REDIRECT] [Fatal Error] :1:1: Premature end of file.
2026-05-17 21:53:12,826 [ERROR] LogOutputStream:75 - [STDERR_REDIRECT] 
2026-05-17 21:53:13,827 [ERROR] LogOutputStream:75 - [STDERR_REDIRECT] [Fatal Error] :1:1: Premature end of file.
2026-05-17 21:53:13,827 [ERROR] LogOutputStream:75 - [STDERR_REDIRECT] 
2026-05-17 21:53:14,830 [ERROR] LogOutputStream:75 - [STDERR_REDIRECT] [Fatal Error] :1:1: Premature end of file.
2026-05-17 21:53:14,830 [ERROR] LogOutputStream:75 - [STDERR_REDIRECT] 
2026-05-17 21:53:15,831 [ERROR] LogOutputStream:75 - [STDERR_REDIRECT] [Fatal Error] :1:1: Premature end of file.
2026-05-17 21:53:15,831 [ERROR] LogOutputStream:75 - [STDERR_REDIRECT] 
2026-05-17 21:53:16,831 [ERROR] LogOutputStream:75 - [STDERR_REDIRECT] [Fatal Error] :1:1: Premature end of file.
2026-05-17 21:53:16,831 [ERROR] LogOutputStream:75 - [STDERR_REDIRECT] 
2026-05-17 21:53:17,833 [ERROR] LogOutputStream:75 - [STDERR_REDIRECT] [Fatal Error] :1:1: Premature end of file.
2026-05-17 21:53:17,833 [ERROR] LogOutputStream:75 - [STDERR_REDIRECT] 
2026-05-17 21:53:18,833 [ERROR] LogOutputStream:75 - [STDERR_REDIRECT] [Fatal Error] :1:1: Premature end of file.
2026-05-17 21:53:18,833 [ERROR] LogOutputStream:75 - [STDERR_REDIRECT] 
2026-05-17 21:53:19,835 [ERROR] LogOutputStream:75 - [STDERR_REDIRECT] [Fatal Error] :1:1: Premature end of file.
2026-05-17 21:53:19,835 [ERROR] LogOutputStream:75 - [STDERR_REDIRECT] 
2026-05-17 21:53:20,834 [ERROR] LogOutputStream:75 - [STDERR_REDIRECT] [Fatal Error] :1:1: Premature end of file.
2026-05-17 21:53:20,834 [ERROR] LogOutputStream:75 - [STDERR_REDIRECT] 
2026-05-17 21:53:21,835 [ERROR] LogOutputStream:75 - [STDERR_REDIRECT] [Fatal Error] :1:1: Premature end of file.
2026-05-17 21:53:21,835 [ERROR] LogOutputStream:75 - [STDERR_REDIRECT] 
2026-05-17 21:53:22,837 [ERROR] LogOutputStream:75 - [STDERR_REDIRECT] [Fatal Error] :1:1: Premature end of file.
2026-05-17 21:53:22,837 [ERROR] LogOutputStream:75 - [STDERR_REDIRECT] 
2026-05-17 21:53:23,837 [ERROR] LogOutputStream:75 - [STDERR_REDIRECT] [Fatal Error] :1:1: Premature end of file.
2026-05-17 21:53:23,837 [ERROR] LogOutputStream:75 - [STDERR_REDIRECT] 
2026-05-17 21:53:24,823 [ERROR] LogOutputStream:75 - [STDERR_REDIRECT] [Fatal Error] :1:1: Premature end of file.
2026-05-17 21:53:24,823 [ERROR] LogOutputStream:75 - [STDERR_REDIRECT] 
2026-05-17 21:53:25,825 [ERROR] LogOutputStream:75 - [STDERR_REDIRECT] [Fatal Error] :1:1: Premature end of file.
2026-05-17 21:53:25,825 [ERROR] LogOutputStream:75 - [STDERR_REDIRECT] 
2026-05-17 21:53:26,824 [ERROR] LogOutputStream:75 - [STDERR_REDIRECT] [Fatal Error] :1:1: Premature end of file.
2026-05-17 21:53:26,824 [ERROR] LogOutputStream:75 - [STDERR_REDIRECT] 
2026-05-17 21:53:27,825 [ERROR] LogOutputStream:75 - [STDERR_REDIRECT] [Fatal Error] :1:1: Premature end of file.
2026-05-17 21:53:27,825 [ERROR] LogOutputStream:75 - [STDERR_REDIRECT] 
2026-05-17 21:53:28,826 [ERROR] LogOutputStream:75 - [STDERR_REDIRECT] [Fatal Error] :1:1: Premature end of file.
2026-05-17 21:53:28,826 [ERROR] LogOutputStream:75 - [STDERR_REDIRECT] 
2026-05-17 21:53:29,826 [ERROR] LogOutputStream:75 - [STDERR_REDIRECT] [Fatal Error] :1:1: Premature end of file.
2026-05-17 21:53:29,826 [ERROR] LogOutputStream:75 - [STDERR_REDIRECT] 
2026-05-17 21:53:30,827 [ERROR] LogOutputStream:75 - [STDERR_REDIRECT] [Fatal Error] :1:1: Premature end of file.
2026-05-17 21:53:30,827 [ERROR] LogOutputStream:75 - [STDERR_REDIRECT] 
2026-05-17 21:53:31,829 [ERROR] LogOutputStream:75 - [STDERR_REDIRECT] [Fatal Error] :1:1: Premature end of file.
2026-05-17 21:53:31,829 [ERROR] LogOutputStream:75 - [STDERR_REDIRECT] 
2026-05-17 21:53:32,828 [ERROR] LogOutputStream:75 - [STDERR_REDIRECT] [Fatal Error] :1:1: Premature end of file.
2026-05-17 21:53:32,828 [ERROR] LogOutputStream:75 - [STDERR_REDIRECT] 
2026-05-17 21:53:33,831 [ERROR] LogOutputStream:75 - [STDERR_REDIRECT] [Fatal Error] :1:1: Premature end of file.
2026-05-17 21:53:33,831 [ERROR] LogOutputStream:75 - [STDERR_REDIRECT] 
2026-05-17 21:53:34,833 [ERROR] LogOutputStream:75 - [STDERR_REDIRECT] [Fatal Error] :1:1: Premature end of file.
2026-05-17 21:53:34,833 [ERROR] LogOutputStream:75 - [STDERR_REDIRECT] 
2026-05-17 21:53:35,834 [ERROR] LogOutputStream:75 - [STDERR_REDIRECT] [Fatal Error] :1:1: Premature end of file.
2026-05-17 21:53:35,834 [ERROR] LogOutputStream:75 - [STDERR_REDIRECT] 
2026-05-17 21:53:36,836 [ERROR] LogOutputStream:75 - [STDERR_REDIRECT] [Fatal Error] :1:1: Premature end of file.
2026-05-17 21:53:36,836 [ERROR] LogOutputStream:75 - [STDERR_REDIRECT] 
2026-05-17 21:53:37,823 [ERROR] LogOutputStream:75 - [STDERR_REDIRECT] [Fatal Error] :1:1: Premature end of file.
2026-05-17 21:53:37,823 [ERROR] LogOutputStream:75 - [STDERR_REDIRECT] 
2026-05-17 21:53:38,824 [ERROR] LogOutputStream:75 - [STDERR_REDIRECT] [Fatal Error] :1:1: Premature end of file.
2026-05-17 21:53:38,824 [ERROR] LogOutputStream:75 - [STDERR_REDIRECT] 
2026-05-17 21:53:39,825 [ERROR] LogOutputStream:75 - [STDERR_REDIRECT] [Fatal Error] :1:1: Premature end of file.
2026-05-17 21:53:39,825 [ERROR] LogOutputStream:75 - [STDERR_REDIRECT] 
2026-05-17 21:53:40,826 [ERROR] LogOutputStream:75 - [STDERR_REDIRECT] [Fatal Error] :1:1: Premature end of file.
2026-05-17 21:53:40,826 [ERROR] LogOutputStream:75 - [STDERR_REDIRECT] 
2026-05-17 21:53:41,826 [ERROR] LogOutputStream:75 - [STDERR_REDIRECT] [Fatal Error] :1:1: Premature end of file.
2026-05-17 21:53:41,826 [ERROR] LogOutputStream:75 - [STDERR_REDIRECT] 
2026-05-17 21:53:42,827 [ERROR] LogOutputStream:75 - [STDERR_REDIRECT] [Fatal Error] :1:1: Premature end of file.
2026-05-17 21:53:42,827 [ERROR] LogOutputStream:75 - [STDERR_REDIRECT] 
2026-05-17 21:53:43,830 [ERROR] LogOutputStream:75 - [STDERR_REDIRECT] [Fatal Error] :1:1: Premature end of file.
2026-05-17 21:53:43,830 [ERROR] LogOutputStream:75 - [STDERR_REDIRECT] 
2026-05-17 21:53:44,831 [ERROR] LogOutputStream:75 - [STDERR_REDIRECT] [Fatal Error] :1:1: Premature end of file.
2026-05-17 21:53:44,831 [ERROR] LogOutputStream:75 - [STDERR_REDIRECT] 
2026-05-17 21:53:45,833 [ERROR] LogOutputStream:75 - [STDERR_REDIRECT] [Fatal Error] :1:1: Premature end of file.
2026-05-17 21:53:45,833 [ERROR] LogOutputStream:75 - [STDERR_REDIRECT] 
2026-05-17 21:53:46,834 [ERROR] LogOutputStream:75 - [STDERR_REDIRECT] [Fatal Error] :1:1: Premature end of file.
2026-05-17 21:53:46,834 [ERROR] LogOutputStream:75 - [STDERR_REDIRECT] 
2026-05-17 21:53:47,836 [ERROR] LogOutputStream:75 - [STDERR_REDIRECT] [Fatal Error] :1:1: Premature end of file.
2026-05-17 21:53:47,836 [ERROR] LogOutputStream:75 - [STDERR_REDIRECT] 
2026-05-17 21:53:48,837 [ERROR] LogOutputStream:75 - [STDERR_REDIRECT] [Fatal Error] :1:1: Premature end of file.
2026-05-17 21:53:48,837 [ERROR] LogOutputStream:75 - [STDERR_REDIRECT] 
2026-05-17 21:53:49,837 [ERROR] LogOutputStream:75 - [STDERR_REDIRECT] [Fatal Error] :1:1: Premature end of file.
2026-05-17 21:53:49,837 [ERROR] LogOutputStream:75 - [STDERR_REDIRECT] 
2026-05-17 21:53:50,830 [ERROR] LogOutputStream:75 - [STDERR_REDIRECT] [Fatal Error] :1:1: Premature end of file.
2026-05-17 21:53:50,830 [ERROR] LogOutputStream:75 - [STDERR_REDIRECT] 
2026-05-17 21:53:51,826 [ERROR] LogOutputStream:75 - [STDERR_REDIRECT] [Fatal Error] :1:1: Premature end of file.
2026-05-17 21:53:51,826 [ERROR] LogOutputStream:75 - [STDERR_REDIRECT] 
2026-05-17 21:53:52,829 [ERROR] LogOutputStream:75 - [STDERR_REDIRECT] [Fatal Error] :1:1: Premature end of file.
2026-05-17 21:53:52,829 [ERROR] LogOutputStream:75 - [STDERR_REDIRECT] 
2026-05-17 21:53:53,831 [ERROR] LogOutputStream:75 - [STDERR_REDIRECT] [Fatal Error] :1:1: Premature end of file.
2026-05-17 21:53:53,831 [ERROR] LogOutputStream:75 - [STDERR_REDIRECT] 
2026-05-17 21:53:54,830 [ERROR] LogOutputStream:75 - [STDERR_REDIRECT] [Fatal Error] :1:1: Premature end of file.
2026-05-17 21:53:54,830 [ERROR] LogOutputStream:75 - [STDERR_REDIRECT] 
2026-05-17 21:53:55,831 [ERROR] LogOutputStream:75 - [STDERR_REDIRECT] [Fatal Error] :1:1: Premature end of file.
2026-05-17 21:53:55,831 [ERROR] LogOutputStream:75 - [STDERR_REDIRECT] 
2026-05-17 21:53:56,832 [ERROR] LogOutputStream:75 - [STDERR_REDIRECT] [Fatal Error] :1:1: Premature end of file.
2026-05-17 21:53:56,832 [ERROR] LogOutputStream:75 - [STDERR_REDIRECT] 
2026-05-17 21:53:57,834 [ERROR] LogOutputStream:75 - [STDERR_REDIRECT] [Fatal Error] :1:1: Premature end of file.
2026-05-17 21:53:57,834 [ERROR] LogOutputStream:75 - [STDERR_REDIRECT] 
2026-05-17 21:53:58,834 [ERROR] LogOutputStream:75 - [STDERR_REDIRECT] [Fatal Error] :1:1: Premature end of file.
2026-05-17 21:53:58,834 [ERROR] LogOutputStream:75 - [STDERR_REDIRECT] 
2026-05-17 21:53:59,836 [ERROR] LogOutputStream:75 - [STDERR_REDIRECT] [Fatal Error] :1:1: Premature end of file.
2026-05-17 21:53:59,836 [ERROR] LogOutputStream:75 - [STDERR_REDIRECT] 
2026-05-17 21:54:00,837 [ERROR] LogOutputStream:75 - [STDERR_REDIRECT] [Fatal Error] :1:1: Premature end of file.
2026-05-17 21:54:00,837 [ERROR] LogOutputStream:75 - [STDERR_REDIRECT] 
2026-05-17 21:54:01,822 [ERROR] LogOutputStream:75 - [STDERR_REDIRECT] [Fatal Error] :1:1: Premature end of file.
2026-05-17 21:54:01,822 [ERROR] LogOutputStream:75 - [STDERR_REDIRECT] 
2026-05-17 21:54:02,837 [ERROR] LogOutputStream:75 - [STDERR_REDIRECT] [Fatal Error] :1:1: Premature end of file.
2026-05-17 21:54:02,837 [ERROR] LogOutputStream:75 - [STDERR_REDIRECT] 
2026-05-17 21:54:03,837 [ERROR] LogOutputStream:75 - [STDERR_REDIRECT] [Fatal Error] :1:1: Premature end of file.
2026-05-17 21:54:03,837 [ERROR] LogOutputStream:75 - [STDERR_REDIRECT] 
2026-05-17 21:54:04,834 [ERROR] LogOutputStream:75 - [STDERR_REDIRECT] [Fatal Error] :1:1: Premature end of file.
2026-05-17 21:54:04,834 [ERROR] LogOutputStream:75 - [STDERR_REDIRECT] 
2026-05-17 21:54:05,834 [ERROR] LogOutputStream:75 - [STDERR_REDIRECT] [Fatal Error] :1:1: Premature end of file.
2026-05-17 21:54:05,834 [ERROR] LogOutputStream:75 - [STDERR_REDIRECT] 
2026-05-17 21:54:06,838 [ERROR] LogOutputStream:75 - [STDERR_REDIRECT] [Fatal Error] :1:1: Premature end of file.
2026-05-17 21:54:06,838 [ERROR] LogOutputStream:75 - [STDERR_REDIRECT] 
2026-05-17 21:54:07,823 [ERROR] LogOutputStream:75 - [STDERR_REDIRECT] [Fatal Error] :1:1: Premature end of file.
2026-05-17 21:54:07,823 [ERROR] LogOutputStream:75 - [STDERR_REDIRECT] 
2026-05-17 21:54:08,827 [ERROR] LogOutputStream:75 - [STDERR_REDIRECT] [Fatal Error] :1:1: Premature end of file.
2026-05-17 21:54:08,827 [ERROR] LogOutputStream:75 - [STDERR_REDIRECT] 
2026-05-17 21:54:09,829 [ERROR] LogOutputStream:75 - [STDERR_REDIRECT] [Fatal Error] :1:1: Premature end of file.
2026-05-17 21:54:09,829 [ERROR] LogOutputStream:75 - [STDERR_REDIRECT] 
2026-05-17 21:54:10,832 [ERROR] LogOutputStream:75 - [STDERR_REDIRECT] [Fatal Error] :1:1: Premature end of file.
2026-05-17 21:54:10,832 [ERROR] LogOutputStream:75 - [STDERR_REDIRECT] 
2026-05-17 21:54:11,836 [ERROR] LogOutputStream:75 - [STDERR_REDIRECT] [Fatal Error] :1:1: Premature end of file.
2026-05-17 21:54:11,836 [ERROR] LogOutputStream:75 - [STDERR_REDIRECT] 
2026-05-17 21:54:12,823 [ERROR] LogOutputStream:75 - [STDERR_REDIRECT] [Fatal Error] :1:1: Premature end of file.
2026-05-17 21:54:12,823 [ERROR] LogOutputStream:75 - [STDERR_REDIRECT] 
2026-05-17 21:54:13,826 [ERROR] LogOutputStream:75 - [STDERR_REDIRECT] [Fatal Error] :1:1: Premature end of file.
2026-05-17 21:54:13,826 [ERROR] LogOutputStream:75 - [STDERR_REDIRECT] 
2026-05-17 21:54:14,830 [ERROR] LogOutputStream:75 - [STDERR_REDIRECT] [Fatal Error] :1:1: Premature end of file.
2026-05-17 21:54:14,830 [ERROR] LogOutputStream:75 - [STDERR_REDIRECT] 
2026-05-17 21:54:15,833 [ERROR] LogOutputStream:75 - [STDERR_REDIRECT] [Fatal Error] :1:1: Premature end of file.
2026-05-17 21:54:15,833 [ERROR] LogOutputStream:75 - [STDERR_REDIRECT] 
2026-05-17 21:54:16,839 [ERROR] LogOutputStream:75 - [STDERR_REDIRECT] [Fatal Error] :1:1: Premature end of file.
2026-05-17 21:54:16,839 [ERROR] LogOutputStream:75 - [STDERR_REDIRECT] 
2026-05-17 21:54:17,828 [ERROR] LogOutputStream:75 - [STDERR_REDIRECT] [Fatal Error] :1:1: Premature end of file.
2026-05-17 21:54:17,828 [ERROR] LogOutputStream:75 - [STDERR_REDIRECT] 
2026-05-17 21:54:18,833 [ERROR] LogOutputStream:75 - [STDERR_REDIRECT] [Fatal Error] :1:1: Premature end of file.
2026-05-17 21:54:18,833 [ERROR] LogOutputStream:75 - [STDERR_REDIRECT] 
2026-05-17 21:54:19,835 [ERROR] LogOutputStream:75 - [STDERR_REDIRECT] [Fatal Error] :1:1: Premature end of file.
2026-05-17 21:54:19,835 [ERROR] LogOutputStream:75 - [STDERR_REDIRECT] 
2026-05-17 21:54:20,824 [ERROR] LogOutputStream:75 - [STDERR_REDIRECT] [Fatal Error] :1:1: Premature end of file.
2026-05-17 21:54:20,824 [ERROR] LogOutputStream:75 - [STDERR_REDIRECT] 
2026-05-17 21:54:21,828 [ERROR] LogOutputStream:75 - [STDERR_REDIRECT] [Fatal Error] :1:1: Premature end of file.
2026-05-17 21:54:21,828 [ERROR] LogOutputStream:75 - [STDERR_REDIRECT] 
2026-05-17 21:54:22,833 [ERROR] LogOutputStream:75 - [STDERR_REDIRECT] [Fatal Error] :1:1: Premature end of file.
2026-05-17 21:54:22,833 [ERROR] LogOutputStream:75 - [STDERR_REDIRECT] 
2026-05-17 21:54:23,822 [ERROR] LogOutputStream:75 - [STDERR_REDIRECT] [Fatal Error] :1:1: Premature end of file.
2026-05-17 21:54:23,822 [ERROR] LogOutputStream:75 - [STDERR_REDIRECT] 
2026-05-17 21:54:24,825 [ERROR] LogOutputStream:75 - [STDERR_REDIRECT] [Fatal Error] :1:1: Premature end of file.
2026-05-17 21:54:24,825 [ERROR] LogOutputStream:75 - [STDERR_REDIRECT] 
2026-05-17 21:54:25,828 [ERROR] LogOutputStream:75 - [STDERR_REDIRECT] [Fatal Error] :1:1: Premature end of file.
2026-05-17 21:54:25,828 [ERROR] LogOutputStream:75 - [STDERR_REDIRECT] 
2026-05-17 21:54:26,832 [ERROR] LogOutputStream:75 - [STDERR_REDIRECT] [Fatal Error] :1:1: Premature end of file.
2026-05-17 21:54:26,832 [ERROR] LogOutputStream:75 - [STDERR_REDIRECT] 
2026-05-17 21:54:27,837 [ERROR] LogOutputStream:75 - [STDERR_REDIRECT] [Fatal Error] :1:1: Premature end of file.
2026-05-17 21:54:27,837 [ERROR] LogOutputStream:75 - [STDERR_REDIRECT] 
2026-05-17 21:54:28,826 [ERROR] LogOutputStream:75 - [STDERR_REDIRECT] [Fatal Error] :1:1: Premature end of file.
2026-05-17 21:54:28,826 [ERROR] LogOutputStream:75 - [STDERR_REDIRECT] 
2026-05-17 21:54:29,830 [ERROR] LogOutputStream:75 - [STDERR_REDIRECT] [Fatal Error] :1:1: Premature end of file.
2026-05-17 21:54:29,830 [ERROR] LogOutputStream:75 - [STDERR_REDIRECT] 
2026-05-17 21:54:30,832 [ERROR] LogOutputStream:75 - [STDERR_REDIRECT] [Fatal Error] :1:1: Premature end of file.
2026-05-17 21:54:30,832 [ERROR] LogOutputStream:75 - [STDERR_REDIRECT] 
2026-05-17 21:54:31,833 [ERROR] LogOutputStream:75 - [STDERR_REDIRECT] [Fatal Error] :1:1: Premature end of file.
2026-05-17 21:54:31,833 [ERROR] LogOutputStream:75 - [STDERR_REDIRECT] 
2026-05-17 21:54:32,838 [ERROR] LogOutputStream:75 - [STDERR_REDIRECT] [Fatal Error] :1:1: Premature end of file.
2026-05-17 21:54:32,838 [ERROR] LogOutputStream:75 - [STDERR_REDIRECT] 
2026-05-17 21:54:33,824 [ERROR] LogOutputStream:75 - [STDERR_REDIRECT] [Fatal Error] :1:1: Premature end of file.
2026-05-17 21:54:33,824 [ERROR] LogOutputStream:75 - [STDERR_REDIRECT] 
2026-05-17 21:54:34,827 [ERROR] LogOutputStream:75 - [STDERR_REDIRECT] [Fatal Error] :1:1: Premature end of file.
2026-05-17 21:54:34,827 [ERROR] LogOutputStream:75 - [STDERR_REDIRECT] 
2026-05-17 21:54:35,830 [ERROR] LogOutputStream:75 - [STDERR_REDIRECT] [Fatal Error] :1:1: Premature end of file.
2026-05-17 21:54:35,830 [ERROR] LogOutputStream:75 - [STDERR_REDIRECT] 
2026-05-17 21:54:36,835 [ERROR] LogOutputStream:75 - [STDERR_REDIRECT] [Fatal Error] :1:1: Premature end of file.
2026-05-17 21:54:36,835 [ERROR] LogOutputStream:75 - [STDERR_REDIRECT] 
2026-05-17 21:54:37,824 [ERROR] LogOutputStream:75 - [STDERR_REDIRECT] [Fatal Error] :1:1: Premature end of file.
2026-05-17 21:54:37,824 [ERROR] LogOutputStream:75 - [STDERR_REDIRECT] 
2026-05-17 21:54:38,829 [ERROR] LogOutputStream:75 - [STDERR_REDIRECT] [Fatal Error] :1:1: Premature end of file.
2026-05-17 21:54:38,829 [ERROR] LogOutputStream:75 - [STDERR_REDIRECT] 
2026-05-17 21:54:39,834 [ERROR] LogOutputStream:75 - [STDERR_REDIRECT] [Fatal Error] :1:1: Premature end of file.
2026-05-17 21:54:39,834 [ERROR] LogOutputStream:75 - [STDERR_REDIRECT] 
2026-05-17 21:54:40,837 [ERROR] LogOutputStream:75 - [STDERR_REDIRECT] [Fatal Error] :1:1: Premature end of file.
2026-05-17 21:54:40,837 [ERROR] LogOutputStream:75 - [STDERR_REDIRECT] 
2026-05-17 21:54:41,824 [ERROR] LogOutputStream:75 - [STDERR_REDIRECT] [Fatal Error] :1:1: Premature end of file.
2026-05-17 21:54:41,824 [ERROR] LogOutputStream:75 - [STDERR_REDIRECT] 
2026-05-17 21:54:42,825 [ERROR] LogOutputStream:75 - [STDERR_REDIRECT] [Fatal Error] :1:1: Premature end of file.
2026-05-17 21:54:42,825 [ERROR] LogOutputStream:75 - [STDERR_REDIRECT] 
2026-05-17 21:54:43,829 [ERROR] LogOutputStream:75 - [STDERR_REDIRECT] [Fatal Error] :1:1: Premature end of file.
2026-05-17 21:54:43,829 [ERROR] LogOutputStream:75 - [STDERR_REDIRECT] 
2026-05-17 21:54:44,834 [ERROR] LogOutputStream:75 - [STDERR_REDIRECT] [Fatal Error] :1:1: Premature end of file.
2026-05-17 21:54:44,834 [ERROR] LogOutputStream:75 - [STDERR_REDIRECT] 
2026-05-17 21:54:45,837 [ERROR] LogOutputStream:75 - [STDERR_REDIRECT] [Fatal Error] :1:1: Premature end of file.
2026-05-17 21:54:45,837 [ERROR] LogOutputStream:75 - [STDERR_REDIRECT] 
2026-05-17 21:54:46,824 [ERROR] LogOutputStream:75 - [STDERR_REDIRECT] [Fatal Error] :1:1: Premature end of file.
2026-05-17 21:54:46,824 [ERROR] LogOutputStream:75 - [STDERR_REDIRECT] 
2026-05-17 21:54:47,826 [ERROR] LogOutputStream:75 - [STDERR_REDIRECT] [Fatal Error] :1:1: Premature end of file.
2026-05-17 21:54:47,826 [ERROR] LogOutputStream:75 - [STDERR_REDIRECT] 
2026-05-17 21:54:48,829 [ERROR] LogOutputStream:75 - [STDERR_REDIRECT] [Fatal Error] :1:1: Premature end of file.
2026-05-17 21:54:48,829 [ERROR] LogOutputStream:75 - [STDERR_REDIRECT] 
2026-05-17 21:54:49,832 [ERROR] LogOutputStream:75 - [STDERR_REDIRECT] [Fatal Error] :1:1: Premature end of file.
2026-05-17 21:54:49,832 [ERROR] LogOutputStream:75 - [STDERR_REDIRECT] 
2026-05-17 21:54:50,834 [ERROR] LogOutputStream:75 - [STDERR_REDIRECT] [Fatal Error] :1:1: Premature end of file.
2026-05-17 21:54:50,834 [ERROR] LogOutputStream:75 - [STDERR_REDIRECT] 
2026-05-17 21:54:51,838 [ERROR] LogOutputStream:75 - [STDERR_REDIRECT] [Fatal Error] :1:1: Premature end of file.
2026-05-17 21:54:51,838 [ERROR] LogOutputStream:75 - [STDERR_REDIRECT] 
2026-05-17 21:54:52,826 [ERROR] LogOutputStream:75 - [STDERR_REDIRECT] [Fatal Error] :1:1: Premature end of file.
2026-05-17 21:54:52,826 [ERROR] LogOutputStream:75 - [STDERR_REDIRECT] 
2026-05-17 21:54:53,830 [ERROR] LogOutputStream:75 - [STDERR_REDIRECT] [Fatal Error] :1:1: Premature end of file.
2026-05-17 21:54:53,830 [ERROR] LogOutputStream:75 - [STDERR_REDIRECT] 
2026-05-17 21:54:54,832 [ERROR] LogOutputStream:75 - [STDERR_REDIRECT] [Fatal Error] :1:1: Premature end of file.
2026-05-17 21:54:54,832 [ERROR] LogOutputStream:75 - [STDERR_REDIRECT] 
2026-05-17 21:54:55,835 [ERROR] LogOutputStream:75 - [STDERR_REDIRECT] [Fatal Error] :1:1: Premature end of file.
2026-05-17 21:54:55,835 [ERROR] LogOutputStream:75 - [STDERR_REDIRECT] 
2026-05-17 21:54:56,825 [ERROR] LogOutputStream:75 - [STDERR_REDIRECT] [Fatal Error] :1:1: Premature end of file.
2026-05-17 21:54:56,825 [ERROR] LogOutputStream:75 - [STDERR_REDIRECT] 
2026-05-17 21:54:57,827 [ERROR] LogOutputStream:75 - [STDERR_REDIRECT] [Fatal Error] :1:1: Premature end of file.
2026-05-17 21:54:57,827 [ERROR] LogOutputStream:75 - [STDERR_REDIRECT] 
2026-05-17 21:54:58,832 [ERROR] LogOutputStream:75 - [STDERR_REDIRECT] [Fatal Error] :1:1: Premature end of file.
2026-05-17 21:54:58,832 [ERROR] LogOutputStream:75 - [STDERR_REDIRECT] 
2026-05-17 21:54:59,835 [ERROR] LogOutputStream:75 - [STDERR_REDIRECT] [Fatal Error] :1:1: Premature end of file.
2026-05-17 21:54:59,835 [ERROR] LogOutputStream:75 - [STDERR_REDIRECT] 
2026-05-17 21:55:00,837 [ERROR] LogOutputStream:75 - [STDERR_REDIRECT] [Fatal Error] :1:1: Premature end of file.
2026-05-17 21:55:00,837 [ERROR] LogOutputStream:75 - [STDERR_REDIRECT] 
2026-05-17 21:55:01,825 [ERROR] LogOutputStream:75 - [STDERR_REDIRECT] [Fatal Error] :1:1: Premature end of file.
2026-05-17 21:55:01,825 [ERROR] LogOutputStream:75 - [STDERR_REDIRECT] 
2026-05-17 21:55:02,827 [ERROR] LogOutputStream:75 - [STDERR_REDIRECT] [Fatal Error] :1:1: Premature end of file.
2026-05-17 21:55:02,827 [ERROR] LogOutputStream:75 - [STDERR_REDIRECT] 
2026-05-17 21:55:03,831 [ERROR] LogOutputStream:75 - [STDERR_REDIRECT] [Fatal Error] :1:1: Premature end of file.
2026-05-17 21:55:03,831 [ERROR] LogOutputStream:75 - [STDERR_REDIRECT] 
2026-05-17 21:55:04,836 [ERROR] LogOutputStream:75 - [STDERR_REDIRECT] [Fatal Error] :1:1: Premature end of file.
2026-05-17 21:55:04,836 [ERROR] LogOutputStream:75 - [STDERR_REDIRECT] 
2026-05-17 21:55:05,825 [ERROR] LogOutputStream:75 - [STDERR_REDIRECT] [Fatal Error] :1:1: Premature end of file.
2026-05-17 21:55:05,825 [ERROR] LogOutputStream:75 - [STDERR_REDIRECT] 
2026-05-17 21:55:06,829 [ERROR] LogOutputStream:75 - [STDERR_REDIRECT] [Fatal Error] :1:1: Premature end of file.
2026-05-17 21:55:06,844 [ERROR] LogOutputStream:75 - [STDERR_REDIRECT] 
2026-05-17 21:55:07,832 [ERROR] LogOutputStream:75 - [STDERR_REDIRECT] [Fatal Error] :1:1: Premature end of file.
2026-05-17 21:55:07,832 [ERROR] LogOutputStream:75 - [STDERR_REDIRECT] 
2026-05-17 21:55:08,836 [ERROR] LogOutputStream:75 - [STDERR_REDIRECT] [Fatal Error] :1:1: Premature end of file.
2026-05-17 21:55:08,836 [ERROR] LogOutputStream:75 - [STDERR_REDIRECT] 
2026-05-17 21:55:09,823 [ERROR] LogOutputStream:75 - [STDERR_REDIRECT] [Fatal Error] :1:1: Premature end of file.
2026-05-17 21:55:09,823 [ERROR] LogOutputStream:75 - [STDERR_REDIRECT] 
2026-05-17 21:55:10,830 [ERROR] LogOutputStream:75 - [STDERR_REDIRECT] [Fatal Error] :1:1: Premature end of file.
2026-05-17 21:55:10,830 [ERROR] LogOutputStream:75 - [STDERR_REDIRECT] 
2026-05-17 21:55:11,834 [ERROR] LogOutputStream:75 - [STDERR_REDIRECT] [Fatal Error] :1:1: Premature end of file.
2026-05-17 21:55:11,834 [ERROR] LogOutputStream:75 - [STDERR_REDIRECT] 
2026-05-17 21:55:12,822 [ERROR] LogOutputStream:75 - [STDERR_REDIRECT] [Fatal Error] :1:1: Premature end of file.
2026-05-17 21:55:12,822 [ERROR] LogOutputStream:75 - [STDERR_REDIRECT] 
2026-05-17 21:55:13,825 [ERROR] LogOutputStream:75 - [STDERR_REDIRECT] [Fatal Error] :1:1: Premature end of file.
2026-05-17 21:55:13,825 [ERROR] LogOutputStream:75 - [STDERR_REDIRECT] 
2026-05-17 21:55:14,829 [ERROR] LogOutputStream:75 - [STDERR_REDIRECT] [Fatal Error] :1:1: Premature end of file.
2026-05-17 21:55:14,829 [ERROR] LogOutputStream:75 - [STDERR_REDIRECT] 
2026-05-17 21:55:15,831 [ERROR] LogOutputStream:75 - [STDERR_REDIRECT] [Fatal Error] :1:1: Premature end of file.
2026-05-17 21:55:15,831 [ERROR] LogOutputStream:75 - [STDERR_REDIRECT] 
2026-05-17 21:55:16,834 [ERROR] LogOutputStream:75 - [STDERR_REDIRECT] [Fatal Error] :1:1: Premature end of file.
2026-05-17 21:55:16,834 [ERROR] LogOutputStream:75 - [STDERR_REDIRECT] 
2026-05-17 21:55:17,822 [ERROR] LogOutputStream:75 - [STDERR_REDIRECT] [Fatal Error] :1:1: Premature end of file.
2026-05-17 21:55:17,822 [ERROR] LogOutputStream:75 - [STDERR_REDIRECT] 
2026-05-17 21:55:18,823 [ERROR] LogOutputStream:75 - [STDERR_REDIRECT] [Fatal Error] :1:1: Premature end of file.
2026-05-17 21:55:18,823 [ERROR] LogOutputStream:75 - [STDERR_REDIRECT] 
2026-05-17 21:55:19,825 [ERROR] LogOutputStream:75 - [STDERR_REDIRECT] [Fatal Error] :1:1: Premature end of file.
2026-05-17 21:55:19,825 [ERROR] LogOutputStream:75 - [STDERR_REDIRECT] 
2026-05-17 21:55:20,831 [ERROR] LogOutputStream:75 - [STDERR_REDIRECT] [Fatal Error] :1:1: Premature end of file.
2026-05-17 21:55:20,831 [ERROR] LogOutputStream:75 - [STDERR_REDIRECT] 
2026-05-17 21:55:21,835 [ERROR] LogOutputStream:75 - [STDERR_REDIRECT] [Fatal Error] :1:1: Premature end of file.
2026-05-17 21:55:21,835 [ERROR] LogOutputStream:75 - [STDERR_REDIRECT] 
2026-05-17 21:55:22,824 [ERROR] LogOutputStream:75 - [STDERR_REDIRECT] [Fatal Error] :1:1: Premature end of file.
2026-05-17 21:55:22,824 [ERROR] LogOutputStream:75 - [STDERR_REDIRECT] 
2026-05-17 21:55:23,828 [ERROR] LogOutputStream:75 - [STDERR_REDIRECT] [Fatal Error] :1:1: Premature end of file.
2026-05-17 21:55:23,828 [ERROR] LogOutputStream:75 - [STDERR_REDIRECT] 
2026-05-17 21:55:24,829 [ERROR] LogOutputStream:75 - [STDERR_REDIRECT] [Fatal Error] :1:1: Premature end of file.
2026-05-17 21:55:24,829 [ERROR] LogOutputStream:75 - [STDERR_REDIRECT] 
2026-05-17 21:55:25,835 [ERROR] LogOutputStream:75 - [STDERR_REDIRECT] [Fatal Error] :1:1: Premature end of file.
2026-05-17 21:55:25,835 [ERROR] LogOutputStream:75 - [STDERR_REDIRECT] 
2026-05-17 21:55:26,823 [ERROR] LogOutputStream:75 - [STDERR_REDIRECT] [Fatal Error] :1:1: Premature end of file.
2026-05-17 21:55:26,823 [ERROR] LogOutputStream:75 - [STDERR_REDIRECT] 
2026-05-17 21:55:27,826 [ERROR] LogOutputStream:75 - [STDERR_REDIRECT] [Fatal Error] :1:1: Premature end of file.
2026-05-17 21:55:27,826 [ERROR] LogOutputStream:75 - [STDERR_REDIRECT] 
2026-05-17 21:55:28,829 [ERROR] LogOutputStream:75 - [STDERR_REDIRECT] [Fatal Error] :1:1: Premature end of file.
2026-05-17 21:55:28,829 [ERROR] LogOutputStream:75 - [STDERR_REDIRECT] 
2026-05-17 21:55:29,834 [ERROR] LogOutputStream:75 - [STDERR_REDIRECT] [Fatal Error] :1:1: Premature end of file.
2026-05-17 21:55:29,834 [ERROR] LogOutputStream:75 - [STDERR_REDIRECT] 
2026-05-17 21:55:30,822 [ERROR] LogOutputStream:75 - [STDERR_REDIRECT] [Fatal Error] :1:1: Premature end of file.
2026-05-17 21:55:30,822 [ERROR] LogOutputStream:75 - [STDERR_REDIRECT] 
2026-05-17 21:55:31,842 [ERROR] LogOutputStream:75 - [STDERR_REDIRECT] [Fatal Error] :1:1: Premature end of file.
2026-05-17 21:55:31,842 [ERROR] LogOutputStream:75 - [STDERR_REDIRECT] 
2026-05-17 21:55:32,830 [ERROR] LogOutputStream:75 - [STDERR_REDIRECT] [Fatal Error] :1:1: Premature end of file.
2026-05-17 21:55:32,830 [ERROR] LogOutputStream:75 - [STDERR_REDIRECT] 
2026-05-17 21:55:33,833 [ERROR] LogOutputStream:75 - [STDERR_REDIRECT] [Fatal Error] :1:1: Premature end of file.
2026-05-17 21:55:33,833 [ERROR] LogOutputStream:75 - [STDERR_REDIRECT] 
2026-05-17 21:55:34,836 [ERROR] LogOutputStream:75 - [STDERR_REDIRECT] [Fatal Error] :1:1: Premature end of file.
2026-05-17 21:55:34,836 [ERROR] LogOutputStream:75 - [STDERR_REDIRECT] 
2026-05-17 21:55:35,824 [ERROR] LogOutputStream:75 - [STDERR_REDIRECT] [Fatal Error] :1:1: Premature end of file.
2026-05-17 21:55:35,824 [ERROR] LogOutputStream:75 - [STDERR_REDIRECT] 
2026-05-17 21:55:36,825 [ERROR] LogOutputStream:75 - [STDERR_REDIRECT] [Fatal Error] :1:1: Premature end of file.
2026-05-17 21:55:36,825 [ERROR] LogOutputStream:75 - [STDERR_REDIRECT] 
2026-05-17 21:55:37,830 [ERROR] LogOutputStream:75 - [STDERR_REDIRECT] [Fatal Error] :1:1: Premature end of file.
2026-05-17 21:55:37,830 [ERROR] LogOutputStream:75 - [STDERR_REDIRECT] 
2026-05-17 21:55:38,832 [ERROR] LogOutputStream:75 - [STDERR_REDIRECT] [Fatal Error] :1:1: Premature end of file.
2026-05-17 21:55:38,832 [ERROR] LogOutputStream:75 - [STDERR_REDIRECT] 
2026-05-17 21:55:39,836 [ERROR] LogOutputStream:75 - [STDERR_REDIRECT] [Fatal Error] :1:1: Premature end of file.
2026-05-17 21:55:39,836 [ERROR] LogOutputStream:75 - [STDERR_REDIRECT] 
2026-05-17 21:55:40,823 [ERROR] LogOutputStream:75 - [STDERR_REDIRECT] [Fatal Error] :1:1: Premature end of file.
2026-05-17 21:55:40,823 [ERROR] LogOutputStream:75 - [STDERR_REDIRECT] 
2026-05-17 21:55:41,827 [ERROR] LogOutputStream:75 - [STDERR_REDIRECT] [Fatal Error] :1:1: Premature end of file.
2026-05-17 21:55:41,827 [ERROR] LogOutputStream:75 - [STDERR_REDIRECT] 
2026-05-17 21:55:42,830 [ERROR] LogOutputStream:75 - [STDERR_REDIRECT] [Fatal Error] :1:1: Premature end of file.
2026-05-17 21:55:42,830 [ERROR] LogOutputStream:75 - [STDERR_REDIRECT] 
2026-05-17 21:55:43,835 [ERROR] LogOutputStream:75 - [STDERR_REDIRECT] [Fatal Error] :1:1: Premature end of file.
2026-05-17 21:55:43,835 [ERROR] LogOutputStream:75 - [STDERR_REDIRECT] 
2026-05-17 21:55:44,837 [ERROR] LogOutputStream:75 - [STDERR_REDIRECT] [Fatal Error] :1:1: Premature end of file.
2026-05-17 21:55:44,837 [ERROR] LogOutputStream:75 - [STDERR_REDIRECT] 
2026-05-17 21:55:45,824 [ERROR] LogOutputStream:75 - [STDERR_REDIRECT] [Fatal Error] :1:1: Premature end of file.
2026-05-17 21:55:45,824 [ERROR] LogOutputStream:75 - [STDERR_REDIRECT] 
2026-05-17 21:55:46,828 [ERROR] LogOutputStream:75 - [STDERR_REDIRECT] [Fatal Error] :1:1: Premature end of file.
2026-05-17 21:55:46,828 [ERROR] LogOutputStream:75 - [STDERR_REDIRECT] 
2026-05-17 21:55:47,832 [ERROR] LogOutputStream:75 - [STDERR_REDIRECT] [Fatal Error] :1:1: Premature end of file.
2026-05-17 21:55:47,832 [ERROR] LogOutputStream:75 - [STDERR_REDIRECT] 
2026-05-17 21:55:48,834 [ERROR] LogOutputStream:75 - [STDERR_REDIRECT] [Fatal Error] :1:1: Premature end of file.
2026-05-17 21:55:48,834 [ERROR] LogOutputStream:75 - [STDERR_REDIRECT] 
2026-05-17 21:55:49,822 [ERROR] LogOutputStream:75 - [STDERR_REDIRECT] [Fatal Error] :1:1: Premature end of file.
2026-05-17 21:55:49,822 [ERROR] LogOutputStream:75 - [STDERR_REDIRECT] 
2026-05-17 21:55:50,826 [ERROR] LogOutputStream:75 - [STDERR_REDIRECT] [Fatal Error] :1:1: Premature end of file.
2026-05-17 21:55:50,826 [ERROR] LogOutputStream:75 - [STDERR_REDIRECT] 
2026-05-17 21:55:51,827 [ERROR] LogOutputStream:75 - [STDERR_REDIRECT] [Fatal Error] :1:1: Premature end of file.
2026-05-17 21:55:51,827 [ERROR] LogOutputStream:75 - [STDERR_REDIRECT] 
2026-05-17 21:55:52,833 [ERROR] LogOutputStream:75 - [STDERR_REDIRECT] [Fatal Error] :1:1: Premature end of file.
2026-05-17 21:55:52,833 [ERROR] LogOutputStream:75 - [STDERR_REDIRECT] 
2026-05-17 21:55:53,836 [ERROR] LogOutputStream:75 - [STDERR_REDIRECT] [Fatal Error] :1:1: Premature end of file.
2026-05-17 21:55:53,836 [ERROR] LogOutputStream:75 - [STDERR_REDIRECT] 
2026-05-17 21:55:54,837 [ERROR] LogOutputStream:75 - [STDERR_REDIRECT] [Fatal Error] :1:1: Premature end of file.
2026-05-17 21:55:54,837 [ERROR] LogOutputStream:75 - [STDERR_REDIRECT] 
2026-05-17 21:55:55,825 [ERROR] LogOutputStream:75 - [STDERR_REDIRECT] [Fatal Error] :1:1: Premature end of file.
2026-05-17 21:55:55,825 [ERROR] LogOutputStream:75 - [STDERR_REDIRECT] 
2026-05-17 21:55:56,827 [ERROR] LogOutputStream:75 - [STDERR_REDIRECT] [Fatal Error] :1:1: Premature end of file.
2026-05-17 21:55:56,827 [ERROR] LogOutputStream:75 - [STDERR_REDIRECT] 
2026-05-17 21:55:57,832 [ERROR] LogOutputStream:75 - [STDERR_REDIRECT] [Fatal Error] :1:1: Premature end of file.
2026-05-17 21:55:57,832 [ERROR] LogOutputStream:75 - [STDERR_REDIRECT] 
2026-05-17 21:55:58,838 [ERROR] LogOutputStream:75 - [STDERR_REDIRECT] [Fatal Error] :1:1: Premature end of file.
2026-05-17 21:55:58,838 [ERROR] LogOutputStream:75 - [STDERR_REDIRECT] 
2026-05-17 21:55:59,824 [ERROR] LogOutputStream:75 - [STDERR_REDIRECT] [Fatal Error] :1:1: Premature end of file.
2026-05-17 21:55:59,824 [ERROR] LogOutputStream:75 - [STDERR_REDIRECT] 
2026-05-17 21:56:00,843 [ERROR] LogOutputStream:75 - [STDERR_REDIRECT] [Fatal Error] :1:1: Premature end of file.
2026-05-17 21:56:00,843 [ERROR] LogOutputStream:75 - [STDERR_REDIRECT] 
2026-05-17 21:56:01,833 [ERROR] LogOutputStream:75 - [STDERR_REDIRECT] [Fatal Error] :1:1: Premature end of file.
2026-05-17 21:56:01,833 [ERROR] LogOutputStream:75 - [STDERR_REDIRECT] 
2026-05-17 21:56:02,852 [ERROR] LogOutputStream:75 - [STDERR_REDIRECT] [Fatal Error] :1:1: Premature end of file.
2026-05-17 21:56:02,852 [ERROR] LogOutputStream:75 - [STDERR_REDIRECT] 
2026-05-17 21:56:03,826 [ERROR] LogOutputStream:75 - [STDERR_REDIRECT] [Fatal Error] :1:1: Premature end of file.
2026-05-17 21:56:03,826 [ERROR] LogOutputStream:75 - [STDERR_REDIRECT] 
2026-05-17 21:56:04,830 [ERROR] LogOutputStream:75 - [STDERR_REDIRECT] [Fatal Error] :1:1: Premature end of file.
2026-05-17 21:56:04,830 [ERROR] LogOutputStream:75 - [STDERR_REDIRECT] 
2026-05-17 21:56:05,832 [ERROR] LogOutputStream:75 - [STDERR_REDIRECT] [Fatal Error] :1:1: Premature end of file.
2026-05-17 21:56:05,832 [ERROR] LogOutputStream:75 - [STDERR_REDIRECT] 
2026-05-17 21:56:06,834 [ERROR] LogOutputStream:75 - [STDERR_REDIRECT] [Fatal Error] :1:1: Premature end of file.
2026-05-17 21:56:06,834 [ERROR] LogOutputStream:75 - [STDERR_REDIRECT] 
2026-05-17 21:56:07,838 [ERROR] LogOutputStream:75 - [STDERR_REDIRECT] [Fatal Error] :1:1: Premature end of file.
2026-05-17 21:56:07,838 [ERROR] LogOutputStream:75 - [STDERR_REDIRECT] 
2026-05-17 21:56:08,826 [ERROR] LogOutputStream:75 - [STDERR_REDIRECT] [Fatal Error] :1:1: Premature end of file.
2026-05-17 21:56:08,826 [ERROR] LogOutputStream:75 - [STDERR_REDIRECT] 
2026-05-17 21:56:09,847 [ERROR] LogOutputStream:75 - [STDERR_REDIRECT] [Fatal Error] :1:1: Premature end of file.
2026-05-17 21:56:09,847 [ERROR] LogOutputStream:75 - [STDERR_REDIRECT] 
2026-05-17 21:56:10,835 [ERROR] LogOutputStream:75 - [STDERR_REDIRECT] [Fatal Error] :1:1: Premature end of file.
2026-05-17 21:56:10,835 [ERROR] LogOutputStream:75 - [STDERR_REDIRECT] 
2026-05-17 21:56:11,838 [ERROR] LogOutputStream:75 - [STDERR_REDIRECT] [Fatal Error] :1:1: Premature end of file.
2026-05-17 21:56:11,838 [ERROR] LogOutputStream:75 - [STDERR_REDIRECT] 
2026-05-17 21:56:12,824 [ERROR] LogOutputStream:75 - [STDERR_REDIRECT] [Fatal Error] :1:1: Premature end of file.
2026-05-17 21:56:12,824 [ERROR] LogOutputStream:75 - [STDERR_REDIRECT] 
2026-05-17 21:56:13,829 [ERROR] LogOutputStream:75 - [STDERR_REDIRECT] [Fatal Error] :1:1: Premature end of file.
2026-05-17 21:56:13,829 [ERROR] LogOutputStream:75 - [STDERR_REDIRECT] 
2026-05-17 21:56:14,833 [ERROR] LogOutputStream:75 - [STDERR_REDIRECT] [Fatal Error] :1:1: Premature end of file.
2026-05-17 21:56:14,833 [ERROR] LogOutputStream:75 - [STDERR_REDIRECT] 
2026-05-17 21:56:15,835 [ERROR] LogOutputStream:75 - [STDERR_REDIRECT] [Fatal Error] :1:1: Premature end of file.
2026-05-17 21:56:15,835 [ERROR] LogOutputStream:75 - [STDERR_REDIRECT] 
2026-05-17 21:56:16,824 [ERROR] LogOutputStream:75 - [STDERR_REDIRECT] [Fatal Error] :1:1: Premature end of file.
2026-05-17 21:56:16,824 [ERROR] LogOutputStream:75 - [STDERR_REDIRECT] 
2026-05-17 21:56:17,825 [ERROR] LogOutputStream:75 - [STDERR_REDIRECT] [Fatal Error] :1:1: Premature end of file.
2026-05-17 21:56:17,825 [ERROR] LogOutputStream:75 - [STDERR_REDIRECT] 
2026-05-17 21:56:18,827 [ERROR] LogOutputStream:75 - [STDERR_REDIRECT] [Fatal Error] :1:1: Premature end of file.
2026-05-17 21:56:18,827 [ERROR] LogOutputStream:75 - [STDERR_REDIRECT] 
2026-05-17 21:56:19,828 [ERROR] LogOutputStream:75 - [STDERR_REDIRECT] [Fatal Error] :1:1: Premature end of file.
2026-05-17 21:56:19,828 [ERROR] LogOutputStream:75 - [STDERR_REDIRECT] 
2026-05-17 21:56:20,833 [ERROR] LogOutputStream:75 - [STDERR_REDIRECT] [Fatal Error] :1:1: Premature end of file.
2026-05-17 21:56:20,833 [ERROR] LogOutputStream:75 - [STDERR_REDIRECT] 
2026-05-17 21:56:21,836 [ERROR] LogOutputStream:75 - [STDERR_REDIRECT] [Fatal Error] :1:1: Premature end of file.
2026-05-17 21:56:21,836 [ERROR] LogOutputStream:75 - [STDERR_REDIRECT] 
2026-05-17 21:56:22,840 [ERROR] LogOutputStream:75 - [STDERR_REDIRECT] [Fatal Error] :1:1: Premature end of file.
2026-05-17 21:56:22,840 [ERROR] LogOutputStream:75 - [STDERR_REDIRECT] 
2026-05-17 21:56:23,844 [ERROR] LogOutputStream:75 - [STDERR_REDIRECT] [Fatal Error] :1:1: Premature end of file.
2026-05-17 21:56:23,844 [ERROR] LogOutputStream:75 - [STDERR_REDIRECT] 
2026-05-17 21:56:24,829 [ERROR] LogOutputStream:75 - [STDERR_REDIRECT] [Fatal Error] :1:1: Premature end of file.
2026-05-17 21:56:24,829 [ERROR] LogOutputStream:75 - [STDERR_REDIRECT] 
2026-05-17 21:56:25,830 [ERROR] LogOutputStream:75 - [STDERR_REDIRECT] [Fatal Error] :1:1: Premature end of file.
2026-05-17 21:56:25,830 [ERROR] LogOutputStream:75 - [STDERR_REDIRECT] 
2026-05-17 21:56:26,829 [ERROR] LogOutputStream:75 - [STDERR_REDIRECT] [Fatal Error] :1:1: Premature end of file.
2026-05-17 21:56:26,829 [ERROR] LogOutputStream:75 - [STDERR_REDIRECT] 
2026-05-17 21:56:27,828 [ERROR] LogOutputStream:75 - [STDERR_REDIRECT] [Fatal Error] :1:1: Premature end of file.
2026-05-17 21:56:27,828 [ERROR] LogOutputStream:75 - [STDERR_REDIRECT] 
2026-05-17 21:56:28,829 [ERROR] LogOutputStream:75 - [STDERR_REDIRECT] [Fatal Error] :1:1: Premature end of file.
2026-05-17 21:56:28,829 [ERROR] LogOutputStream:75 - [STDERR_REDIRECT] 
2026-05-17 21:56:29,830 [ERROR] LogOutputStream:75 - [STDERR_REDIRECT] [Fatal Error] :1:1: Premature end of file.
2026-05-17 21:56:29,830 [ERROR] LogOutputStream:75 - [STDERR_REDIRECT] 
2026-05-17 21:56:30,828 [ERROR] LogOutputStream:75 - [STDERR_REDIRECT] [Fatal Error] :1:1: Premature end of file.
2026-05-17 21:56:30,828 [ERROR] LogOutputStream:75 - [STDERR_REDIRECT] 
2026-05-17 21:56:31,827 [ERROR] LogOutputStream:75 - [STDERR_REDIRECT] [Fatal Error] :1:1: Premature end of file.
2026-05-17 21:56:31,827 [ERROR] LogOutputStream:75 - [STDERR_REDIRECT] 
2026-05-17 21:56:32,826 [ERROR] LogOutputStream:75 - [STDERR_REDIRECT] [Fatal Error] :1:1: Premature end of file.
2026-05-17 21:56:32,826 [ERROR] LogOutputStream:75 - [STDERR_REDIRECT] 
2026-05-17 21:56:33,824 [ERROR] LogOutputStream:75 - [STDERR_REDIRECT] [Fatal Error] :1:1: Premature end of file.
2026-05-17 21:56:33,824 [ERROR] LogOutputStream:75 - [STDERR_REDIRECT] 
2026-05-17 21:56:34,825 [ERROR] LogOutputStream:75 - [STDERR_REDIRECT] [Fatal Error] :1:1: Premature end of file.
2026-05-17 21:56:34,825 [ERROR] LogOutputStream:75 - [STDERR_REDIRECT] 
2026-05-17 21:56:35,824 [ERROR] LogOutputStream:75 - [STDERR_REDIRECT] [Fatal Error] :1:1: Premature end of file.
2026-05-17 21:56:35,824 [ERROR] LogOutputStream:75 - [STDERR_REDIRECT] 
2026-05-17 21:56:36,822 [ERROR] LogOutputStream:75 - [STDERR_REDIRECT] [Fatal Error] :1:1: Premature end of file.
2026-05-17 21:56:36,822 [ERROR] LogOutputStream:75 - [STDERR_REDIRECT] 
2026-05-17 21:56:37,836 [ERROR] LogOutputStream:75 - [STDERR_REDIRECT] [Fatal Error] :1:1: Premature end of file.
2026-05-17 21:56:37,836 [ERROR] LogOutputStream:75 - [STDERR_REDIRECT] 
2026-05-17 21:56:38,834 [ERROR] LogOutputStream:75 - [STDERR_REDIRECT] [Fatal Error] :1:1: Premature end of file.
2026-05-17 21:56:38,834 [ERROR] LogOutputStream:75 - [STDERR_REDIRECT] 
2026-05-17 21:56:39,832 [ERROR] LogOutputStream:75 - [STDERR_REDIRECT] [Fatal Error] :1:1: Premature end of file.
2026-05-17 21:56:39,832 [ERROR] LogOutputStream:75 - [STDERR_REDIRECT] 
2026-05-17 21:56:40,830 [ERROR] LogOutputStream:75 - [STDERR_REDIRECT] [Fatal Error] :1:1: Premature end of file.
2026-05-17 21:56:40,830 [ERROR] LogOutputStream:75 - [STDERR_REDIRECT] 
2026-05-17 21:56:41,829 [ERROR] LogOutputStream:75 - [STDERR_REDIRECT] [Fatal Error] :1:1: Premature end of file.
2026-05-17 21:56:41,829 [ERROR] LogOutputStream:75 - [STDERR_REDIRECT] 
2026-05-17 21:56:42,828 [ERROR] LogOutputStream:75 - [STDERR_REDIRECT] [Fatal Error] :1:1: Premature end of file.
2026-05-17 21:56:42,828 [ERROR] LogOutputStream:75 - [STDERR_REDIRECT] 
2026-05-17 21:56:43,826 [ERROR] LogOutputStream:75 - [STDERR_REDIRECT] [Fatal Error] :1:1: Premature end of file.
2026-05-17 21:56:43,826 [ERROR] LogOutputStream:75 - [STDERR_REDIRECT] 
2026-05-17 21:56:44,826 [ERROR] LogOutputStream:75 - [STDERR_REDIRECT] [Fatal Error] :1:1: Premature end of file.
2026-05-17 21:56:44,826 [ERROR] LogOutputStream:75 - [STDERR_REDIRECT] 
2026-05-17 21:56:45,826 [ERROR] LogOutputStream:75 - [STDERR_REDIRECT] [Fatal Error] :1:1: Premature end of file.
2026-05-17 21:56:45,826 [ERROR] LogOutputStream:75 - [STDERR_REDIRECT] 
2026-05-17 21:56:46,828 [ERROR] LogOutputStream:75 - [STDERR_REDIRECT] [Fatal Error] :1:1: Premature end of file.
2026-05-17 21:56:46,828 [ERROR] LogOutputStream:75 - [STDERR_REDIRECT] 
2026-05-17 21:56:47,828 [ERROR] LogOutputStream:75 - [STDERR_REDIRECT] [Fatal Error] :1:1: Premature end of file.
2026-05-17 21:56:47,828 [ERROR] LogOutputStream:75 - [STDERR_REDIRECT] 
2026-05-17 21:56:48,830 [ERROR] LogOutputStream:75 - [STDERR_REDIRECT] [Fatal Error] :1:1: Premature end of file.
2026-05-17 21:56:48,830 [ERROR] LogOutputStream:75 - [STDERR_REDIRECT] 
2026-05-17 21:56:49,831 [ERROR] LogOutputStream:75 - [STDERR_REDIRECT] [Fatal Error] :1:1: Premature end of file.
2026-05-17 21:56:49,831 [ERROR] LogOutputStream:75 - [STDERR_REDIRECT] 
2026-05-17 21:56:50,832 [ERROR] LogOutputStream:75 - [STDERR_REDIRECT] [Fatal Error] :1:1: Premature end of file.
2026-05-17 21:56:50,832 [ERROR] LogOutputStream:75 - [STDERR_REDIRECT] 
2026-05-17 21:56:51,833 [ERROR] LogOutputStream:75 - [STDERR_REDIRECT] [Fatal Error] :1:1: Premature end of file.
2026-05-17 21:56:51,833 [ERROR] LogOutputStream:75 - [STDERR_REDIRECT] 
2026-05-17 21:56:52,836 [ERROR] LogOutputStream:75 - [STDERR_REDIRECT] [Fatal Error] :1:1: Premature end of file.
2026-05-17 21:56:52,836 [ERROR] LogOutputStream:75 - [STDERR_REDIRECT] 
2026-05-17 21:56:53,822 [ERROR] LogOutputStream:75 - [STDERR_REDIRECT] [Fatal Error] :1:1: Premature end of file.
2026-05-17 21:56:53,822 [ERROR] LogOutputStream:75 - [STDERR_REDIRECT] 
2026-05-17 21:56:54,822 [ERROR] LogOutputStream:75 - [STDERR_REDIRECT] [Fatal Error] :1:1: Premature end of file.
2026-05-17 21:56:54,822 [ERROR] LogOutputStream:75 - [STDERR_REDIRECT] 
2026-05-17 21:56:55,824 [ERROR] LogOutputStream:75 - [STDERR_REDIRECT] [Fatal Error] :1:1: Premature end of file.
2026-05-17 21:56:55,824 [ERROR] LogOutputStream:75 - [STDERR_REDIRECT] 
2026-05-17 21:56:56,823 [ERROR] LogOutputStream:75 - [STDERR_REDIRECT] [Fatal Error] :1:1: Premature end of file.
2026-05-17 21:56:56,823 [ERROR] LogOutputStream:75 - [STDERR_REDIRECT] 
2026-05-17 21:56:57,823 [ERROR] LogOutputStream:75 - [STDERR_REDIRECT] [Fatal Error] :1:1: Premature end of file.
2026-05-17 21:56:57,823 [ERROR] LogOutputStream:75 - [STDERR_REDIRECT] 
2026-05-17 21:56:58,838 [ERROR] LogOutputStream:75 - [STDERR_REDIRECT] [Fatal Error] :1:1: Premature end of file.
2026-05-17 21:56:58,838 [ERROR] LogOutputStream:75 - [STDERR_REDIRECT] 
2026-05-17 21:56:59,837 [ERROR] LogOutputStream:75 - [STDERR_REDIRECT] [Fatal Error] :1:1: Premature end of file.
2026-05-17 21:56:59,837 [ERROR] LogOutputStream:75 - [STDERR_REDIRECT] 
2026-05-17 21:57:00,836 [ERROR] LogOutputStream:75 - [STDERR_REDIRECT] [Fatal Error] :1:1: Premature end of file.
2026-05-17 21:57:00,836 [ERROR] LogOutputStream:75 - [STDERR_REDIRECT] 
2026-05-17 21:57:01,836 [ERROR] LogOutputStream:75 - [STDERR_REDIRECT] [Fatal Error] :1:1: Premature end of file.
2026-05-17 21:57:01,836 [ERROR] LogOutputStream:75 - [STDERR_REDIRECT] 
2026-05-17 21:57:02,836 [ERROR] LogOutputStream:75 - [STDERR_REDIRECT] [Fatal Error] :1:1: Premature end of file.
2026-05-17 21:57:02,836 [ERROR] LogOutputStream:75 - [STDERR_REDIRECT] 
2026-05-17 21:57:03,837 [ERROR] LogOutputStream:75 - [STDERR_REDIRECT] [Fatal Error] :1:1: Premature end of file.
2026-05-17 21:57:03,837 [ERROR] LogOutputStream:75 - [STDERR_REDIRECT] 
2026-05-17 21:57:04,837 [ERROR] LogOutputStream:75 - [STDERR_REDIRECT] [Fatal Error] :1:1: Premature end of file.
2026-05-17 21:57:04,837 [ERROR] LogOutputStream:75 - [STDERR_REDIRECT] 
2026-05-17 21:57:05,837 [ERROR] LogOutputStream:75 - [STDERR_REDIRECT] [Fatal Error] :1:1: Premature end of file.
2026-05-17 21:57:05,837 [ERROR] LogOutputStream:75 - [STDERR_REDIRECT] 
2026-05-17 21:57:06,834 [ERROR] LogOutputStream:75 - [STDERR_REDIRECT] [Fatal Error] :1:1: Premature end of file.
2026-05-17 21:57:06,834 [ERROR] LogOutputStream:75 - [STDERR_REDIRECT] 
2026-05-17 21:57:07,834 [ERROR] LogOutputStream:75 - [STDERR_REDIRECT] [Fatal Error] :1:1: Premature end of file.
2026-05-17 21:57:07,834 [ERROR] LogOutputStream:75 - [STDERR_REDIRECT] 
2026-05-17 21:57:08,834 [ERROR] LogOutputStream:75 - [STDERR_REDIRECT] [Fatal Error] :1:1: Premature end of file.
2026-05-17 21:57:08,834 [ERROR] LogOutputStream:75 - [STDERR_REDIRECT] 
2026-05-17 21:57:09,833 [ERROR] LogOutputStream:75 - [STDERR_REDIRECT] [Fatal Error] :1:1: Premature end of file.
2026-05-17 21:57:09,833 [ERROR] LogOutputStream:75 - [STDERR_REDIRECT] 
2026-05-17 21:57:10,830 [ERROR] LogOutputStream:75 - [STDERR_REDIRECT] [Fatal Error] :1:1: Premature end of file.
2026-05-17 21:57:10,830 [ERROR] LogOutputStream:75 - [STDERR_REDIRECT] 
2026-05-17 21:57:11,828 [ERROR] LogOutputStream:75 - [STDERR_REDIRECT] [Fatal Error] :1:1: Premature end of file.
2026-05-17 21:57:11,828 [ERROR] LogOutputStream:75 - [STDERR_REDIRECT] 
2026-05-17 21:57:12,826 [ERROR] LogOutputStream:75 - [STDERR_REDIRECT] [Fatal Error] :1:1: Premature end of file.
2026-05-17 21:57:12,826 [ERROR] LogOutputStream:75 - [STDERR_REDIRECT] 
2026-05-17 21:57:13,824 [ERROR] LogOutputStream:75 - [STDERR_REDIRECT] [Fatal Error] :1:1: Premature end of file.
2026-05-17 21:57:13,824 [ERROR] LogOutputStream:75 - [STDERR_REDIRECT] 
2026-05-17 21:57:14,825 [ERROR] LogOutputStream:75 - [STDERR_REDIRECT] [Fatal Error] :1:1: Premature end of file.
2026-05-17 21:57:14,825 [ERROR] LogOutputStream:75 - [STDERR_REDIRECT] 
2026-05-17 21:57:15,841 [ERROR] LogOutputStream:75 - [STDERR_REDIRECT] [Fatal Error] :1:1: Premature end of file.
2026-05-17 21:57:15,841 [ERROR] LogOutputStream:75 - [STDERR_REDIRECT] 
2026-05-17 21:57:16,823 [ERROR] LogOutputStream:75 - [STDERR_REDIRECT] [Fatal Error] :1:1: Premature end of file.
2026-05-17 21:57:16,823 [ERROR] LogOutputStream:75 - [STDERR_REDIRECT] 
2026-05-17 21:57:17,834 [ERROR] LogOutputStream:75 - [STDERR_REDIRECT] [Fatal Error] :1:1: Premature end of file.
2026-05-17 21:57:17,834 [ERROR] LogOutputStream:75 - [STDERR_REDIRECT] 
2026-05-17 21:57:18,831 [ERROR] LogOutputStream:75 - [STDERR_REDIRECT] [Fatal Error] :1:1: Premature end of file.
2026-05-17 21:57:18,831 [ERROR] LogOutputStream:75 - [STDERR_REDIRECT] 
2026-05-17 21:57:19,831 [ERROR] LogOutputStream:75 - [STDERR_REDIRECT] [Fatal Error] :1:1: Premature end of file.
2026-05-17 21:57:19,831 [ERROR] LogOutputStream:75 - [STDERR_REDIRECT] 
2026-05-17 21:57:20,829 [ERROR] LogOutputStream:75 - [STDERR_REDIRECT] [Fatal Error] :1:1: Premature end of file.
2026-05-17 21:57:20,829 [ERROR] LogOutputStream:75 - [STDERR_REDIRECT] 
2026-05-17 21:57:21,830 [ERROR] LogOutputStream:75 - [STDERR_REDIRECT] [Fatal Error] :1:1: Premature end of file.
2026-05-17 21:57:21,830 [ERROR] LogOutputStream:75 - [STDERR_REDIRECT] 
2026-05-17 21:57:22,830 [ERROR] LogOutputStream:75 - [STDERR_REDIRECT] [Fatal Error] :1:1: Premature end of file.
2026-05-17 21:57:22,830 [ERROR] LogOutputStream:75 - [STDERR_REDIRECT] 
2026-05-17 21:57:23,830 [ERROR] LogOutputStream:75 - [STDERR_REDIRECT] [Fatal Error] :1:1: Premature end of file.
2026-05-17 21:57:23,830 [ERROR] LogOutputStream:75 - [STDERR_REDIRECT] 
2026-05-17 21:57:24,832 [ERROR] LogOutputStream:75 - [STDERR_REDIRECT] [Fatal Error] :1:1: Premature end of file.
2026-05-17 21:57:24,832 [ERROR] LogOutputStream:75 - [STDERR_REDIRECT] 
2026-05-17 21:57:25,847 [ERROR] LogOutputStream:75 - [STDERR_REDIRECT] [Fatal Error] :1:1: Premature end of file.
2026-05-17 21:57:25,847 [ERROR] LogOutputStream:75 - [STDERR_REDIRECT] 
2026-05-17 21:57:26,835 [ERROR] LogOutputStream:75 - [STDERR_REDIRECT] [Fatal Error] :1:1: Premature end of file.
2026-05-17 21:57:26,835 [ERROR] LogOutputStream:75 - [STDERR_REDIRECT] 
2026-05-17 21:57:27,836 [ERROR] LogOutputStream:75 - [STDERR_REDIRECT] [Fatal Error] :1:1: Premature end of file.
2026-05-17 21:57:27,836 [ERROR] LogOutputStream:75 - [STDERR_REDIRECT] 
2026-05-17 21:57:28,836 [ERROR] LogOutputStream:75 - [STDERR_REDIRECT] [Fatal Error] :1:1: Premature end of file.
2026-05-17 21:57:28,836 [ERROR] LogOutputStream:75 - [STDERR_REDIRECT] 
2026-05-17 21:57:29,842 [ERROR] LogOutputStream:75 - [STDERR_REDIRECT] [Fatal Error] :1:1: Premature end of file.
2026-05-17 21:57:29,843 [ERROR] LogOutputStream:75 - [STDERR_REDIRECT] 
2026-05-17 21:57:30,036 [ERROR] LogOutputStream:75 - [STDERR_REDIRECT] 
