2026-05-25 07:59:50,628 [INFO] Activator:176 - 


2026-05-25 07:59:50,634 [INFO] Activator:177 - !SESSION log4j initialized
2026-05-25 07:59:56,965 [INFO] LogOutputStream:77 - [STDOUT_REDIRECT] 
2026-05-25 07:59:58,576 [INFO] ApplicationProperties:184 - Using Application install path: C:\ST\STM32CubeIDE_1.18.1\STM32CubeIDE\plugins\com.st.stm32cube.common.mx_6.15.0.202507011659
2026-05-25 07:59:58,599 [INFO] DbMcusXml:78 - Set database path to: C:\ST\STM32CubeIDE_1.18.1\STM32CubeIDE\plugins\com.st.stm32cube.common.mx_6.15.0.202507011659\\db\/mcu/
2026-05-25 07:59:58,600 [INFO] ApiDb:274 - Set plugin database path to: C:\ST\STM32CubeIDE_1.18.1\STM32CubeIDE\plugins\com.st.stm32cube.common.mx_6.15.0.202507011659\\db\/plugins/boardmanager/
2026-05-25 07:59:58,600 [WARN] ApiDb:259 - Overriding images path with different value:  => C:\ST\STM32CubeIDE_1.18.1\STM32CubeIDE\plugins\com.st.stm32cube.common.mx_6.15.0.202507011659\\db\/plugins/mcufinder/images/
2026-05-25 07:59:58,613 [INFO] ApiDb:250 - Set database path to: C:\Users\Samuel\.stmcufinder\plugins\mcufinder//mcu/
2026-05-25 07:59:58,615 [INFO] DbMcusAds:125 - Set database path to: C:\Users\Samuel\.stmcufinder\plugins\mcufinder//mcu/
2026-05-25 07:59:58,619 [INFO] CrossReferenceDbSqlite:203 - Set database path to: C:\Users\Samuel\.stmcufinder\plugins\mcufinder//mcu/cs/
2026-05-25 07:59:58,942 [INFO] RulesReader:64 - Compatibility file has been processed (317 Rules)
2026-05-25 07:59:58,981 [ERROR] LogOutputStream:75 - [STDERR_REDIRECT] [Fatal Error] :1:1: Premature end of file.
2026-05-25 07:59:58,982 [ERROR] LogOutputStream:75 - [STDERR_REDIRECT] 
2026-05-25 07:59:59,104 [INFO] DbMcusXml:78 - Set database path to: C:\ST\STM32CubeIDE_1.18.1\STM32CubeIDE\plugins\com.st.stm32cube.common.mx_6.15.0.202507011659\\db\/mcu/
2026-05-25 07:59:59,104 [INFO] ApiDb:274 - Set plugin database path to: C:\ST\STM32CubeIDE_1.18.1\STM32CubeIDE\plugins\com.st.stm32cube.common.mx_6.15.0.202507011659\\db\/plugins/boardmanager/
2026-05-25 07:59:59,104 [INFO] ApiDb:261 - Set plugin images path to: C:\ST\STM32CubeIDE_1.18.1\STM32CubeIDE\plugins\com.st.stm32cube.common.mx_6.15.0.202507011659\\db\/plugins/mcufinder/images/
2026-05-25 07:59:59,104 [WARN] DbFile:41 - Overriding database path with different value: C:\Users\Samuel\.stmcufinder\plugins\mcufinder/ => C:\Users\Samuel\.stmcufinder\plugins\mcufinder
2026-05-25 07:59:59,104 [INFO] ApiDb:250 - Set database path to: C:\Users\Samuel\.stmcufinder\plugins\mcufinder//mcu/
2026-05-25 07:59:59,105 [WARN] DbFile:41 - Overriding database path with different value: C:\Users\Samuel\.stmcufinder\plugins\mcufinder/ => C:\Users\Samuel\.stmcufinder\plugins\mcufinder
2026-05-25 07:59:59,105 [INFO] DbMcusAds:125 - Set database path to: C:\Users\Samuel\.stmcufinder\plugins\mcufinder//mcu/
2026-05-25 07:59:59,105 [WARN] DbFile:41 - Overriding database path with different value: C:\Users\Samuel\.stmcufinder\plugins\mcufinder/ => C:\Users\Samuel\.stmcufinder\plugins\mcufinder
2026-05-25 07:59:59,105 [WARN] DbFile:41 - Overriding database path with different value: C:\Users\Samuel\.stmcufinder\plugins\mcufinder/ => C:\Users\Samuel\.stmcufinder\plugins\mcufinder
2026-05-25 07:59:59,105 [INFO] CrossReferenceDbSqlite:203 - Set database path to: C:\Users\Samuel\.stmcufinder\plugins\mcufinder//mcu/cs/
2026-05-25 07:59:59,199 [INFO] MainPanel:274 - HeapMemory: 268435456
2026-05-25 07:59:59,338 [INFO] DbMcusXml:78 - Set database path to: C:\ST\STM32CubeIDE_1.18.1\STM32CubeIDE\plugins\com.st.stm32cube.common.mx_6.15.0.202507011659\\db\/mcu/
2026-05-25 07:59:59,338 [INFO] ApiDb:274 - Set plugin database path to: C:\ST\STM32CubeIDE_1.18.1\STM32CubeIDE\plugins\com.st.stm32cube.common.mx_6.15.0.202507011659\\db\/plugins/boardmanager/
2026-05-25 07:59:59,338 [INFO] ApiDb:261 - Set plugin images path to: C:\ST\STM32CubeIDE_1.18.1\STM32CubeIDE\plugins\com.st.stm32cube.common.mx_6.15.0.202507011659\\db\/plugins/mcufinder/images/
2026-05-25 07:59:59,338 [WARN] DbFile:41 - Overriding database path with different value: C:\Users\Samuel\.stmcufinder\plugins\mcufinder/ => C:\Users\Samuel\.stmcufinder\plugins\mcufinder
2026-05-25 07:59:59,338 [INFO] ApiDb:250 - Set database path to: C:\Users\Samuel\.stmcufinder\plugins\mcufinder//mcu/
2026-05-25 07:59:59,339 [WARN] DbFile:41 - Overriding database path with different value: C:\Users\Samuel\.stmcufinder\plugins\mcufinder/ => C:\Users\Samuel\.stmcufinder\plugins\mcufinder
2026-05-25 07:59:59,339 [INFO] DbMcusAds:125 - Set database path to: C:\Users\Samuel\.stmcufinder\plugins\mcufinder//mcu/
2026-05-25 07:59:59,339 [WARN] DbFile:41 - Overriding database path with different value: C:\Users\Samuel\.stmcufinder\plugins\mcufinder/ => C:\Users\Samuel\.stmcufinder\plugins\mcufinder
2026-05-25 07:59:59,339 [WARN] DbFile:41 - Overriding database path with different value: C:\Users\Samuel\.stmcufinder\plugins\mcufinder/ => C:\Users\Samuel\.stmcufinder\plugins\mcufinder
2026-05-25 07:59:59,339 [INFO] CrossReferenceDbSqlite:203 - Set database path to: C:\Users\Samuel\.stmcufinder\plugins\mcufinder//mcu/cs/
2026-05-25 07:59:59,359 [INFO] ApplicationProperties:184 - Using Application install path: C:\ST\STM32CubeIDE_1.18.1\STM32CubeIDE\plugins\com.st.stm32cube.common.mx_6.15.0.202507011659
2026-05-25 07:59:59,360 [INFO] PluginManage:196 - Search for loadable plugins [exclusion list=, ]
2026-05-25 07:59:59,361 [INFO] PluginManage:310 - Check plugin analytics
2026-05-25 07:59:59,548 [INFO] AnalyticsPlugin:253 - Accepted Software Licenses: 
2026-05-25 07:59:59,548 [INFO] AnalyticsPlugin:255 - Accepted CMSIS Pack Licenses: 
2026-05-25 07:59:59,549 [INFO] AnalyticsPlugin:257 - Accepted Firmware Licenses: FW.F4.1.28.0
2026-05-25 07:59:59,551 [INFO] PluginManage:359 - Loaded plugin analytics (category:tool,tabindex:-1)
2026-05-25 07:59:59,551 [INFO] PluginManage:310 - Check plugin cadmodel
2026-05-25 07:59:59,558 [INFO] CADModel:105 - Init CAD model plugin
2026-05-25 07:59:59,558 [INFO] PluginManage:359 - Loaded plugin cadmodel (category:power,tabindex:5)
2026-05-25 07:59:59,558 [INFO] PluginManage:310 - Check plugin clock
2026-05-25 07:59:59,569 [INFO] PluginManage:359 - Loaded plugin clock (category:base,tabindex:2)
2026-05-25 07:59:59,570 [INFO] PluginManage:310 - Check plugin ddr
2026-05-25 07:59:59,572 [INFO] PluginManage:359 - Loaded plugin ddr (category:tool,tabindex:6)
2026-05-25 07:59:59,572 [INFO] PluginManage:310 - Check plugin filemanager
2026-05-25 07:59:59,707 [ERROR] LogOutputStream:75 - [STDERR_REDIRECT] [Fatal Error] :1:1: Premature end of file.
2026-05-25 07:59:59,707 [ERROR] LogOutputStream:75 - [STDERR_REDIRECT] 
2026-05-25 07:59:59,732 [INFO] PluginManage:359 - Loaded plugin filemanager (category:base,tabindex:10)
2026-05-25 07:59:59,732 [INFO] PluginManage:310 - Check plugin ipmanager
2026-05-25 07:59:59,740 [INFO] PluginManage:359 - Loaded plugin ipmanager (category:base,tabindex:5)
2026-05-25 07:59:59,740 [INFO] PluginManage:310 - Check plugin lpbam
2026-05-25 07:59:59,749 [INFO] PluginManage:359 - Loaded plugin lpbam (category:base,tabindex:0)
2026-05-25 07:59:59,749 [INFO] PluginManage:310 - Check plugin memorymap
2026-05-25 07:59:59,763 [INFO] PluginManage:359 - Loaded plugin memorymap (category:base,tabindex:4)
2026-05-25 07:59:59,763 [INFO] PluginManage:310 - Check plugin pinoutandconfiguration
2026-05-25 07:59:59,774 [INFO] PluginManage:359 - Loaded plugin pinoutandconfiguration (category:base,tabindex:1)
2026-05-25 07:59:59,774 [INFO] PluginManage:310 - Check plugin pinoutconfig
2026-05-25 07:59:59,863 [WARN] SupportedApi:132 - Cannot load RTOS API schema: s4s-elt-must-match.1: The content of 'definitions' must match (annotation?, (simpleType | complexType)?, (unique | key | keyref)*)). A problem was found starting at: attribute.
2026-05-25 08:00:00,021 [INFO] PluginManage:359 - Loaded plugin pinoutconfig (category:base,tabindex:0)
2026-05-25 08:00:00,021 [INFO] PluginManage:310 - Check plugin power
2026-05-25 08:00:00,033 [INFO] PluginManage:359 - Loaded plugin power (category:power,tabindex:4)
2026-05-25 08:00:00,034 [INFO] PluginManage:310 - Check plugin projectmanager
2026-05-25 08:00:00,052 [INFO] PluginManage:359 - Loaded plugin projectmanager (category:projectmanager,tabindex:4)
2026-05-25 08:00:00,052 [INFO] PluginManage:310 - Check plugin rif
2026-05-25 08:00:00,063 [INFO] PluginManage:359 - Loaded plugin rif (category:base,tabindex:3)
2026-05-25 08:00:00,063 [INFO] PluginManage:310 - Check plugin thirdparty
2026-05-25 08:00:00,221 [WARN] IntegrityCheckThread:84 - waiting for thirdparty lock release [integrity check]
2026-05-25 08:00:00,222 [INFO] IntegrityCheckThread:86 - entering critical section [integrity check]
2026-05-25 08:00:00,222 [INFO] PluginManage:359 - Loaded plugin thirdparty (category:base,tabindex:-1)
2026-05-25 08:00:00,222 [INFO] ThirdPartyUpdaterWithRetryManager:70 - Updater plugin not ready yet. [1/15]
2026-05-25 08:00:00,222 [INFO] PluginManage:310 - Check plugin tools
2026-05-25 08:00:00,225 [INFO] PluginManage:359 - Loaded plugin tools (category:base,tabindex:7)
2026-05-25 08:00:00,225 [INFO] PluginManage:310 - Check plugin tutovideos
2026-05-25 08:00:00,459 [INFO] PluginManage:359 - Loaded plugin tutovideos (category:base,tabindex:-1)
2026-05-25 08:00:00,460 [INFO] PluginManage:310 - Check plugin updater
2026-05-25 08:00:00,484 [INFO] PluginManage:359 - Loaded plugin updater (category:base,tabindex:12)
2026-05-25 08:00:00,484 [INFO] PluginManage:310 - Check plugin userauth
2026-05-25 08:00:00,488 [INFO] UserAuth:118 - Init User Auth plugin
2026-05-25 08:00:00,489 [INFO] PluginManage:359 - Loaded plugin userauth (category:base,tabindex:14)
2026-05-25 08:00:00,489 [INFO] PluginManage:283 - PluginManage : Loaded plugins [18]
2026-05-25 08:00:00,705 [ERROR] LogOutputStream:75 - [STDERR_REDIRECT] [Fatal Error] :1:1: Premature end of file.
2026-05-25 08:00:00,705 [ERROR] LogOutputStream:75 - [STDERR_REDIRECT] 
2026-05-25 08:00:00,719 [INFO] PinOutPanel:1589 - setPackage(No Configuration,No Configuration)
2026-05-25 08:00:00,807 [INFO] CADModel:165 - CPN selected for project level
2026-05-25 08:00:00,807 [INFO] CADModel:114 - Register for checkConnection events
2026-05-25 08:00:00,826 [INFO] IPUIPlugin:80 - create IPUIPlugin
2026-05-25 08:00:00,826 [INFO] PluginManager:220 - loadIPPluginJar : add adc
2026-05-25 08:00:00,830 [INFO] IPUIPlugin:80 - create IPUIPlugin
2026-05-25 08:00:00,830 [INFO] PluginManager:220 - loadIPPluginJar : add aes
2026-05-25 08:00:00,833 [INFO] IPUIPlugin:80 - create IPUIPlugin
2026-05-25 08:00:00,833 [INFO] PluginManager:220 - loadIPPluginJar : add can
2026-05-25 08:00:00,835 [INFO] IPUIPlugin:80 - create IPUIPlugin
2026-05-25 08:00:00,835 [INFO] PluginManager:220 - loadIPPluginJar : add comp
2026-05-25 08:00:00,837 [INFO] IPUIPlugin:80 - create IPUIPlugin
2026-05-25 08:00:00,837 [INFO] PluginManager:220 - loadIPPluginJar : add cryp
2026-05-25 08:00:00,841 [INFO] IPUIPlugin:80 - create IPUIPlugin
2026-05-25 08:00:00,841 [INFO] PluginManager:220 - loadIPPluginJar : add ddr_ctrl_phy
2026-05-25 08:00:00,844 [INFO] IPUIPlugin:80 - create IPUIPlugin
2026-05-25 08:00:00,844 [INFO] PluginManager:220 - loadIPPluginJar : add dfsdm
2026-05-25 08:00:00,849 [INFO] IPUIPlugin:80 - create IPUIPlugin
2026-05-25 08:00:00,849 [INFO] PluginManager:220 - loadIPPluginJar : add dma
2026-05-25 08:00:00,852 [INFO] IPUIPlugin:80 - create IPUIPlugin
2026-05-25 08:00:00,852 [INFO] PluginManager:220 - loadIPPluginJar : add dma3
2026-05-25 08:00:00,856 [INFO] IPUIPlugin:80 - create IPUIPlugin
2026-05-25 08:00:00,856 [INFO] PluginManager:220 - loadIPPluginJar : add extmemmanager
2026-05-25 08:00:00,858 [INFO] IPUIPlugin:80 - create IPUIPlugin
2026-05-25 08:00:00,858 [INFO] PluginManager:220 - loadIPPluginJar : add fatfs
2026-05-25 08:00:00,863 [INFO] IPUIPlugin:80 - create IPUIPlugin
2026-05-25 08:00:00,863 [INFO] PluginManager:220 - loadIPPluginJar : add fmc
2026-05-25 08:00:00,879 [INFO] IPUIPlugin:80 - create IPUIPlugin
2026-05-25 08:00:00,879 [INFO] PluginManager:220 - loadIPPluginJar : add freertos
2026-05-25 08:00:00,882 [INFO] IPUIPlugin:80 - create IPUIPlugin
2026-05-25 08:00:00,882 [INFO] PluginManager:220 - loadIPPluginJar : add genericplugin
2026-05-25 08:00:00,885 [INFO] IPUIPlugin:80 - create IPUIPlugin
2026-05-25 08:00:00,885 [INFO] PluginManager:220 - loadIPPluginJar : add gfxmmu
2026-05-25 08:00:00,890 [INFO] IPUIPlugin:80 - create IPUIPlugin
2026-05-25 08:00:00,890 [INFO] PluginManager:220 - loadIPPluginJar : add gic
2026-05-25 08:00:00,896 [INFO] IPUIPlugin:80 - create IPUIPlugin
2026-05-25 08:00:00,897 [INFO] PluginManager:220 - loadIPPluginJar : add gpio
2026-05-25 08:00:00,901 [INFO] IPUIPlugin:80 - create IPUIPlugin
2026-05-25 08:00:00,901 [INFO] PluginManager:220 - loadIPPluginJar : add gtzc
2026-05-25 08:00:00,904 [INFO] IPUIPlugin:80 - create IPUIPlugin
2026-05-25 08:00:00,904 [INFO] PluginManager:220 - loadIPPluginJar : add hash
2026-05-25 08:00:00,908 [INFO] IPUIPlugin:80 - create IPUIPlugin
2026-05-25 08:00:00,908 [INFO] PluginManager:220 - loadIPPluginJar : add i2c
2026-05-25 08:00:00,911 [INFO] IPUIPlugin:80 - create IPUIPlugin
2026-05-25 08:00:00,911 [INFO] PluginManager:220 - loadIPPluginJar : add i2s
2026-05-25 08:00:00,916 [INFO] IPUIPlugin:80 - create IPUIPlugin
2026-05-25 08:00:00,916 [INFO] PluginManager:220 - loadIPPluginJar : add i3c
2026-05-25 08:00:00,921 [INFO] IPUIPlugin:80 - create IPUIPlugin
2026-05-25 08:00:00,921 [INFO] PluginManager:220 - loadIPPluginJar : add ipddr
2026-05-25 08:00:00,929 [INFO] IPUIPlugin:80 - create IPUIPlugin
2026-05-25 08:00:00,929 [INFO] PluginManager:220 - loadIPPluginJar : add linkedlist
2026-05-25 08:00:00,932 [INFO] IPUIPlugin:80 - create IPUIPlugin
2026-05-25 08:00:00,932 [INFO] PluginManager:220 - loadIPPluginJar : add lorawan
2026-05-25 08:00:00,934 [INFO] IPUIPlugin:80 - create IPUIPlugin
2026-05-25 08:00:00,934 [INFO] PluginManager:220 - loadIPPluginJar : add ltdc
2026-05-25 08:00:00,940 [INFO] IPUIPlugin:80 - create IPUIPlugin
2026-05-25 08:00:00,940 [INFO] PluginManager:220 - loadIPPluginJar : add mdma
2026-05-25 08:00:00,944 [INFO] IPUIPlugin:80 - create IPUIPlugin
2026-05-25 08:00:00,944 [INFO] PluginManager:220 - loadIPPluginJar : add nvic
2026-05-25 08:00:00,946 [INFO] IPUIPlugin:80 - create IPUIPlugin
2026-05-25 08:00:00,948 [INFO] PluginManager:220 - loadIPPluginJar : add opamp
2026-05-25 08:00:00,951 [INFO] IPUIPlugin:80 - create IPUIPlugin
2026-05-25 08:00:00,951 [INFO] PluginManager:220 - loadIPPluginJar : add openamp
2026-05-25 08:00:00,955 [INFO] IPUIPlugin:80 - create IPUIPlugin
2026-05-25 08:00:00,955 [INFO] PluginManager:220 - loadIPPluginJar : add pdm2pcm
2026-05-25 08:00:00,961 [INFO] IPUIPlugin:80 - create IPUIPlugin
2026-05-25 08:00:00,963 [INFO] PluginManager:220 - loadIPPluginJar : add plateformsettings
2026-05-25 08:00:00,965 [INFO] IPUIPlugin:80 - create IPUIPlugin
2026-05-25 08:00:00,965 [INFO] PluginManager:220 - loadIPPluginJar : add quadspi
2026-05-25 08:00:00,967 [INFO] IPUIPlugin:80 - create IPUIPlugin
2026-05-25 08:00:00,967 [INFO] PluginManager:220 - loadIPPluginJar : add radio
2026-05-25 08:00:00,973 [INFO] IPUIPlugin:80 - create IPUIPlugin
2026-05-25 08:00:00,973 [INFO] PluginManager:220 - loadIPPluginJar : add resmgrutility
2026-05-25 08:00:00,976 [INFO] IPUIPlugin:80 - create IPUIPlugin
2026-05-25 08:00:00,977 [INFO] PluginManager:220 - loadIPPluginJar : add sai
2026-05-25 08:00:00,980 [INFO] IPUIPlugin:80 - create IPUIPlugin
2026-05-25 08:00:00,980 [INFO] PluginManager:220 - loadIPPluginJar : add spi
2026-05-25 08:00:00,986 [INFO] IPUIPlugin:80 - create IPUIPlugin
2026-05-25 08:00:00,986 [INFO] PluginManager:220 - loadIPPluginJar : add stm32_wpan
2026-05-25 08:00:00,988 [INFO] IPUIPlugin:80 - create IPUIPlugin
2026-05-25 08:00:00,988 [INFO] PluginManager:220 - loadIPPluginJar : add tim
2026-05-25 08:00:00,992 [INFO] IPUIPlugin:80 - create IPUIPlugin
2026-05-25 08:00:00,992 [INFO] PluginManager:220 - loadIPPluginJar : add touchsensing
2026-05-25 08:00:00,995 [INFO] IPUIPlugin:80 - create IPUIPlugin
2026-05-25 08:00:00,995 [INFO] PluginManager:220 - loadIPPluginJar : add tracer_emb
2026-05-25 08:00:00,997 [INFO] IPUIPlugin:80 - create IPUIPlugin
2026-05-25 08:00:00,998 [INFO] PluginManager:220 - loadIPPluginJar : add ts
2026-05-25 08:00:00,999 [INFO] IPUIPlugin:80 - create IPUIPlugin
2026-05-25 08:00:00,999 [INFO] PluginManager:220 - loadIPPluginJar : add tsc
2026-05-25 08:00:01,001 [INFO] IPUIPlugin:80 - create IPUIPlugin
2026-05-25 08:00:01,002 [INFO] PluginManager:220 - loadIPPluginJar : add ucpd
2026-05-25 08:00:01,004 [INFO] IPUIPlugin:80 - create IPUIPlugin
2026-05-25 08:00:01,004 [INFO] PluginManager:220 - loadIPPluginJar : add usart
2026-05-25 08:00:01,008 [INFO] IPUIPlugin:80 - create IPUIPlugin
2026-05-25 08:00:01,008 [INFO] PluginManager:220 - loadIPPluginJar : add usbx
2026-05-25 08:00:01,146 [FATAL] Updater:351 - Updater called before beeing initialized
2026-05-25 08:00:01,175 [INFO] RulesReader:64 - Compatibility file has been processed (317 Rules)
2026-05-25 08:00:01,189 [INFO] RulesReader:64 - Compatibility file has been processed (317 Rules)
2026-05-25 08:00:01,202 [INFO] CADModel:165 - CPN selected for project level
2026-05-25 08:00:01,202 [INFO] CADModel:114 - Register for checkConnection events
2026-05-25 08:00:01,202 [FATAL] Updater:351 - Updater called before beeing initialized
2026-05-25 08:00:01,202 [ERROR] CADModel:125 - Updater not yet initialized, retry later 
2026-05-25 08:00:01,407 [FATAL] Updater:351 - Updater called before beeing initialized
2026-05-25 08:00:01,409 [INFO] CADModel:165 - CPN selected for project level
2026-05-25 08:00:01,409 [INFO] CADModel:114 - Register for checkConnection events
2026-05-25 08:00:01,409 [FATAL] Updater:351 - Updater called before beeing initialized
2026-05-25 08:00:01,409 [ERROR] CADModel:125 - Updater not yet initialized, retry later 
2026-05-25 08:00:01,432 [FATAL] Updater:351 - Updater called before beeing initialized
2026-05-25 08:00:01,577 [FATAL] Updater:351 - Updater called before beeing initialized
2026-05-25 08:00:01,585 [INFO] DbMcusAds:53 - JSON generation date=Mon Apr 27 10:14:29 CEST 2026 (1777277669577)
2026-05-25 08:00:01,586 [FATAL] Updater:351 - Updater called before beeing initialized
2026-05-25 08:00:01,632 [WARN] DetailPanel:346 - Failed to get advertising image, set to default
2026-05-25 08:00:01,708 [ERROR] LogOutputStream:75 - [STDERR_REDIRECT] [Fatal Error] :1:1: Premature end of file.
2026-05-25 08:00:01,708 [ERROR] LogOutputStream:75 - [STDERR_REDIRECT] 
2026-05-25 08:00:01,727 [FATAL] Updater:351 - Updater called before beeing initialized
2026-05-25 08:00:01,729 [FATAL] Updater:351 - Updater called before beeing initialized
2026-05-25 08:00:01,729 [FATAL] Updater:351 - Updater called before beeing initialized
2026-05-25 08:00:01,730 [WARN] DetailPanel:346 - Failed to get advertising image, set to default
2026-05-25 08:00:01,730 [FATAL] Updater:351 - Updater called before beeing initialized
2026-05-25 08:00:01,780 [ERROR] Updater:1198 - MainUpdater not yet initialized. External WinMGr cannot be set.
2026-05-25 08:00:01,782 [INFO] Updater:1134 - Updater Version found : 6.15.0
2026-05-25 08:00:01,798 [INFO] ApplicationProperties:184 - Using Application install path: C:\ST\STM32CubeIDE_1.18.1\STM32CubeIDE\plugins\com.st.stm32cube.common.mx_6.15.0.202507011659
2026-05-25 08:00:02,706 [ERROR] LogOutputStream:75 - [STDERR_REDIRECT] [Fatal Error] :1:1: Premature end of file.
2026-05-25 08:00:02,706 [ERROR] LogOutputStream:75 - [STDERR_REDIRECT] 
2026-05-25 08:00:03,223 [INFO] ThirdPartyUpdaterWithRetryManager:70 - Updater plugin not ready yet. [2/15]
2026-05-25 08:00:03,374 [ERROR] LogOutputStream:75 - [STDERR_REDIRECT] May 25, 2026 8:00:03 AM java.util.prefs.WindowsPreferences <init>
2026-05-25 08:00:03,377 [ERROR] LogOutputStream:75 - [STDERR_REDIRECT] WARNING: Could not open/create prefs root node Software\JavaSoft\Prefs at root 0xffffffff80000002. Windows RegCreateKeyEx(...) returned error code 5.
2026-05-25 08:00:03,377 [ERROR] LogOutputStream:75 - [STDERR_REDIRECT] 
2026-05-25 08:00:03,707 [ERROR] LogOutputStream:75 - [STDERR_REDIRECT] [Fatal Error] :1:1: Premature end of file.
2026-05-25 08:00:03,707 [ERROR] LogOutputStream:75 - [STDERR_REDIRECT] 
2026-05-25 08:00:03,928 [INFO] MainUpdater:2872 - connection check result : 10
2026-05-25 08:00:03,929 [INFO] MainUpdater:289 - Updater Check For Update Now.
2026-05-25 08:00:03,929 [INFO] MicroXplorer:498 - Change Database Version : DB.6.0.150
2026-05-25 08:00:03,937 [INFO] McuFinderGlobals:63 - Set McuFinder mode to 2 (CubeIDE integrated)
2026-05-25 08:00:03,938 [INFO] UserAuth:487 - Internet connection configuration mode: 1
2026-05-25 08:00:03,983 [INFO] JxBrowserEngine:152 - Initiate JxBrowser Engine with user profile folder
2026-05-25 08:00:04,131 [INFO] CheckServerUpdateThread:120 - End of CheckServer Thread
2026-05-25 08:00:04,706 [ERROR] LogOutputStream:75 - [STDERR_REDIRECT] [Fatal Error] :1:1: Premature end of file.
2026-05-25 08:00:04,706 [ERROR] LogOutputStream:75 - [STDERR_REDIRECT] 
2026-05-25 08:00:05,616 [INFO] WebApp:169 - Instantiating new browser for Auth
2026-05-25 08:00:05,706 [ERROR] LogOutputStream:75 - [STDERR_REDIRECT] [Fatal Error] :1:1: Premature end of file.
2026-05-25 08:00:05,706 [ERROR] LogOutputStream:75 - [STDERR_REDIRECT] 
2026-05-25 08:00:06,412 [INFO] WebApp:463 - Apply proxy settings
2026-05-25 08:00:06,413 [INFO] WebApp:548 - Chromium requires no authentication
2026-05-25 08:00:06,426 [INFO] WebApp:491 - Direct internet connection detected
2026-05-25 08:00:06,455 [INFO] WebApp:900 - Register for checkConnection events
2026-05-25 08:00:06,455 [INFO] WebApp:463 - Apply proxy settings
2026-05-25 08:00:06,455 [INFO] WebApp:548 - Chromium requires no authentication
2026-05-25 08:00:06,455 [INFO] WebApp:491 - Direct internet connection detected
2026-05-25 08:00:06,649 [WARN] PackLoader:240 - Cannot read IP mode file for STMicroelectronics.X-CUBE-AZRTOS-H7.3.5.0
2026-05-25 08:00:06,663 [WARN] PackLoader:240 - Cannot read IP mode file for STMicroelectronics.FP-SNS-MOTENVWB1.1.4.0
2026-05-25 08:00:06,679 [INFO] WebApp:191 - Connection restablished
2026-05-25 08:00:06,691 [WARN] PackLoader:240 - Cannot read IP mode file for STMicroelectronics.X-CUBE-SMBUS.2.1.0
2026-05-25 08:00:06,698 [WARN] PackLoader:240 - Cannot read IP mode file for STMicroelectronics.X-CUBE-ST60.1.0.0
2026-05-25 08:00:06,710 [ERROR] LogOutputStream:75 - [STDERR_REDIRECT] [Fatal Error] :1:1: Premature end of file.
2026-05-25 08:00:06,711 [ERROR] LogOutputStream:75 - [STDERR_REDIRECT] 
2026-05-25 08:00:06,726 [WARN] PackLoader:240 - Cannot read IP mode file for STMicroelectronics.X-CUBE-AZRTOS-F7.1.1.0
2026-05-25 08:00:06,736 [WARN] PackLoader:240 - Cannot read IP mode file for STMicroelectronics.FP-SNS-MOTENV1.5.1.0
2026-05-25 08:00:06,764 [WARN] PackLoader:240 - Cannot read IP mode file for Infineon.AIROC-Wi-Fi-Bluetooth-STM32.1.7.0
2026-05-25 08:00:06,798 [WARN] PackLoader:240 - Cannot read IP mode file for STMicroelectronics.X-CUBE-AZRTOS-H7.3.4.0
2026-05-25 08:00:06,810 [WARN] PackLoader:240 - Cannot read IP mode file for STMicroelectronics.X-CUBE-DISPLAY.3.0.0
2026-05-25 08:00:06,829 [WARN] PackLoader:240 - Cannot read IP mode file for STMicroelectronics.X-CUBE-GNSS1.7.1.1
2026-05-25 08:00:06,833 [WARN] PackLoader:240 - Cannot read IP mode file for STMicroelectronics.FP-SNS-MOTENVWB1.1.5.0
2026-05-25 08:00:06,839 [WARN] PackLoader:240 - Cannot read IP mode file for STMicroelectronics.X-CUBE-NFC10.1.0.0
2026-05-25 08:00:06,851 [WARN] PackLoader:240 - Cannot read IP mode file for STMicroelectronics.X-CUBE-BLEMGR.4.0.0
2026-05-25 08:00:06,859 [WARN] PackLoader:240 - Cannot read IP mode file for STMicroelectronics.X-CUBE-ST60.1.1.0
2026-05-25 08:00:06,873 [WARN] PackLoader:240 - Cannot read IP mode file for emotas.I-CUBE-CANOPEN.1.3.0
2026-05-25 08:00:06,878 [WARN] PackLoader:240 - Cannot read IP mode file for STMicroelectronics.X-CUBE-GNSS1.7.1.0
2026-05-25 08:00:06,885 [WARN] ConditionMgr:438 - getConditionDescription Invalid condition id : Cortex-A Device cause : null
2026-05-25 08:00:06,901 [WARN] ConditionMgr:1044 - genDependencies : Invalid condition id : Cortex-A Device cause : null
2026-05-25 08:00:06,901 [WARN] ConditionMgr:1044 - genDependencies : Invalid condition id : Cortex-A Device cause : null
2026-05-25 08:00:06,901 [WARN] ConditionMgr:1044 - genDependencies : Invalid condition id : Cortex-A Device cause : null
2026-05-25 08:00:06,906 [WARN] PackLoader:240 - Cannot read IP mode file for STMicroelectronics.X-CUBE-AI.10.0.0
2026-05-25 08:00:06,915 [WARN] PackLoader:240 - Cannot read IP mode file for STMicroelectronics.FP-SNS-STBOX1.2.1.0
2026-05-25 08:00:06,923 [WARN] PackLoader:240 - Cannot read IP mode file for STMicroelectronics.FP-SNS-SMARTAG2.1.2.0
2026-05-25 08:00:06,937 [INFO] LogOutputStream:77 - [STDOUT_REDIRECT] 1 : Invalid condition id : UX_CORESTACK_Condition cause : null
2026-05-25 08:00:06,937 [INFO] LogOutputStream:77 - [STDOUT_REDIRECT] 1 : Invalid condition id : UX_CORESTACK_Condition cause : null
2026-05-25 08:00:06,938 [INFO] LogOutputStream:77 - [STDOUT_REDIRECT] 1 : Invalid condition id : UX_CORESTACK_Condition cause : null
2026-05-25 08:00:06,939 [INFO] LogOutputStream:77 - [STDOUT_REDIRECT] 1 : Invalid condition id : UX_CORESTACK_Condition cause : null
2026-05-25 08:00:06,941 [INFO] LogOutputStream:77 - [STDOUT_REDIRECT] 1 : Invalid condition id : UX_CORESTACK_Condition cause : null
2026-05-25 08:00:06,944 [WARN] PackLoader:240 - Cannot read IP mode file for STMicroelectronics.X-CUBE-AZRTOS-WL.2.0.0
2026-05-25 08:00:06,949 [WARN] PackLoader:240 - Cannot read IP mode file for STMicroelectronics.FP-SNS-MOTENV1.5.0.0
2026-05-25 08:00:06,970 [WARN] PackLoader:240 - Cannot read IP mode file for STMicroelectronics.X-CUBE-AZRTOS-H7RS.1.2.0
2026-05-25 08:00:06,984 [WARN] PackLoader:240 - Cannot read IP mode file for WES.I-CUBE-Cesium.1.3.0
2026-05-25 08:00:06,990 [WARN] PackLoader:240 - Cannot read IP mode file for STMicroelectronics.X-CUBE-BLE2.3.3.0
2026-05-25 08:00:07,011 [WARN] PackLoader:240 - Cannot read IP mode file for STMicroelectronics.X-CUBE-NFC9.1.0.0
2026-05-25 08:00:07,018 [WARN] PackLoader:240 - Cannot read IP mode file for wolfSSL.I-CUBE-wolfSSL.5.8.0
2026-05-25 08:00:07,022 [WARN] PackLoader:240 - Cannot read IP mode file for wolfSSL.I-CUBE-wolfMQTT.1.19.2
2026-05-25 08:00:07,028 [WARN] PackLoader:240 - Cannot read IP mode file for STMicroelectronics.X-CUBE-FREERTOS.1.4.0
2026-05-25 08:00:07,036 [WARN] PackLoader:240 - Cannot read IP mode file for STMicroelectronics.X-CUBE-EEPRMA1.5.2.0
2026-05-25 08:00:07,043 [WARN] PackLoader:240 - Cannot read IP mode file for STMicroelectronics.X-CUBE-ST67W61.1.1.0
2026-05-25 08:00:07,047 [WARN] PackLoader:240 - Cannot read IP mode file for STMicroelectronics.X-CUBE-AI.10.1.0
2026-05-25 08:00:07,060 [WARN] PackLoader:240 - Cannot read IP mode file for STMicroelectronics.FP-SNS-STAIOTCFT.1.1.0
2026-05-25 08:00:07,098 [WARN] PackLoader:240 - Cannot read IP mode file for STMicroelectronics.X-CUBE-MEMS1.12.0.0
2026-05-25 08:00:07,255 [WARN] PackLoader:240 - Cannot read IP mode file for STMicroelectronics.X-CUBE-MEMS1.11.2.0
2026-05-25 08:00:07,399 [WARN] PackLoader:240 - Cannot read IP mode file for STMicroelectronics.X-CUBE-AZRTOS-G0.1.1.0
2026-05-25 08:00:07,406 [WARN] PackLoader:240 - Cannot read IP mode file for STMicroelectronics.X-CUBE-SAFEA1.1.2.2
2026-05-25 08:00:07,409 [INFO] WebApp:225 - Starting web application
2026-05-25 08:00:07,409 [INFO] WebApp:593 - Web application path used C:\ST\STM32CubeIDE_1.18.1\STM32CubeIDE\plugins\com.st.stm32cube.common.mx_6.15.0.202507011659\db\plugins\mcufinder\reactClient1\index.html
2026-05-25 08:00:07,412 [WARN] PackLoader:240 - Cannot read IP mode file for STMicroelectronics.X-CUBE-NFC4.3.0.0
2026-05-25 08:00:07,421 [WARN] PackLoader:240 - Cannot read IP mode file for EmbeddedOffice.I-CUBE-FS-RTOS.1.0.1
2026-05-25 08:00:07,428 [WARN] PackLoader:240 - Cannot read IP mode file for STMicroelectronics.X-CUBE-WB05N.2.0.0
2026-05-25 08:00:07,433 [WARN] PackLoader:240 - Cannot read IP mode file for wolfSSL.I-CUBE-wolfTPM.3.8.0
2026-05-25 08:00:07,439 [WARN] PackLoader:240 - Cannot read IP mode file for STMicroelectronics.X-CUBE-TCPP.4.2.0
2026-05-25 08:00:07,445 [WARN] PackLoader:240 - Cannot read IP mode file for RealThread.X-CUBE-RT-Thread_Nano.4.1.1
2026-05-25 08:00:07,449 [WARN] PackLoader:240 - Cannot read IP mode file for STMicroelectronics.FP-ATR-SIGFOX1.3.2.0
2026-05-25 08:00:07,455 [WARN] PackLoader:240 - Cannot read IP mode file for STMicroelectronics.X-CUBE-EEPRMA1.5.1.0
2026-05-25 08:00:07,460 [WARN] PackLoader:240 - Cannot read IP mode file for STMicroelectronics.X-CUBE-FREERTOS.1.5.0
2026-05-25 08:00:07,466 [WARN] PackLoader:240 - Cannot read IP mode file for ITTIA_DB.I-CUBE-ITTIADB.8.9.0
2026-05-25 08:00:07,472 [WARN] PackLoader:240 - Cannot read IP mode file for STMicroelectronics.X-CUBE-NFC6.3.2.0
2026-05-25 08:00:07,484 [WARN] PackLoader:240 - Cannot read IP mode file for STMicroelectronics.X-CUBE-ST67W61.1.0.0
2026-05-25 08:00:07,489 [WARN] PackLoader:240 - Cannot read IP mode file for STMicroelectronics.X-CUBE-AI.10.2.0
2026-05-25 08:00:07,522 [WARN] PackLoader:240 - Cannot read IP mode file for STMicroelectronics.X-CUBE-MEMS1.12.1.0
2026-05-25 08:00:07,604 [WARN] PackLoader:240 - Cannot read IP mode file for SEGGER.I-CUBE-embOS.1.3.1
2026-05-25 08:00:07,638 [WARN] PackLoader:240 - Cannot read IP mode file for STMicroelectronics.X-CUBE-ALGOBUILD.1.4.0
2026-05-25 08:00:07,673 [WARN] PackLoader:240 - Cannot read IP mode file for STMicroelectronics.X-CUBE-MEMS1.11.3.0
2026-05-25 08:00:07,697 [INFO] UserAuth:487 - Internet connection configuration mode: 1
2026-05-25 08:00:07,713 [ERROR] LogOutputStream:75 - [STDERR_REDIRECT] [Fatal Error] :1:1: Premature end of file.
2026-05-25 08:00:07,715 [ERROR] LogOutputStream:75 - [STDERR_REDIRECT] 
2026-05-25 08:00:07,810 [WARN] PackLoader:240 - Cannot read IP mode file for STMicroelectronics.X-CUBE-PM33A1.1.0.0
2026-05-25 08:00:07,823 [WARN] PackLoader:240 - Cannot read IP mode file for STMicroelectronics.X-CUBE-AZRTOS-F4.1.1.0
2026-05-25 08:00:07,829 [WARN] PackLoader:240 - Cannot read IP mode file for Avnet-IotConnect.X-CUBE-IoTC-DA16k-PMOD.1.0.0
2026-05-25 08:00:07,833 [WARN] PackLoader:240 - Cannot read IP mode file for STMicroelectronics.X-CUBE-ISPU.2.1.0
2026-05-25 08:00:07,845 [WARN] PackLoader:240 - Cannot read IP mode file for STMicroelectronics.X-CUBE-IPS.3.2.0
2026-05-25 08:00:07,854 [WARN] PackLoader:240 - Cannot read IP mode file for STMicroelectronics.eDS-WB_DPC_TT-BIDIR.2.1.1
2026-05-25 08:00:07,859 [WARN] PackLoader:240 - Cannot read IP mode file for STMicroelectronics.X-CUBE-NFC12.1.0.0
2026-05-25 08:00:07,874 [WARN] PackLoader:240 - Cannot read IP mode file for STMicroelectronics.X-CUBE-AZRTOS-L5.2.0.0
2026-05-25 08:00:07,882 [WARN] PackLoader:240 - Cannot read IP mode file for STMicroelectronics.X-CUBE-NFC6.3.1.0
2026-05-25 08:00:07,887 [WARN] PackLoader:240 - Cannot read IP mode file for STMicroelectronics.eDS-WB_DPC_VIENNA.1.2.0
2026-05-25 08:00:07,891 [WARN] PackLoader:240 - Cannot read IP mode file for STMicroelectronics.eDS-WB_DPC_3PH2L-BIDIR.1.1.1
2026-05-25 08:00:07,895 [ERROR] Engine:466 - C:\Users\Samuel\.stm32cubemx\thirdparties\pdsc\STMicroelectronics.X-CUBE-ST67W61.1.3.0.pdsc: PDSC version is not supported
2026-05-25 08:00:07,899 [WARN] PackLoader:240 - Cannot read IP mode file for STMicroelectronics.X-CUBE-FREERTOS.1.3.1
2026-05-25 08:00:07,906 [WARN] PackLoader:240 - Cannot read IP mode file for STMicroelectronics.X-CUBE-TOUCHGFX.4.26.0
2026-05-25 08:00:07,909 [WARN] PackLoader:240 - Cannot read IP mode file for STMicroelectronics.X-CUBE-TOUCHGFX.4.26.1
2026-05-25 08:00:07,913 [WARN] PackLoader:240 - Cannot read IP mode file for STMicroelectronics.FP-SNS-STAIOTCFT.1.0.0
2026-05-25 08:00:07,927 [WARN] ConditionMgr:438 - getConditionDescription Invalid condition id : LAN8742 Phy interface Condition cause : null
2026-05-25 08:00:07,927 [WARN] PackLoader:240 - Cannot read IP mode file for STMicroelectronics.X-CUBE-AZRTOS-L4.2.0.0
2026-05-25 08:00:07,928 [WARN] ConditionMgr:1044 - genDependencies : Invalid condition id : LAN8742 Phy interface Condition cause : null
2026-05-25 08:00:07,928 [WARN] ConditionMgr:1044 - genDependencies : Invalid condition id : LAN8742 Phy interface Condition cause : null
2026-05-25 08:00:07,928 [WARN] ConditionMgr:1044 - genDependencies : Invalid condition id : LAN8742 Phy interface Condition cause : null
2026-05-25 08:00:07,937 [WARN] PackLoader:240 - Cannot read IP mode file for STMicroelectronics.X-CUBE-SFXS2LP1.4.0.0
2026-05-25 08:00:07,945 [WARN] PackLoader:240 - Cannot read IP mode file for STMicroelectronics.X-CUBE-WB05N.2.1.0
2026-05-25 08:00:07,966 [WARN] PackLoader:240 - Cannot read IP mode file for STMicroelectronics.X-CUBE-AZRTOS-H7.3.3.0
2026-05-25 08:00:07,976 [WARN] PackLoader:240 - Cannot read IP mode file for STMicroelectronics.X-CUBE-BLEMGR.4.1.0
2026-05-25 08:00:07,991 [WARN] ConditionMgr:438 - getConditionDescription Invalid condition id : UX DEVICE CLASS RTOS Condition cause : null
2026-05-25 08:00:07,991 [WARN] ConditionMgr:438 - getConditionDescription Invalid condition id : UX DEVICE CLASS RTOS Condition cause : null
2026-05-25 08:00:07,993 [WARN] PackLoader:240 - Cannot read IP mode file for STMicroelectronics.X-CUBE-AZRTOS-WB.2.0.0
2026-05-25 08:00:07,994 [WARN] ConditionMgr:1044 - genDependencies : Invalid condition id : UX DEVICE CLASS RTOS Condition cause : null
2026-05-25 08:00:07,994 [WARN] ConditionMgr:1044 - genDependencies : Invalid condition id : UX DEVICE CLASS RTOS Condition cause : null
2026-05-25 08:00:07,994 [WARN] ConditionMgr:1044 - genDependencies : Invalid condition id : UX DEVICE CLASS RTOS Condition cause : null
2026-05-25 08:00:07,994 [WARN] ConditionMgr:1044 - genDependencies : Invalid condition id : UX DEVICE CLASS RTOS Condition cause : null
2026-05-25 08:00:07,994 [WARN] ConditionMgr:1044 - genDependencies : Invalid condition id : UX DEVICE CLASS RTOS Condition cause : null
2026-05-25 08:00:08,000 [WARN] PackLoader:240 - Cannot read IP mode file for STMicroelectronics.X-CUBE-GNSS1.7.0.1
2026-05-25 08:00:08,004 [WARN] PackLoader:240 - Cannot read IP mode file for STMicroelectronics.X-CUBE-TOUCHGFX.4.25.0
2026-05-25 08:00:08,008 [WARN] PackLoader:240 - Cannot read IP mode file for STMicroelectronics.FP-SNS-STBOX1.2.0.0
2026-05-25 08:00:08,017 [WARN] PackLoader:240 - Cannot read IP mode file for STMicroelectronics.X-CUBE-STSE01.2.0.0
2026-05-25 08:00:08,026 [WARN] PackLoader:240 - Cannot read IP mode file for STMicroelectronics.X-CUBE-SUBG2.5.0.0
2026-05-25 08:00:08,042 [WARN] PackLoader:240 - Cannot read IP mode file for STMicroelectronics.X-CUBE-AZRTOS-H7RS.1.1.0
2026-05-25 08:00:08,050 [WARN] PackLoader:240 - Cannot read IP mode file for Cesanta.I-CUBE-Mongoose.7.13.0
2026-05-25 08:00:08,061 [WARN] PackLoader:240 - Cannot read IP mode file for STMicroelectronics.X-CUBE-AZRTOS-G4.2.0.0
2026-05-25 08:00:08,067 [WARN] PackLoader:240 - Cannot read IP mode file for wolfSSL.I-CUBE-wolfSSH.1.4.20
2026-05-25 08:00:08,074 [WARN] PackLoader:240 - Cannot read IP mode file for STMicroelectronics.X-CUBE-IPS.3.1.0
2026-05-25 08:00:08,081 [WARN] PackLoader:240 - Cannot read IP mode file for STMicroelectronics.X-CUBE-ALS.1.0.2
2026-05-25 08:00:08,088 [WARN] PackLoader:240 - Cannot read IP mode file for STMicroelectronics.X-CUBE-STSE01.1.0.0
2026-05-25 08:00:08,093 [WARN] PackLoader:240 - Cannot read IP mode file for portGmbH.I-Cube-SoM-uGOAL.1.1.0
2026-05-25 08:00:08,094 [INFO] ThirdParty:978 - Integrity check success = true
2026-05-25 08:00:08,094 [INFO] IntegrityCheckThread:100 - exiting critical section [integrity check]
2026-05-25 08:00:08,094 [INFO] IntegrityCheckThread:103 - End integrity checks thread
2026-05-25 08:00:08,705 [ERROR] LogOutputStream:75 - [STDERR_REDIRECT] [Fatal Error] :1:1: Premature end of file.
2026-05-25 08:00:08,705 [ERROR] LogOutputStream:75 - [STDERR_REDIRECT] 
2026-05-25 08:00:09,707 [ERROR] LogOutputStream:75 - [STDERR_REDIRECT] [Fatal Error] :1:1: Premature end of file.
2026-05-25 08:00:09,707 [ERROR] LogOutputStream:75 - [STDERR_REDIRECT] 
2026-05-25 08:00:10,706 [ERROR] LogOutputStream:75 - [STDERR_REDIRECT] [Fatal Error] :1:1: Premature end of file.
2026-05-25 08:00:10,707 [ERROR] LogOutputStream:75 - [STDERR_REDIRECT] 
2026-05-25 08:00:11,707 [ERROR] LogOutputStream:75 - [STDERR_REDIRECT] [Fatal Error] :1:1: Premature end of file.
2026-05-25 08:00:11,707 [ERROR] LogOutputStream:75 - [STDERR_REDIRECT] 
2026-05-25 08:00:12,706 [ERROR] LogOutputStream:75 - [STDERR_REDIRECT] [Fatal Error] :1:1: Premature end of file.
2026-05-25 08:00:12,707 [ERROR] LogOutputStream:75 - [STDERR_REDIRECT] 
2026-05-25 08:00:13,707 [ERROR] LogOutputStream:75 - [STDERR_REDIRECT] [Fatal Error] :1:1: Premature end of file.
2026-05-25 08:00:13,707 [ERROR] LogOutputStream:75 - [STDERR_REDIRECT] 
2026-05-25 08:00:14,705 [ERROR] LogOutputStream:75 - [STDERR_REDIRECT] [Fatal Error] :1:1: Premature end of file.
2026-05-25 08:00:14,705 [ERROR] LogOutputStream:75 - [STDERR_REDIRECT] 
2026-05-25 08:00:15,706 [ERROR] LogOutputStream:75 - [STDERR_REDIRECT] [Fatal Error] :1:1: Premature end of file.
2026-05-25 08:00:15,706 [ERROR] LogOutputStream:75 - [STDERR_REDIRECT] 
2026-05-25 08:00:16,708 [ERROR] LogOutputStream:75 - [STDERR_REDIRECT] [Fatal Error] :1:1: Premature end of file.
2026-05-25 08:00:16,708 [ERROR] LogOutputStream:75 - [STDERR_REDIRECT] 
2026-05-25 08:00:17,705 [ERROR] LogOutputStream:75 - [STDERR_REDIRECT] [Fatal Error] :1:1: Premature end of file.
2026-05-25 08:00:17,705 [ERROR] LogOutputStream:75 - [STDERR_REDIRECT] 
2026-05-25 08:00:18,706 [ERROR] LogOutputStream:75 - [STDERR_REDIRECT] [Fatal Error] :1:1: Premature end of file.
2026-05-25 08:00:18,706 [ERROR] LogOutputStream:75 - [STDERR_REDIRECT] 
2026-05-25 08:00:19,707 [ERROR] LogOutputStream:75 - [STDERR_REDIRECT] [Fatal Error] :1:1: Premature end of file.
2026-05-25 08:00:19,707 [ERROR] LogOutputStream:75 - [STDERR_REDIRECT] 
2026-05-25 08:00:20,704 [ERROR] LogOutputStream:75 - [STDERR_REDIRECT] [Fatal Error] :1:1: Premature end of file.
2026-05-25 08:00:20,705 [ERROR] LogOutputStream:75 - [STDERR_REDIRECT] 
2026-05-25 08:00:21,706 [ERROR] LogOutputStream:75 - [STDERR_REDIRECT] [Fatal Error] :1:1: Premature end of file.
2026-05-25 08:00:21,706 [ERROR] LogOutputStream:75 - [STDERR_REDIRECT] 
2026-05-25 08:00:22,707 [ERROR] LogOutputStream:75 - [STDERR_REDIRECT] [Fatal Error] :1:1: Premature end of file.
2026-05-25 08:00:22,707 [ERROR] LogOutputStream:75 - [STDERR_REDIRECT] 
2026-05-25 08:00:23,705 [ERROR] LogOutputStream:75 - [STDERR_REDIRECT] [Fatal Error] :1:1: Premature end of file.
2026-05-25 08:00:23,706 [ERROR] LogOutputStream:75 - [STDERR_REDIRECT] 
2026-05-25 08:00:24,706 [ERROR] LogOutputStream:75 - [STDERR_REDIRECT] [Fatal Error] :1:1: Premature end of file.
2026-05-25 08:00:24,707 [ERROR] LogOutputStream:75 - [STDERR_REDIRECT] 
2026-05-25 08:00:25,707 [ERROR] LogOutputStream:75 - [STDERR_REDIRECT] [Fatal Error] :1:1: Premature end of file.
2026-05-25 08:00:25,707 [ERROR] LogOutputStream:75 - [STDERR_REDIRECT] 
2026-05-25 08:00:26,707 [ERROR] LogOutputStream:75 - [STDERR_REDIRECT] [Fatal Error] :1:1: Premature end of file.
2026-05-25 08:00:26,707 [ERROR] LogOutputStream:75 - [STDERR_REDIRECT] 
2026-05-25 08:00:27,705 [ERROR] LogOutputStream:75 - [STDERR_REDIRECT] [Fatal Error] :1:1: Premature end of file.
2026-05-25 08:00:27,706 [ERROR] LogOutputStream:75 - [STDERR_REDIRECT] 
2026-05-25 08:00:28,707 [ERROR] LogOutputStream:75 - [STDERR_REDIRECT] [Fatal Error] :1:1: Premature end of file.
2026-05-25 08:00:28,707 [ERROR] LogOutputStream:75 - [STDERR_REDIRECT] 
2026-05-25 08:00:29,708 [ERROR] LogOutputStream:75 - [STDERR_REDIRECT] [Fatal Error] :1:1: Premature end of file.
2026-05-25 08:00:29,708 [ERROR] LogOutputStream:75 - [STDERR_REDIRECT] 
2026-05-25 08:00:30,707 [ERROR] LogOutputStream:75 - [STDERR_REDIRECT] [Fatal Error] :1:1: Premature end of file.
2026-05-25 08:00:30,707 [ERROR] LogOutputStream:75 - [STDERR_REDIRECT] 
2026-05-25 08:00:31,705 [ERROR] LogOutputStream:75 - [STDERR_REDIRECT] [Fatal Error] :1:1: Premature end of file.
2026-05-25 08:00:31,705 [ERROR] LogOutputStream:75 - [STDERR_REDIRECT] 
2026-05-25 08:00:32,706 [ERROR] LogOutputStream:75 - [STDERR_REDIRECT] [Fatal Error] :1:1: Premature end of file.
2026-05-25 08:00:32,706 [ERROR] LogOutputStream:75 - [STDERR_REDIRECT] 
2026-05-25 08:00:33,705 [ERROR] LogOutputStream:75 - [STDERR_REDIRECT] [Fatal Error] :1:1: Premature end of file.
2026-05-25 08:00:33,706 [ERROR] LogOutputStream:75 - [STDERR_REDIRECT] 
2026-05-25 08:00:34,707 [ERROR] LogOutputStream:75 - [STDERR_REDIRECT] [Fatal Error] :1:1: Premature end of file.
2026-05-25 08:00:34,707 [ERROR] LogOutputStream:75 - [STDERR_REDIRECT] 
2026-05-25 08:00:35,705 [ERROR] LogOutputStream:75 - [STDERR_REDIRECT] [Fatal Error] :1:1: Premature end of file.
2026-05-25 08:00:35,705 [ERROR] LogOutputStream:75 - [STDERR_REDIRECT] 
2026-05-25 08:00:36,706 [ERROR] LogOutputStream:75 - [STDERR_REDIRECT] [Fatal Error] :1:1: Premature end of file.
2026-05-25 08:00:36,706 [ERROR] LogOutputStream:75 - [STDERR_REDIRECT] 
2026-05-25 08:00:37,707 [ERROR] LogOutputStream:75 - [STDERR_REDIRECT] [Fatal Error] :1:1: Premature end of file.
2026-05-25 08:00:37,707 [ERROR] LogOutputStream:75 - [STDERR_REDIRECT] 
2026-05-25 08:00:38,706 [ERROR] LogOutputStream:75 - [STDERR_REDIRECT] [Fatal Error] :1:1: Premature end of file.
2026-05-25 08:00:38,706 [ERROR] LogOutputStream:75 - [STDERR_REDIRECT] 
2026-05-25 08:00:39,706 [ERROR] LogOutputStream:75 - [STDERR_REDIRECT] [Fatal Error] :1:1: Premature end of file.
2026-05-25 08:00:39,706 [ERROR] LogOutputStream:75 - [STDERR_REDIRECT] 
2026-05-25 08:00:40,707 [ERROR] LogOutputStream:75 - [STDERR_REDIRECT] [Fatal Error] :1:1: Premature end of file.
2026-05-25 08:00:40,707 [ERROR] LogOutputStream:75 - [STDERR_REDIRECT] 
2026-05-25 08:00:41,706 [ERROR] LogOutputStream:75 - [STDERR_REDIRECT] [Fatal Error] :1:1: Premature end of file.
2026-05-25 08:00:41,706 [ERROR] LogOutputStream:75 - [STDERR_REDIRECT] 
2026-05-25 08:00:42,705 [ERROR] LogOutputStream:75 - [STDERR_REDIRECT] [Fatal Error] :1:1: Premature end of file.
2026-05-25 08:00:42,706 [ERROR] LogOutputStream:75 - [STDERR_REDIRECT] 
2026-05-25 08:00:43,707 [ERROR] LogOutputStream:75 - [STDERR_REDIRECT] [Fatal Error] :1:1: Premature end of file.
2026-05-25 08:00:43,707 [ERROR] LogOutputStream:75 - [STDERR_REDIRECT] 
2026-05-25 08:00:44,706 [ERROR] LogOutputStream:75 - [STDERR_REDIRECT] [Fatal Error] :1:1: Premature end of file.
2026-05-25 08:00:44,707 [ERROR] LogOutputStream:75 - [STDERR_REDIRECT] 
2026-05-25 08:00:45,705 [ERROR] LogOutputStream:75 - [STDERR_REDIRECT] [Fatal Error] :1:1: Premature end of file.
2026-05-25 08:00:45,706 [ERROR] LogOutputStream:75 - [STDERR_REDIRECT] 
2026-05-25 08:00:46,706 [ERROR] LogOutputStream:75 - [STDERR_REDIRECT] [Fatal Error] :1:1: Premature end of file.
2026-05-25 08:00:46,706 [ERROR] LogOutputStream:75 - [STDERR_REDIRECT] 
2026-05-25 08:00:47,705 [ERROR] LogOutputStream:75 - [STDERR_REDIRECT] [Fatal Error] :1:1: Premature end of file.
2026-05-25 08:00:47,705 [ERROR] LogOutputStream:75 - [STDERR_REDIRECT] 
2026-05-25 08:00:48,707 [ERROR] LogOutputStream:75 - [STDERR_REDIRECT] [Fatal Error] :1:1: Premature end of file.
2026-05-25 08:00:48,707 [ERROR] LogOutputStream:75 - [STDERR_REDIRECT] 
2026-05-25 08:00:49,705 [ERROR] LogOutputStream:75 - [STDERR_REDIRECT] [Fatal Error] :1:1: Premature end of file.
2026-05-25 08:00:49,707 [ERROR] LogOutputStream:75 - [STDERR_REDIRECT] 
2026-05-25 08:00:50,705 [ERROR] LogOutputStream:75 - [STDERR_REDIRECT] [Fatal Error] :1:1: Premature end of file.
2026-05-25 08:00:50,706 [ERROR] LogOutputStream:75 - [STDERR_REDIRECT] 
2026-05-25 08:00:51,707 [ERROR] LogOutputStream:75 - [STDERR_REDIRECT] [Fatal Error] :1:1: Premature end of file.
2026-05-25 08:00:51,707 [ERROR] LogOutputStream:75 - [STDERR_REDIRECT] 
2026-05-25 08:00:52,706 [ERROR] LogOutputStream:75 - [STDERR_REDIRECT] [Fatal Error] :1:1: Premature end of file.
2026-05-25 08:00:52,706 [ERROR] LogOutputStream:75 - [STDERR_REDIRECT] 
2026-05-25 08:00:53,706 [ERROR] LogOutputStream:75 - [STDERR_REDIRECT] [Fatal Error] :1:1: Premature end of file.
2026-05-25 08:00:53,706 [ERROR] LogOutputStream:75 - [STDERR_REDIRECT] 
2026-05-25 08:00:54,706 [ERROR] LogOutputStream:75 - [STDERR_REDIRECT] [Fatal Error] :1:1: Premature end of file.
2026-05-25 08:00:54,707 [ERROR] LogOutputStream:75 - [STDERR_REDIRECT] 
2026-05-25 08:00:55,707 [ERROR] LogOutputStream:75 - [STDERR_REDIRECT] [Fatal Error] :1:1: Premature end of file.
2026-05-25 08:00:55,707 [ERROR] LogOutputStream:75 - [STDERR_REDIRECT] 
2026-05-25 08:00:56,706 [ERROR] LogOutputStream:75 - [STDERR_REDIRECT] [Fatal Error] :1:1: Premature end of file.
2026-05-25 08:00:56,706 [ERROR] LogOutputStream:75 - [STDERR_REDIRECT] 
2026-05-25 08:00:57,706 [ERROR] LogOutputStream:75 - [STDERR_REDIRECT] [Fatal Error] :1:1: Premature end of file.
2026-05-25 08:00:57,706 [ERROR] LogOutputStream:75 - [STDERR_REDIRECT] 
2026-05-25 08:00:58,706 [ERROR] LogOutputStream:75 - [STDERR_REDIRECT] [Fatal Error] :1:1: Premature end of file.
2026-05-25 08:00:58,706 [ERROR] LogOutputStream:75 - [STDERR_REDIRECT] 
2026-05-25 08:00:59,706 [ERROR] LogOutputStream:75 - [STDERR_REDIRECT] [Fatal Error] :1:1: Premature end of file.
2026-05-25 08:00:59,706 [ERROR] LogOutputStream:75 - [STDERR_REDIRECT] 
2026-05-25 08:01:00,706 [ERROR] LogOutputStream:75 - [STDERR_REDIRECT] [Fatal Error] :1:1: Premature end of file.
2026-05-25 08:01:00,706 [ERROR] LogOutputStream:75 - [STDERR_REDIRECT] 
2026-05-25 08:01:01,706 [ERROR] LogOutputStream:75 - [STDERR_REDIRECT] [Fatal Error] :1:1: Premature end of file.
2026-05-25 08:01:01,706 [ERROR] LogOutputStream:75 - [STDERR_REDIRECT] 
2026-05-25 08:01:02,706 [ERROR] LogOutputStream:75 - [STDERR_REDIRECT] [Fatal Error] :1:1: Premature end of file.
2026-05-25 08:01:02,706 [ERROR] LogOutputStream:75 - [STDERR_REDIRECT] 
2026-05-25 08:01:03,707 [ERROR] LogOutputStream:75 - [STDERR_REDIRECT] [Fatal Error] :1:1: Premature end of file.
2026-05-25 08:01:03,707 [ERROR] LogOutputStream:75 - [STDERR_REDIRECT] 
2026-05-25 08:01:04,706 [ERROR] LogOutputStream:75 - [STDERR_REDIRECT] [Fatal Error] :1:1: Premature end of file.
2026-05-25 08:01:04,707 [ERROR] LogOutputStream:75 - [STDERR_REDIRECT] 
2026-05-25 08:01:05,705 [ERROR] LogOutputStream:75 - [STDERR_REDIRECT] [Fatal Error] :1:1: Premature end of file.
2026-05-25 08:01:05,706 [ERROR] LogOutputStream:75 - [STDERR_REDIRECT] 
2026-05-25 08:01:06,705 [ERROR] LogOutputStream:75 - [STDERR_REDIRECT] [Fatal Error] :1:1: Premature end of file.
2026-05-25 08:01:06,706 [ERROR] LogOutputStream:75 - [STDERR_REDIRECT] 
2026-05-25 08:01:07,706 [ERROR] LogOutputStream:75 - [STDERR_REDIRECT] [Fatal Error] :1:1: Premature end of file.
2026-05-25 08:01:07,706 [ERROR] LogOutputStream:75 - [STDERR_REDIRECT] 
2026-05-25 08:01:08,708 [ERROR] LogOutputStream:75 - [STDERR_REDIRECT] [Fatal Error] :1:1: Premature end of file.
2026-05-25 08:01:08,708 [ERROR] LogOutputStream:75 - [STDERR_REDIRECT] 
2026-05-25 08:01:09,705 [ERROR] LogOutputStream:75 - [STDERR_REDIRECT] [Fatal Error] :1:1: Premature end of file.
2026-05-25 08:01:09,705 [ERROR] LogOutputStream:75 - [STDERR_REDIRECT] 
2026-05-25 08:01:10,706 [ERROR] LogOutputStream:75 - [STDERR_REDIRECT] [Fatal Error] :1:1: Premature end of file.
2026-05-25 08:01:10,706 [ERROR] LogOutputStream:75 - [STDERR_REDIRECT] 
2026-05-25 08:01:11,706 [ERROR] LogOutputStream:75 - [STDERR_REDIRECT] [Fatal Error] :1:1: Premature end of file.
2026-05-25 08:01:11,706 [ERROR] LogOutputStream:75 - [STDERR_REDIRECT] 
2026-05-25 08:01:12,706 [ERROR] LogOutputStream:75 - [STDERR_REDIRECT] [Fatal Error] :1:1: Premature end of file.
2026-05-25 08:01:12,706 [ERROR] LogOutputStream:75 - [STDERR_REDIRECT] 
2026-05-25 08:01:13,707 [ERROR] LogOutputStream:75 - [STDERR_REDIRECT] [Fatal Error] :1:1: Premature end of file.
2026-05-25 08:01:13,707 [ERROR] LogOutputStream:75 - [STDERR_REDIRECT] 
2026-05-25 08:01:14,707 [ERROR] LogOutputStream:75 - [STDERR_REDIRECT] [Fatal Error] :1:1: Premature end of file.
2026-05-25 08:01:14,707 [ERROR] LogOutputStream:75 - [STDERR_REDIRECT] 
2026-05-25 08:01:15,708 [ERROR] LogOutputStream:75 - [STDERR_REDIRECT] [Fatal Error] :1:1: Premature end of file.
2026-05-25 08:01:15,709 [ERROR] LogOutputStream:75 - [STDERR_REDIRECT] 
2026-05-25 08:01:16,707 [ERROR] LogOutputStream:75 - [STDERR_REDIRECT] [Fatal Error] :1:1: Premature end of file.
2026-05-25 08:01:16,707 [ERROR] LogOutputStream:75 - [STDERR_REDIRECT] 
2026-05-25 08:01:17,706 [ERROR] LogOutputStream:75 - [STDERR_REDIRECT] [Fatal Error] :1:1: Premature end of file.
2026-05-25 08:01:17,706 [ERROR] LogOutputStream:75 - [STDERR_REDIRECT] 
2026-05-25 08:01:18,707 [ERROR] LogOutputStream:75 - [STDERR_REDIRECT] [Fatal Error] :1:1: Premature end of file.
2026-05-25 08:01:18,707 [ERROR] LogOutputStream:75 - [STDERR_REDIRECT] 
2026-05-25 08:01:19,707 [ERROR] LogOutputStream:75 - [STDERR_REDIRECT] [Fatal Error] :1:1: Premature end of file.
2026-05-25 08:01:19,707 [ERROR] LogOutputStream:75 - [STDERR_REDIRECT] 
2026-05-25 08:01:20,706 [ERROR] LogOutputStream:75 - [STDERR_REDIRECT] [Fatal Error] :1:1: Premature end of file.
2026-05-25 08:01:20,706 [ERROR] LogOutputStream:75 - [STDERR_REDIRECT] 
2026-05-25 08:01:21,707 [ERROR] LogOutputStream:75 - [STDERR_REDIRECT] [Fatal Error] :1:1: Premature end of file.
2026-05-25 08:01:21,707 [ERROR] LogOutputStream:75 - [STDERR_REDIRECT] 
2026-05-25 08:01:22,707 [ERROR] LogOutputStream:75 - [STDERR_REDIRECT] [Fatal Error] :1:1: Premature end of file.
2026-05-25 08:01:22,708 [ERROR] LogOutputStream:75 - [STDERR_REDIRECT] 
2026-05-25 08:01:23,707 [ERROR] LogOutputStream:75 - [STDERR_REDIRECT] [Fatal Error] :1:1: Premature end of file.
2026-05-25 08:01:23,707 [ERROR] LogOutputStream:75 - [STDERR_REDIRECT] 
2026-05-25 08:01:24,706 [ERROR] LogOutputStream:75 - [STDERR_REDIRECT] [Fatal Error] :1:1: Premature end of file.
2026-05-25 08:01:24,707 [ERROR] LogOutputStream:75 - [STDERR_REDIRECT] 
2026-05-25 08:01:25,706 [ERROR] LogOutputStream:75 - [STDERR_REDIRECT] [Fatal Error] :1:1: Premature end of file.
2026-05-25 08:01:25,706 [ERROR] LogOutputStream:75 - [STDERR_REDIRECT] 
2026-05-25 08:01:26,705 [ERROR] LogOutputStream:75 - [STDERR_REDIRECT] [Fatal Error] :1:1: Premature end of file.
2026-05-25 08:01:26,706 [ERROR] LogOutputStream:75 - [STDERR_REDIRECT] 
2026-05-25 08:01:27,705 [ERROR] LogOutputStream:75 - [STDERR_REDIRECT] [Fatal Error] :1:1: Premature end of file.
2026-05-25 08:01:27,706 [ERROR] LogOutputStream:75 - [STDERR_REDIRECT] 
2026-05-25 08:01:28,705 [ERROR] LogOutputStream:75 - [STDERR_REDIRECT] [Fatal Error] :1:1: Premature end of file.
2026-05-25 08:01:28,706 [ERROR] LogOutputStream:75 - [STDERR_REDIRECT] 
2026-05-25 08:01:29,705 [ERROR] LogOutputStream:75 - [STDERR_REDIRECT] [Fatal Error] :1:1: Premature end of file.
2026-05-25 08:01:29,705 [ERROR] LogOutputStream:75 - [STDERR_REDIRECT] 
2026-05-25 08:01:30,707 [ERROR] LogOutputStream:75 - [STDERR_REDIRECT] [Fatal Error] :1:1: Premature end of file.
2026-05-25 08:01:30,707 [ERROR] LogOutputStream:75 - [STDERR_REDIRECT] 
2026-05-25 08:01:31,706 [ERROR] LogOutputStream:75 - [STDERR_REDIRECT] [Fatal Error] :1:1: Premature end of file.
2026-05-25 08:01:31,706 [ERROR] LogOutputStream:75 - [STDERR_REDIRECT] 
2026-05-25 08:01:32,706 [ERROR] LogOutputStream:75 - [STDERR_REDIRECT] [Fatal Error] :1:1: Premature end of file.
2026-05-25 08:01:32,706 [ERROR] LogOutputStream:75 - [STDERR_REDIRECT] 
2026-05-25 08:01:33,151 [INFO] McuFinderGlobals:63 - Set McuFinder mode to 2 (CubeIDE integrated)
2026-05-25 08:01:33,157 [INFO] MainUpdater:2872 - connection check result : 10
2026-05-25 08:01:33,158 [INFO] MainUpdater:2872 - connection check result : 10
2026-05-25 08:01:33,206 [INFO] MicroXplorer:468 - Change Database Path : 
2026-05-25 08:01:33,206 [INFO] MicroXplorer:498 - Change Database Version : DB.6.0.150
2026-05-25 08:01:33,240 [WARN] ThirdParty:871 - waiting for thirdparty lock release [close project]
2026-05-25 08:01:33,240 [INFO] ThirdParty:873 - entering critical section [close project]
2026-05-25 08:01:33,243 [INFO] ThirdParty:883 - exiting critical section [close project]
2026-05-25 08:01:33,251 [INFO] PinOutPanel:1589 - setPackage(No Configuration,No Configuration)
2026-05-25 08:01:33,254 [INFO] UtilMem:75 - Begin LoadConfig() Used Memory: 726674600 Bytes (1073741824)
2026-05-25 08:01:33,257 [INFO] MicroXplorer:468 - Change Database Path : 
2026-05-25 08:01:33,257 [INFO] MicroXplorer:498 - Change Database Version : DB.6.0.150
2026-05-25 08:01:33,257 [INFO] OpenFileManager:355 - Change cursor
2026-05-25 08:01:33,360 [INFO] Mcu:2029 - Initializing MCU STM32F103C(8-B)Tx STM32F103C8Tx STM32F103C8T6
2026-05-25 08:01:33,707 [ERROR] LogOutputStream:75 - [STDERR_REDIRECT] [Fatal Error] :1:1: Premature end of file.
2026-05-25 08:01:33,708 [ERROR] LogOutputStream:75 - [STDERR_REDIRECT] 
2026-05-25 08:01:34,707 [ERROR] LogOutputStream:75 - [STDERR_REDIRECT] [Fatal Error] :1:1: Premature end of file.
2026-05-25 08:01:34,708 [ERROR] LogOutputStream:75 - [STDERR_REDIRECT] 
2026-05-25 08:01:34,958 [INFO] Context:786 - Trying to add GPIOservice into a context  which must be forbidden
2026-05-25 08:01:35,269 [INFO] ImportTextPane:234 - (OptionalMessage_ERROR) Pin14 (VP_RIF_VS_RIF1) cannot be retrieved for this MCU
2026-05-25 08:01:35,432 [INFO] RtosManager:558 - Registered RTOS mode: class=CMSIS, group=RTOS, mode=CMSIS_V1, owner=FREERTOS
2026-05-25 08:01:35,432 [INFO] RtosManager:558 - Registered RTOS mode: class=CMSIS, group=RTOS2, mode=CMSIS_V2, owner=FREERTOS
2026-05-25 08:01:35,433 [INFO] RtosManager:558 - Registered RTOS mode: class=RTOS, group=Core, mode=CMSIS_V1, owner=FREERTOS
2026-05-25 08:01:35,433 [INFO] RtosManager:558 - Registered RTOS mode: class=RTOS, group=Core, mode=CMSIS_V2, owner=FREERTOS
2026-05-25 08:01:35,433 [WARN] ModelIntegratedComponent:184 - Missing modes for component STMicroelectronics:FreeRTOS:0.0.1:STMicroelectronics:RTOS:FreeRTOS:Core:::10.2.0:
2026-05-25 08:01:35,445 [WARN] ModelIntegratedComponent:63 - No mode defined for component null
2026-05-25 08:01:35,445 [WARN] ModelIntegratedComponent:63 - No mode defined for component null
2026-05-25 08:01:35,446 [WARN] ModelIntegratedComponent:63 - No mode defined for component null
2026-05-25 08:01:35,446 [WARN] ModelIntegratedComponent:63 - No mode defined for component null
2026-05-25 08:01:35,446 [WARN] ModelIntegratedComponent:63 - No mode defined for component null
2026-05-25 08:01:35,446 [WARN] ModelIntegratedComponent:63 - No mode defined for component null
2026-05-25 08:01:35,446 [WARN] ModelIntegratedComponent:63 - No mode defined for component null
2026-05-25 08:01:35,446 [WARN] ModelIntegratedComponent:63 - No mode defined for component null
2026-05-25 08:01:35,446 [WARN] ModelIntegratedComponent:63 - No mode defined for component null
2026-05-25 08:01:35,446 [WARN] ModelIntegratedComponent:63 - No mode defined for component null
2026-05-25 08:01:35,446 [WARN] ModelIntegratedComponent:63 - No mode defined for component null
2026-05-25 08:01:35,446 [WARN] ModelIntegratedComponent:63 - No mode defined for component null
2026-05-25 08:01:35,446 [WARN] ModelIntegratedComponent:63 - No mode defined for component null
2026-05-25 08:01:35,446 [WARN] ModelIntegratedComponent:63 - No mode defined for component null
2026-05-25 08:01:35,447 [WARN] ModelIntegratedComponent:63 - No mode defined for component null
2026-05-25 08:01:35,447 [WARN] ModelIntegratedComponent:63 - No mode defined for component null
2026-05-25 08:01:35,447 [WARN] ModelIntegratedComponent:63 - No mode defined for component null
2026-05-25 08:01:35,447 [WARN] ModelIntegratedComponent:63 - No mode defined for component null
2026-05-25 08:01:35,447 [WARN] ModelIntegratedComponent:63 - No mode defined for component null
2026-05-25 08:01:35,447 [WARN] ModelIntegratedComponent:63 - No mode defined for component null
2026-05-25 08:01:35,447 [WARN] ModelIntegratedComponent:63 - No mode defined for component null
2026-05-25 08:01:35,447 [WARN] ModelIntegratedComponent:63 - No mode defined for component null
2026-05-25 08:01:35,447 [WARN] ModelIntegratedComponent:63 - No mode defined for component null
2026-05-25 08:01:35,447 [WARN] ModelIntegratedComponent:63 - No mode defined for component null
2026-05-25 08:01:35,447 [WARN] ModelIntegratedComponent:63 - No mode defined for component null
2026-05-25 08:01:35,447 [WARN] ModelIntegratedComponent:63 - No mode defined for component null
2026-05-25 08:01:35,447 [WARN] ModelIntegratedComponent:63 - No mode defined for component null
2026-05-25 08:01:35,448 [WARN] ModelIntegratedComponent:63 - No mode defined for component null
2026-05-25 08:01:35,448 [WARN] ModelIntegratedComponent:63 - No mode defined for component null
2026-05-25 08:01:35,448 [WARN] ModelIntegratedComponent:63 - No mode defined for component null
2026-05-25 08:01:35,448 [WARN] ModelIntegratedComponent:63 - No mode defined for component null
2026-05-25 08:01:35,448 [WARN] ModelIntegratedComponent:63 - No mode defined for component null
2026-05-25 08:01:35,448 [WARN] ModelIntegratedComponent:63 - No mode defined for component null
2026-05-25 08:01:35,448 [WARN] ModelIntegratedComponent:63 - No mode defined for component null
2026-05-25 08:01:35,448 [WARN] ModelIntegratedComponent:63 - No mode defined for component null
2026-05-25 08:01:35,448 [WARN] ModelPack:524 - Component already loaded: STMicroelectronics:HAL Drivers:0.0.0:STMicroelectronics:Device:STMicro_Driver:XSPI:HAL::0.0.1:HAL_XSPI
2026-05-25 08:01:35,706 [ERROR] LogOutputStream:75 - [STDERR_REDIRECT] [Fatal Error] :1:1: Premature end of file.
2026-05-25 08:01:35,707 [ERROR] LogOutputStream:75 - [STDERR_REDIRECT] 
2026-05-25 08:01:35,834 [INFO] ThirdPartyModel:298 - Start build external matchings
2026-05-25 08:01:36,706 [ERROR] LogOutputStream:75 - [STDERR_REDIRECT] [Fatal Error] :1:1: Premature end of file.
2026-05-25 08:01:36,706 [ERROR] LogOutputStream:75 - [STDERR_REDIRECT] 
2026-05-25 08:01:37,446 [INFO] ThirdPartyModel:316 - End build external matchings
2026-05-25 08:01:37,708 [ERROR] LogOutputStream:75 - [STDERR_REDIRECT] [Fatal Error] :1:1: Premature end of file.
2026-05-25 08:01:37,709 [ERROR] LogOutputStream:75 - [STDERR_REDIRECT] 
2026-05-25 08:01:37,822 [INFO] ApiDb:581 - Connected to CubeFinder SQLite database (C:\Users\Samuel\.stmcufinder\plugins\mcufinder\mcu\cube-finder-db.db)
2026-05-25 08:01:37,989 [INFO] ApiDb:668 - CubeFinder database Data Model version=2.1
2026-05-25 08:01:37,989 [INFO] ApiDb:669 - CubeFinder database Configuration version=3.0.42
2026-05-25 08:01:37,990 [INFO] ApiDb:670 - CubeFinder database generation date=2026-05-06 (1778060171)
2026-05-25 08:01:37,990 [INFO] ApiDb:671 - CubeFinder database FW Pack versions=[FP-ATR-ASTRA1_V2.0.0, FP-SNS-FLIGHT1_V5.1.0, FP-SNS-MOTENV1_V5.1.0, FP-SNS-MOTENVWB1_V1.5.0, FP-SNS-SMARTAG2_V1.2.0, FP-SNS-STBOX1_V2.1.0, STM32Cube_FW_C0_V1.4.0, STM32Cube_FW_F4_V1.28.3, STM32Cube_FW_F7_V1.17.4, STM32Cube_FW_G0_V1.6.3, STM32Cube_FW_G4_V1.6.2, STM32Cube_FW_H5_V1.6.0, STM32Cube_FW_H7RS_V1.3.0, STM32Cube_FW_H7_V1.13.0, STM32Cube_FW_L0_V1.12.2, STM32Cube_FW_L4_V1.18.2, STM32Cube_FW_L5_V1.6.0, STM32Cube_FW_N6_V1.3.0, STM32Cube_FW_U0_V1.3.0, STM32Cube_FW_U3_V1.3.0, STM32Cube_FW_U5_V1.8.0, STM32Cube_FW_WB0_V1.4.0, STM32Cube_FW_WBA_V1.9.0, STM32Cube_FW_WB_V1.24.0, STM32Cube_FW_WL3_V1.4.0, STM32Cube_FW_WL_V1.5.0, X-CUBE-ALGOBUILD_V1.4.0, X-CUBE-ALS_V1.0.2, X-CUBE-AZRTOS-F4_V1.1.0, X-CUBE-AZRTOS-F7_V1.1.0, X-CUBE-AZRTOS-G0_V1.1.0, X-CUBE-AZRTOS-G4_V2.0.0, X-CUBE-AZRTOS-H7RS_V1.1.0, X-CUBE-AZRTOS-H7_V3.5.0, X-CUBE-AZRTOS-L4_V2.0.0, X-CUBE-AZRTOS-L5_V2.0.0, X-CUBE-AZRTOS-WB_V2.0.0, X-CUBE-AZRTOS-WL_V2.0.0, X-CUBE-BLE1_V7.1.0, X-CUBE-BLE2_V3.3.0, X-CUBE-BLEMGR_V4.1.0, X-CUBE-EEPRMA1_V5.2.0, X-CUBE-FREERTOS_V1.5.0, X-CUBE-GNSS1_V6.0.0, X-CUBE-MEMS1_V12.0.0, X-CUBE-NFC4_V3.0.0, X-CUBE-NFC7_V2.0.0, X-CUBE-SFXS2LP1_V4.0.0, X-CUBE-ST67W61_V1.2.0, X-CUBE-SUBG2_V5.0.0, X-CUBE-TOF1_V3.4.3]
2026-05-25 08:01:38,150 [INFO] DbBoardsSqlite:226 - include board P-NUCLEO-WB55-NUCLEO as a kit item of type 'Nucleo-64'
2026-05-25 08:01:38,151 [INFO] DbBoardsSqlite:226 - include board P-NUCLEO-WB55-USBDONGLE as a kit item of type 'Nucleo USB Dongle'
2026-05-25 08:01:38,152 [INFO] DbBoardsSqlite:226 - include board STEVAL-IDP005V1 as a kit item of type 'Evaluation Board'
2026-05-25 08:01:38,152 [INFO] DbBoardsSqlite:226 - include board STEVAL-IDP005V2 as a kit item of type 'Evaluation Board'
2026-05-25 08:01:38,708 [ERROR] LogOutputStream:75 - [STDERR_REDIRECT] [Fatal Error] :1:1: Premature end of file.
2026-05-25 08:01:38,708 [ERROR] LogOutputStream:75 - [STDERR_REDIRECT] 
2026-05-25 08:01:39,150 [INFO] ApiDb:240 - Found 880 in-development CPN: [B-G473E-ZEST1S, B-WB1M-WPAN1, B-WBA5M-WPAN, B-WL5M-SUBG1, NUCLEO-C031C6, NUCLEO-C051C8, NUCLEO-C071RB, NUCLEO-C092RC, NUCLEO-H503RB, NUCLEO-H533RE, NUCLEO-H563ZI, NUCLEO-H7S3L8, NUCLEO-N657X0-Q, NUCLEO-U031R8, NUCLEO-U083RC, NUCLEO-U385RG-Q, NUCLEO-U545RE-Q, NUCLEO-U5A5ZJ-Q, NUCLEO-WB05KZ, NUCLEO-WB07CC, NUCLEO-WB09KE, NUCLEO-WBA52CG, NUCLEO-WBA55CG, NUCLEO-WL33CC1, NUCLEO-WL33CC2, STEVAL-PROTEUS1, STEVAL-SMARTAG2, STEVAL-STWINBX1, STM320518-EVAL, STM32C0116-DK, STM32C011D6Y3TR, STM32C011D6Y6TR, STM32C011F4P3, STM32C011F4P6, STM32C011F4U3, STM32C011F4U6TR, STM32C011F6P3, STM32C011F6P6, STM32C011F6U3, STM32C011F6U6TR, STM32C011J4M3, STM32C011J4M6, STM32C011J6M3, STM32C011J6M6, STM32C0316-DK, STM32C031C4T3, STM32C031C4T6, STM32C031C4U3, STM32C031C4U6, STM32C031C6T3, STM32C031C6T6, STM32C031C6U3, STM32C031C6U6, STM32C031F4P3, STM32C031F4P6, STM32C031F6P3, STM32C031F6P6, STM32C031G4U3, STM32C031G4U6, STM32C031G6U3, STM32C031G6U6, STM32C031K4T3, STM32C031K4T6, STM32C031K4U3, STM32C031K4U6, STM32C031K6T3, STM32C031K6T6, STM32C031K6U3, STM32C031K6U6, STM32C051C6T6, STM32C051C6U6, STM32C051C8T6, STM32C051C8U6, STM32C051D8Y6TR, STM32C051F6P6, STM32C051F8P6, STM32C051G6U6, STM32C051G8U6, STM32C051K6T6, STM32C051K6U6, STM32C051K8T6, STM32C071C8T6, STM32C071C8T6N, STM32C071C8U6, STM32C071C8U6N, STM32C071CBT6, STM32C071CBT6N, STM32C071CBU6, STM32C071CBU6N, STM32C071F8P6, STM32C071F8P6N, STM32C071FBP6, STM32C071FBP6N, STM32C071FBY6TR, STM32C071G8U6, STM32C071G8U6N, STM32C071GBU6, STM32C071GBU6N, STM32C071K8T6, STM32C071K8T6N, STM32C071K8U6, STM32C071K8U6N, STM32C071KBT6, STM32C071KBT6N, STM32C071KBU6, STM32C071KBU6N, STM32C071R8T6, STM32C071R8T6N, STM32C071RBI6N, STM32C071RBT6, STM32C071RBT6N, STM32C091CBT6, STM32C091CBU6, STM32C091CCT6, STM32C091CCU6, STM32C091ECY6TR, STM32C091FBP6, STM32C091FCP6, STM32C091GBU6, STM32C091GCU6, STM32C091KBT6, STM32C091KBU6, STM32C091KCT6, STM32C091KCU6, STM32C091RBT6, STM32C091RCI6, STM32C091RCT6, STM32C092CBT6, STM32C092CBU6, STM32C092CCT6, STM32C092CCU6, STM32C092ECY6TR, STM32C092FBP6, STM32C092FCP6, STM32C092GBU6, STM32C092GCU6, STM32C092KBT6, STM32C092KBU6, STM32C092KCT6, STM32C092KCU6, STM32C092RBT6, STM32C092RCI6, STM32C092RCT6, STM32G071K8TXN, STM32G071K8UXN, STM32G081GBU6N, STM32G081KBT6N, STM32G081KBUXN, STM32G0B1CCT6N, STM32G0B1KCT6, STM32G0B1NEY6TR, STM32G0B1RCT6N, STM32G0C1CCT6, STM32G0C1CCT6N, STM32G0C1CCU6N, STM32G0C1CET6N, STM32G0C1CEU6N, STM32G0C1KCT6, STM32G0C1NEY6TR, STM32G0C1RCI6N, STM32G0C1RCT6N, STM32G0C1REI6N, STM32G0C1RET6N, STM32G0C1VCI6, STM32G0C1VEI6, STM32G411C6T3, STM32G411C6T6, STM32G411C6U3, STM32G411C6U6, STM32G411C8T3, STM32G411C8T6, STM32G411C8U3, STM32G411C8U6, STM32G411CBT3, STM32G411CBT6, STM32G411CBU3, STM32G411CBU6, STM32G411K6T3, STM32G411K6T6, STM32G411K6U3, STM32G411K6U6, STM32G411K8T3, STM32G411K8T6, STM32G411K8U3, STM32G411K8U6, STM32G411KBT3, STM32G411KBT6, STM32G411KBU3, STM32G411KBU6, STM32G411M6T3, STM32G411M6T6, STM32G411M8T3, STM32G411M8T6, STM32G411MBT3, STM32G411MBT6, STM32G411R6T3, STM32G411R6T6, STM32G411R8T3, STM32G411R8T6, STM32G411RBT3, STM32G411RBT6, STM32G414CBT3, STM32G414CBT6, STM32G414CBU3, STM32G414CBU6, STM32G414CCT3, STM32G414CCT6, STM32G414CCU3, STM32G414CCU6, STM32G414MBT3, STM32G414MBT6, STM32G414MCT3, STM32G414MCT6, STM32G414RBT3, STM32G414RBT6, STM32G414RCT3, STM32G414RCT6, STM32G414VBT3, STM32G414VBT6, STM32G414VCT3, STM32G414VCT6, STM32G431CBT3Z, STM32G431RBT3Z, STM32G471CCT6, STM32G471CCU6, STM32G471CET3, STM32G471CET6, STM32G471CEU3, STM32G471CEU6, STM32G471MCT6, STM32G471MET3, STM32G471MET6, STM32G471MEY6TR, STM32G471QCT6, STM32G471QET3, STM32G471RCT6, STM32G471RET3, STM32G471RET6, STM32G471VCH6, STM32G471VCI6, STM32G471VCT6, STM32G471VEH3, STM32G471VEH6, STM32G471VEI3, STM32G471VEI6, STM32G471VET3, STM32G471VET6, STM32G473QET3Z, STM32G473RET3Z, STM32G474CCT6, STM32G491RET3Z, STM32H503CBT6, STM32H503CBU6, STM32H503EBY6TR, STM32H503KBU6, STM32H503RBT6, STM32H523CCT6, STM32H523CCU6, STM32H523CET6, STM32H523CEU6, STM32H523HEY6TR, STM32H523RCT6, STM32H523RET6, STM32H523VCI6, STM32H523VCT6, STM32H523VEI6, STM32H523VET6, STM32H523ZCJ6, STM32H523ZCT6, STM32H523ZEJ6, STM32H523ZET6, STM32H533CET6, STM32H533CEU6, STM32H533HEY6TR, STM32H533RET6, STM32H533VEI6, STM32H533VET6, STM32H533ZEJ6, STM32H533ZET6, STM32H562AGI6, STM32H562AII6, STM32H562IGK6, STM32H562IGT6, STM32H562IIK6, STM32H562IIT6, STM32H562RGT6, STM32H562RGV6, STM32H562RIT6, STM32H562RIV6, STM32H562VGT6, STM32H562VIT6, STM32H562ZGT6, STM32H562ZIT6, STM32H563AGI6, STM32H563AII3Q, STM32H563AII6, STM32H563IGK6, STM32H563IGT6, STM32H563IIK3Q, STM32H563IIK6, STM32H563IIT3Q, STM32H563IIT6, STM32H563MIY3QTR, STM32H563RGT6, STM32H563RGV6, STM32H563RIT6, STM32H563RIV6, STM32H563VGT6, STM32H563VIT3Q, STM32H563VIT6, STM32H563ZGT6, STM32H563ZIT3Q, STM32H563ZIT6, STM32H573AII3Q, STM32H573AII6, STM32H573I-DK, STM32H573IIK3Q, STM32H573IIK6, STM32H573IIT3Q, STM32H573IIT6, STM32H573MIY3QTR, STM32H573RIT6, STM32H573RIV6, STM32H573VIT3Q, STM32H573VIT6, STM32H573ZIT3Q, STM32H573ZIT6, STM32H7R3A8I6, STM32H7R3I8K6, STM32H7R3I8T6, STM32H7R3L8H6, STM32H7R3L8H6H, STM32H7R3R8V6, STM32H7R3V8H6, STM32H7R3V8T6, STM32H7R3V8Y6TR, STM32H7R3Z8J6, STM32H7R3Z8T6, STM32H7R7A8I6, STM32H7R7I8K6, STM32H7R7I8T6, STM32H7R7L8H6, STM32H7R7L8H6H, STM32H7R7Z8J6, STM32H7S3A8I6, STM32H7S3I8K6, STM32H7S3I8T6, STM32H7S3L8H6, STM32H7S3L8H6H, STM32H7S3R8V6, STM32H7S3V8H6, STM32H7S3V8T6, STM32H7S3V8Y6TR, STM32H7S3Z8J6, STM32H7S3Z8T6, STM32H7S78-DK, STM32H7S7A8I6, STM32H7S7I8K6, STM32H7S7I8T6, STM32H7S7L8H6, STM32H7S7L8H6H, STM32H7S7Z8J6, STM32L4R5QGI6STR, STM32MP131AAE3, STM32MP131AAF3, STM32MP131AAG3, STM32MP131CAE3, STM32MP131CAF3, STM32MP131CAG3, STM32MP131DAE7, STM32MP131DAF7, STM32MP131DAG7, STM32MP131FAE7, STM32MP131FAF7, STM32MP131FAG7, STM32MP133AAE3, STM32MP133AAF3, STM32MP133AAG3, STM32MP133CAE3, STM32MP133CAF3, STM32MP133CAG3, STM32MP133DAE7, STM32MP133DAF7, STM32MP133DAG7, STM32MP133FAE7, STM32MP133FAF7, STM32MP133FAG7, STM32MP135AAE3, STM32MP135AAF3, STM32MP135AAG3, STM32MP135CAE3, STM32MP135CAF3, STM32MP135CAG3, STM32MP135DAE7, STM32MP135DAF7, STM32MP135DAG7, STM32MP135F-DK, STM32MP135FAE7, STM32MP135FAF7, STM32MP135FAF7T, STM32MP135FAF7U, STM32MP135FAG7, STM32MP211AAL3, STM32MP211AAM3, STM32MP211AAN3, STM32MP211AAO3, STM32MP211CAL3, STM32MP211CAM3, STM32MP211CAN3, STM32MP211CAO3, STM32MP211DAL3, STM32MP211DAM3, STM32MP211DAN3, STM32MP211DAO3, STM32MP211FAL3, STM32MP211FAM3, STM32MP211FAN3, STM32MP211FAO3, STM32MP213AAL3, STM32MP213AAM3, STM32MP213AAN3, STM32MP213AAO3, STM32MP213CAL3, STM32MP213CAM3, STM32MP213CAN3, STM32MP213CAO3, STM32MP213DAL3, STM32MP213DAM3, STM32MP213DAN3, STM32MP213DAO3, STM32MP213FAL3, STM32MP213FAM3, STM32MP213FAN3, STM32MP213FAO3, STM32MP215AAL3, STM32MP215AAM3, STM32MP215AAN3, STM32MP215AAO3, STM32MP215CAL3, STM32MP215CAM3, STM32MP215CAN3, STM32MP215CAO3, STM32MP215DAL3, STM32MP215DAM3, STM32MP215DAN3, STM32MP215DAO3, STM32MP215F-DK, STM32MP215FAL3, STM32MP215FAM3, STM32MP215FAN3, STM32MP215FAO3, STM32MP231AAJ3, STM32MP231AAK3, STM32MP231AAL3, STM32MP231CAJ3, STM32MP231CAK3, STM32MP231CAL3, STM32MP231DAJ3, STM32MP231DAK3, STM32MP231DAL3, STM32MP231FAJ3, STM32MP231FAK3, STM32MP231FAL3, STM32MP233AAJ3, STM32MP233AAK3, STM32MP233AAL3, STM32MP233CAJ3, STM32MP233CAK3, STM32MP233CAL3, STM32MP233DAJ3, STM32MP233DAK3, STM32MP233DAL3, STM32MP233FAJ3, STM32MP233FAK3, STM32MP233FAL3, STM32MP235AAJ3, STM32MP235AAK3, STM32MP235AAL3, STM32MP235CAJ3, STM32MP235CAK3, STM32MP235CAL3, STM32MP235DAJ3, STM32MP235DAK3, STM32MP235DAL3, STM32MP235FAJ3, STM32MP235FAK3, STM32MP235FAL3, STM32MP251AAI3, STM32MP251AAK3, STM32MP251AAL3, STM32MP251CAI3, STM32MP251CAK3, STM32MP251CAL3, STM32MP251DAI3, STM32MP251DAK3, STM32MP251DAL3, STM32MP251FAI3, STM32MP251FAK3, STM32MP251FAL3, STM32MP253AAI3, STM32MP253AAK3, STM32MP253AAL3, STM32MP253CAI3, STM32MP253CAK3, STM32MP253CAL3, STM32MP253DAI3, STM32MP253DAK3, STM32MP253DAL3, STM32MP253FAI3, STM32MP253FAK3, STM32MP253FAL3, STM32MP255AAI3, STM32MP255AAK3, STM32MP255AAL3, STM32MP255CAI3, STM32MP255CAK3, STM32MP255CAL3, STM32MP255DAI3, STM32MP255DAK3, STM32MP255DAL3, STM32MP255FAI3, STM32MP255FAK3, STM32MP255FAL3, STM32MP257AAI3, STM32MP257AAK3, STM32MP257AAL3, STM32MP257CAI3, STM32MP257CAK3, STM32MP257CAL3, STM32MP257DAI3, STM32MP257DAK3, STM32MP257DAL3, STM32MP257F-DK, STM32MP257F-EV1, STM32MP257FAI3, STM32MP257FAK3, STM32MP257FAL3, STM32N645A0H3Q, STM32N645B0H3Q, STM32N645I0H3Q, STM32N645L0H3Q, STM32N645X0H3Q, STM32N645Z0H3Q, STM32N647A0H3Q, STM32N647B0H3Q, STM32N647I0H3Q, STM32N647L0H3Q, STM32N647X0H3Q, STM32N647Z0H3Q, STM32N655A0H3Q, STM32N655B0H3Q, STM32N655I0H3Q, STM32N655L0H3Q, STM32N655X0H3Q, STM32N655Z0H3Q, STM32N6570-DK, STM32N657A0H3Q, STM32N657B0H3Q, STM32N657I0H3Q, STM32N657L0H3Q, STM32N657X0H3Q, STM32N657Z0H3Q, STM32U031C6T6, STM32U031C6U6, STM32U031C8T6, STM32U031C8U6, STM32U031F4P6, STM32U031F6P6, STM32U031F8P6, STM32U031G6Y6TR, STM32U031G8Y6TR, STM32U031K4U6, STM32U031K6U6, STM32U031K8U6, STM32U031R6I6, STM32U031R6T6, STM32U031R8I6, STM32U031R8T6, STM32U073C8T6, STM32U073C8U6, STM32U073CBT6, STM32U073CBU6, STM32U073CCT6, STM32U073CCU6, STM32U073H8Y6TR, STM32U073HBY6TR, STM32U073HCY6TR, STM32U073K8U6, STM32U073KBU6, STM32U073KCU6, STM32U073M8I6, STM32U073M8T6, STM32U073MBI6, STM32U073MBT6, STM32U073MCI6, STM32U073MCT6, STM32U073R8I6, STM32U073R8T6, STM32U073RBI6, STM32U073RBT6, STM32U073RCI6, STM32U073RCT6, STM32U083C-DK, STM32U083CCT6, STM32U083CCU6, STM32U083HCY6TR, STM32U083KCU6, STM32U083MCI6, STM32U083MCT6, STM32U083RCI6, STM32U083RCT6, STM32U375CET6, STM32U375CET6Q, STM32U375CEU6, STM32U375CEU6Q, STM32U375CEY6QTR, STM32U375CGT6, STM32U375CGT6Q, STM32U375CGU6, STM32U375CGU6Q, STM32U375CGY6QTR, STM32U375KEU6, STM32U375KGU6, STM32U375REI6, STM32U375REI6Q, STM32U375RET6, STM32U375RET6Q, STM32U375REY6GTR, STM32U375REY6QTR, STM32U375RGI6, STM32U375RGI6Q, STM32U375RGT6, STM32U375RGT6Q, STM32U375RGY6GTR, STM32U375RGY6QTR, STM32U375VEI6, STM32U375VEI6Q, STM32U375VET6, STM32U375VET6Q, STM32U375VGI6, STM32U375VGI6Q, STM32U375VGT6, STM32U375VGT6Q, STM32U385CGT6, STM32U385CGT6Q, STM32U385CGU6, STM32U385CGU6Q, STM32U385CGY6QTR, STM32U385KGU6, STM32U385RGI6, STM32U385RGI6Q, STM32U385RGT6, STM32U385RGT6Q, STM32U385RGY6GTR, STM32U385RGY6QTR, STM32U385VGI6, STM32U385VGI6Q, STM32U385VGT6, STM32U385VGT6Q, STM32U535CBT6, STM32U535CBT6Q, STM32U535CBU6, STM32U535CBU6Q, STM32U535CCT6, STM32U535CCT6Q, STM32U535CCU6, STM32U535CCU6Q, STM32U535CET6, STM32U535CET6Q, STM32U535CEU6, STM32U535CEU6Q, STM32U535JEY6QTR, STM32U535NCY6QTR, STM32U535NEY6QTR, STM32U535RBI6, STM32U535RBI6Q, STM32U535RBT6, STM32U535RBT6Q, STM32U535RCI6, STM32U535RCI6Q, STM32U535RCT6, STM32U535RCT6Q, STM32U535REI6, STM32U535REI6Q, STM32U535RET6, STM32U535RET6Q, STM32U535VCI6, STM32U535VCI6Q, STM32U535VCT6, STM32U535VCT6Q, STM32U535VEI6, STM32U535VEI6Q, STM32U535VET6, STM32U535VET6Q, STM32U545CET6, STM32U545CET6Q, STM32U545CEU6, STM32U545CEU6Q, STM32U545JEY6QTR, STM32U545NEY6QTR, STM32U545REI6, STM32U545REI6Q, STM32U545RET6, STM32U545RET6Q, STM32U545VEI6, STM32U545VEI6Q, STM32U545VET6, STM32U545VET6Q, STM32U595AIH6, STM32U595AIH6Q, STM32U595AJH6, STM32U595AJH6Q, STM32U595QII6, STM32U595QII6Q, STM32U595QJI6, STM32U595QJI6Q, STM32U595RIT6, STM32U595RIT6Q, STM32U595RJT6, STM32U595RJT6Q, STM32U595VIT6, STM32U595VIT6Q, STM32U595VJT6, STM32U595VJT6Q, STM32U595ZIT6, STM32U595ZIT6Q, STM32U595ZIY6QTR, STM32U595ZJT6, STM32U595ZJT6Q, STM32U595ZJY6QTR, STM32U599BJY6QTR, STM32U599NIH6Q, STM32U599NJH6Q, STM32U599VIT6Q, STM32U599VJT6, STM32U599VJT6Q, STM32U599ZIT6Q, STM32U599ZIY6QTR, STM32U599ZJT6Q, STM32U599ZJY6QTR, STM32U5A5AJH6, STM32U5A5AJH6Q, STM32U5A5QII3Q , STM32U5A5QJI6, STM32U5A5QJI6Q, STM32U5A5RJT6, STM32U5A5RJT6Q, STM32U5A5VJT6, STM32U5A5VJT6Q, STM32U5A5ZJT6, STM32U5A5ZJT6Q, STM32U5A5ZJY6QTR, STM32U5A9BJY6QTR, STM32U5A9J-DK, STM32U5A9NJH6Q, STM32U5A9VJT6Q, STM32U5A9ZJT6Q, STM32U5A9ZJY6QTR, STM32U5F7VIT6, STM32U5F7VIT6Q, STM32U5F7VJT6, STM32U5F7VJT6Q, STM32U5F9BJY6QTR, STM32U5F9NJH6Q, STM32U5F9VIT6Q, STM32U5F9VJT6Q, STM32U5F9ZIJ6QTR, STM32U5F9ZIT6Q, STM32U5F9ZJJ6QTR, STM32U5F9ZJT6Q, STM32U5G7VJT6, STM32U5G7VJT6Q, STM32U5G9BJY6QTR, STM32U5G9J-DK1, STM32U5G9J-DK2, STM32U5G9NJH6Q, STM32U5G9VJT6Q, STM32U5G9ZJJ6QTR, STM32U5G9ZJT6Q, STM32WB05KZV6TR, STM32WB05KZV7TR, STM32WB05TZF6TR, STM32WB05TZF7TR, STM32WB06CCF6TR, STM32WB06CCF7TR, STM32WB06CCV6TR, STM32WB06CCV7TR, STM32WB06KCV6TR, STM32WB06KCV7TR, STM32WB07CCF6TR, STM32WB07CCF7TR, STM32WB07CCV6TR, STM32WB07CCV7TR, STM32WB07KCV6TR, STM32WB07KCV7TR, STM32WB09KEV6TR, STM32WB09KEV7TR, STM32WB09TEF6TR, STM32WB09TEF7TR, STM32WB1MMCH6, STM32WBA50KGU6, STM32WBA50KGU6TR, STM32WBA52CEU6, STM32WBA52CEU6TR, STM32WBA52CEU7, STM32WBA52CEU7TR, STM32WBA52CGU6, STM32WBA52CGU6TR, STM32WBA52CGU6U, STM32WBA52CGU7, STM32WBA52CGU7TR, STM32WBA52KEU6, STM32WBA52KEU6TR, STM32WBA52KGU6, STM32WBA52KGU6TR, STM32WBA54CEU6, STM32WBA54CEU6TR, STM32WBA54CEU7, STM32WBA54CEU7TR, STM32WBA54CGU6, STM32WBA54CGU6TR, STM32WBA54CGU7, STM32WBA54CGU7TR, STM32WBA54KEU6, STM32WBA54KEU6TR, STM32WBA54KEU7, STM32WBA54KEU7TR, STM32WBA54KGU6, STM32WBA54KGU6TR, STM32WBA54KGU7, STM32WBA54KGU7TR, STM32WBA55CEU6, STM32WBA55CEU6TR, STM32WBA55CEU7, STM32WBA55CEU7TR, STM32WBA55CGU6, STM32WBA55CGU6TR, STM32WBA55CGU6U, STM32WBA55CGU7, STM32WBA55CGU7TR, STM32WBA55G-DK1, STM32WBA55HEF6, STM32WBA55HEF7, STM32WBA55HGF6, STM32WBA55HGF7, STM32WBA55UEI6, STM32WBA55UEI6TR, STM32WBA55UEI7, STM32WBA55UEI7TR, STM32WBA55UGI6, STM32WBA55UGI6TR, STM32WBA55UGI7, STM32WBA55UGI7TR, STM32WBA5MMGH6TR, STM32WBA62MGF6, STM32WBA62MIF6, STM32WBA65MGF7, STM32WBA65MIF6, STM32WBA65MIF7, STM32WL30K8V6, STM32WL30KBV6, STM32WL31C8V6, STM32WL31CBV6, STM32WL31K8V6, STM32WL31KBV6, STM32WL33C8V6, STM32WL33C8V6X, STM32WL33CBV6, STM32WL33CBV6X, STM32WL33CCV6, STM32WL33CCV6A, STM32WL33CCV6X, STM32WL33K8V7, STM32WL33K8V7X, STM32WL33KBV7 , STM32WL33KBV7X, STM32WL33KCV7, STM32WL33KCV7X, STM32WL5MOCH6, STM32WL5MOCH6TR]
2026-05-25 08:01:39,154 [INFO] ApiDb:668 - CubeFinder database Data Model version=2.1
2026-05-25 08:01:39,154 [INFO] ApiDb:669 - CubeFinder database Configuration version=3.0.42
2026-05-25 08:01:39,154 [INFO] ApiDb:670 - CubeFinder database generation date=2026-05-06 (1778060171)
2026-05-25 08:01:39,154 [INFO] ApiDb:671 - CubeFinder database FW Pack versions=[FP-ATR-ASTRA1_V2.0.0, FP-SNS-FLIGHT1_V5.1.0, FP-SNS-MOTENV1_V5.1.0, FP-SNS-MOTENVWB1_V1.5.0, FP-SNS-SMARTAG2_V1.2.0, FP-SNS-STBOX1_V2.1.0, STM32Cube_FW_C0_V1.4.0, STM32Cube_FW_F4_V1.28.3, STM32Cube_FW_F7_V1.17.4, STM32Cube_FW_G0_V1.6.3, STM32Cube_FW_G4_V1.6.2, STM32Cube_FW_H5_V1.6.0, STM32Cube_FW_H7RS_V1.3.0, STM32Cube_FW_H7_V1.13.0, STM32Cube_FW_L0_V1.12.2, STM32Cube_FW_L4_V1.18.2, STM32Cube_FW_L5_V1.6.0, STM32Cube_FW_N6_V1.3.0, STM32Cube_FW_U0_V1.3.0, STM32Cube_FW_U3_V1.3.0, STM32Cube_FW_U5_V1.8.0, STM32Cube_FW_WB0_V1.4.0, STM32Cube_FW_WBA_V1.9.0, STM32Cube_FW_WB_V1.24.0, STM32Cube_FW_WL3_V1.4.0, STM32Cube_FW_WL_V1.5.0, X-CUBE-ALGOBUILD_V1.4.0, X-CUBE-ALS_V1.0.2, X-CUBE-AZRTOS-F4_V1.1.0, X-CUBE-AZRTOS-F7_V1.1.0, X-CUBE-AZRTOS-G0_V1.1.0, X-CUBE-AZRTOS-G4_V2.0.0, X-CUBE-AZRTOS-H7RS_V1.1.0, X-CUBE-AZRTOS-H7_V3.5.0, X-CUBE-AZRTOS-L4_V2.0.0, X-CUBE-AZRTOS-L5_V2.0.0, X-CUBE-AZRTOS-WB_V2.0.0, X-CUBE-AZRTOS-WL_V2.0.0, X-CUBE-BLE1_V7.1.0, X-CUBE-BLE2_V3.3.0, X-CUBE-BLEMGR_V4.1.0, X-CUBE-EEPRMA1_V5.2.0, X-CUBE-FREERTOS_V1.5.0, X-CUBE-GNSS1_V6.0.0, X-CUBE-MEMS1_V12.0.0, X-CUBE-NFC4_V3.0.0, X-CUBE-NFC7_V2.0.0, X-CUBE-SFXS2LP1_V4.0.0, X-CUBE-ST67W61_V1.2.0, X-CUBE-SUBG2_V5.0.0, X-CUBE-TOF1_V3.4.3]
2026-05-25 08:01:39,705 [ERROR] LogOutputStream:75 - [STDERR_REDIRECT] [Fatal Error] :1:1: Premature end of file.
2026-05-25 08:01:39,705 [ERROR] LogOutputStream:75 - [STDERR_REDIRECT] 
2026-05-25 08:01:40,707 [ERROR] LogOutputStream:75 - [STDERR_REDIRECT] [Fatal Error] :1:1: Premature end of file.
2026-05-25 08:01:40,707 [ERROR] LogOutputStream:75 - [STDERR_REDIRECT] 
2026-05-25 08:01:41,706 [ERROR] LogOutputStream:75 - [STDERR_REDIRECT] [Fatal Error] :1:1: Premature end of file.
2026-05-25 08:01:41,706 [ERROR] LogOutputStream:75 - [STDERR_REDIRECT] 
2026-05-25 08:01:41,750 [INFO] ApiDb:240 - Found 880 in-development CPN: [B-G473E-ZEST1S, B-WB1M-WPAN1, B-WBA5M-WPAN, B-WL5M-SUBG1, NUCLEO-C031C6, NUCLEO-C051C8, NUCLEO-C071RB, NUCLEO-C092RC, NUCLEO-H503RB, NUCLEO-H533RE, NUCLEO-H563ZI, NUCLEO-H7S3L8, NUCLEO-N657X0-Q, NUCLEO-U031R8, NUCLEO-U083RC, NUCLEO-U385RG-Q, NUCLEO-U545RE-Q, NUCLEO-U5A5ZJ-Q, NUCLEO-WB05KZ, NUCLEO-WB07CC, NUCLEO-WB09KE, NUCLEO-WBA52CG, NUCLEO-WBA55CG, NUCLEO-WL33CC1, NUCLEO-WL33CC2, STEVAL-PROTEUS1, STEVAL-SMARTAG2, STEVAL-STWINBX1, STM320518-EVAL, STM32C0116-DK, STM32C011D6Y3TR, STM32C011D6Y6TR, STM32C011F4P3, STM32C011F4P6, STM32C011F4U3, STM32C011F4U6TR, STM32C011F6P3, STM32C011F6P6, STM32C011F6U3, STM32C011F6U6TR, STM32C011J4M3, STM32C011J4M6, STM32C011J6M3, STM32C011J6M6, STM32C0316-DK, STM32C031C4T3, STM32C031C4T6, STM32C031C4U3, STM32C031C4U6, STM32C031C6T3, STM32C031C6T6, STM32C031C6U3, STM32C031C6U6, STM32C031F4P3, STM32C031F4P6, STM32C031F6P3, STM32C031F6P6, STM32C031G4U3, STM32C031G4U6, STM32C031G6U3, STM32C031G6U6, STM32C031K4T3, STM32C031K4T6, STM32C031K4U3, STM32C031K4U6, STM32C031K6T3, STM32C031K6T6, STM32C031K6U3, STM32C031K6U6, STM32C051C6T6, STM32C051C6U6, STM32C051C8T6, STM32C051C8U6, STM32C051D8Y6TR, STM32C051F6P6, STM32C051F8P6, STM32C051G6U6, STM32C051G8U6, STM32C051K6T6, STM32C051K6U6, STM32C051K8T6, STM32C071C8T6, STM32C071C8T6N, STM32C071C8U6, STM32C071C8U6N, STM32C071CBT6, STM32C071CBT6N, STM32C071CBU6, STM32C071CBU6N, STM32C071F8P6, STM32C071F8P6N, STM32C071FBP6, STM32C071FBP6N, STM32C071FBY6TR, STM32C071G8U6, STM32C071G8U6N, STM32C071GBU6, STM32C071GBU6N, STM32C071K8T6, STM32C071K8T6N, STM32C071K8U6, STM32C071K8U6N, STM32C071KBT6, STM32C071KBT6N, STM32C071KBU6, STM32C071KBU6N, STM32C071R8T6, STM32C071R8T6N, STM32C071RBI6N, STM32C071RBT6, STM32C071RBT6N, STM32C091CBT6, STM32C091CBU6, STM32C091CCT6, STM32C091CCU6, STM32C091ECY6TR, STM32C091FBP6, STM32C091FCP6, STM32C091GBU6, STM32C091GCU6, STM32C091KBT6, STM32C091KBU6, STM32C091KCT6, STM32C091KCU6, STM32C091RBT6, STM32C091RCI6, STM32C091RCT6, STM32C092CBT6, STM32C092CBU6, STM32C092CCT6, STM32C092CCU6, STM32C092ECY6TR, STM32C092FBP6, STM32C092FCP6, STM32C092GBU6, STM32C092GCU6, STM32C092KBT6, STM32C092KBU6, STM32C092KCT6, STM32C092KCU6, STM32C092RBT6, STM32C092RCI6, STM32C092RCT6, STM32G071K8TXN, STM32G071K8UXN, STM32G081GBU6N, STM32G081KBT6N, STM32G081KBUXN, STM32G0B1CCT6N, STM32G0B1KCT6, STM32G0B1NEY6TR, STM32G0B1RCT6N, STM32G0C1CCT6, STM32G0C1CCT6N, STM32G0C1CCU6N, STM32G0C1CET6N, STM32G0C1CEU6N, STM32G0C1KCT6, STM32G0C1NEY6TR, STM32G0C1RCI6N, STM32G0C1RCT6N, STM32G0C1REI6N, STM32G0C1RET6N, STM32G0C1VCI6, STM32G0C1VEI6, STM32G411C6T3, STM32G411C6T6, STM32G411C6U3, STM32G411C6U6, STM32G411C8T3, STM32G411C8T6, STM32G411C8U3, STM32G411C8U6, STM32G411CBT3, STM32G411CBT6, STM32G411CBU3, STM32G411CBU6, STM32G411K6T3, STM32G411K6T6, STM32G411K6U3, STM32G411K6U6, STM32G411K8T3, STM32G411K8T6, STM32G411K8U3, STM32G411K8U6, STM32G411KBT3, STM32G411KBT6, STM32G411KBU3, STM32G411KBU6, STM32G411M6T3, STM32G411M6T6, STM32G411M8T3, STM32G411M8T6, STM32G411MBT3, STM32G411MBT6, STM32G411R6T3, STM32G411R6T6, STM32G411R8T3, STM32G411R8T6, STM32G411RBT3, STM32G411RBT6, STM32G414CBT3, STM32G414CBT6, STM32G414CBU3, STM32G414CBU6, STM32G414CCT3, STM32G414CCT6, STM32G414CCU3, STM32G414CCU6, STM32G414MBT3, STM32G414MBT6, STM32G414MCT3, STM32G414MCT6, STM32G414RBT3, STM32G414RBT6, STM32G414RCT3, STM32G414RCT6, STM32G414VBT3, STM32G414VBT6, STM32G414VCT3, STM32G414VCT6, STM32G431CBT3Z, STM32G431RBT3Z, STM32G471CCT6, STM32G471CCU6, STM32G471CET3, STM32G471CET6, STM32G471CEU3, STM32G471CEU6, STM32G471MCT6, STM32G471MET3, STM32G471MET6, STM32G471MEY6TR, STM32G471QCT6, STM32G471QET3, STM32G471RCT6, STM32G471RET3, STM32G471RET6, STM32G471VCH6, STM32G471VCI6, STM32G471VCT6, STM32G471VEH3, STM32G471VEH6, STM32G471VEI3, STM32G471VEI6, STM32G471VET3, STM32G471VET6, STM32G473QET3Z, STM32G473RET3Z, STM32G474CCT6, STM32G491RET3Z, STM32H503CBT6, STM32H503CBU6, STM32H503EBY6TR, STM32H503KBU6, STM32H503RBT6, STM32H523CCT6, STM32H523CCU6, STM32H523CET6, STM32H523CEU6, STM32H523HEY6TR, STM32H523RCT6, STM32H523RET6, STM32H523VCI6, STM32H523VCT6, STM32H523VEI6, STM32H523VET6, STM32H523ZCJ6, STM32H523ZCT6, STM32H523ZEJ6, STM32H523ZET6, STM32H533CET6, STM32H533CEU6, STM32H533HEY6TR, STM32H533RET6, STM32H533VEI6, STM32H533VET6, STM32H533ZEJ6, STM32H533ZET6, STM32H562AGI6, STM32H562AII6, STM32H562IGK6, STM32H562IGT6, STM32H562IIK6, STM32H562IIT6, STM32H562RGT6, STM32H562RGV6, STM32H562RIT6, STM32H562RIV6, STM32H562VGT6, STM32H562VIT6, STM32H562ZGT6, STM32H562ZIT6, STM32H563AGI6, STM32H563AII3Q, STM32H563AII6, STM32H563IGK6, STM32H563IGT6, STM32H563IIK3Q, STM32H563IIK6, STM32H563IIT3Q, STM32H563IIT6, STM32H563MIY3QTR, STM32H563RGT6, STM32H563RGV6, STM32H563RIT6, STM32H563RIV6, STM32H563VGT6, STM32H563VIT3Q, STM32H563VIT6, STM32H563ZGT6, STM32H563ZIT3Q, STM32H563ZIT6, STM32H573AII3Q, STM32H573AII6, STM32H573I-DK, STM32H573IIK3Q, STM32H573IIK6, STM32H573IIT3Q, STM32H573IIT6, STM32H573MIY3QTR, STM32H573RIT6, STM32H573RIV6, STM32H573VIT3Q, STM32H573VIT6, STM32H573ZIT3Q, STM32H573ZIT6, STM32H7R3A8I6, STM32H7R3I8K6, STM32H7R3I8T6, STM32H7R3L8H6, STM32H7R3L8H6H, STM32H7R3R8V6, STM32H7R3V8H6, STM32H7R3V8T6, STM32H7R3V8Y6TR, STM32H7R3Z8J6, STM32H7R3Z8T6, STM32H7R7A8I6, STM32H7R7I8K6, STM32H7R7I8T6, STM32H7R7L8H6, STM32H7R7L8H6H, STM32H7R7Z8J6, STM32H7S3A8I6, STM32H7S3I8K6, STM32H7S3I8T6, STM32H7S3L8H6, STM32H7S3L8H6H, STM32H7S3R8V6, STM32H7S3V8H6, STM32H7S3V8T6, STM32H7S3V8Y6TR, STM32H7S3Z8J6, STM32H7S3Z8T6, STM32H7S78-DK, STM32H7S7A8I6, STM32H7S7I8K6, STM32H7S7I8T6, STM32H7S7L8H6, STM32H7S7L8H6H, STM32H7S7Z8J6, STM32L4R5QGI6STR, STM32MP131AAE3, STM32MP131AAF3, STM32MP131AAG3, STM32MP131CAE3, STM32MP131CAF3, STM32MP131CAG3, STM32MP131DAE7, STM32MP131DAF7, STM32MP131DAG7, STM32MP131FAE7, STM32MP131FAF7, STM32MP131FAG7, STM32MP133AAE3, STM32MP133AAF3, STM32MP133AAG3, STM32MP133CAE3, STM32MP133CAF3, STM32MP133CAG3, STM32MP133DAE7, STM32MP133DAF7, STM32MP133DAG7, STM32MP133FAE7, STM32MP133FAF7, STM32MP133FAG7, STM32MP135AAE3, STM32MP135AAF3, STM32MP135AAG3, STM32MP135CAE3, STM32MP135CAF3, STM32MP135CAG3, STM32MP135DAE7, STM32MP135DAF7, STM32MP135DAG7, STM32MP135F-DK, STM32MP135FAE7, STM32MP135FAF7, STM32MP135FAF7T, STM32MP135FAF7U, STM32MP135FAG7, STM32MP211AAL3, STM32MP211AAM3, STM32MP211AAN3, STM32MP211AAO3, STM32MP211CAL3, STM32MP211CAM3, STM32MP211CAN3, STM32MP211CAO3, STM32MP211DAL3, STM32MP211DAM3, STM32MP211DAN3, STM32MP211DAO3, STM32MP211FAL3, STM32MP211FAM3, STM32MP211FAN3, STM32MP211FAO3, STM32MP213AAL3, STM32MP213AAM3, STM32MP213AAN3, STM32MP213AAO3, STM32MP213CAL3, STM32MP213CAM3, STM32MP213CAN3, STM32MP213CAO3, STM32MP213DAL3, STM32MP213DAM3, STM32MP213DAN3, STM32MP213DAO3, STM32MP213FAL3, STM32MP213FAM3, STM32MP213FAN3, STM32MP213FAO3, STM32MP215AAL3, STM32MP215AAM3, STM32MP215AAN3, STM32MP215AAO3, STM32MP215CAL3, STM32MP215CAM3, STM32MP215CAN3, STM32MP215CAO3, STM32MP215DAL3, STM32MP215DAM3, STM32MP215DAN3, STM32MP215DAO3, STM32MP215F-DK, STM32MP215FAL3, STM32MP215FAM3, STM32MP215FAN3, STM32MP215FAO3, STM32MP231AAJ3, STM32MP231AAK3, STM32MP231AAL3, STM32MP231CAJ3, STM32MP231CAK3, STM32MP231CAL3, STM32MP231DAJ3, STM32MP231DAK3, STM32MP231DAL3, STM32MP231FAJ3, STM32MP231FAK3, STM32MP231FAL3, STM32MP233AAJ3, STM32MP233AAK3, STM32MP233AAL3, STM32MP233CAJ3, STM32MP233CAK3, STM32MP233CAL3, STM32MP233DAJ3, STM32MP233DAK3, STM32MP233DAL3, STM32MP233FAJ3, STM32MP233FAK3, STM32MP233FAL3, STM32MP235AAJ3, STM32MP235AAK3, STM32MP235AAL3, STM32MP235CAJ3, STM32MP235CAK3, STM32MP235CAL3, STM32MP235DAJ3, STM32MP235DAK3, STM32MP235DAL3, STM32MP235FAJ3, STM32MP235FAK3, STM32MP235FAL3, STM32MP251AAI3, STM32MP251AAK3, STM32MP251AAL3, STM32MP251CAI3, STM32MP251CAK3, STM32MP251CAL3, STM32MP251DAI3, STM32MP251DAK3, STM32MP251DAL3, STM32MP251FAI3, STM32MP251FAK3, STM32MP251FAL3, STM32MP253AAI3, STM32MP253AAK3, STM32MP253AAL3, STM32MP253CAI3, STM32MP253CAK3, STM32MP253CAL3, STM32MP253DAI3, STM32MP253DAK3, STM32MP253DAL3, STM32MP253FAI3, STM32MP253FAK3, STM32MP253FAL3, STM32MP255AAI3, STM32MP255AAK3, STM32MP255AAL3, STM32MP255CAI3, STM32MP255CAK3, STM32MP255CAL3, STM32MP255DAI3, STM32MP255DAK3, STM32MP255DAL3, STM32MP255FAI3, STM32MP255FAK3, STM32MP255FAL3, STM32MP257AAI3, STM32MP257AAK3, STM32MP257AAL3, STM32MP257CAI3, STM32MP257CAK3, STM32MP257CAL3, STM32MP257DAI3, STM32MP257DAK3, STM32MP257DAL3, STM32MP257F-DK, STM32MP257F-EV1, STM32MP257FAI3, STM32MP257FAK3, STM32MP257FAL3, STM32N645A0H3Q, STM32N645B0H3Q, STM32N645I0H3Q, STM32N645L0H3Q, STM32N645X0H3Q, STM32N645Z0H3Q, STM32N647A0H3Q, STM32N647B0H3Q, STM32N647I0H3Q, STM32N647L0H3Q, STM32N647X0H3Q, STM32N647Z0H3Q, STM32N655A0H3Q, STM32N655B0H3Q, STM32N655I0H3Q, STM32N655L0H3Q, STM32N655X0H3Q, STM32N655Z0H3Q, STM32N6570-DK, STM32N657A0H3Q, STM32N657B0H3Q, STM32N657I0H3Q, STM32N657L0H3Q, STM32N657X0H3Q, STM32N657Z0H3Q, STM32U031C6T6, STM32U031C6U6, STM32U031C8T6, STM32U031C8U6, STM32U031F4P6, STM32U031F6P6, STM32U031F8P6, STM32U031G6Y6TR, STM32U031G8Y6TR, STM32U031K4U6, STM32U031K6U6, STM32U031K8U6, STM32U031R6I6, STM32U031R6T6, STM32U031R8I6, STM32U031R8T6, STM32U073C8T6, STM32U073C8U6, STM32U073CBT6, STM32U073CBU6, STM32U073CCT6, STM32U073CCU6, STM32U073H8Y6TR, STM32U073HBY6TR, STM32U073HCY6TR, STM32U073K8U6, STM32U073KBU6, STM32U073KCU6, STM32U073M8I6, STM32U073M8T6, STM32U073MBI6, STM32U073MBT6, STM32U073MCI6, STM32U073MCT6, STM32U073R8I6, STM32U073R8T6, STM32U073RBI6, STM32U073RBT6, STM32U073RCI6, STM32U073RCT6, STM32U083C-DK, STM32U083CCT6, STM32U083CCU6, STM32U083HCY6TR, STM32U083KCU6, STM32U083MCI6, STM32U083MCT6, STM32U083RCI6, STM32U083RCT6, STM32U375CET6, STM32U375CET6Q, STM32U375CEU6, STM32U375CEU6Q, STM32U375CEY6QTR, STM32U375CGT6, STM32U375CGT6Q, STM32U375CGU6, STM32U375CGU6Q, STM32U375CGY6QTR, STM32U375KEU6, STM32U375KGU6, STM32U375REI6, STM32U375REI6Q, STM32U375RET6, STM32U375RET6Q, STM32U375REY6GTR, STM32U375REY6QTR, STM32U375RGI6, STM32U375RGI6Q, STM32U375RGT6, STM32U375RGT6Q, STM32U375RGY6GTR, STM32U375RGY6QTR, STM32U375VEI6, STM32U375VEI6Q, STM32U375VET6, STM32U375VET6Q, STM32U375VGI6, STM32U375VGI6Q, STM32U375VGT6, STM32U375VGT6Q, STM32U385CGT6, STM32U385CGT6Q, STM32U385CGU6, STM32U385CGU6Q, STM32U385CGY6QTR, STM32U385KGU6, STM32U385RGI6, STM32U385RGI6Q, STM32U385RGT6, STM32U385RGT6Q, STM32U385RGY6GTR, STM32U385RGY6QTR, STM32U385VGI6, STM32U385VGI6Q, STM32U385VGT6, STM32U385VGT6Q, STM32U535CBT6, STM32U535CBT6Q, STM32U535CBU6, STM32U535CBU6Q, STM32U535CCT6, STM32U535CCT6Q, STM32U535CCU6, STM32U535CCU6Q, STM32U535CET6, STM32U535CET6Q, STM32U535CEU6, STM32U535CEU6Q, STM32U535JEY6QTR, STM32U535NCY6QTR, STM32U535NEY6QTR, STM32U535RBI6, STM32U535RBI6Q, STM32U535RBT6, STM32U535RBT6Q, STM32U535RCI6, STM32U535RCI6Q, STM32U535RCT6, STM32U535RCT6Q, STM32U535REI6, STM32U535REI6Q, STM32U535RET6, STM32U535RET6Q, STM32U535VCI6, STM32U535VCI6Q, STM32U535VCT6, STM32U535VCT6Q, STM32U535VEI6, STM32U535VEI6Q, STM32U535VET6, STM32U535VET6Q, STM32U545CET6, STM32U545CET6Q, STM32U545CEU6, STM32U545CEU6Q, STM32U545JEY6QTR, STM32U545NEY6QTR, STM32U545REI6, STM32U545REI6Q, STM32U545RET6, STM32U545RET6Q, STM32U545VEI6, STM32U545VEI6Q, STM32U545VET6, STM32U545VET6Q, STM32U595AIH6, STM32U595AIH6Q, STM32U595AJH6, STM32U595AJH6Q, STM32U595QII6, STM32U595QII6Q, STM32U595QJI6, STM32U595QJI6Q, STM32U595RIT6, STM32U595RIT6Q, STM32U595RJT6, STM32U595RJT6Q, STM32U595VIT6, STM32U595VIT6Q, STM32U595VJT6, STM32U595VJT6Q, STM32U595ZIT6, STM32U595ZIT6Q, STM32U595ZIY6QTR, STM32U595ZJT6, STM32U595ZJT6Q, STM32U595ZJY6QTR, STM32U599BJY6QTR, STM32U599NIH6Q, STM32U599NJH6Q, STM32U599VIT6Q, STM32U599VJT6, STM32U599VJT6Q, STM32U599ZIT6Q, STM32U599ZIY6QTR, STM32U599ZJT6Q, STM32U599ZJY6QTR, STM32U5A5AJH6, STM32U5A5AJH6Q, STM32U5A5QII3Q , STM32U5A5QJI6, STM32U5A5QJI6Q, STM32U5A5RJT6, STM32U5A5RJT6Q, STM32U5A5VJT6, STM32U5A5VJT6Q, STM32U5A5ZJT6, STM32U5A5ZJT6Q, STM32U5A5ZJY6QTR, STM32U5A9BJY6QTR, STM32U5A9J-DK, STM32U5A9NJH6Q, STM32U5A9VJT6Q, STM32U5A9ZJT6Q, STM32U5A9ZJY6QTR, STM32U5F7VIT6, STM32U5F7VIT6Q, STM32U5F7VJT6, STM32U5F7VJT6Q, STM32U5F9BJY6QTR, STM32U5F9NJH6Q, STM32U5F9VIT6Q, STM32U5F9VJT6Q, STM32U5F9ZIJ6QTR, STM32U5F9ZIT6Q, STM32U5F9ZJJ6QTR, STM32U5F9ZJT6Q, STM32U5G7VJT6, STM32U5G7VJT6Q, STM32U5G9BJY6QTR, STM32U5G9J-DK1, STM32U5G9J-DK2, STM32U5G9NJH6Q, STM32U5G9VJT6Q, STM32U5G9ZJJ6QTR, STM32U5G9ZJT6Q, STM32WB05KZV6TR, STM32WB05KZV7TR, STM32WB05TZF6TR, STM32WB05TZF7TR, STM32WB06CCF6TR, STM32WB06CCF7TR, STM32WB06CCV6TR, STM32WB06CCV7TR, STM32WB06KCV6TR, STM32WB06KCV7TR, STM32WB07CCF6TR, STM32WB07CCF7TR, STM32WB07CCV6TR, STM32WB07CCV7TR, STM32WB07KCV6TR, STM32WB07KCV7TR, STM32WB09KEV6TR, STM32WB09KEV7TR, STM32WB09TEF6TR, STM32WB09TEF7TR, STM32WB1MMCH6, STM32WBA50KGU6, STM32WBA50KGU6TR, STM32WBA52CEU6, STM32WBA52CEU6TR, STM32WBA52CEU7, STM32WBA52CEU7TR, STM32WBA52CGU6, STM32WBA52CGU6TR, STM32WBA52CGU6U, STM32WBA52CGU7, STM32WBA52CGU7TR, STM32WBA52KEU6, STM32WBA52KEU6TR, STM32WBA52KGU6, STM32WBA52KGU6TR, STM32WBA54CEU6, STM32WBA54CEU6TR, STM32WBA54CEU7, STM32WBA54CEU7TR, STM32WBA54CGU6, STM32WBA54CGU6TR, STM32WBA54CGU7, STM32WBA54CGU7TR, STM32WBA54KEU6, STM32WBA54KEU6TR, STM32WBA54KEU7, STM32WBA54KEU7TR, STM32WBA54KGU6, STM32WBA54KGU6TR, STM32WBA54KGU7, STM32WBA54KGU7TR, STM32WBA55CEU6, STM32WBA55CEU6TR, STM32WBA55CEU7, STM32WBA55CEU7TR, STM32WBA55CGU6, STM32WBA55CGU6TR, STM32WBA55CGU6U, STM32WBA55CGU7, STM32WBA55CGU7TR, STM32WBA55G-DK1, STM32WBA55HEF6, STM32WBA55HEF7, STM32WBA55HGF6, STM32WBA55HGF7, STM32WBA55UEI6, STM32WBA55UEI6TR, STM32WBA55UEI7, STM32WBA55UEI7TR, STM32WBA55UGI6, STM32WBA55UGI6TR, STM32WBA55UGI7, STM32WBA55UGI7TR, STM32WBA5MMGH6TR, STM32WBA62MGF6, STM32WBA62MIF6, STM32WBA65MGF7, STM32WBA65MIF6, STM32WBA65MIF7, STM32WL30K8V6, STM32WL30KBV6, STM32WL31C8V6, STM32WL31CBV6, STM32WL31K8V6, STM32WL31KBV6, STM32WL33C8V6, STM32WL33C8V6X, STM32WL33CBV6, STM32WL33CBV6X, STM32WL33CCV6, STM32WL33CCV6A, STM32WL33CCV6X, STM32WL33K8V7, STM32WL33K8V7X, STM32WL33KBV7 , STM32WL33KBV7X, STM32WL33KCV7, STM32WL33KCV7X, STM32WL5MOCH6, STM32WL5MOCH6TR]
2026-05-25 08:01:41,756 [INFO] DbMcus:218 - Found 5086 MCUs, 4968 are supported
2026-05-25 08:01:41,757 [INFO] ApiDb:423 - Load user favorites file C:\Users\Samuel/.stm32cubeide/favorites.mcus.txt: 0 item(s)
2026-05-25 08:01:41,757 [INFO] ApiDb:427 - User favorites MCUs=[]
2026-05-25 08:01:41,757 [INFO] DbMcus:224 - Set 0 / 0 favorites MCUs
2026-05-25 08:01:42,462 [INFO] BoardInfo:889 - No configuration file found for board NUCLEO-H5E5ZJ
2026-05-25 08:01:42,464 [INFO] DbBoards:161 - Board is not supported: NUCLEO-H5E5ZJ
2026-05-25 08:01:42,558 [INFO] BoardInfo:889 - No configuration file found for board NUCLEO-U3C5ZI-Q
2026-05-25 08:01:42,559 [INFO] DbBoards:161 - Board is not supported: NUCLEO-U3C5ZI-Q
2026-05-25 08:01:42,582 [INFO] BoardInfo:889 - No configuration file found for board NUCLEO-WBA25CE1
2026-05-25 08:01:42,585 [INFO] DbBoards:161 - Board is not supported: NUCLEO-WBA25CE1
2026-05-25 08:01:42,599 [INFO] BoardInfo:889 - No configuration file found for board NUCLEO-WL3RKB1
2026-05-25 08:01:42,601 [INFO] DbBoards:161 - Board is not supported: NUCLEO-WL3RKB1
2026-05-25 08:01:42,602 [INFO] BoardInfo:889 - No configuration file found for board NUCLEO-WL3RKB2
2026-05-25 08:01:42,603 [INFO] DbBoards:161 - Board is not supported: NUCLEO-WL3RKB2
2026-05-25 08:01:42,616 [INFO] BoardInfo:889 - No configuration file found for board P-NUCLEO-WB55
2026-05-25 08:01:42,618 [INFO] DbBoards:161 - Kit is not supported: P-NUCLEO-WB55
2026-05-25 08:01:42,628 [INFO] BoardInfo:889 - No configuration file found for board STEVAL-BFA001V1B
2026-05-25 08:01:42,629 [INFO] DbBoards:161 - Kit is not supported: STEVAL-BFA001V1B
2026-05-25 08:01:42,631 [INFO] BoardInfo:889 - No configuration file found for board STEVAL-BFA001V2B
2026-05-25 08:01:42,632 [INFO] DbBoards:161 - Kit is not supported: STEVAL-BFA001V2B
2026-05-25 08:01:42,706 [ERROR] LogOutputStream:75 - [STDERR_REDIRECT] [Fatal Error] :1:1: Premature end of file.
2026-05-25 08:01:42,706 [ERROR] LogOutputStream:75 - [STDERR_REDIRECT] 
2026-05-25 08:01:42,815 [INFO] BoardInfo:889 - No configuration file found for board STM32H5F5J-DK
2026-05-25 08:01:42,817 [INFO] DbBoards:161 - Board is not supported: STM32H5F5J-DK
2026-05-25 08:01:42,946 [INFO] DbBoards:168 - Found 218 boards, 209 are supported
2026-05-25 08:01:42,946 [INFO] DbBoards:169 - Found 218 boards, 43 of them is supported for  Bsp
2026-05-25 08:01:42,950 [INFO] ApiDb:423 - Load user favorites file C:\Users\Samuel/.stm32cubeide/favorites.boards.txt: 0 item(s)
2026-05-25 08:01:42,950 [INFO] ApiDb:427 - User favorites Boards=[]
2026-05-25 08:01:42,950 [INFO] DbBoards:198 - Set 0 / 0 favorites Boards
2026-05-25 08:01:42,991 [INFO] UtilMem:75 - End LoadConfig() Used Memory: 770401144 Bytes (1073741824)
2026-05-25 08:01:43,183 [WARN] ThirdParty:833 - waiting for thirdparty lock release [change project]
2026-05-25 08:01:43,184 [INFO] ThirdParty:835 - entering critical section [change project]
2026-05-25 08:01:43,184 [INFO] ThirdParty:1030 - CMSIS Pack Vendor :STMicroelectronics X-CUBE-AZRTOS-H7 3.5.0
2026-05-25 08:01:43,184 [INFO] ThirdParty:1030 - CMSIS Pack Vendor :STMicroelectronics X-CUBE-PM33A1 1.0.0
2026-05-25 08:01:43,184 [INFO] ThirdParty:1030 - CMSIS Pack Vendor :STMicroelectronics USBPD 4.1
2026-05-25 08:01:43,184 [INFO] ThirdParty:1030 - CMSIS Pack Vendor :STMicroelectronics USB_HOST 2.0.0
2026-05-25 08:01:43,184 [INFO] ThirdParty:1030 - CMSIS Pack Vendor :STMicroelectronics FP-SNS-MOTENVWB1 1.4.0
2026-05-25 08:01:43,184 [INFO] ThirdParty:1030 - CMSIS Pack Vendor :STMicroelectronics X-CUBE-AZRTOS-F4 1.1.0
2026-05-25 08:01:43,184 [INFO] ThirdParty:1030 - CMSIS Pack Vendor :STMicroelectronics LIBJPEG 8.0.0
2026-05-25 08:01:43,184 [INFO] ThirdParty:1030 - CMSIS Pack Vendor :Avnet-IotConnect X-CUBE-IoTC-DA16k-PMOD 1.0.0
2026-05-25 08:01:43,184 [INFO] ThirdParty:1030 - CMSIS Pack Vendor :STMicroelectronics X-CUBE-SMBUS 2.1.0
2026-05-25 08:01:43,184 [INFO] ThirdParty:1030 - CMSIS Pack Vendor :STMicroelectronics X-CUBE-ISPU 2.1.0
2026-05-25 08:01:43,185 [INFO] ThirdParty:1030 - CMSIS Pack Vendor :STMicroelectronics X-CUBE-IPS 3.2.0
2026-05-25 08:01:43,185 [INFO] ThirdParty:1030 - CMSIS Pack Vendor :STMicroelectronics eDS-WB_DPC_TT-BIDIR 2.1.1
2026-05-25 08:01:43,185 [INFO] ThirdParty:1030 - CMSIS Pack Vendor :STMicroelectronics X-CUBE-ST60 1.0.0
2026-05-25 08:01:43,185 [INFO] ThirdParty:1030 - CMSIS Pack Vendor :STMicroelectronics X-CUBE-NFC12 1.0.0
2026-05-25 08:01:43,185 [INFO] ThirdParty:1030 - CMSIS Pack Vendor :STMicroelectronics X-CUBE-AZRTOS-F7 1.1.0
2026-05-25 08:01:43,185 [INFO] ThirdParty:1030 - CMSIS Pack Vendor :STMicroelectronics X-CUBE-AZRTOS-L5 2.0.0
2026-05-25 08:01:43,185 [INFO] ThirdParty:1030 - CMSIS Pack Vendor :STMicroelectronics USB_DEVICE 2.0.0
2026-05-25 08:01:43,185 [INFO] ThirdParty:1030 - CMSIS Pack Vendor :STMicroelectronics X-CUBE-NFC6 3.1.0
2026-05-25 08:01:43,185 [INFO] ThirdParty:1030 - CMSIS Pack Vendor :STMicroelectronics FP-SNS-MOTENV1 5.1.0
2026-05-25 08:01:43,185 [INFO] ThirdParty:1030 - CMSIS Pack Vendor :STMicroelectronics FreeRTOS 0.0.1
2026-05-25 08:01:43,185 [INFO] ThirdParty:1030 - CMSIS Pack Vendor :STMicroelectronics eDS-WB_DPC_VIENNA 1.2.0
2026-05-25 08:01:43,185 [INFO] ThirdParty:1030 - CMSIS Pack Vendor :STMicroelectronics eDS-WB_DPC_3PH2L-BIDIR 1.1.1
2026-05-25 08:01:43,185 [INFO] ThirdParty:1030 - CMSIS Pack Vendor :Infineon AIROC-Wi-Fi-Bluetooth-STM32 1.7.0
2026-05-25 08:01:43,185 [INFO] ThirdParty:1030 - CMSIS Pack Vendor :STMicroelectronics PDM2PCM 3.3.0
2026-05-25 08:01:43,185 [INFO] ThirdParty:1030 - CMSIS Pack Vendor :STMicroelectronics X-CUBE-AZRTOS-H7 3.4.0
2026-05-25 08:01:43,185 [INFO] ThirdParty:1030 - CMSIS Pack Vendor :STMicroelectronics X-CUBE-DISPLAY 3.0.0
2026-05-25 08:01:43,185 [INFO] ThirdParty:1030 - CMSIS Pack Vendor :STMicroelectronics X-CUBE-GNSS1 7.1.1
2026-05-25 08:01:43,185 [INFO] ThirdParty:1030 - CMSIS Pack Vendor :STMicroelectronics FP-SNS-MOTENVWB1 1.5.0
2026-05-25 08:01:43,186 [INFO] ThirdParty:1030 - CMSIS Pack Vendor :STMicroelectronics X-CUBE-NFC10 1.0.0
2026-05-25 08:01:43,186 [INFO] ThirdParty:1030 - CMSIS Pack Vendor :STMicroelectronics X-CUBE-BLEMGR 4.0.0
2026-05-25 08:01:43,186 [INFO] ThirdParty:1030 - CMSIS Pack Vendor :STMicroelectronics X-CUBE-FREERTOS 1.3.1
2026-05-25 08:01:43,186 [INFO] ThirdParty:1030 - CMSIS Pack Vendor :STMicroelectronics HAL Drivers 0.0.0
2026-05-25 08:01:43,186 [INFO] ThirdParty:1030 - CMSIS Pack Vendor :STMicroelectronics X-CUBE-ST60 1.1.0
2026-05-25 08:01:43,186 [INFO] ThirdParty:1030 - CMSIS Pack Vendor :emotas I-CUBE-CANOPEN 1.3.0
2026-05-25 08:01:43,186 [INFO] ThirdParty:1030 - CMSIS Pack Vendor :STMicroelectronics MBEDTLS 2.14.1
2026-05-25 08:01:43,186 [INFO] ThirdParty:1030 - CMSIS Pack Vendor :STMicroelectronics X-CUBE-GNSS1 7.1.0
2026-05-25 08:01:43,186 [INFO] ThirdParty:1030 - CMSIS Pack Vendor :STMicroelectronics X-CUBE-TOUCHGFX 4.26.0
2026-05-25 08:01:43,186 [INFO] ThirdParty:1030 - CMSIS Pack Vendor :STMicroelectronics X-CUBE-TOUCHGFX 4.26.1
2026-05-25 08:01:43,186 [INFO] ThirdParty:1030 - CMSIS Pack Vendor :quantropi X-CUBE-qispace-sdk-base 2.0.0
2026-05-25 08:01:43,186 [INFO] ThirdParty:1030 - CMSIS Pack Vendor :STMicroelectronics X-CUBE-AI 10.0.0
2026-05-25 08:01:43,186 [INFO] ThirdParty:1030 - CMSIS Pack Vendor :STMicroelectronics FP-SNS-STBOX1 2.1.0
2026-05-25 08:01:43,186 [INFO] ThirdParty:1030 - CMSIS Pack Vendor :STMicroelectronics FP-SNS-STAIOTCFT 1.0.0
2026-05-25 08:01:43,186 [INFO] ThirdParty:1030 - CMSIS Pack Vendor :STMicroelectronics FP-SNS-SMARTAG2 1.2.0
2026-05-25 08:01:43,186 [INFO] ThirdParty:1030 - CMSIS Pack Vendor :STMicroelectronics X-CUBE-AZRTOS-WL 2.0.0
2026-05-25 08:01:43,186 [INFO] ThirdParty:1030 - CMSIS Pack Vendor :STMicroelectronics FP-SNS-MOTENV1 5.0.0
2026-05-25 08:01:43,186 [INFO] ThirdParty:1030 - CMSIS Pack Vendor :STMicroelectronics USB_DEVICE 1.0.0
2026-05-25 08:01:43,186 [INFO] ThirdParty:1030 - CMSIS Pack Vendor :STMicroelectronics X-CUBE-AZRTOS-H7RS 1.2.0
2026-05-25 08:01:43,186 [INFO] ThirdParty:1030 - CMSIS Pack Vendor :STMicroelectronics X-CUBE-AZRTOS-L4 2.0.0
2026-05-25 08:01:43,187 [INFO] ThirdParty:1030 - CMSIS Pack Vendor :STMicroelectronics ThreadX 0.0.2
2026-05-25 08:01:43,187 [INFO] ThirdParty:1030 - CMSIS Pack Vendor :WES I-CUBE-Cesium 1.3.0
2026-05-25 08:01:43,187 [INFO] ThirdParty:1030 - CMSIS Pack Vendor :STMicroelectronics lwIP 2.1.2
2026-05-25 08:01:43,187 [INFO] ThirdParty:1030 - CMSIS Pack Vendor :STMicroelectronics X-CUBE-SFXS2LP1 4.0.0
2026-05-25 08:01:43,187 [INFO] ThirdParty:1030 - CMSIS Pack Vendor :STMicroelectronics X-CUBE-BLE2 3.3.0
2026-05-25 08:01:43,187 [INFO] ThirdParty:1030 - CMSIS Pack Vendor :Avnet-IOTCONNECT X-CUBE-iotc-st67-sdk 1.0.0
2026-05-25 08:01:43,187 [INFO] ThirdParty:1030 - CMSIS Pack Vendor :STMicroelectronics PDM2PCM 3.2.0
2026-05-25 08:01:43,187 [INFO] ThirdParty:1030 - CMSIS Pack Vendor :STMicroelectronics X-CUBE-WB05N 2.1.0
2026-05-25 08:01:43,187 [INFO] ThirdParty:1030 - CMSIS Pack Vendor :STMicroelectronics X-CUBE-AZRTOS-H7 3.3.0
2026-05-25 08:01:43,187 [INFO] ThirdParty:1030 - CMSIS Pack Vendor :STMicroelectronics X-CUBE-NFC9 1.0.0
2026-05-25 08:01:43,187 [INFO] ThirdParty:1030 - CMSIS Pack Vendor :wolfSSL I-CUBE-wolfSSL 5.8.0
2026-05-25 08:01:43,187 [INFO] ThirdParty:1030 - CMSIS Pack Vendor :wolfSSL I-CUBE-wolfMQTT 1.19.2
2026-05-25 08:01:43,187 [INFO] ThirdParty:1030 - CMSIS Pack Vendor :STMicroelectronics USB_DEVICE 3.0.0
2026-05-25 08:01:43,187 [INFO] ThirdParty:1030 - CMSIS Pack Vendor :STMicroelectronics X-CUBE-FREERTOS 1.4.0
2026-05-25 08:01:43,187 [INFO] ThirdParty:1030 - CMSIS Pack Vendor :STMicroelectronics X-CUBE-EEPRMA1 5.2.0
2026-05-25 08:01:43,187 [INFO] ThirdParty:1030 - CMSIS Pack Vendor :STMicroelectronics X-CUBE-BLEMGR 4.1.0
2026-05-25 08:01:43,187 [INFO] ThirdParty:1030 - CMSIS Pack Vendor :STMicroelectronics X-CUBE-AZRTOS-WB 2.0.0
2026-05-25 08:01:43,187 [INFO] ThirdParty:1030 - CMSIS Pack Vendor :STMicroelectronics X-CUBE-GNSS1 7.0.1
2026-05-25 08:01:43,187 [INFO] ThirdParty:1030 - CMSIS Pack Vendor :STMicroelectronics X-CUBE-TOUCHGFX 4.25.0
2026-05-25 08:01:43,187 [INFO] ThirdParty:1030 - CMSIS Pack Vendor :STMicroelectronics X-CUBE-ST67W61 1.1.0
2026-05-25 08:01:43,187 [INFO] ThirdParty:1030 - CMSIS Pack Vendor :STMicroelectronics X-CUBE-AI 10.1.0
2026-05-25 08:01:43,188 [INFO] ThirdParty:1030 - CMSIS Pack Vendor :STMicroelectronics FP-SNS-STBOX1 2.0.0
2026-05-25 08:01:43,188 [INFO] ThirdParty:1030 - CMSIS Pack Vendor :STMicroelectronics FP-SNS-STAIOTCFT 1.1.0
2026-05-25 08:01:43,188 [INFO] ThirdParty:1030 - CMSIS Pack Vendor :STMicroelectronics X-CUBE-MEMS1 12.0.0
2026-05-25 08:01:43,188 [INFO] ThirdParty:1030 - CMSIS Pack Vendor :STMicroelectronics X-CUBE-STSE01 2.0.0
2026-05-25 08:01:43,188 [INFO] ThirdParty:1030 - CMSIS Pack Vendor :STMicroelectronics X-CUBE-MEMS1 11.2.0
2026-05-25 08:01:43,188 [INFO] ThirdParty:1030 - CMSIS Pack Vendor :STMicroelectronics X-CUBE-AZRTOS-G0 1.1.0
2026-05-25 08:01:43,188 [INFO] ThirdParty:1030 - CMSIS Pack Vendor :STMicroelectronics X-CUBE-SAFEA1 1.2.2
2026-05-25 08:01:43,188 [INFO] ThirdParty:1030 - CMSIS Pack Vendor :STMicroelectronics X-CUBE-NFC4 3.0.0
2026-05-25 08:01:43,188 [INFO] ThirdParty:1030 - CMSIS Pack Vendor :STMicroelectronics X-CUBE-SUBG2 5.0.0
2026-05-25 08:01:43,188 [INFO] ThirdParty:1030 - CMSIS Pack Vendor :STMicroelectronics X-CUBE-AZRTOS-H7RS 1.1.0
2026-05-25 08:01:43,188 [INFO] ThirdParty:1030 - CMSIS Pack Vendor :STMicroelectronics STM32_WPAN 1.0.0
2026-05-25 08:01:43,188 [INFO] ThirdParty:1030 - CMSIS Pack Vendor :EmbeddedOffice I-CUBE-FS-RTOS 1.0.1
2026-05-25 08:01:43,188 [INFO] ThirdParty:1030 - CMSIS Pack Vendor :STMicroelectronics lwIP 2.0.3
2026-05-25 08:01:43,188 [INFO] ThirdParty:1030 - CMSIS Pack Vendor :Cesanta I-CUBE-Mongoose 7.13.0
2026-05-25 08:01:43,188 [INFO] ThirdParty:1030 - CMSIS Pack Vendor :STMicroelectronics USB_HOST 1.0.0
2026-05-25 08:01:43,188 [INFO] ThirdParty:1030 - CMSIS Pack Vendor :STMicroelectronics X-CUBE-AZRTOS-G4 2.0.0
2026-05-25 08:01:43,189 [INFO] ThirdParty:1030 - CMSIS Pack Vendor :STMicroelectronics X-CUBE-WB05N 2.0.0
2026-05-25 08:01:43,189 [INFO] ThirdParty:1030 - CMSIS Pack Vendor :STMicroelectronics PDM2PCM 3.1.0
2026-05-25 08:01:43,189 [INFO] ThirdParty:1030 - CMSIS Pack Vendor :wolfSSL I-CUBE-wolfTPM 3.8.0
2026-05-25 08:01:43,189 [INFO] ThirdParty:1030 - CMSIS Pack Vendor :wolfSSL I-CUBE-wolfSSH 1.4.20
2026-05-25 08:01:43,189 [INFO] ThirdParty:1030 - CMSIS Pack Vendor :STMicroelectronics X-CUBE-TCPP 4.2.0
2026-05-25 08:01:43,189 [INFO] ThirdParty:1030 - CMSIS Pack Vendor :RealThread X-CUBE-RT-Thread_Nano 4.1.1
2026-05-25 08:01:43,189 [INFO] ThirdParty:1030 - CMSIS Pack Vendor :STMicroelectronics FP-ATR-SIGFOX1 3.2.0
2026-05-25 08:01:43,189 [INFO] ThirdParty:1030 - CMSIS Pack Vendor :STMicroelectronics X-CUBE-EEPRMA1 5.1.0
2026-05-25 08:01:43,189 [INFO] ThirdParty:1030 - CMSIS Pack Vendor :STMicroelectronics X-CUBE-FREERTOS 1.5.0
2026-05-25 08:01:43,189 [INFO] ThirdParty:1030 - CMSIS Pack Vendor :STMicroelectronics MBEDTLS 2.16.2
2026-05-25 08:01:43,189 [INFO] ThirdParty:1030 - CMSIS Pack Vendor :STMicroelectronics X-CUBE-IPS 3.1.0
2026-05-25 08:01:43,189 [INFO] ThirdParty:1030 - CMSIS Pack Vendor :STMicroelectronics X-CUBE-ALS 1.0.2
2026-05-25 08:01:43,189 [INFO] ThirdParty:1030 - CMSIS Pack Vendor :ITTIA_DB I-CUBE-ITTIADB 8.9.0
2026-05-25 08:01:43,189 [INFO] ThirdParty:1030 - CMSIS Pack Vendor :STMicroelectronics X-CUBE-STSE01 1.0.0
2026-05-25 08:01:43,189 [INFO] ThirdParty:1030 - CMSIS Pack Vendor :portGmbH I-Cube-SoM-uGOAL 1.1.0
2026-05-25 08:01:43,190 [INFO] ThirdParty:1030 - CMSIS Pack Vendor :STMicroelectronics X-CUBE-NFC6 3.2.0
2026-05-25 08:01:43,190 [INFO] ThirdParty:1030 - CMSIS Pack Vendor :STMicroelectronics X-CUBE-ST67W61 1.0.0
2026-05-25 08:01:43,190 [INFO] ThirdParty:1030 - CMSIS Pack Vendor :STMicroelectronics X-CUBE-AI 10.2.0
2026-05-25 08:01:43,190 [INFO] ThirdParty:1030 - CMSIS Pack Vendor :STMicroelectronics ThreadX 1.0.0
2026-05-25 08:01:43,190 [INFO] ThirdParty:1030 - CMSIS Pack Vendor :STMicroelectronics X-CUBE-MEMS1 12.1.0
2026-05-25 08:01:43,190 [INFO] ThirdParty:1030 - CMSIS Pack Vendor :SEGGER I-CUBE-embOS 1.3.1
2026-05-25 08:01:43,190 [INFO] ThirdParty:1030 - CMSIS Pack Vendor :STMicroelectronics X-CUBE-ALGOBUILD 1.4.0
2026-05-25 08:01:43,190 [INFO] ThirdParty:1030 - CMSIS Pack Vendor :STMicroelectronics X-CUBE-MEMS1 11.3.0
2026-05-25 08:01:43,190 [INFO] ThirdParty:841 - exiting critical section [change project]
2026-05-25 08:01:43,581 [INFO] PinOutPanel:1589 - setPackage(No Configuration,No Configuration)
2026-05-25 08:01:43,583 [INFO] PinOutPanel:1589 - setPackage(STM32F103C8Tx,LQFP48)
2026-05-25 08:01:43,706 [ERROR] LogOutputStream:75 - [STDERR_REDIRECT] [Fatal Error] :1:1: Premature end of file.
2026-05-25 08:01:43,707 [ERROR] LogOutputStream:75 - [STDERR_REDIRECT] 
2026-05-25 08:01:44,237 [INFO] UtilMem:75 - Before build in PCC Used Memory: 866794064 Bytes (1073741824)
2026-05-25 08:01:44,707 [ERROR] LogOutputStream:75 - [STDERR_REDIRECT] [Fatal Error] :1:1: Premature end of file.
2026-05-25 08:01:44,708 [ERROR] LogOutputStream:75 - [STDERR_REDIRECT] 
2026-05-25 08:01:45,460 [INFO] UtilMem:75 - After build in PCC Used Memory: 922944352 Bytes (1073741824)
2026-05-25 08:01:45,651 [INFO] ApiDbMcu:532 - Load IP Config File for USB_DEVICE
2026-05-25 08:01:45,682 [INFO] IPUIPlugin:80 - create IPUIPlugin
2026-05-25 08:01:45,682 [INFO] IPUIPlugin:80 - create IPUIPlugin
2026-05-25 08:01:45,683 [INFO] IPUIPlugin:80 - create IPUIPlugin
2026-05-25 08:01:45,683 [INFO] IPUIPlugin:80 - create IPUIPlugin
2026-05-25 08:01:45,683 [INFO] IPUIPlugin:80 - create IPUIPlugin
2026-05-25 08:01:45,683 [INFO] IPUIPlugin:80 - create IPUIPlugin
2026-05-25 08:01:45,683 [INFO] IPUIPlugin:80 - create IPUIPlugin
2026-05-25 08:01:45,683 [INFO] IPUIPlugin:80 - create IPUIPlugin
2026-05-25 08:01:45,683 [INFO] IPUIPlugin:80 - create IPUIPlugin
2026-05-25 08:01:45,683 [INFO] IPUIPlugin:80 - create IPUIPlugin
2026-05-25 08:01:45,684 [INFO] IPUIPlugin:80 - create IPUIPlugin
2026-05-25 08:01:45,684 [INFO] IPUIPlugin:80 - create IPUIPlugin
2026-05-25 08:01:45,684 [INFO] IPUIPlugin:80 - create IPUIPlugin
2026-05-25 08:01:45,684 [INFO] IPUIPlugin:80 - create IPUIPlugin
2026-05-25 08:01:45,684 [INFO] IPUIPlugin:80 - create IPUIPlugin
2026-05-25 08:01:45,684 [INFO] IPUIPlugin:80 - create IPUIPlugin
2026-05-25 08:01:45,685 [INFO] IPUIPlugin:80 - create IPUIPlugin
2026-05-25 08:01:45,685 [INFO] IPUIPlugin:80 - create IPUIPlugin
2026-05-25 08:01:45,685 [INFO] IPUIPlugin:80 - create IPUIPlugin
2026-05-25 08:01:45,685 [INFO] IPUIPlugin:80 - create IPUIPlugin
2026-05-25 08:01:45,685 [INFO] IPUIPlugin:80 - create IPUIPlugin
2026-05-25 08:01:45,686 [INFO] IPUIPlugin:80 - create IPUIPlugin
2026-05-25 08:01:45,686 [INFO] IPUIPlugin:80 - create IPUIPlugin
2026-05-25 08:01:45,686 [INFO] IPUIPlugin:80 - create IPUIPlugin
2026-05-25 08:01:45,686 [INFO] IPUIPlugin:80 - create IPUIPlugin
2026-05-25 08:01:45,686 [INFO] IPUIPlugin:80 - create IPUIPlugin
2026-05-25 08:01:45,688 [INFO] IPUIPlugin:80 - create IPUIPlugin
2026-05-25 08:01:45,706 [ERROR] LogOutputStream:75 - [STDERR_REDIRECT] [Fatal Error] :1:1: Premature end of file.
2026-05-25 08:01:45,707 [ERROR] LogOutputStream:75 - [STDERR_REDIRECT] 
2026-05-25 08:01:45,946 [INFO] CADModel:165 - CPN selected for project levelSTM32F103C8T6
2026-05-25 08:01:45,946 [INFO] CADModel:114 - Register for checkConnection events
2026-05-25 08:01:46,016 [INFO] OpenFileManager:386 - Restore cursor
2026-05-25 08:01:46,707 [ERROR] LogOutputStream:75 - [STDERR_REDIRECT] [Fatal Error] :1:1: Premature end of file.
2026-05-25 08:01:46,707 [ERROR] LogOutputStream:75 - [STDERR_REDIRECT] 
2026-05-25 08:01:47,707 [ERROR] LogOutputStream:75 - [STDERR_REDIRECT] [Fatal Error] :1:1: Premature end of file.
2026-05-25 08:01:47,707 [ERROR] LogOutputStream:75 - [STDERR_REDIRECT] 
2026-05-25 08:01:48,705 [ERROR] LogOutputStream:75 - [STDERR_REDIRECT] [Fatal Error] :1:1: Premature end of file.
2026-05-25 08:01:48,705 [ERROR] LogOutputStream:75 - [STDERR_REDIRECT] 
2026-05-25 08:01:49,705 [ERROR] LogOutputStream:75 - [STDERR_REDIRECT] [Fatal Error] :1:1: Premature end of file.
2026-05-25 08:01:49,705 [ERROR] LogOutputStream:75 - [STDERR_REDIRECT] 
2026-05-25 08:01:50,706 [ERROR] LogOutputStream:75 - [STDERR_REDIRECT] [Fatal Error] :1:1: Premature end of file.
2026-05-25 08:01:50,706 [ERROR] LogOutputStream:75 - [STDERR_REDIRECT] 
2026-05-25 08:01:51,705 [ERROR] LogOutputStream:75 - [STDERR_REDIRECT] [Fatal Error] :1:1: Premature end of file.
2026-05-25 08:01:51,705 [ERROR] LogOutputStream:75 - [STDERR_REDIRECT] 
2026-05-25 08:01:52,706 [ERROR] LogOutputStream:75 - [STDERR_REDIRECT] [Fatal Error] :1:1: Premature end of file.
2026-05-25 08:01:52,706 [ERROR] LogOutputStream:75 - [STDERR_REDIRECT] 
2026-05-25 08:01:53,707 [ERROR] LogOutputStream:75 - [STDERR_REDIRECT] [Fatal Error] :1:1: Premature end of file.
2026-05-25 08:01:53,707 [ERROR] LogOutputStream:75 - [STDERR_REDIRECT] 
2026-05-25 08:01:54,706 [ERROR] LogOutputStream:75 - [STDERR_REDIRECT] [Fatal Error] :1:1: Premature end of file.
2026-05-25 08:01:54,708 [ERROR] LogOutputStream:75 - [STDERR_REDIRECT] 
2026-05-25 08:01:55,705 [ERROR] LogOutputStream:75 - [STDERR_REDIRECT] [Fatal Error] :1:1: Premature end of file.
2026-05-25 08:01:55,706 [ERROR] LogOutputStream:75 - [STDERR_REDIRECT] 
2026-05-25 08:01:56,706 [ERROR] LogOutputStream:75 - [STDERR_REDIRECT] [Fatal Error] :1:1: Premature end of file.
2026-05-25 08:01:56,706 [ERROR] LogOutputStream:75 - [STDERR_REDIRECT] 
2026-05-25 08:01:57,705 [ERROR] LogOutputStream:75 - [STDERR_REDIRECT] [Fatal Error] :1:1: Premature end of file.
2026-05-25 08:01:57,705 [ERROR] LogOutputStream:75 - [STDERR_REDIRECT] 
2026-05-25 08:01:58,706 [ERROR] LogOutputStream:75 - [STDERR_REDIRECT] [Fatal Error] :1:1: Premature end of file.
2026-05-25 08:01:58,706 [ERROR] LogOutputStream:75 - [STDERR_REDIRECT] 
2026-05-25 08:01:59,705 [ERROR] LogOutputStream:75 - [STDERR_REDIRECT] [Fatal Error] :1:1: Premature end of file.
2026-05-25 08:01:59,705 [ERROR] LogOutputStream:75 - [STDERR_REDIRECT] 
2026-05-25 08:02:00,705 [ERROR] LogOutputStream:75 - [STDERR_REDIRECT] [Fatal Error] :1:1: Premature end of file.
2026-05-25 08:02:00,705 [ERROR] LogOutputStream:75 - [STDERR_REDIRECT] 
2026-05-25 08:02:01,705 [ERROR] LogOutputStream:75 - [STDERR_REDIRECT] [Fatal Error] :1:1: Premature end of file.
2026-05-25 08:02:01,705 [ERROR] LogOutputStream:75 - [STDERR_REDIRECT] 
2026-05-25 08:02:02,705 [ERROR] LogOutputStream:75 - [STDERR_REDIRECT] [Fatal Error] :1:1: Premature end of file.
2026-05-25 08:02:02,705 [ERROR] LogOutputStream:75 - [STDERR_REDIRECT] 
2026-05-25 08:02:03,706 [ERROR] LogOutputStream:75 - [STDERR_REDIRECT] [Fatal Error] :1:1: Premature end of file.
2026-05-25 08:02:03,706 [ERROR] LogOutputStream:75 - [STDERR_REDIRECT] 
2026-05-25 08:02:04,705 [ERROR] LogOutputStream:75 - [STDERR_REDIRECT] [Fatal Error] :1:1: Premature end of file.
2026-05-25 08:02:04,705 [ERROR] LogOutputStream:75 - [STDERR_REDIRECT] 
2026-05-25 08:02:05,705 [ERROR] LogOutputStream:75 - [STDERR_REDIRECT] [Fatal Error] :1:1: Premature end of file.
2026-05-25 08:02:05,705 [ERROR] LogOutputStream:75 - [STDERR_REDIRECT] 
2026-05-25 08:02:06,705 [ERROR] LogOutputStream:75 - [STDERR_REDIRECT] [Fatal Error] :1:1: Premature end of file.
2026-05-25 08:02:06,705 [ERROR] LogOutputStream:75 - [STDERR_REDIRECT] 
2026-05-25 08:02:07,706 [ERROR] LogOutputStream:75 - [STDERR_REDIRECT] [Fatal Error] :1:1: Premature end of file.
2026-05-25 08:02:07,706 [ERROR] LogOutputStream:75 - [STDERR_REDIRECT] 
2026-05-25 08:02:08,706 [ERROR] LogOutputStream:75 - [STDERR_REDIRECT] [Fatal Error] :1:1: Premature end of file.
2026-05-25 08:02:08,706 [ERROR] LogOutputStream:75 - [STDERR_REDIRECT] 
2026-05-25 08:02:09,707 [ERROR] LogOutputStream:75 - [STDERR_REDIRECT] [Fatal Error] :1:1: Premature end of file.
2026-05-25 08:02:09,707 [ERROR] LogOutputStream:75 - [STDERR_REDIRECT] 
2026-05-25 08:02:10,705 [ERROR] LogOutputStream:75 - [STDERR_REDIRECT] [Fatal Error] :1:1: Premature end of file.
2026-05-25 08:02:10,705 [ERROR] LogOutputStream:75 - [STDERR_REDIRECT] 
2026-05-25 08:02:11,705 [ERROR] LogOutputStream:75 - [STDERR_REDIRECT] [Fatal Error] :1:1: Premature end of file.
2026-05-25 08:02:11,705 [ERROR] LogOutputStream:75 - [STDERR_REDIRECT] 
2026-05-25 08:02:12,705 [ERROR] LogOutputStream:75 - [STDERR_REDIRECT] [Fatal Error] :1:1: Premature end of file.
2026-05-25 08:02:12,705 [ERROR] LogOutputStream:75 - [STDERR_REDIRECT] 
2026-05-25 08:02:13,705 [ERROR] LogOutputStream:75 - [STDERR_REDIRECT] [Fatal Error] :1:1: Premature end of file.
2026-05-25 08:02:13,705 [ERROR] LogOutputStream:75 - [STDERR_REDIRECT] 
2026-05-25 08:02:14,706 [ERROR] LogOutputStream:75 - [STDERR_REDIRECT] [Fatal Error] :1:1: Premature end of file.
2026-05-25 08:02:14,706 [ERROR] LogOutputStream:75 - [STDERR_REDIRECT] 
2026-05-25 08:02:15,705 [ERROR] LogOutputStream:75 - [STDERR_REDIRECT] [Fatal Error] :1:1: Premature end of file.
2026-05-25 08:02:15,705 [ERROR] LogOutputStream:75 - [STDERR_REDIRECT] 
2026-05-25 08:02:16,706 [ERROR] LogOutputStream:75 - [STDERR_REDIRECT] [Fatal Error] :1:1: Premature end of file.
2026-05-25 08:02:16,706 [ERROR] LogOutputStream:75 - [STDERR_REDIRECT] 
2026-05-25 08:02:17,706 [ERROR] LogOutputStream:75 - [STDERR_REDIRECT] [Fatal Error] :1:1: Premature end of file.
2026-05-25 08:02:17,706 [ERROR] LogOutputStream:75 - [STDERR_REDIRECT] 
2026-05-25 08:02:18,705 [ERROR] LogOutputStream:75 - [STDERR_REDIRECT] [Fatal Error] :1:1: Premature end of file.
2026-05-25 08:02:18,705 [ERROR] LogOutputStream:75 - [STDERR_REDIRECT] 
2026-05-25 08:02:19,706 [ERROR] LogOutputStream:75 - [STDERR_REDIRECT] [Fatal Error] :1:1: Premature end of file.
2026-05-25 08:02:19,706 [ERROR] LogOutputStream:75 - [STDERR_REDIRECT] 
2026-05-25 08:02:20,706 [ERROR] LogOutputStream:75 - [STDERR_REDIRECT] [Fatal Error] :1:1: Premature end of file.
2026-05-25 08:02:20,706 [ERROR] LogOutputStream:75 - [STDERR_REDIRECT] 
2026-05-25 08:02:21,705 [ERROR] LogOutputStream:75 - [STDERR_REDIRECT] [Fatal Error] :1:1: Premature end of file.
2026-05-25 08:02:21,705 [ERROR] LogOutputStream:75 - [STDERR_REDIRECT] 
2026-05-25 08:02:22,706 [ERROR] LogOutputStream:75 - [STDERR_REDIRECT] [Fatal Error] :1:1: Premature end of file.
2026-05-25 08:02:22,706 [ERROR] LogOutputStream:75 - [STDERR_REDIRECT] 
2026-05-25 08:02:23,706 [ERROR] LogOutputStream:75 - [STDERR_REDIRECT] [Fatal Error] :1:1: Premature end of file.
2026-05-25 08:02:23,706 [ERROR] LogOutputStream:75 - [STDERR_REDIRECT] 
2026-05-25 08:02:24,704 [ERROR] LogOutputStream:75 - [STDERR_REDIRECT] [Fatal Error] :1:1: Premature end of file.
2026-05-25 08:02:24,704 [ERROR] LogOutputStream:75 - [STDERR_REDIRECT] 
2026-05-25 08:02:25,705 [ERROR] LogOutputStream:75 - [STDERR_REDIRECT] [Fatal Error] :1:1: Premature end of file.
2026-05-25 08:02:25,705 [ERROR] LogOutputStream:75 - [STDERR_REDIRECT] 
2026-05-25 08:02:26,705 [ERROR] LogOutputStream:75 - [STDERR_REDIRECT] [Fatal Error] :1:1: Premature end of file.
2026-05-25 08:02:26,705 [ERROR] LogOutputStream:75 - [STDERR_REDIRECT] 
2026-05-25 08:02:27,706 [ERROR] LogOutputStream:75 - [STDERR_REDIRECT] [Fatal Error] :1:1: Premature end of file.
2026-05-25 08:02:27,706 [ERROR] LogOutputStream:75 - [STDERR_REDIRECT] 
2026-05-25 08:02:28,706 [ERROR] LogOutputStream:75 - [STDERR_REDIRECT] [Fatal Error] :1:1: Premature end of file.
2026-05-25 08:02:28,706 [ERROR] LogOutputStream:75 - [STDERR_REDIRECT] 
2026-05-25 08:02:29,705 [ERROR] LogOutputStream:75 - [STDERR_REDIRECT] [Fatal Error] :1:1: Premature end of file.
2026-05-25 08:02:29,705 [ERROR] LogOutputStream:75 - [STDERR_REDIRECT] 
2026-05-25 08:02:30,705 [ERROR] LogOutputStream:75 - [STDERR_REDIRECT] [Fatal Error] :1:1: Premature end of file.
2026-05-25 08:02:30,705 [ERROR] LogOutputStream:75 - [STDERR_REDIRECT] 
2026-05-25 08:02:31,705 [ERROR] LogOutputStream:75 - [STDERR_REDIRECT] [Fatal Error] :1:1: Premature end of file.
2026-05-25 08:02:31,705 [ERROR] LogOutputStream:75 - [STDERR_REDIRECT] 
2026-05-25 08:02:32,705 [ERROR] LogOutputStream:75 - [STDERR_REDIRECT] [Fatal Error] :1:1: Premature end of file.
2026-05-25 08:02:32,705 [ERROR] LogOutputStream:75 - [STDERR_REDIRECT] 
2026-05-25 08:02:33,704 [ERROR] LogOutputStream:75 - [STDERR_REDIRECT] [Fatal Error] :1:1: Premature end of file.
2026-05-25 08:02:33,705 [ERROR] LogOutputStream:75 - [STDERR_REDIRECT] 
2026-05-25 08:02:34,704 [ERROR] LogOutputStream:75 - [STDERR_REDIRECT] [Fatal Error] :1:1: Premature end of file.
2026-05-25 08:02:34,704 [ERROR] LogOutputStream:75 - [STDERR_REDIRECT] 
2026-05-25 08:02:35,705 [ERROR] LogOutputStream:75 - [STDERR_REDIRECT] [Fatal Error] :1:1: Premature end of file.
2026-05-25 08:02:35,705 [ERROR] LogOutputStream:75 - [STDERR_REDIRECT] 
2026-05-25 08:02:36,706 [ERROR] LogOutputStream:75 - [STDERR_REDIRECT] [Fatal Error] :1:1: Premature end of file.
2026-05-25 08:02:36,706 [ERROR] LogOutputStream:75 - [STDERR_REDIRECT] 
2026-05-25 08:02:37,705 [ERROR] LogOutputStream:75 - [STDERR_REDIRECT] [Fatal Error] :1:1: Premature end of file.
2026-05-25 08:02:37,705 [ERROR] LogOutputStream:75 - [STDERR_REDIRECT] 
2026-05-25 08:02:38,705 [ERROR] LogOutputStream:75 - [STDERR_REDIRECT] [Fatal Error] :1:1: Premature end of file.
2026-05-25 08:02:38,705 [ERROR] LogOutputStream:75 - [STDERR_REDIRECT] 
2026-05-25 08:02:39,704 [ERROR] LogOutputStream:75 - [STDERR_REDIRECT] [Fatal Error] :1:1: Premature end of file.
2026-05-25 08:02:39,706 [ERROR] LogOutputStream:75 - [STDERR_REDIRECT] 
2026-05-25 08:02:40,706 [ERROR] LogOutputStream:75 - [STDERR_REDIRECT] [Fatal Error] :1:1: Premature end of file.
2026-05-25 08:02:40,706 [ERROR] LogOutputStream:75 - [STDERR_REDIRECT] 
2026-05-25 08:02:41,705 [ERROR] LogOutputStream:75 - [STDERR_REDIRECT] [Fatal Error] :1:1: Premature end of file.
2026-05-25 08:02:41,705 [ERROR] LogOutputStream:75 - [STDERR_REDIRECT] 
2026-05-25 08:02:42,704 [ERROR] LogOutputStream:75 - [STDERR_REDIRECT] [Fatal Error] :1:1: Premature end of file.
2026-05-25 08:02:42,706 [ERROR] LogOutputStream:75 - [STDERR_REDIRECT] 
2026-05-25 08:02:43,705 [ERROR] LogOutputStream:75 - [STDERR_REDIRECT] [Fatal Error] :1:1: Premature end of file.
2026-05-25 08:02:43,705 [ERROR] LogOutputStream:75 - [STDERR_REDIRECT] 
2026-05-25 08:02:44,705 [ERROR] LogOutputStream:75 - [STDERR_REDIRECT] [Fatal Error] :1:1: Premature end of file.
2026-05-25 08:02:44,705 [ERROR] LogOutputStream:75 - [STDERR_REDIRECT] 
2026-05-25 08:02:45,705 [ERROR] LogOutputStream:75 - [STDERR_REDIRECT] [Fatal Error] :1:1: Premature end of file.
2026-05-25 08:02:45,705 [ERROR] LogOutputStream:75 - [STDERR_REDIRECT] 
2026-05-25 08:02:46,706 [ERROR] LogOutputStream:75 - [STDERR_REDIRECT] [Fatal Error] :1:1: Premature end of file.
2026-05-25 08:02:46,706 [ERROR] LogOutputStream:75 - [STDERR_REDIRECT] 
2026-05-25 08:02:47,705 [ERROR] LogOutputStream:75 - [STDERR_REDIRECT] [Fatal Error] :1:1: Premature end of file.
2026-05-25 08:02:47,705 [ERROR] LogOutputStream:75 - [STDERR_REDIRECT] 
2026-05-25 08:02:48,705 [ERROR] LogOutputStream:75 - [STDERR_REDIRECT] [Fatal Error] :1:1: Premature end of file.
2026-05-25 08:02:48,706 [ERROR] LogOutputStream:75 - [STDERR_REDIRECT] 
2026-05-25 08:02:49,705 [ERROR] LogOutputStream:75 - [STDERR_REDIRECT] [Fatal Error] :1:1: Premature end of file.
2026-05-25 08:02:49,705 [ERROR] LogOutputStream:75 - [STDERR_REDIRECT] 
2026-05-25 08:02:50,705 [ERROR] LogOutputStream:75 - [STDERR_REDIRECT] [Fatal Error] :1:1: Premature end of file.
2026-05-25 08:02:50,705 [ERROR] LogOutputStream:75 - [STDERR_REDIRECT] 
2026-05-25 08:02:51,706 [ERROR] LogOutputStream:75 - [STDERR_REDIRECT] [Fatal Error] :1:1: Premature end of file.
2026-05-25 08:02:51,706 [ERROR] LogOutputStream:75 - [STDERR_REDIRECT] 
2026-05-25 08:02:52,704 [ERROR] LogOutputStream:75 - [STDERR_REDIRECT] [Fatal Error] :1:1: Premature end of file.
2026-05-25 08:02:52,705 [ERROR] LogOutputStream:75 - [STDERR_REDIRECT] 
2026-05-25 08:02:53,705 [ERROR] LogOutputStream:75 - [STDERR_REDIRECT] [Fatal Error] :1:1: Premature end of file.
2026-05-25 08:02:53,705 [ERROR] LogOutputStream:75 - [STDERR_REDIRECT] 
2026-05-25 08:02:54,705 [ERROR] LogOutputStream:75 - [STDERR_REDIRECT] [Fatal Error] :1:1: Premature end of file.
2026-05-25 08:02:54,705 [ERROR] LogOutputStream:75 - [STDERR_REDIRECT] 
2026-05-25 08:02:55,705 [ERROR] LogOutputStream:75 - [STDERR_REDIRECT] [Fatal Error] :1:1: Premature end of file.
2026-05-25 08:02:55,705 [ERROR] LogOutputStream:75 - [STDERR_REDIRECT] 
2026-05-25 08:02:56,705 [ERROR] LogOutputStream:75 - [STDERR_REDIRECT] [Fatal Error] :1:1: Premature end of file.
2026-05-25 08:02:56,706 [ERROR] LogOutputStream:75 - [STDERR_REDIRECT] 
2026-05-25 08:02:57,705 [ERROR] LogOutputStream:75 - [STDERR_REDIRECT] [Fatal Error] :1:1: Premature end of file.
2026-05-25 08:02:57,705 [ERROR] LogOutputStream:75 - [STDERR_REDIRECT] 
2026-05-25 08:02:58,705 [ERROR] LogOutputStream:75 - [STDERR_REDIRECT] [Fatal Error] :1:1: Premature end of file.
2026-05-25 08:02:58,705 [ERROR] LogOutputStream:75 - [STDERR_REDIRECT] 
2026-05-25 08:02:59,705 [ERROR] LogOutputStream:75 - [STDERR_REDIRECT] [Fatal Error] :1:1: Premature end of file.
2026-05-25 08:02:59,705 [ERROR] LogOutputStream:75 - [STDERR_REDIRECT] 
2026-05-25 08:03:00,706 [ERROR] LogOutputStream:75 - [STDERR_REDIRECT] [Fatal Error] :1:1: Premature end of file.
2026-05-25 08:03:00,706 [ERROR] LogOutputStream:75 - [STDERR_REDIRECT] 
2026-05-25 08:03:01,705 [ERROR] LogOutputStream:75 - [STDERR_REDIRECT] [Fatal Error] :1:1: Premature end of file.
2026-05-25 08:03:01,705 [ERROR] LogOutputStream:75 - [STDERR_REDIRECT] 
2026-05-25 08:03:02,704 [ERROR] LogOutputStream:75 - [STDERR_REDIRECT] [Fatal Error] :1:1: Premature end of file.
2026-05-25 08:03:02,706 [ERROR] LogOutputStream:75 - [STDERR_REDIRECT] 
2026-05-25 08:03:03,705 [ERROR] LogOutputStream:75 - [STDERR_REDIRECT] [Fatal Error] :1:1: Premature end of file.
2026-05-25 08:03:03,705 [ERROR] LogOutputStream:75 - [STDERR_REDIRECT] 
2026-05-25 08:03:04,706 [ERROR] LogOutputStream:75 - [STDERR_REDIRECT] [Fatal Error] :1:1: Premature end of file.
2026-05-25 08:03:04,706 [ERROR] LogOutputStream:75 - [STDERR_REDIRECT] 
2026-05-25 08:03:05,705 [ERROR] LogOutputStream:75 - [STDERR_REDIRECT] [Fatal Error] :1:1: Premature end of file.
2026-05-25 08:03:05,705 [ERROR] LogOutputStream:75 - [STDERR_REDIRECT] 
2026-05-25 08:03:06,705 [ERROR] LogOutputStream:75 - [STDERR_REDIRECT] [Fatal Error] :1:1: Premature end of file.
2026-05-25 08:03:06,705 [ERROR] LogOutputStream:75 - [STDERR_REDIRECT] 
2026-05-25 08:03:07,707 [ERROR] LogOutputStream:75 - [STDERR_REDIRECT] [Fatal Error] :1:1: Premature end of file.
2026-05-25 08:03:07,707 [ERROR] LogOutputStream:75 - [STDERR_REDIRECT] 
2026-05-25 08:03:08,705 [ERROR] LogOutputStream:75 - [STDERR_REDIRECT] [Fatal Error] :1:1: Premature end of file.
2026-05-25 08:03:08,705 [ERROR] LogOutputStream:75 - [STDERR_REDIRECT] 
2026-05-25 08:03:09,707 [ERROR] LogOutputStream:75 - [STDERR_REDIRECT] [Fatal Error] :1:1: Premature end of file.
2026-05-25 08:03:09,707 [ERROR] LogOutputStream:75 - [STDERR_REDIRECT] 
2026-05-25 08:03:10,704 [ERROR] LogOutputStream:75 - [STDERR_REDIRECT] [Fatal Error] :1:1: Premature end of file.
2026-05-25 08:03:10,705 [ERROR] LogOutputStream:75 - [STDERR_REDIRECT] 
2026-05-25 08:03:11,705 [ERROR] LogOutputStream:75 - [STDERR_REDIRECT] [Fatal Error] :1:1: Premature end of file.
2026-05-25 08:03:11,705 [ERROR] LogOutputStream:75 - [STDERR_REDIRECT] 
2026-05-25 08:03:12,705 [ERROR] LogOutputStream:75 - [STDERR_REDIRECT] [Fatal Error] :1:1: Premature end of file.
2026-05-25 08:03:12,705 [ERROR] LogOutputStream:75 - [STDERR_REDIRECT] 
2026-05-25 08:03:13,706 [ERROR] LogOutputStream:75 - [STDERR_REDIRECT] [Fatal Error] :1:1: Premature end of file.
2026-05-25 08:03:13,706 [ERROR] LogOutputStream:75 - [STDERR_REDIRECT] 
2026-05-25 08:03:14,704 [ERROR] LogOutputStream:75 - [STDERR_REDIRECT] [Fatal Error] :1:1: Premature end of file.
2026-05-25 08:03:14,704 [ERROR] LogOutputStream:75 - [STDERR_REDIRECT] 
2026-05-25 08:03:15,705 [ERROR] LogOutputStream:75 - [STDERR_REDIRECT] [Fatal Error] :1:1: Premature end of file.
2026-05-25 08:03:15,705 [ERROR] LogOutputStream:75 - [STDERR_REDIRECT] 
2026-05-25 08:03:16,705 [ERROR] LogOutputStream:75 - [STDERR_REDIRECT] [Fatal Error] :1:1: Premature end of file.
2026-05-25 08:03:16,705 [ERROR] LogOutputStream:75 - [STDERR_REDIRECT] 
2026-05-25 08:03:17,705 [ERROR] LogOutputStream:75 - [STDERR_REDIRECT] [Fatal Error] :1:1: Premature end of file.
2026-05-25 08:03:17,705 [ERROR] LogOutputStream:75 - [STDERR_REDIRECT] 
2026-05-25 08:03:18,706 [ERROR] LogOutputStream:75 - [STDERR_REDIRECT] [Fatal Error] :1:1: Premature end of file.
2026-05-25 08:03:18,706 [ERROR] LogOutputStream:75 - [STDERR_REDIRECT] 
2026-05-25 08:03:19,703 [ERROR] LogOutputStream:75 - [STDERR_REDIRECT] [Fatal Error] :1:1: Premature end of file.
2026-05-25 08:03:19,705 [ERROR] LogOutputStream:75 - [STDERR_REDIRECT] 
2026-05-25 08:03:20,705 [ERROR] LogOutputStream:75 - [STDERR_REDIRECT] [Fatal Error] :1:1: Premature end of file.
2026-05-25 08:03:20,705 [ERROR] LogOutputStream:75 - [STDERR_REDIRECT] 
2026-05-25 08:03:21,705 [ERROR] LogOutputStream:75 - [STDERR_REDIRECT] [Fatal Error] :1:1: Premature end of file.
2026-05-25 08:03:21,705 [ERROR] LogOutputStream:75 - [STDERR_REDIRECT] 
2026-05-25 08:03:22,706 [ERROR] LogOutputStream:75 - [STDERR_REDIRECT] [Fatal Error] :1:1: Premature end of file.
2026-05-25 08:03:22,706 [ERROR] LogOutputStream:75 - [STDERR_REDIRECT] 
2026-05-25 08:03:23,706 [ERROR] LogOutputStream:75 - [STDERR_REDIRECT] [Fatal Error] :1:1: Premature end of file.
2026-05-25 08:03:23,706 [ERROR] LogOutputStream:75 - [STDERR_REDIRECT] 
2026-05-25 08:03:24,704 [ERROR] LogOutputStream:75 - [STDERR_REDIRECT] [Fatal Error] :1:1: Premature end of file.
2026-05-25 08:03:24,705 [ERROR] LogOutputStream:75 - [STDERR_REDIRECT] 
2026-05-25 08:03:25,705 [ERROR] LogOutputStream:75 - [STDERR_REDIRECT] [Fatal Error] :1:1: Premature end of file.
2026-05-25 08:03:25,705 [ERROR] LogOutputStream:75 - [STDERR_REDIRECT] 
2026-05-25 08:03:26,705 [ERROR] LogOutputStream:75 - [STDERR_REDIRECT] [Fatal Error] :1:1: Premature end of file.
2026-05-25 08:03:26,705 [ERROR] LogOutputStream:75 - [STDERR_REDIRECT] 
2026-05-25 08:03:27,706 [ERROR] LogOutputStream:75 - [STDERR_REDIRECT] [Fatal Error] :1:1: Premature end of file.
2026-05-25 08:03:27,706 [ERROR] LogOutputStream:75 - [STDERR_REDIRECT] 
2026-05-25 08:03:28,705 [ERROR] LogOutputStream:75 - [STDERR_REDIRECT] [Fatal Error] :1:1: Premature end of file.
2026-05-25 08:03:28,705 [ERROR] LogOutputStream:75 - [STDERR_REDIRECT] 
2026-05-25 08:03:29,705 [ERROR] LogOutputStream:75 - [STDERR_REDIRECT] [Fatal Error] :1:1: Premature end of file.
2026-05-25 08:03:29,705 [ERROR] LogOutputStream:75 - [STDERR_REDIRECT] 
2026-05-25 08:03:30,706 [ERROR] LogOutputStream:75 - [STDERR_REDIRECT] [Fatal Error] :1:1: Premature end of file.
2026-05-25 08:03:30,706 [ERROR] LogOutputStream:75 - [STDERR_REDIRECT] 
2026-05-25 08:03:31,704 [ERROR] LogOutputStream:75 - [STDERR_REDIRECT] [Fatal Error] :1:1: Premature end of file.
2026-05-25 08:03:31,704 [ERROR] LogOutputStream:75 - [STDERR_REDIRECT] 
2026-05-25 08:03:32,706 [ERROR] LogOutputStream:75 - [STDERR_REDIRECT] [Fatal Error] :1:1: Premature end of file.
2026-05-25 08:03:32,706 [ERROR] LogOutputStream:75 - [STDERR_REDIRECT] 
2026-05-25 08:03:33,705 [ERROR] LogOutputStream:75 - [STDERR_REDIRECT] [Fatal Error] :1:1: Premature end of file.
2026-05-25 08:03:33,705 [ERROR] LogOutputStream:75 - [STDERR_REDIRECT] 
2026-05-25 08:03:34,705 [ERROR] LogOutputStream:75 - [STDERR_REDIRECT] [Fatal Error] :1:1: Premature end of file.
2026-05-25 08:03:34,705 [ERROR] LogOutputStream:75 - [STDERR_REDIRECT] 
2026-05-25 08:03:35,705 [ERROR] LogOutputStream:75 - [STDERR_REDIRECT] [Fatal Error] :1:1: Premature end of file.
2026-05-25 08:03:35,705 [ERROR] LogOutputStream:75 - [STDERR_REDIRECT] 
2026-05-25 08:03:36,705 [ERROR] LogOutputStream:75 - [STDERR_REDIRECT] [Fatal Error] :1:1: Premature end of file.
2026-05-25 08:03:36,705 [ERROR] LogOutputStream:75 - [STDERR_REDIRECT] 
2026-05-25 08:03:37,705 [ERROR] LogOutputStream:75 - [STDERR_REDIRECT] [Fatal Error] :1:1: Premature end of file.
2026-05-25 08:03:37,705 [ERROR] LogOutputStream:75 - [STDERR_REDIRECT] 
2026-05-25 08:03:38,706 [ERROR] LogOutputStream:75 - [STDERR_REDIRECT] [Fatal Error] :1:1: Premature end of file.
2026-05-25 08:03:38,706 [ERROR] LogOutputStream:75 - [STDERR_REDIRECT] 
2026-05-25 08:03:39,704 [ERROR] LogOutputStream:75 - [STDERR_REDIRECT] [Fatal Error] :1:1: Premature end of file.
2026-05-25 08:03:39,704 [ERROR] LogOutputStream:75 - [STDERR_REDIRECT] 
2026-05-25 08:03:40,705 [ERROR] LogOutputStream:75 - [STDERR_REDIRECT] [Fatal Error] :1:1: Premature end of file.
2026-05-25 08:03:40,706 [ERROR] LogOutputStream:75 - [STDERR_REDIRECT] 
2026-05-25 08:03:41,707 [ERROR] LogOutputStream:75 - [STDERR_REDIRECT] [Fatal Error] :1:1: Premature end of file.
2026-05-25 08:03:41,707 [ERROR] LogOutputStream:75 - [STDERR_REDIRECT] 
2026-05-25 08:03:42,704 [ERROR] LogOutputStream:75 - [STDERR_REDIRECT] [Fatal Error] :1:1: Premature end of file.
2026-05-25 08:03:42,704 [ERROR] LogOutputStream:75 - [STDERR_REDIRECT] 
2026-05-25 08:03:43,705 [ERROR] LogOutputStream:75 - [STDERR_REDIRECT] [Fatal Error] :1:1: Premature end of file.
2026-05-25 08:03:43,706 [ERROR] LogOutputStream:75 - [STDERR_REDIRECT] 
2026-05-25 08:03:44,705 [ERROR] LogOutputStream:75 - [STDERR_REDIRECT] [Fatal Error] :1:1: Premature end of file.
2026-05-25 08:03:44,705 [ERROR] LogOutputStream:75 - [STDERR_REDIRECT] 
2026-05-25 08:03:45,706 [ERROR] LogOutputStream:75 - [STDERR_REDIRECT] [Fatal Error] :1:1: Premature end of file.
2026-05-25 08:03:45,706 [ERROR] LogOutputStream:75 - [STDERR_REDIRECT] 
2026-05-25 08:03:46,706 [ERROR] LogOutputStream:75 - [STDERR_REDIRECT] [Fatal Error] :1:1: Premature end of file.
2026-05-25 08:03:46,706 [ERROR] LogOutputStream:75 - [STDERR_REDIRECT] 
2026-05-25 08:03:47,705 [ERROR] LogOutputStream:75 - [STDERR_REDIRECT] [Fatal Error] :1:1: Premature end of file.
2026-05-25 08:03:47,705 [ERROR] LogOutputStream:75 - [STDERR_REDIRECT] 
2026-05-25 08:03:48,706 [ERROR] LogOutputStream:75 - [STDERR_REDIRECT] [Fatal Error] :1:1: Premature end of file.
2026-05-25 08:03:48,706 [ERROR] LogOutputStream:75 - [STDERR_REDIRECT] 
2026-05-25 08:03:49,705 [ERROR] LogOutputStream:75 - [STDERR_REDIRECT] [Fatal Error] :1:1: Premature end of file.
2026-05-25 08:03:49,706 [ERROR] LogOutputStream:75 - [STDERR_REDIRECT] 
2026-05-25 08:03:50,705 [ERROR] LogOutputStream:75 - [STDERR_REDIRECT] [Fatal Error] :1:1: Premature end of file.
2026-05-25 08:03:50,705 [ERROR] LogOutputStream:75 - [STDERR_REDIRECT] 
2026-05-25 08:03:51,705 [ERROR] LogOutputStream:75 - [STDERR_REDIRECT] [Fatal Error] :1:1: Premature end of file.
2026-05-25 08:03:51,705 [ERROR] LogOutputStream:75 - [STDERR_REDIRECT] 
2026-05-25 08:03:52,706 [ERROR] LogOutputStream:75 - [STDERR_REDIRECT] [Fatal Error] :1:1: Premature end of file.
2026-05-25 08:03:52,706 [ERROR] LogOutputStream:75 - [STDERR_REDIRECT] 
2026-05-25 08:03:53,705 [ERROR] LogOutputStream:75 - [STDERR_REDIRECT] [Fatal Error] :1:1: Premature end of file.
2026-05-25 08:03:53,705 [ERROR] LogOutputStream:75 - [STDERR_REDIRECT] 
2026-05-25 08:03:54,706 [ERROR] LogOutputStream:75 - [STDERR_REDIRECT] [Fatal Error] :1:1: Premature end of file.
2026-05-25 08:03:54,706 [ERROR] LogOutputStream:75 - [STDERR_REDIRECT] 
2026-05-25 08:03:55,705 [ERROR] LogOutputStream:75 - [STDERR_REDIRECT] [Fatal Error] :1:1: Premature end of file.
2026-05-25 08:03:55,705 [ERROR] LogOutputStream:75 - [STDERR_REDIRECT] 
2026-05-25 08:03:56,705 [ERROR] LogOutputStream:75 - [STDERR_REDIRECT] [Fatal Error] :1:1: Premature end of file.
2026-05-25 08:03:56,705 [ERROR] LogOutputStream:75 - [STDERR_REDIRECT] 
2026-05-25 08:03:57,706 [ERROR] LogOutputStream:75 - [STDERR_REDIRECT] [Fatal Error] :1:1: Premature end of file.
2026-05-25 08:03:57,706 [ERROR] LogOutputStream:75 - [STDERR_REDIRECT] 
2026-05-25 08:03:58,704 [ERROR] LogOutputStream:75 - [STDERR_REDIRECT] [Fatal Error] :1:1: Premature end of file.
2026-05-25 08:03:58,705 [ERROR] LogOutputStream:75 - [STDERR_REDIRECT] 
2026-05-25 08:03:59,706 [ERROR] LogOutputStream:75 - [STDERR_REDIRECT] [Fatal Error] :1:1: Premature end of file.
2026-05-25 08:03:59,706 [ERROR] LogOutputStream:75 - [STDERR_REDIRECT] 
2026-05-25 08:04:00,706 [ERROR] LogOutputStream:75 - [STDERR_REDIRECT] [Fatal Error] :1:1: Premature end of file.
2026-05-25 08:04:00,706 [ERROR] LogOutputStream:75 - [STDERR_REDIRECT] 
2026-05-25 08:04:01,707 [ERROR] LogOutputStream:75 - [STDERR_REDIRECT] [Fatal Error] :1:1: Premature end of file.
2026-05-25 08:04:01,707 [ERROR] LogOutputStream:75 - [STDERR_REDIRECT] 
2026-05-25 08:04:02,706 [ERROR] LogOutputStream:75 - [STDERR_REDIRECT] [Fatal Error] :1:1: Premature end of file.
2026-05-25 08:04:02,707 [ERROR] LogOutputStream:75 - [STDERR_REDIRECT] 
2026-05-25 08:04:03,709 [ERROR] LogOutputStream:75 - [STDERR_REDIRECT] [Fatal Error] :1:1: Premature end of file.
2026-05-25 08:04:03,710 [ERROR] LogOutputStream:75 - [STDERR_REDIRECT] 
2026-05-25 08:04:04,724 [ERROR] LogOutputStream:75 - [STDERR_REDIRECT] 
