2026-06-21 17:15:19,029 [INFO] Activator:176 - 


2026-06-21 17:15:19,029 [INFO] Activator:177 - !SESSION log4j initialized
2026-06-21 17:15:25,981 [INFO] LogOutputStream:77 - [STDOUT_REDIRECT] 
2026-06-21 17:15:27,994 [INFO] ApplicationProperties:184 - Using Application install path: C:\ST\STM32CubeIDE_1.18.1\STM32CubeIDE\plugins\com.st.stm32cube.common.mx_6.15.0.202507011659
2026-06-21 17:15:28,018 [INFO] DbMcusXml:78 - Set database path to: C:\ST\STM32CubeIDE_1.18.1\STM32CubeIDE\plugins\com.st.stm32cube.common.mx_6.15.0.202507011659\\db\/mcu/
2026-06-21 17:15:28,019 [INFO] ApiDb:274 - Set plugin database path to: C:\ST\STM32CubeIDE_1.18.1\STM32CubeIDE\plugins\com.st.stm32cube.common.mx_6.15.0.202507011659\\db\/plugins/boardmanager/
2026-06-21 17:15:28,019 [WARN] ApiDb:259 - Overriding images path with different value:  => C:\ST\STM32CubeIDE_1.18.1\STM32CubeIDE\plugins\com.st.stm32cube.common.mx_6.15.0.202507011659\\db\/plugins/mcufinder/images/
2026-06-21 17:15:28,034 [INFO] ApiDb:250 - Set database path to: C:\Users\Samuel\.stmcufinder\plugins\mcufinder//mcu/
2026-06-21 17:15:28,036 [INFO] DbMcusAds:125 - Set database path to: C:\Users\Samuel\.stmcufinder\plugins\mcufinder//mcu/
2026-06-21 17:15:28,041 [INFO] CrossReferenceDbSqlite:203 - Set database path to: C:\Users\Samuel\.stmcufinder\plugins\mcufinder//mcu/cs/
2026-06-21 17:15:28,253 [INFO] RulesReader:64 - Compatibility file has been processed (317 Rules)
2026-06-21 17:15:28,290 [ERROR] LogOutputStream:75 - [STDERR_REDIRECT] [Fatal Error] :1:1: Premature end of file.
2026-06-21 17:15:28,291 [ERROR] LogOutputStream:75 - [STDERR_REDIRECT] 
2026-06-21 17:15:28,406 [INFO] DbMcusXml:78 - Set database path to: C:\ST\STM32CubeIDE_1.18.1\STM32CubeIDE\plugins\com.st.stm32cube.common.mx_6.15.0.202507011659\\db\/mcu/
2026-06-21 17:15:28,407 [INFO] ApiDb:274 - Set plugin database path to: C:\ST\STM32CubeIDE_1.18.1\STM32CubeIDE\plugins\com.st.stm32cube.common.mx_6.15.0.202507011659\\db\/plugins/boardmanager/
2026-06-21 17:15:28,407 [INFO] ApiDb:261 - Set plugin images path to: C:\ST\STM32CubeIDE_1.18.1\STM32CubeIDE\plugins\com.st.stm32cube.common.mx_6.15.0.202507011659\\db\/plugins/mcufinder/images/
2026-06-21 17:15:28,407 [WARN] DbFile:41 - Overriding database path with different value: C:\Users\Samuel\.stmcufinder\plugins\mcufinder/ => C:\Users\Samuel\.stmcufinder\plugins\mcufinder
2026-06-21 17:15:28,407 [INFO] ApiDb:250 - Set database path to: C:\Users\Samuel\.stmcufinder\plugins\mcufinder//mcu/
2026-06-21 17:15:28,407 [WARN] DbFile:41 - Overriding database path with different value: C:\Users\Samuel\.stmcufinder\plugins\mcufinder/ => C:\Users\Samuel\.stmcufinder\plugins\mcufinder
2026-06-21 17:15:28,408 [INFO] DbMcusAds:125 - Set database path to: C:\Users\Samuel\.stmcufinder\plugins\mcufinder//mcu/
2026-06-21 17:15:28,408 [WARN] DbFile:41 - Overriding database path with different value: C:\Users\Samuel\.stmcufinder\plugins\mcufinder/ => C:\Users\Samuel\.stmcufinder\plugins\mcufinder
2026-06-21 17:15:28,408 [WARN] DbFile:41 - Overriding database path with different value: C:\Users\Samuel\.stmcufinder\plugins\mcufinder/ => C:\Users\Samuel\.stmcufinder\plugins\mcufinder
2026-06-21 17:15:28,408 [INFO] CrossReferenceDbSqlite:203 - Set database path to: C:\Users\Samuel\.stmcufinder\plugins\mcufinder//mcu/cs/
2026-06-21 17:15:28,505 [INFO] MainPanel:274 - HeapMemory: 268435456
2026-06-21 17:15:28,670 [INFO] DbMcusXml:78 - Set database path to: C:\ST\STM32CubeIDE_1.18.1\STM32CubeIDE\plugins\com.st.stm32cube.common.mx_6.15.0.202507011659\\db\/mcu/
2026-06-21 17:15:28,670 [INFO] ApiDb:274 - Set plugin database path to: C:\ST\STM32CubeIDE_1.18.1\STM32CubeIDE\plugins\com.st.stm32cube.common.mx_6.15.0.202507011659\\db\/plugins/boardmanager/
2026-06-21 17:15:28,670 [INFO] ApiDb:261 - Set plugin images path to: C:\ST\STM32CubeIDE_1.18.1\STM32CubeIDE\plugins\com.st.stm32cube.common.mx_6.15.0.202507011659\\db\/plugins/mcufinder/images/
2026-06-21 17:15:28,671 [WARN] DbFile:41 - Overriding database path with different value: C:\Users\Samuel\.stmcufinder\plugins\mcufinder/ => C:\Users\Samuel\.stmcufinder\plugins\mcufinder
2026-06-21 17:15:28,671 [INFO] ApiDb:250 - Set database path to: C:\Users\Samuel\.stmcufinder\plugins\mcufinder//mcu/
2026-06-21 17:15:28,671 [WARN] DbFile:41 - Overriding database path with different value: C:\Users\Samuel\.stmcufinder\plugins\mcufinder/ => C:\Users\Samuel\.stmcufinder\plugins\mcufinder
2026-06-21 17:15:28,671 [INFO] DbMcusAds:125 - Set database path to: C:\Users\Samuel\.stmcufinder\plugins\mcufinder//mcu/
2026-06-21 17:15:28,671 [WARN] DbFile:41 - Overriding database path with different value: C:\Users\Samuel\.stmcufinder\plugins\mcufinder/ => C:\Users\Samuel\.stmcufinder\plugins\mcufinder
2026-06-21 17:15:28,671 [WARN] DbFile:41 - Overriding database path with different value: C:\Users\Samuel\.stmcufinder\plugins\mcufinder/ => C:\Users\Samuel\.stmcufinder\plugins\mcufinder
2026-06-21 17:15:28,671 [INFO] CrossReferenceDbSqlite:203 - Set database path to: C:\Users\Samuel\.stmcufinder\plugins\mcufinder//mcu/cs/
2026-06-21 17:15:28,695 [INFO] ApplicationProperties:184 - Using Application install path: C:\ST\STM32CubeIDE_1.18.1\STM32CubeIDE\plugins\com.st.stm32cube.common.mx_6.15.0.202507011659
2026-06-21 17:15:28,696 [INFO] PluginManage:196 - Search for loadable plugins [exclusion list=, ]
2026-06-21 17:15:28,698 [INFO] PluginManage:310 - Check plugin analytics
2026-06-21 17:15:28,895 [INFO] AnalyticsPlugin:253 - Accepted Software Licenses: 
2026-06-21 17:15:28,895 [INFO] AnalyticsPlugin:255 - Accepted CMSIS Pack Licenses: 
2026-06-21 17:15:28,895 [INFO] AnalyticsPlugin:257 - Accepted Firmware Licenses: FW.F4.1.28.0
2026-06-21 17:15:28,899 [INFO] PluginManage:359 - Loaded plugin analytics (category:tool,tabindex:-1)
2026-06-21 17:15:28,899 [INFO] PluginManage:310 - Check plugin cadmodel
2026-06-21 17:15:28,906 [INFO] CADModel:105 - Init CAD model plugin
2026-06-21 17:15:28,906 [INFO] PluginManage:359 - Loaded plugin cadmodel (category:power,tabindex:5)
2026-06-21 17:15:28,907 [INFO] PluginManage:310 - Check plugin clock
2026-06-21 17:15:28,919 [INFO] PluginManage:359 - Loaded plugin clock (category:base,tabindex:2)
2026-06-21 17:15:28,919 [INFO] PluginManage:310 - Check plugin ddr
2026-06-21 17:15:28,922 [INFO] PluginManage:359 - Loaded plugin ddr (category:tool,tabindex:6)
2026-06-21 17:15:28,922 [INFO] PluginManage:310 - Check plugin filemanager
2026-06-21 17:15:29,016 [ERROR] LogOutputStream:75 - [STDERR_REDIRECT] [Fatal Error] :1:1: Premature end of file.
2026-06-21 17:15:29,016 [ERROR] LogOutputStream:75 - [STDERR_REDIRECT] 
2026-06-21 17:15:29,101 [INFO] PluginManage:359 - Loaded plugin filemanager (category:base,tabindex:10)
2026-06-21 17:15:29,101 [INFO] PluginManage:310 - Check plugin ipmanager
2026-06-21 17:15:29,110 [INFO] PluginManage:359 - Loaded plugin ipmanager (category:base,tabindex:5)
2026-06-21 17:15:29,110 [INFO] PluginManage:310 - Check plugin lpbam
2026-06-21 17:15:29,120 [INFO] PluginManage:359 - Loaded plugin lpbam (category:base,tabindex:0)
2026-06-21 17:15:29,120 [INFO] PluginManage:310 - Check plugin memorymap
2026-06-21 17:15:29,143 [INFO] PluginManage:359 - Loaded plugin memorymap (category:base,tabindex:4)
2026-06-21 17:15:29,143 [INFO] PluginManage:310 - Check plugin pinoutandconfiguration
2026-06-21 17:15:29,158 [INFO] PluginManage:359 - Loaded plugin pinoutandconfiguration (category:base,tabindex:1)
2026-06-21 17:15:29,159 [INFO] PluginManage:310 - Check plugin pinoutconfig
2026-06-21 17:15:29,270 [WARN] SupportedApi:132 - Cannot load RTOS API schema: s4s-elt-must-match.1: The content of 'definitions' must match (annotation?, (simpleType | complexType)?, (unique | key | keyref)*)). A problem was found starting at: attribute.
2026-06-21 17:15:29,441 [INFO] PluginManage:359 - Loaded plugin pinoutconfig (category:base,tabindex:0)
2026-06-21 17:15:29,441 [INFO] PluginManage:310 - Check plugin power
2026-06-21 17:15:29,453 [INFO] PluginManage:359 - Loaded plugin power (category:power,tabindex:4)
2026-06-21 17:15:29,453 [INFO] PluginManage:310 - Check plugin projectmanager
2026-06-21 17:15:29,472 [INFO] PluginManage:359 - Loaded plugin projectmanager (category:projectmanager,tabindex:4)
2026-06-21 17:15:29,472 [INFO] PluginManage:310 - Check plugin rif
2026-06-21 17:15:29,487 [INFO] PluginManage:359 - Loaded plugin rif (category:base,tabindex:3)
2026-06-21 17:15:29,487 [INFO] PluginManage:310 - Check plugin thirdparty
2026-06-21 17:15:29,665 [WARN] IntegrityCheckThread:84 - waiting for thirdparty lock release [integrity check]
2026-06-21 17:15:29,665 [INFO] IntegrityCheckThread:86 - entering critical section [integrity check]
2026-06-21 17:15:29,665 [INFO] ThirdPartyUpdaterWithRetryManager:70 - Updater plugin not ready yet. [1/15]
2026-06-21 17:15:29,665 [INFO] PluginManage:359 - Loaded plugin thirdparty (category:base,tabindex:-1)
2026-06-21 17:15:29,666 [INFO] PluginManage:310 - Check plugin tools
2026-06-21 17:15:29,670 [INFO] PluginManage:359 - Loaded plugin tools (category:base,tabindex:7)
2026-06-21 17:15:29,670 [INFO] PluginManage:310 - Check plugin tutovideos
2026-06-21 17:15:29,960 [INFO] PluginManage:359 - Loaded plugin tutovideos (category:base,tabindex:-1)
2026-06-21 17:15:29,960 [INFO] PluginManage:310 - Check plugin updater
2026-06-21 17:15:29,983 [INFO] PluginManage:359 - Loaded plugin updater (category:base,tabindex:12)
2026-06-21 17:15:29,983 [INFO] PluginManage:310 - Check plugin userauth
2026-06-21 17:15:29,989 [INFO] UserAuth:118 - Init User Auth plugin
2026-06-21 17:15:29,989 [INFO] PluginManage:359 - Loaded plugin userauth (category:base,tabindex:14)
2026-06-21 17:15:29,990 [INFO] PluginManage:283 - PluginManage : Loaded plugins [18]
2026-06-21 17:15:30,018 [ERROR] LogOutputStream:75 - [STDERR_REDIRECT] [Fatal Error] :1:1: Premature end of file.
2026-06-21 17:15:30,018 [ERROR] LogOutputStream:75 - [STDERR_REDIRECT] 
2026-06-21 17:15:30,319 [INFO] PinOutPanel:1589 - setPackage(No Configuration,No Configuration)
2026-06-21 17:15:30,416 [INFO] CADModel:165 - CPN selected for project level
2026-06-21 17:15:30,416 [INFO] CADModel:114 - Register for checkConnection events
2026-06-21 17:15:30,437 [INFO] IPUIPlugin:80 - create IPUIPlugin
2026-06-21 17:15:30,437 [INFO] PluginManager:220 - loadIPPluginJar : add adc
2026-06-21 17:15:30,440 [INFO] IPUIPlugin:80 - create IPUIPlugin
2026-06-21 17:15:30,440 [INFO] PluginManager:220 - loadIPPluginJar : add aes
2026-06-21 17:15:30,443 [INFO] IPUIPlugin:80 - create IPUIPlugin
2026-06-21 17:15:30,443 [INFO] PluginManager:220 - loadIPPluginJar : add can
2026-06-21 17:15:30,446 [INFO] IPUIPlugin:80 - create IPUIPlugin
2026-06-21 17:15:30,446 [INFO] PluginManager:220 - loadIPPluginJar : add comp
2026-06-21 17:15:30,449 [INFO] IPUIPlugin:80 - create IPUIPlugin
2026-06-21 17:15:30,449 [INFO] PluginManager:220 - loadIPPluginJar : add cryp
2026-06-21 17:15:30,454 [INFO] IPUIPlugin:80 - create IPUIPlugin
2026-06-21 17:15:30,455 [INFO] PluginManager:220 - loadIPPluginJar : add ddr_ctrl_phy
2026-06-21 17:15:30,459 [INFO] IPUIPlugin:80 - create IPUIPlugin
2026-06-21 17:15:30,459 [INFO] PluginManager:220 - loadIPPluginJar : add dfsdm
2026-06-21 17:15:30,467 [INFO] IPUIPlugin:80 - create IPUIPlugin
2026-06-21 17:15:30,468 [INFO] PluginManager:220 - loadIPPluginJar : add dma
2026-06-21 17:15:30,472 [INFO] IPUIPlugin:80 - create IPUIPlugin
2026-06-21 17:15:30,472 [INFO] PluginManager:220 - loadIPPluginJar : add dma3
2026-06-21 17:15:30,475 [INFO] IPUIPlugin:80 - create IPUIPlugin
2026-06-21 17:15:30,475 [INFO] PluginManager:220 - loadIPPluginJar : add extmemmanager
2026-06-21 17:15:30,478 [INFO] IPUIPlugin:80 - create IPUIPlugin
2026-06-21 17:15:30,478 [INFO] PluginManager:220 - loadIPPluginJar : add fatfs
2026-06-21 17:15:30,483 [INFO] IPUIPlugin:80 - create IPUIPlugin
2026-06-21 17:15:30,483 [INFO] PluginManager:220 - loadIPPluginJar : add fmc
2026-06-21 17:15:30,496 [INFO] IPUIPlugin:80 - create IPUIPlugin
2026-06-21 17:15:30,496 [INFO] PluginManager:220 - loadIPPluginJar : add freertos
2026-06-21 17:15:30,498 [INFO] IPUIPlugin:80 - create IPUIPlugin
2026-06-21 17:15:30,498 [INFO] PluginManager:220 - loadIPPluginJar : add genericplugin
2026-06-21 17:15:30,501 [INFO] IPUIPlugin:80 - create IPUIPlugin
2026-06-21 17:15:30,501 [INFO] PluginManager:220 - loadIPPluginJar : add gfxmmu
2026-06-21 17:15:30,506 [INFO] IPUIPlugin:80 - create IPUIPlugin
2026-06-21 17:15:30,506 [INFO] PluginManager:220 - loadIPPluginJar : add gic
2026-06-21 17:15:30,511 [INFO] IPUIPlugin:80 - create IPUIPlugin
2026-06-21 17:15:30,511 [INFO] PluginManager:220 - loadIPPluginJar : add gpio
2026-06-21 17:15:30,516 [INFO] IPUIPlugin:80 - create IPUIPlugin
2026-06-21 17:15:30,516 [INFO] PluginManager:220 - loadIPPluginJar : add gtzc
2026-06-21 17:15:30,520 [INFO] IPUIPlugin:80 - create IPUIPlugin
2026-06-21 17:15:30,520 [INFO] PluginManager:220 - loadIPPluginJar : add hash
2026-06-21 17:15:30,524 [INFO] IPUIPlugin:80 - create IPUIPlugin
2026-06-21 17:15:30,524 [INFO] PluginManager:220 - loadIPPluginJar : add i2c
2026-06-21 17:15:30,526 [INFO] IPUIPlugin:80 - create IPUIPlugin
2026-06-21 17:15:30,526 [INFO] PluginManager:220 - loadIPPluginJar : add i2s
2026-06-21 17:15:30,530 [INFO] IPUIPlugin:80 - create IPUIPlugin
2026-06-21 17:15:30,530 [INFO] PluginManager:220 - loadIPPluginJar : add i3c
2026-06-21 17:15:30,533 [INFO] IPUIPlugin:80 - create IPUIPlugin
2026-06-21 17:15:30,533 [INFO] PluginManager:220 - loadIPPluginJar : add ipddr
2026-06-21 17:15:30,541 [INFO] IPUIPlugin:80 - create IPUIPlugin
2026-06-21 17:15:30,542 [INFO] PluginManager:220 - loadIPPluginJar : add linkedlist
2026-06-21 17:15:30,545 [INFO] IPUIPlugin:80 - create IPUIPlugin
2026-06-21 17:15:30,545 [INFO] PluginManager:220 - loadIPPluginJar : add lorawan
2026-06-21 17:15:30,547 [INFO] IPUIPlugin:80 - create IPUIPlugin
2026-06-21 17:15:30,547 [INFO] PluginManager:220 - loadIPPluginJar : add ltdc
2026-06-21 17:15:30,555 [INFO] IPUIPlugin:80 - create IPUIPlugin
2026-06-21 17:15:30,555 [INFO] PluginManager:220 - loadIPPluginJar : add mdma
2026-06-21 17:15:30,559 [INFO] IPUIPlugin:80 - create IPUIPlugin
2026-06-21 17:15:30,559 [INFO] PluginManager:220 - loadIPPluginJar : add nvic
2026-06-21 17:15:30,563 [INFO] IPUIPlugin:80 - create IPUIPlugin
2026-06-21 17:15:30,563 [INFO] PluginManager:220 - loadIPPluginJar : add opamp
2026-06-21 17:15:30,566 [INFO] IPUIPlugin:80 - create IPUIPlugin
2026-06-21 17:15:30,567 [INFO] PluginManager:220 - loadIPPluginJar : add openamp
2026-06-21 17:15:30,570 [INFO] IPUIPlugin:80 - create IPUIPlugin
2026-06-21 17:15:30,570 [INFO] PluginManager:220 - loadIPPluginJar : add pdm2pcm
2026-06-21 17:15:30,580 [INFO] IPUIPlugin:80 - create IPUIPlugin
2026-06-21 17:15:30,583 [INFO] PluginManager:220 - loadIPPluginJar : add plateformsettings
2026-06-21 17:15:30,585 [INFO] IPUIPlugin:80 - create IPUIPlugin
2026-06-21 17:15:30,586 [INFO] PluginManager:220 - loadIPPluginJar : add quadspi
2026-06-21 17:15:30,588 [INFO] IPUIPlugin:80 - create IPUIPlugin
2026-06-21 17:15:30,588 [INFO] PluginManager:220 - loadIPPluginJar : add radio
2026-06-21 17:15:30,593 [INFO] IPUIPlugin:80 - create IPUIPlugin
2026-06-21 17:15:30,593 [INFO] PluginManager:220 - loadIPPluginJar : add resmgrutility
2026-06-21 17:15:30,597 [INFO] IPUIPlugin:80 - create IPUIPlugin
2026-06-21 17:15:30,597 [INFO] PluginManager:220 - loadIPPluginJar : add sai
2026-06-21 17:15:30,600 [INFO] IPUIPlugin:80 - create IPUIPlugin
2026-06-21 17:15:30,600 [INFO] PluginManager:220 - loadIPPluginJar : add spi
2026-06-21 17:15:30,610 [INFO] IPUIPlugin:80 - create IPUIPlugin
2026-06-21 17:15:30,610 [INFO] PluginManager:220 - loadIPPluginJar : add stm32_wpan
2026-06-21 17:15:30,613 [INFO] IPUIPlugin:80 - create IPUIPlugin
2026-06-21 17:15:30,613 [INFO] PluginManager:220 - loadIPPluginJar : add tim
2026-06-21 17:15:30,618 [INFO] IPUIPlugin:80 - create IPUIPlugin
2026-06-21 17:15:30,619 [INFO] PluginManager:220 - loadIPPluginJar : add touchsensing
2026-06-21 17:15:30,621 [INFO] IPUIPlugin:80 - create IPUIPlugin
2026-06-21 17:15:30,622 [INFO] PluginManager:220 - loadIPPluginJar : add tracer_emb
2026-06-21 17:15:30,624 [INFO] IPUIPlugin:80 - create IPUIPlugin
2026-06-21 17:15:30,624 [INFO] PluginManager:220 - loadIPPluginJar : add ts
2026-06-21 17:15:30,626 [INFO] IPUIPlugin:80 - create IPUIPlugin
2026-06-21 17:15:30,626 [INFO] PluginManager:220 - loadIPPluginJar : add tsc
2026-06-21 17:15:30,629 [INFO] IPUIPlugin:80 - create IPUIPlugin
2026-06-21 17:15:30,629 [INFO] PluginManager:220 - loadIPPluginJar : add ucpd
2026-06-21 17:15:30,632 [INFO] IPUIPlugin:80 - create IPUIPlugin
2026-06-21 17:15:30,632 [INFO] PluginManager:220 - loadIPPluginJar : add usart
2026-06-21 17:15:30,636 [INFO] IPUIPlugin:80 - create IPUIPlugin
2026-06-21 17:15:30,636 [INFO] PluginManager:220 - loadIPPluginJar : add usbx
2026-06-21 17:15:30,777 [FATAL] Updater:351 - Updater called before beeing initialized
2026-06-21 17:15:30,806 [INFO] RulesReader:64 - Compatibility file has been processed (317 Rules)
2026-06-21 17:15:30,821 [INFO] RulesReader:64 - Compatibility file has been processed (317 Rules)
2026-06-21 17:15:30,833 [INFO] CADModel:165 - CPN selected for project level
2026-06-21 17:15:30,834 [INFO] CADModel:114 - Register for checkConnection events
2026-06-21 17:15:30,834 [FATAL] Updater:351 - Updater called before beeing initialized
2026-06-21 17:15:30,834 [ERROR] CADModel:125 - Updater not yet initialized, retry later 
2026-06-21 17:15:31,018 [ERROR] LogOutputStream:75 - [STDERR_REDIRECT] [Fatal Error] :1:1: Premature end of file.
2026-06-21 17:15:31,019 [ERROR] LogOutputStream:75 - [STDERR_REDIRECT] 
2026-06-21 17:15:31,155 [FATAL] Updater:351 - Updater called before beeing initialized
2026-06-21 17:15:31,174 [INFO] CADModel:165 - CPN selected for project level
2026-06-21 17:15:31,174 [INFO] CADModel:114 - Register for checkConnection events
2026-06-21 17:15:31,174 [FATAL] Updater:351 - Updater called before beeing initialized
2026-06-21 17:15:31,174 [ERROR] CADModel:125 - Updater not yet initialized, retry later 
2026-06-21 17:15:31,177 [FATAL] Updater:351 - Updater called before beeing initialized
2026-06-21 17:15:31,356 [FATAL] Updater:351 - Updater called before beeing initialized
2026-06-21 17:15:31,362 [INFO] DbMcusAds:53 - JSON generation date=Thu May 28 18:08:17 CEST 2026 (1779984497073)
2026-06-21 17:15:31,363 [FATAL] Updater:351 - Updater called before beeing initialized
2026-06-21 17:15:31,418 [WARN] DetailPanel:346 - Failed to get advertising image, set to default
2026-06-21 17:15:31,520 [FATAL] Updater:351 - Updater called before beeing initialized
2026-06-21 17:15:31,522 [FATAL] Updater:351 - Updater called before beeing initialized
2026-06-21 17:15:31,522 [FATAL] Updater:351 - Updater called before beeing initialized
2026-06-21 17:15:31,522 [WARN] DetailPanel:346 - Failed to get advertising image, set to default
2026-06-21 17:15:31,523 [FATAL] Updater:351 - Updater called before beeing initialized
2026-06-21 17:15:31,584 [ERROR] Updater:1198 - MainUpdater not yet initialized. External WinMGr cannot be set.
2026-06-21 17:15:31,587 [INFO] Updater:1134 - Updater Version found : 6.15.0
2026-06-21 17:15:31,606 [INFO] ApplicationProperties:184 - Using Application install path: C:\ST\STM32CubeIDE_1.18.1\STM32CubeIDE\plugins\com.st.stm32cube.common.mx_6.15.0.202507011659
2026-06-21 17:15:32,018 [ERROR] LogOutputStream:75 - [STDERR_REDIRECT] [Fatal Error] :1:1: Premature end of file.
2026-06-21 17:15:32,018 [ERROR] LogOutputStream:75 - [STDERR_REDIRECT] 
2026-06-21 17:15:32,666 [INFO] ThirdPartyUpdaterWithRetryManager:70 - Updater plugin not ready yet. [2/15]
2026-06-21 17:15:33,019 [ERROR] LogOutputStream:75 - [STDERR_REDIRECT] [Fatal Error] :1:1: Premature end of file.
2026-06-21 17:15:33,020 [ERROR] LogOutputStream:75 - [STDERR_REDIRECT] 
2026-06-21 17:15:33,183 [ERROR] LogOutputStream:75 - [STDERR_REDIRECT] Jun 21, 2026 5:15:33 PM java.util.prefs.WindowsPreferences <init>
2026-06-21 17:15:33,186 [ERROR] LogOutputStream:75 - [STDERR_REDIRECT] WARNING: Could not open/create prefs root node Software\JavaSoft\Prefs at root 0xffffffff80000002. Windows RegCreateKeyEx(...) returned error code 5.
2026-06-21 17:15:33,186 [ERROR] LogOutputStream:75 - [STDERR_REDIRECT] 
2026-06-21 17:15:33,787 [INFO] MainUpdater:2872 - connection check result : 10
2026-06-21 17:15:33,788 [INFO] MainUpdater:289 - Updater Check For Update Now.
2026-06-21 17:15:33,788 [INFO] MicroXplorer:498 - Change Database Version : DB.6.0.150
2026-06-21 17:15:33,807 [INFO] McuFinderGlobals:63 - Set McuFinder mode to 2 (CubeIDE integrated)
2026-06-21 17:15:33,808 [INFO] UserAuth:487 - Internet connection configuration mode: 1
2026-06-21 17:15:33,861 [INFO] JxBrowserEngine:152 - Initiate JxBrowser Engine with user profile folder
2026-06-21 17:15:33,994 [INFO] CheckServerUpdateThread:120 - End of CheckServer Thread
2026-06-21 17:15:34,018 [ERROR] LogOutputStream:75 - [STDERR_REDIRECT] [Fatal Error] :1:1: Premature end of file.
2026-06-21 17:15:34,018 [ERROR] LogOutputStream:75 - [STDERR_REDIRECT] 
2026-06-21 17:15:35,018 [ERROR] LogOutputStream:75 - [STDERR_REDIRECT] [Fatal Error] :1:1: Premature end of file.
2026-06-21 17:15:35,018 [ERROR] LogOutputStream:75 - [STDERR_REDIRECT] 
2026-06-21 17:15:35,969 [INFO] WebApp:169 - Instantiating new browser for Auth
2026-06-21 17:15:36,022 [ERROR] LogOutputStream:75 - [STDERR_REDIRECT] [Fatal Error] :1:1: Premature end of file.
2026-06-21 17:15:36,022 [ERROR] LogOutputStream:75 - [STDERR_REDIRECT] 
2026-06-21 17:15:36,130 [WARN] PackLoader:240 - Cannot read IP mode file for STMicroelectronics.X-CUBE-AZRTOS-H7.3.5.0
2026-06-21 17:15:36,150 [WARN] PackLoader:240 - Cannot read IP mode file for STMicroelectronics.FP-SNS-MOTENVWB1.1.4.0
2026-06-21 17:15:36,167 [ERROR] Engine:466 - C:\Users\Samuel\.stm32cubemx\thirdparties\pdsc\STMicroelectronics.X-CUBE-SMBUS.2.1.1.pdsc: PDSC version is not supported
2026-06-21 17:15:36,171 [WARN] PackLoader:240 - Cannot read IP mode file for STMicroelectronics.X-CUBE-SMBUS.2.1.0
2026-06-21 17:15:36,177 [WARN] PackLoader:240 - Cannot read IP mode file for STMicroelectronics.X-CUBE-ST60.1.0.0
2026-06-21 17:15:36,201 [WARN] PackLoader:240 - Cannot read IP mode file for STMicroelectronics.X-CUBE-AZRTOS-F7.1.1.0
2026-06-21 17:15:36,211 [WARN] PackLoader:240 - Cannot read IP mode file for STMicroelectronics.FP-SNS-MOTENV1.5.1.0
2026-06-21 17:15:36,235 [WARN] PackLoader:240 - Cannot read IP mode file for Infineon.AIROC-Wi-Fi-Bluetooth-STM32.1.7.0
2026-06-21 17:15:36,267 [WARN] PackLoader:240 - Cannot read IP mode file for STMicroelectronics.X-CUBE-AZRTOS-H7.3.4.0
2026-06-21 17:15:36,278 [WARN] PackLoader:240 - Cannot read IP mode file for STMicroelectronics.X-CUBE-DISPLAY.3.0.0
2026-06-21 17:15:36,298 [WARN] PackLoader:240 - Cannot read IP mode file for STMicroelectronics.X-CUBE-GNSS1.7.1.1
2026-06-21 17:15:36,311 [WARN] PackLoader:240 - Cannot read IP mode file for STMicroelectronics.FP-SNS-MOTENVWB1.1.5.0
2026-06-21 17:15:36,317 [WARN] PackLoader:240 - Cannot read IP mode file for STMicroelectronics.X-CUBE-NFC10.1.0.0
2026-06-21 17:15:36,328 [WARN] PackLoader:240 - Cannot read IP mode file for STMicroelectronics.X-CUBE-BLEMGR.4.0.0
2026-06-21 17:15:36,336 [WARN] PackLoader:240 - Cannot read IP mode file for STMicroelectronics.X-CUBE-ST60.1.1.0
2026-06-21 17:15:36,342 [WARN] PackLoader:240 - Cannot read IP mode file for emotas.I-CUBE-CANOPEN.1.3.0
2026-06-21 17:15:36,352 [WARN] PackLoader:240 - Cannot read IP mode file for STMicroelectronics.X-CUBE-GNSS1.7.1.0
2026-06-21 17:15:36,358 [WARN] ConditionMgr:438 - getConditionDescription Invalid condition id : Cortex-A Device cause : null
2026-06-21 17:15:36,373 [WARN] ConditionMgr:1044 - genDependencies : Invalid condition id : Cortex-A Device cause : null
2026-06-21 17:15:36,374 [WARN] ConditionMgr:1044 - genDependencies : Invalid condition id : Cortex-A Device cause : null
2026-06-21 17:15:36,374 [WARN] ConditionMgr:1044 - genDependencies : Invalid condition id : Cortex-A Device cause : null
2026-06-21 17:15:36,378 [WARN] PackLoader:240 - Cannot read IP mode file for STMicroelectronics.X-CUBE-AI.10.0.0
2026-06-21 17:15:36,384 [WARN] PackLoader:240 - Cannot read IP mode file for STMicroelectronics.FP-SNS-STBOX1.2.1.0
2026-06-21 17:15:36,390 [WARN] PackLoader:240 - Cannot read IP mode file for STMicroelectronics.FP-SNS-SMARTAG2.1.2.0
2026-06-21 17:15:36,400 [INFO] LogOutputStream:77 - [STDOUT_REDIRECT] 1 : Invalid condition id : UX_CORESTACK_Condition cause : null
2026-06-21 17:15:36,401 [INFO] LogOutputStream:77 - [STDOUT_REDIRECT] 1 : Invalid condition id : UX_CORESTACK_Condition cause : null
2026-06-21 17:15:36,402 [INFO] LogOutputStream:77 - [STDOUT_REDIRECT] 1 : Invalid condition id : UX_CORESTACK_Condition cause : null
2026-06-21 17:15:36,404 [INFO] LogOutputStream:77 - [STDOUT_REDIRECT] 1 : Invalid condition id : UX_CORESTACK_Condition cause : null
2026-06-21 17:15:36,405 [INFO] LogOutputStream:77 - [STDOUT_REDIRECT] 1 : Invalid condition id : UX_CORESTACK_Condition cause : null
2026-06-21 17:15:36,408 [WARN] PackLoader:240 - Cannot read IP mode file for STMicroelectronics.X-CUBE-AZRTOS-WL.2.0.0
2026-06-21 17:15:36,414 [WARN] PackLoader:240 - Cannot read IP mode file for STMicroelectronics.FP-SNS-MOTENV1.5.0.0
2026-06-21 17:15:36,438 [WARN] PackLoader:240 - Cannot read IP mode file for STMicroelectronics.X-CUBE-AZRTOS-H7RS.1.2.0
2026-06-21 17:15:36,452 [WARN] PackLoader:240 - Cannot read IP mode file for WES.I-CUBE-Cesium.1.3.0
2026-06-21 17:15:36,457 [WARN] PackLoader:240 - Cannot read IP mode file for STMicroelectronics.X-CUBE-BLE2.3.3.0
2026-06-21 17:15:36,474 [WARN] PackLoader:240 - Cannot read IP mode file for STMicroelectronics.X-CUBE-NFC9.1.0.0
2026-06-21 17:15:36,481 [WARN] PackLoader:240 - Cannot read IP mode file for wolfSSL.I-CUBE-wolfSSL.5.8.0
2026-06-21 17:15:36,485 [WARN] PackLoader:240 - Cannot read IP mode file for wolfSSL.I-CUBE-wolfMQTT.1.19.2
2026-06-21 17:15:36,491 [WARN] PackLoader:240 - Cannot read IP mode file for STMicroelectronics.X-CUBE-FREERTOS.1.4.0
2026-06-21 17:15:36,510 [WARN] PackLoader:240 - Cannot read IP mode file for STMicroelectronics.X-CUBE-EEPRMA1.5.2.0
2026-06-21 17:15:36,519 [WARN] PackLoader:240 - Cannot read IP mode file for STMicroelectronics.X-CUBE-ST67W61.1.1.0
2026-06-21 17:15:36,531 [WARN] PackLoader:240 - Cannot read IP mode file for STMicroelectronics.X-CUBE-AI.10.1.0
2026-06-21 17:15:36,550 [WARN] PackLoader:240 - Cannot read IP mode file for STMicroelectronics.FP-SNS-STAIOTCFT.1.1.0
2026-06-21 17:15:36,594 [WARN] PackLoader:240 - Cannot read IP mode file for STMicroelectronics.X-CUBE-MEMS1.12.0.0
2026-06-21 17:15:36,743 [WARN] PackLoader:240 - Cannot read IP mode file for STMicroelectronics.X-CUBE-MEMS1.11.2.0
2026-06-21 17:15:36,898 [WARN] PackLoader:240 - Cannot read IP mode file for STMicroelectronics.X-CUBE-AZRTOS-G0.1.1.0
2026-06-21 17:15:36,907 [WARN] PackLoader:240 - Cannot read IP mode file for STMicroelectronics.X-CUBE-SAFEA1.1.2.2
2026-06-21 17:15:36,914 [WARN] PackLoader:240 - Cannot read IP mode file for STMicroelectronics.X-CUBE-NFC4.3.0.0
2026-06-21 17:15:36,924 [WARN] PackLoader:240 - Cannot read IP mode file for EmbeddedOffice.I-CUBE-FS-RTOS.1.0.1
2026-06-21 17:15:36,933 [WARN] PackLoader:240 - Cannot read IP mode file for STMicroelectronics.X-CUBE-WB05N.2.0.0
2026-06-21 17:15:36,938 [WARN] PackLoader:240 - Cannot read IP mode file for wolfSSL.I-CUBE-wolfTPM.3.8.0
2026-06-21 17:15:36,944 [WARN] PackLoader:240 - Cannot read IP mode file for STMicroelectronics.X-CUBE-TCPP.4.2.0
2026-06-21 17:15:36,950 [WARN] PackLoader:240 - Cannot read IP mode file for RealThread.X-CUBE-RT-Thread_Nano.4.1.1
2026-06-21 17:15:36,954 [WARN] PackLoader:240 - Cannot read IP mode file for STMicroelectronics.FP-ATR-SIGFOX1.3.2.0
2026-06-21 17:15:36,959 [WARN] PackLoader:240 - Cannot read IP mode file for STMicroelectronics.X-CUBE-EEPRMA1.5.1.0
2026-06-21 17:15:36,965 [WARN] PackLoader:240 - Cannot read IP mode file for STMicroelectronics.X-CUBE-FREERTOS.1.5.0
2026-06-21 17:15:36,971 [WARN] PackLoader:240 - Cannot read IP mode file for ITTIA_DB.I-CUBE-ITTIADB.8.9.0
2026-06-21 17:15:36,978 [WARN] PackLoader:240 - Cannot read IP mode file for STMicroelectronics.X-CUBE-NFC6.3.2.0
2026-06-21 17:15:36,988 [WARN] PackLoader:240 - Cannot read IP mode file for STMicroelectronics.X-CUBE-ST67W61.1.0.0
2026-06-21 17:15:36,993 [WARN] PackLoader:240 - Cannot read IP mode file for STMicroelectronics.X-CUBE-AI.10.2.0
2026-06-21 17:15:37,023 [ERROR] LogOutputStream:75 - [STDERR_REDIRECT] [Fatal Error] :1:1: Premature end of file.
2026-06-21 17:15:37,024 [ERROR] LogOutputStream:75 - [STDERR_REDIRECT] 
2026-06-21 17:15:37,030 [WARN] PackLoader:240 - Cannot read IP mode file for STMicroelectronics.X-CUBE-MEMS1.12.1.0
2026-06-21 17:15:37,120 [WARN] PackLoader:240 - Cannot read IP mode file for SEGGER.I-CUBE-embOS.1.3.1
2026-06-21 17:15:37,165 [WARN] PackLoader:240 - Cannot read IP mode file for STMicroelectronics.X-CUBE-ALGOBUILD.1.4.0
2026-06-21 17:15:37,201 [WARN] PackLoader:240 - Cannot read IP mode file for STMicroelectronics.X-CUBE-MEMS1.11.3.0
2026-06-21 17:15:37,432 [WARN] PackLoader:240 - Cannot read IP mode file for STMicroelectronics.X-CUBE-NFC13.1.0.0
2026-06-21 17:15:37,438 [WARN] PackLoader:240 - Cannot read IP mode file for STMicroelectronics.X-CUBE-PM33A1.1.0.0
2026-06-21 17:15:37,453 [WARN] PackLoader:240 - Cannot read IP mode file for STMicroelectronics.X-CUBE-AZRTOS-F4.1.1.0
2026-06-21 17:15:37,459 [WARN] PackLoader:240 - Cannot read IP mode file for Avnet-IotConnect.X-CUBE-IoTC-DA16k-PMOD.1.0.0
2026-06-21 17:15:37,463 [WARN] PackLoader:240 - Cannot read IP mode file for STMicroelectronics.X-CUBE-ISPU.2.1.0
2026-06-21 17:15:37,474 [WARN] PackLoader:240 - Cannot read IP mode file for STMicroelectronics.X-CUBE-IPS.3.2.0
2026-06-21 17:15:37,485 [WARN] PackLoader:240 - Cannot read IP mode file for STMicroelectronics.eDS-WB_DPC_TT-BIDIR.2.1.1
2026-06-21 17:15:37,490 [WARN] PackLoader:240 - Cannot read IP mode file for STMicroelectronics.X-CUBE-NFC12.1.0.0
2026-06-21 17:15:37,506 [WARN] PackLoader:240 - Cannot read IP mode file for STMicroelectronics.X-CUBE-AZRTOS-L5.2.0.0
2026-06-21 17:15:37,514 [WARN] PackLoader:240 - Cannot read IP mode file for STMicroelectronics.X-CUBE-NFC6.3.1.0
2026-06-21 17:15:37,526 [WARN] PackLoader:240 - Cannot read IP mode file for STMicroelectronics.X-CUBE-ALGOBUILD.1.5.0
2026-06-21 17:15:37,532 [WARN] PackLoader:240 - Cannot read IP mode file for STMicroelectronics.eDS-WB_DPC_VIENNA.1.2.0
2026-06-21 17:15:37,535 [WARN] PackLoader:240 - Cannot read IP mode file for STMicroelectronics.eDS-WB_DPC_3PH2L-BIDIR.1.1.1
2026-06-21 17:15:37,538 [ERROR] Engine:466 - C:\Users\Samuel\.stm32cubemx\thirdparties\pdsc\STMicroelectronics.X-CUBE-ST67W61.1.3.0.pdsc: PDSC version is not supported
2026-06-21 17:15:37,543 [WARN] PackLoader:240 - Cannot read IP mode file for STMicroelectronics.X-CUBE-FREERTOS.1.3.1
2026-06-21 17:15:37,551 [WARN] PackLoader:240 - Cannot read IP mode file for STMicroelectronics.X-CUBE-TOUCHGFX.4.26.0
2026-06-21 17:15:37,554 [WARN] PackLoader:240 - Cannot read IP mode file for STMicroelectronics.X-CUBE-TOUCHGFX.4.26.1
2026-06-21 17:15:37,557 [WARN] PackLoader:240 - Cannot read IP mode file for STMicroelectronics.FP-SNS-STAIOTCFT.1.0.0
2026-06-21 17:15:37,572 [WARN] ConditionMgr:438 - getConditionDescription Invalid condition id : LAN8742 Phy interface Condition cause : null
2026-06-21 17:15:37,573 [WARN] PackLoader:240 - Cannot read IP mode file for STMicroelectronics.X-CUBE-AZRTOS-L4.2.0.0
2026-06-21 17:15:37,577 [WARN] ConditionMgr:1044 - genDependencies : Invalid condition id : LAN8742 Phy interface Condition cause : null
2026-06-21 17:15:37,577 [WARN] ConditionMgr:1044 - genDependencies : Invalid condition id : LAN8742 Phy interface Condition cause : null
2026-06-21 17:15:37,578 [WARN] ConditionMgr:1044 - genDependencies : Invalid condition id : LAN8742 Phy interface Condition cause : null
2026-06-21 17:15:37,584 [WARN] PackLoader:240 - Cannot read IP mode file for STMicroelectronics.X-CUBE-SFXS2LP1.4.0.0
2026-06-21 17:15:37,589 [WARN] PackLoader:240 - Cannot read IP mode file for STMicroelectronics.X-CUBE-WB05N.2.1.0
2026-06-21 17:15:37,605 [WARN] PackLoader:240 - Cannot read IP mode file for STMicroelectronics.X-CUBE-AZRTOS-H7.3.3.0
2026-06-21 17:15:37,616 [WARN] PackLoader:240 - Cannot read IP mode file for STMicroelectronics.X-CUBE-BLEMGR.4.1.0
2026-06-21 17:15:37,629 [WARN] ConditionMgr:438 - getConditionDescription Invalid condition id : UX DEVICE CLASS RTOS Condition cause : null
2026-06-21 17:15:37,629 [WARN] ConditionMgr:438 - getConditionDescription Invalid condition id : UX DEVICE CLASS RTOS Condition cause : null
2026-06-21 17:15:37,630 [WARN] PackLoader:240 - Cannot read IP mode file for STMicroelectronics.X-CUBE-AZRTOS-WB.2.0.0
2026-06-21 17:15:37,631 [WARN] ConditionMgr:1044 - genDependencies : Invalid condition id : UX DEVICE CLASS RTOS Condition cause : null
2026-06-21 17:15:37,631 [WARN] ConditionMgr:1044 - genDependencies : Invalid condition id : UX DEVICE CLASS RTOS Condition cause : null
2026-06-21 17:15:37,631 [WARN] ConditionMgr:1044 - genDependencies : Invalid condition id : UX DEVICE CLASS RTOS Condition cause : null
2026-06-21 17:15:37,632 [WARN] ConditionMgr:1044 - genDependencies : Invalid condition id : UX DEVICE CLASS RTOS Condition cause : null
2026-06-21 17:15:37,632 [WARN] ConditionMgr:1044 - genDependencies : Invalid condition id : UX DEVICE CLASS RTOS Condition cause : null
2026-06-21 17:15:37,637 [WARN] PackLoader:240 - Cannot read IP mode file for STMicroelectronics.X-CUBE-GNSS1.7.0.1
2026-06-21 17:15:37,642 [WARN] PackLoader:240 - Cannot read IP mode file for STMicroelectronics.X-CUBE-TOUCHGFX.4.25.0
2026-06-21 17:15:37,648 [WARN] PackLoader:240 - Cannot read IP mode file for STMicroelectronics.FP-SNS-STBOX1.2.0.0
2026-06-21 17:15:37,682 [WARN] PackLoader:240 - Cannot read IP mode file for STMicroelectronics.X-CUBE-STSE01.2.0.0
2026-06-21 17:15:37,693 [WARN] PackLoader:240 - Cannot read IP mode file for STMicroelectronics.X-CUBE-SUBG2.5.0.0
2026-06-21 17:15:37,709 [WARN] PackLoader:240 - Cannot read IP mode file for STMicroelectronics.X-CUBE-AZRTOS-H7RS.1.1.0
2026-06-21 17:15:37,716 [WARN] PackLoader:240 - Cannot read IP mode file for Cesanta.I-CUBE-Mongoose.7.13.0
2026-06-21 17:15:37,727 [WARN] PackLoader:240 - Cannot read IP mode file for STMicroelectronics.X-CUBE-AZRTOS-G4.2.0.0
2026-06-21 17:15:37,734 [WARN] PackLoader:240 - Cannot read IP mode file for wolfSSL.I-CUBE-wolfSSH.1.4.20
2026-06-21 17:15:37,742 [WARN] PackLoader:240 - Cannot read IP mode file for STMicroelectronics.X-CUBE-IPS.3.1.0
2026-06-21 17:15:37,751 [WARN] PackLoader:240 - Cannot read IP mode file for STMicroelectronics.X-CUBE-ALS.1.0.2
2026-06-21 17:15:37,756 [WARN] PackLoader:240 - Cannot read IP mode file for STMicroelectronics.X-CUBE-STSE01.1.0.0
2026-06-21 17:15:37,762 [WARN] PackLoader:240 - Cannot read IP mode file for portGmbH.I-Cube-SoM-uGOAL.1.1.0
2026-06-21 17:15:37,763 [INFO] ThirdParty:978 - Integrity check success = true
2026-06-21 17:15:37,763 [INFO] IntegrityCheckThread:100 - exiting critical section [integrity check]
2026-06-21 17:15:37,763 [INFO] IntegrityCheckThread:103 - End integrity checks thread
2026-06-21 17:15:38,016 [ERROR] LogOutputStream:75 - [STDERR_REDIRECT] [Fatal Error] :1:1: Premature end of file.
2026-06-21 17:15:38,018 [ERROR] LogOutputStream:75 - [STDERR_REDIRECT] 
2026-06-21 17:15:38,481 [INFO] WebApp:463 - Apply proxy settings
2026-06-21 17:15:38,482 [INFO] WebApp:548 - Chromium requires no authentication
2026-06-21 17:15:38,493 [INFO] WebApp:491 - Direct internet connection detected
2026-06-21 17:15:38,522 [INFO] WebApp:900 - Register for checkConnection events
2026-06-21 17:15:38,522 [INFO] WebApp:463 - Apply proxy settings
2026-06-21 17:15:38,522 [INFO] WebApp:548 - Chromium requires no authentication
2026-06-21 17:15:38,523 [INFO] WebApp:491 - Direct internet connection detected
2026-06-21 17:15:38,764 [INFO] WebApp:191 - Connection restablished
2026-06-21 17:15:38,787 [INFO] WebApp:225 - Starting web application
2026-06-21 17:15:38,788 [INFO] WebApp:593 - Web application path used C:\ST\STM32CubeIDE_1.18.1\STM32CubeIDE\plugins\com.st.stm32cube.common.mx_6.15.0.202507011659\db\plugins\mcufinder\reactClient1\index.html
2026-06-21 17:15:39,018 [ERROR] LogOutputStream:75 - [STDERR_REDIRECT] [Fatal Error] :1:1: Premature end of file.
2026-06-21 17:15:39,018 [ERROR] LogOutputStream:75 - [STDERR_REDIRECT] 
2026-06-21 17:15:39,296 [INFO] UserAuth:487 - Internet connection configuration mode: 1
2026-06-21 17:15:40,017 [ERROR] LogOutputStream:75 - [STDERR_REDIRECT] [Fatal Error] :1:1: Premature end of file.
2026-06-21 17:15:40,018 [ERROR] LogOutputStream:75 - [STDERR_REDIRECT] 
2026-06-21 17:15:41,015 [ERROR] LogOutputStream:75 - [STDERR_REDIRECT] [Fatal Error] :1:1: Premature end of file.
2026-06-21 17:15:41,017 [ERROR] LogOutputStream:75 - [STDERR_REDIRECT] 
2026-06-21 17:15:42,017 [ERROR] LogOutputStream:75 - [STDERR_REDIRECT] [Fatal Error] :1:1: Premature end of file.
2026-06-21 17:15:42,017 [ERROR] LogOutputStream:75 - [STDERR_REDIRECT] 
2026-06-21 17:15:43,016 [ERROR] LogOutputStream:75 - [STDERR_REDIRECT] [Fatal Error] :1:1: Premature end of file.
2026-06-21 17:15:43,016 [ERROR] LogOutputStream:75 - [STDERR_REDIRECT] 
2026-06-21 17:15:44,017 [ERROR] LogOutputStream:75 - [STDERR_REDIRECT] [Fatal Error] :1:1: Premature end of file.
2026-06-21 17:15:44,017 [ERROR] LogOutputStream:75 - [STDERR_REDIRECT] 
2026-06-21 17:15:45,018 [ERROR] LogOutputStream:75 - [STDERR_REDIRECT] [Fatal Error] :1:1: Premature end of file.
2026-06-21 17:15:45,018 [ERROR] LogOutputStream:75 - [STDERR_REDIRECT] 
2026-06-21 17:15:46,016 [ERROR] LogOutputStream:75 - [STDERR_REDIRECT] [Fatal Error] :1:1: Premature end of file.
2026-06-21 17:15:46,016 [ERROR] LogOutputStream:75 - [STDERR_REDIRECT] 
2026-06-21 17:15:47,018 [ERROR] LogOutputStream:75 - [STDERR_REDIRECT] [Fatal Error] :1:1: Premature end of file.
2026-06-21 17:15:47,018 [ERROR] LogOutputStream:75 - [STDERR_REDIRECT] 
2026-06-21 17:15:48,017 [ERROR] LogOutputStream:75 - [STDERR_REDIRECT] [Fatal Error] :1:1: Premature end of file.
2026-06-21 17:15:48,017 [ERROR] LogOutputStream:75 - [STDERR_REDIRECT] 
2026-06-21 17:15:49,017 [ERROR] LogOutputStream:75 - [STDERR_REDIRECT] [Fatal Error] :1:1: Premature end of file.
2026-06-21 17:15:49,017 [ERROR] LogOutputStream:75 - [STDERR_REDIRECT] 
2026-06-21 17:15:50,017 [ERROR] LogOutputStream:75 - [STDERR_REDIRECT] [Fatal Error] :1:1: Premature end of file.
2026-06-21 17:15:50,018 [ERROR] LogOutputStream:75 - [STDERR_REDIRECT] 
2026-06-21 17:15:51,018 [ERROR] LogOutputStream:75 - [STDERR_REDIRECT] [Fatal Error] :1:1: Premature end of file.
2026-06-21 17:15:51,018 [ERROR] LogOutputStream:75 - [STDERR_REDIRECT] 
2026-06-21 17:15:52,016 [ERROR] LogOutputStream:75 - [STDERR_REDIRECT] [Fatal Error] :1:1: Premature end of file.
2026-06-21 17:15:52,016 [ERROR] LogOutputStream:75 - [STDERR_REDIRECT] 
2026-06-21 17:15:53,018 [ERROR] LogOutputStream:75 - [STDERR_REDIRECT] [Fatal Error] :1:1: Premature end of file.
2026-06-21 17:15:53,019 [ERROR] LogOutputStream:75 - [STDERR_REDIRECT] 
2026-06-21 17:15:54,017 [ERROR] LogOutputStream:75 - [STDERR_REDIRECT] [Fatal Error] :1:1: Premature end of file.
2026-06-21 17:15:54,019 [ERROR] LogOutputStream:75 - [STDERR_REDIRECT] 
2026-06-21 17:15:55,016 [ERROR] LogOutputStream:75 - [STDERR_REDIRECT] [Fatal Error] :1:1: Premature end of file.
2026-06-21 17:15:55,016 [ERROR] LogOutputStream:75 - [STDERR_REDIRECT] 
2026-06-21 17:15:56,019 [ERROR] LogOutputStream:75 - [STDERR_REDIRECT] [Fatal Error] :1:1: Premature end of file.
2026-06-21 17:15:56,019 [ERROR] LogOutputStream:75 - [STDERR_REDIRECT] 
2026-06-21 17:15:57,016 [ERROR] LogOutputStream:75 - [STDERR_REDIRECT] [Fatal Error] :1:1: Premature end of file.
2026-06-21 17:15:57,016 [ERROR] LogOutputStream:75 - [STDERR_REDIRECT] 
2026-06-21 17:15:58,017 [ERROR] LogOutputStream:75 - [STDERR_REDIRECT] [Fatal Error] :1:1: Premature end of file.
2026-06-21 17:15:58,018 [ERROR] LogOutputStream:75 - [STDERR_REDIRECT] 
2026-06-21 17:15:59,016 [ERROR] LogOutputStream:75 - [STDERR_REDIRECT] [Fatal Error] :1:1: Premature end of file.
2026-06-21 17:15:59,016 [ERROR] LogOutputStream:75 - [STDERR_REDIRECT] 
2026-06-21 17:16:00,015 [ERROR] LogOutputStream:75 - [STDERR_REDIRECT] [Fatal Error] :1:1: Premature end of file.
2026-06-21 17:16:00,015 [ERROR] LogOutputStream:75 - [STDERR_REDIRECT] 
2026-06-21 17:16:01,029 [ERROR] LogOutputStream:75 - [STDERR_REDIRECT] [Fatal Error] :1:1: Premature end of file.
2026-06-21 17:16:01,029 [ERROR] LogOutputStream:75 - [STDERR_REDIRECT] 
2026-06-21 17:16:02,017 [ERROR] LogOutputStream:75 - [STDERR_REDIRECT] [Fatal Error] :1:1: Premature end of file.
2026-06-21 17:16:02,018 [ERROR] LogOutputStream:75 - [STDERR_REDIRECT] 
2026-06-21 17:16:03,016 [ERROR] LogOutputStream:75 - [STDERR_REDIRECT] [Fatal Error] :1:1: Premature end of file.
2026-06-21 17:16:03,017 [ERROR] LogOutputStream:75 - [STDERR_REDIRECT] 
2026-06-21 17:16:04,018 [ERROR] LogOutputStream:75 - [STDERR_REDIRECT] [Fatal Error] :1:1: Premature end of file.
2026-06-21 17:16:04,018 [ERROR] LogOutputStream:75 - [STDERR_REDIRECT] 
2026-06-21 17:16:05,016 [ERROR] LogOutputStream:75 - [STDERR_REDIRECT] [Fatal Error] :1:1: Premature end of file.
2026-06-21 17:16:05,016 [ERROR] LogOutputStream:75 - [STDERR_REDIRECT] 
2026-06-21 17:16:06,025 [ERROR] LogOutputStream:75 - [STDERR_REDIRECT] [Fatal Error] :1:1: Premature end of file.
2026-06-21 17:16:06,025 [ERROR] LogOutputStream:75 - [STDERR_REDIRECT] 
2026-06-21 17:16:07,017 [ERROR] LogOutputStream:75 - [STDERR_REDIRECT] [Fatal Error] :1:1: Premature end of file.
2026-06-21 17:16:07,018 [ERROR] LogOutputStream:75 - [STDERR_REDIRECT] 
2026-06-21 17:16:08,017 [ERROR] LogOutputStream:75 - [STDERR_REDIRECT] [Fatal Error] :1:1: Premature end of file.
2026-06-21 17:16:08,017 [ERROR] LogOutputStream:75 - [STDERR_REDIRECT] 
2026-06-21 17:16:09,017 [ERROR] LogOutputStream:75 - [STDERR_REDIRECT] [Fatal Error] :1:1: Premature end of file.
2026-06-21 17:16:09,018 [ERROR] LogOutputStream:75 - [STDERR_REDIRECT] 
2026-06-21 17:16:10,016 [ERROR] LogOutputStream:75 - [STDERR_REDIRECT] [Fatal Error] :1:1: Premature end of file.
2026-06-21 17:16:10,016 [ERROR] LogOutputStream:75 - [STDERR_REDIRECT] 
2026-06-21 17:16:11,016 [ERROR] LogOutputStream:75 - [STDERR_REDIRECT] [Fatal Error] :1:1: Premature end of file.
2026-06-21 17:16:11,016 [ERROR] LogOutputStream:75 - [STDERR_REDIRECT] 
2026-06-21 17:16:12,018 [ERROR] LogOutputStream:75 - [STDERR_REDIRECT] [Fatal Error] :1:1: Premature end of file.
2026-06-21 17:16:12,019 [ERROR] LogOutputStream:75 - [STDERR_REDIRECT] 
2026-06-21 17:16:13,016 [ERROR] LogOutputStream:75 - [STDERR_REDIRECT] [Fatal Error] :1:1: Premature end of file.
2026-06-21 17:16:13,016 [ERROR] LogOutputStream:75 - [STDERR_REDIRECT] 
2026-06-21 17:16:14,016 [ERROR] LogOutputStream:75 - [STDERR_REDIRECT] [Fatal Error] :1:1: Premature end of file.
2026-06-21 17:16:14,016 [ERROR] LogOutputStream:75 - [STDERR_REDIRECT] 
2026-06-21 17:16:15,016 [ERROR] LogOutputStream:75 - [STDERR_REDIRECT] [Fatal Error] :1:1: Premature end of file.
2026-06-21 17:16:15,016 [ERROR] LogOutputStream:75 - [STDERR_REDIRECT] 
2026-06-21 17:16:16,017 [ERROR] LogOutputStream:75 - [STDERR_REDIRECT] [Fatal Error] :1:1: Premature end of file.
2026-06-21 17:16:16,018 [ERROR] LogOutputStream:75 - [STDERR_REDIRECT] 
2026-06-21 17:16:17,018 [ERROR] LogOutputStream:75 - [STDERR_REDIRECT] [Fatal Error] :1:1: Premature end of file.
2026-06-21 17:16:17,018 [ERROR] LogOutputStream:75 - [STDERR_REDIRECT] 
2026-06-21 17:16:18,016 [ERROR] LogOutputStream:75 - [STDERR_REDIRECT] [Fatal Error] :1:1: Premature end of file.
2026-06-21 17:16:18,017 [ERROR] LogOutputStream:75 - [STDERR_REDIRECT] 
2026-06-21 17:16:19,017 [ERROR] LogOutputStream:75 - [STDERR_REDIRECT] [Fatal Error] :1:1: Premature end of file.
2026-06-21 17:16:19,017 [ERROR] LogOutputStream:75 - [STDERR_REDIRECT] 
2026-06-21 17:16:20,016 [ERROR] LogOutputStream:75 - [STDERR_REDIRECT] [Fatal Error] :1:1: Premature end of file.
2026-06-21 17:16:20,017 [ERROR] LogOutputStream:75 - [STDERR_REDIRECT] 
2026-06-21 17:16:21,017 [ERROR] LogOutputStream:75 - [STDERR_REDIRECT] [Fatal Error] :1:1: Premature end of file.
2026-06-21 17:16:21,018 [ERROR] LogOutputStream:75 - [STDERR_REDIRECT] 
2026-06-21 17:16:22,017 [ERROR] LogOutputStream:75 - [STDERR_REDIRECT] [Fatal Error] :1:1: Premature end of file.
2026-06-21 17:16:22,017 [ERROR] LogOutputStream:75 - [STDERR_REDIRECT] 
2026-06-21 17:16:23,017 [ERROR] LogOutputStream:75 - [STDERR_REDIRECT] [Fatal Error] :1:1: Premature end of file.
2026-06-21 17:16:23,018 [ERROR] LogOutputStream:75 - [STDERR_REDIRECT] 
2026-06-21 17:16:24,017 [ERROR] LogOutputStream:75 - [STDERR_REDIRECT] [Fatal Error] :1:1: Premature end of file.
2026-06-21 17:16:24,018 [ERROR] LogOutputStream:75 - [STDERR_REDIRECT] 
2026-06-21 17:16:25,016 [ERROR] LogOutputStream:75 - [STDERR_REDIRECT] [Fatal Error] :1:1: Premature end of file.
2026-06-21 17:16:25,017 [ERROR] LogOutputStream:75 - [STDERR_REDIRECT] 
2026-06-21 17:16:26,017 [ERROR] LogOutputStream:75 - [STDERR_REDIRECT] [Fatal Error] :1:1: Premature end of file.
2026-06-21 17:16:26,018 [ERROR] LogOutputStream:75 - [STDERR_REDIRECT] 
2026-06-21 17:16:27,018 [ERROR] LogOutputStream:75 - [STDERR_REDIRECT] [Fatal Error] :1:1: Premature end of file.
2026-06-21 17:16:27,018 [ERROR] LogOutputStream:75 - [STDERR_REDIRECT] 
2026-06-21 17:16:28,016 [ERROR] LogOutputStream:75 - [STDERR_REDIRECT] [Fatal Error] :1:1: Premature end of file.
2026-06-21 17:16:28,016 [ERROR] LogOutputStream:75 - [STDERR_REDIRECT] 
2026-06-21 17:16:29,017 [ERROR] LogOutputStream:75 - [STDERR_REDIRECT] [Fatal Error] :1:1: Premature end of file.
2026-06-21 17:16:29,018 [ERROR] LogOutputStream:75 - [STDERR_REDIRECT] 
2026-06-21 17:16:30,019 [ERROR] LogOutputStream:75 - [STDERR_REDIRECT] [Fatal Error] :1:1: Premature end of file.
2026-06-21 17:16:30,020 [ERROR] LogOutputStream:75 - [STDERR_REDIRECT] 
2026-06-21 17:16:31,019 [ERROR] LogOutputStream:75 - [STDERR_REDIRECT] [Fatal Error] :1:1: Premature end of file.
2026-06-21 17:16:31,020 [ERROR] LogOutputStream:75 - [STDERR_REDIRECT] 
2026-06-21 17:16:32,017 [ERROR] LogOutputStream:75 - [STDERR_REDIRECT] [Fatal Error] :1:1: Premature end of file.
2026-06-21 17:16:32,017 [ERROR] LogOutputStream:75 - [STDERR_REDIRECT] 
2026-06-21 17:16:33,017 [ERROR] LogOutputStream:75 - [STDERR_REDIRECT] [Fatal Error] :1:1: Premature end of file.
2026-06-21 17:16:33,017 [ERROR] LogOutputStream:75 - [STDERR_REDIRECT] 
2026-06-21 17:16:34,019 [ERROR] LogOutputStream:75 - [STDERR_REDIRECT] [Fatal Error] :1:1: Premature end of file.
2026-06-21 17:16:34,019 [ERROR] LogOutputStream:75 - [STDERR_REDIRECT] 
2026-06-21 17:16:35,017 [ERROR] LogOutputStream:75 - [STDERR_REDIRECT] [Fatal Error] :1:1: Premature end of file.
2026-06-21 17:16:35,018 [ERROR] LogOutputStream:75 - [STDERR_REDIRECT] 
2026-06-21 17:16:36,017 [ERROR] LogOutputStream:75 - [STDERR_REDIRECT] [Fatal Error] :1:1: Premature end of file.
2026-06-21 17:16:36,017 [ERROR] LogOutputStream:75 - [STDERR_REDIRECT] 
2026-06-21 17:16:37,017 [ERROR] LogOutputStream:75 - [STDERR_REDIRECT] [Fatal Error] :1:1: Premature end of file.
2026-06-21 17:16:37,018 [ERROR] LogOutputStream:75 - [STDERR_REDIRECT] 
2026-06-21 17:16:38,017 [ERROR] LogOutputStream:75 - [STDERR_REDIRECT] [Fatal Error] :1:1: Premature end of file.
2026-06-21 17:16:38,017 [ERROR] LogOutputStream:75 - [STDERR_REDIRECT] 
2026-06-21 17:16:39,017 [ERROR] LogOutputStream:75 - [STDERR_REDIRECT] [Fatal Error] :1:1: Premature end of file.
2026-06-21 17:16:39,018 [ERROR] LogOutputStream:75 - [STDERR_REDIRECT] 
2026-06-21 17:16:40,017 [ERROR] LogOutputStream:75 - [STDERR_REDIRECT] [Fatal Error] :1:1: Premature end of file.
2026-06-21 17:16:40,018 [ERROR] LogOutputStream:75 - [STDERR_REDIRECT] 
2026-06-21 17:16:41,016 [ERROR] LogOutputStream:75 - [STDERR_REDIRECT] [Fatal Error] :1:1: Premature end of file.
2026-06-21 17:16:41,016 [ERROR] LogOutputStream:75 - [STDERR_REDIRECT] 
2026-06-21 17:16:42,017 [ERROR] LogOutputStream:75 - [STDERR_REDIRECT] [Fatal Error] :1:1: Premature end of file.
2026-06-21 17:16:42,017 [ERROR] LogOutputStream:75 - [STDERR_REDIRECT] 
2026-06-21 17:16:43,017 [ERROR] LogOutputStream:75 - [STDERR_REDIRECT] [Fatal Error] :1:1: Premature end of file.
2026-06-21 17:16:43,017 [ERROR] LogOutputStream:75 - [STDERR_REDIRECT] 
2026-06-21 17:16:44,017 [ERROR] LogOutputStream:75 - [STDERR_REDIRECT] [Fatal Error] :1:1: Premature end of file.
2026-06-21 17:16:44,017 [ERROR] LogOutputStream:75 - [STDERR_REDIRECT] 
2026-06-21 17:16:45,016 [ERROR] LogOutputStream:75 - [STDERR_REDIRECT] [Fatal Error] :1:1: Premature end of file.
2026-06-21 17:16:45,016 [ERROR] LogOutputStream:75 - [STDERR_REDIRECT] 
2026-06-21 17:16:46,018 [ERROR] LogOutputStream:75 - [STDERR_REDIRECT] [Fatal Error] :1:1: Premature end of file.
2026-06-21 17:16:46,018 [ERROR] LogOutputStream:75 - [STDERR_REDIRECT] 
2026-06-21 17:16:47,016 [ERROR] LogOutputStream:75 - [STDERR_REDIRECT] [Fatal Error] :1:1: Premature end of file.
2026-06-21 17:16:47,016 [ERROR] LogOutputStream:75 - [STDERR_REDIRECT] 
2026-06-21 17:16:48,016 [ERROR] LogOutputStream:75 - [STDERR_REDIRECT] [Fatal Error] :1:1: Premature end of file.
2026-06-21 17:16:48,017 [ERROR] LogOutputStream:75 - [STDERR_REDIRECT] 
2026-06-21 17:16:49,015 [ERROR] LogOutputStream:75 - [STDERR_REDIRECT] [Fatal Error] :1:1: Premature end of file.
2026-06-21 17:16:49,016 [ERROR] LogOutputStream:75 - [STDERR_REDIRECT] 
2026-06-21 17:16:50,016 [ERROR] LogOutputStream:75 - [STDERR_REDIRECT] [Fatal Error] :1:1: Premature end of file.
2026-06-21 17:16:50,016 [ERROR] LogOutputStream:75 - [STDERR_REDIRECT] 
2026-06-21 17:16:51,017 [ERROR] LogOutputStream:75 - [STDERR_REDIRECT] [Fatal Error] :1:1: Premature end of file.
2026-06-21 17:16:51,017 [ERROR] LogOutputStream:75 - [STDERR_REDIRECT] 
2026-06-21 17:16:52,017 [ERROR] LogOutputStream:75 - [STDERR_REDIRECT] [Fatal Error] :1:1: Premature end of file.
2026-06-21 17:16:52,017 [ERROR] LogOutputStream:75 - [STDERR_REDIRECT] 
2026-06-21 17:16:53,016 [ERROR] LogOutputStream:75 - [STDERR_REDIRECT] [Fatal Error] :1:1: Premature end of file.
2026-06-21 17:16:53,016 [ERROR] LogOutputStream:75 - [STDERR_REDIRECT] 
2026-06-21 17:16:54,017 [ERROR] LogOutputStream:75 - [STDERR_REDIRECT] [Fatal Error] :1:1: Premature end of file.
2026-06-21 17:16:54,018 [ERROR] LogOutputStream:75 - [STDERR_REDIRECT] 
2026-06-21 17:16:55,017 [ERROR] LogOutputStream:75 - [STDERR_REDIRECT] [Fatal Error] :1:1: Premature end of file.
2026-06-21 17:16:55,017 [ERROR] LogOutputStream:75 - [STDERR_REDIRECT] 
2026-06-21 17:16:56,017 [ERROR] LogOutputStream:75 - [STDERR_REDIRECT] [Fatal Error] :1:1: Premature end of file.
2026-06-21 17:16:56,017 [ERROR] LogOutputStream:75 - [STDERR_REDIRECT] 
2026-06-21 17:16:57,016 [ERROR] LogOutputStream:75 - [STDERR_REDIRECT] [Fatal Error] :1:1: Premature end of file.
2026-06-21 17:16:57,016 [ERROR] LogOutputStream:75 - [STDERR_REDIRECT] 
2026-06-21 17:16:58,017 [ERROR] LogOutputStream:75 - [STDERR_REDIRECT] [Fatal Error] :1:1: Premature end of file.
2026-06-21 17:16:58,017 [ERROR] LogOutputStream:75 - [STDERR_REDIRECT] 
2026-06-21 17:16:59,016 [ERROR] LogOutputStream:75 - [STDERR_REDIRECT] [Fatal Error] :1:1: Premature end of file.
2026-06-21 17:16:59,016 [ERROR] LogOutputStream:75 - [STDERR_REDIRECT] 
2026-06-21 17:17:00,016 [ERROR] LogOutputStream:75 - [STDERR_REDIRECT] [Fatal Error] :1:1: Premature end of file.
2026-06-21 17:17:00,017 [ERROR] LogOutputStream:75 - [STDERR_REDIRECT] 
2026-06-21 17:17:01,018 [ERROR] LogOutputStream:75 - [STDERR_REDIRECT] [Fatal Error] :1:1: Premature end of file.
2026-06-21 17:17:01,018 [ERROR] LogOutputStream:75 - [STDERR_REDIRECT] 
2026-06-21 17:17:02,016 [ERROR] LogOutputStream:75 - [STDERR_REDIRECT] [Fatal Error] :1:1: Premature end of file.
2026-06-21 17:17:02,016 [ERROR] LogOutputStream:75 - [STDERR_REDIRECT] 
2026-06-21 17:17:03,016 [ERROR] LogOutputStream:75 - [STDERR_REDIRECT] [Fatal Error] :1:1: Premature end of file.
2026-06-21 17:17:03,016 [ERROR] LogOutputStream:75 - [STDERR_REDIRECT] 
2026-06-21 17:17:04,017 [ERROR] LogOutputStream:75 - [STDERR_REDIRECT] [Fatal Error] :1:1: Premature end of file.
2026-06-21 17:17:04,017 [ERROR] LogOutputStream:75 - [STDERR_REDIRECT] 
2026-06-21 17:17:05,017 [ERROR] LogOutputStream:75 - [STDERR_REDIRECT] [Fatal Error] :1:1: Premature end of file.
2026-06-21 17:17:05,017 [ERROR] LogOutputStream:75 - [STDERR_REDIRECT] 
2026-06-21 17:17:06,016 [ERROR] LogOutputStream:75 - [STDERR_REDIRECT] [Fatal Error] :1:1: Premature end of file.
2026-06-21 17:17:06,017 [ERROR] LogOutputStream:75 - [STDERR_REDIRECT] 
2026-06-21 17:17:07,017 [ERROR] LogOutputStream:75 - [STDERR_REDIRECT] [Fatal Error] :1:1: Premature end of file.
2026-06-21 17:17:07,018 [ERROR] LogOutputStream:75 - [STDERR_REDIRECT] 
2026-06-21 17:17:08,017 [ERROR] LogOutputStream:75 - [STDERR_REDIRECT] [Fatal Error] :1:1: Premature end of file.
2026-06-21 17:17:08,017 [ERROR] LogOutputStream:75 - [STDERR_REDIRECT] 
2026-06-21 17:17:09,017 [ERROR] LogOutputStream:75 - [STDERR_REDIRECT] [Fatal Error] :1:1: Premature end of file.
2026-06-21 17:17:09,018 [ERROR] LogOutputStream:75 - [STDERR_REDIRECT] 
2026-06-21 17:17:10,017 [ERROR] LogOutputStream:75 - [STDERR_REDIRECT] [Fatal Error] :1:1: Premature end of file.
2026-06-21 17:17:10,018 [ERROR] LogOutputStream:75 - [STDERR_REDIRECT] 
2026-06-21 17:17:11,018 [ERROR] LogOutputStream:75 - [STDERR_REDIRECT] [Fatal Error] :1:1: Premature end of file.
2026-06-21 17:17:11,018 [ERROR] LogOutputStream:75 - [STDERR_REDIRECT] 
2026-06-21 17:17:12,016 [ERROR] LogOutputStream:75 - [STDERR_REDIRECT] [Fatal Error] :1:1: Premature end of file.
2026-06-21 17:17:12,016 [ERROR] LogOutputStream:75 - [STDERR_REDIRECT] 
2026-06-21 17:17:13,016 [ERROR] LogOutputStream:75 - [STDERR_REDIRECT] [Fatal Error] :1:1: Premature end of file.
2026-06-21 17:17:13,016 [ERROR] LogOutputStream:75 - [STDERR_REDIRECT] 
2026-06-21 17:17:14,017 [ERROR] LogOutputStream:75 - [STDERR_REDIRECT] [Fatal Error] :1:1: Premature end of file.
2026-06-21 17:17:14,017 [ERROR] LogOutputStream:75 - [STDERR_REDIRECT] 
2026-06-21 17:17:15,017 [ERROR] LogOutputStream:75 - [STDERR_REDIRECT] [Fatal Error] :1:1: Premature end of file.
2026-06-21 17:17:15,017 [ERROR] LogOutputStream:75 - [STDERR_REDIRECT] 
2026-06-21 17:17:16,016 [ERROR] LogOutputStream:75 - [STDERR_REDIRECT] [Fatal Error] :1:1: Premature end of file.
2026-06-21 17:17:16,016 [ERROR] LogOutputStream:75 - [STDERR_REDIRECT] 
2026-06-21 17:17:17,017 [ERROR] LogOutputStream:75 - [STDERR_REDIRECT] [Fatal Error] :1:1: Premature end of file.
2026-06-21 17:17:17,017 [ERROR] LogOutputStream:75 - [STDERR_REDIRECT] 
2026-06-21 17:17:18,016 [ERROR] LogOutputStream:75 - [STDERR_REDIRECT] [Fatal Error] :1:1: Premature end of file.
2026-06-21 17:17:18,016 [ERROR] LogOutputStream:75 - [STDERR_REDIRECT] 
2026-06-21 17:17:19,017 [ERROR] LogOutputStream:75 - [STDERR_REDIRECT] [Fatal Error] :1:1: Premature end of file.
2026-06-21 17:17:19,017 [ERROR] LogOutputStream:75 - [STDERR_REDIRECT] 
2026-06-21 17:17:20,016 [ERROR] LogOutputStream:75 - [STDERR_REDIRECT] [Fatal Error] :1:1: Premature end of file.
2026-06-21 17:17:20,016 [ERROR] LogOutputStream:75 - [STDERR_REDIRECT] 
2026-06-21 17:17:21,016 [ERROR] LogOutputStream:75 - [STDERR_REDIRECT] [Fatal Error] :1:1: Premature end of file.
2026-06-21 17:17:21,017 [ERROR] LogOutputStream:75 - [STDERR_REDIRECT] 
2026-06-21 17:17:22,016 [ERROR] LogOutputStream:75 - [STDERR_REDIRECT] [Fatal Error] :1:1: Premature end of file.
2026-06-21 17:17:22,016 [ERROR] LogOutputStream:75 - [STDERR_REDIRECT] 
2026-06-21 17:17:23,016 [ERROR] LogOutputStream:75 - [STDERR_REDIRECT] [Fatal Error] :1:1: Premature end of file.
2026-06-21 17:17:23,016 [ERROR] LogOutputStream:75 - [STDERR_REDIRECT] 
2026-06-21 17:17:24,016 [ERROR] LogOutputStream:75 - [STDERR_REDIRECT] [Fatal Error] :1:1: Premature end of file.
2026-06-21 17:17:24,016 [ERROR] LogOutputStream:75 - [STDERR_REDIRECT] 
2026-06-21 17:17:25,017 [ERROR] LogOutputStream:75 - [STDERR_REDIRECT] [Fatal Error] :1:1: Premature end of file.
2026-06-21 17:17:25,017 [ERROR] LogOutputStream:75 - [STDERR_REDIRECT] 
2026-06-21 17:17:26,017 [ERROR] LogOutputStream:75 - [STDERR_REDIRECT] [Fatal Error] :1:1: Premature end of file.
2026-06-21 17:17:26,017 [ERROR] LogOutputStream:75 - [STDERR_REDIRECT] 
2026-06-21 17:17:27,016 [ERROR] LogOutputStream:75 - [STDERR_REDIRECT] [Fatal Error] :1:1: Premature end of file.
2026-06-21 17:17:27,016 [ERROR] LogOutputStream:75 - [STDERR_REDIRECT] 
2026-06-21 17:17:28,017 [ERROR] LogOutputStream:75 - [STDERR_REDIRECT] [Fatal Error] :1:1: Premature end of file.
2026-06-21 17:17:28,017 [ERROR] LogOutputStream:75 - [STDERR_REDIRECT] 
2026-06-21 17:17:29,016 [ERROR] LogOutputStream:75 - [STDERR_REDIRECT] [Fatal Error] :1:1: Premature end of file.
2026-06-21 17:17:29,017 [ERROR] LogOutputStream:75 - [STDERR_REDIRECT] 
2026-06-21 17:17:30,016 [ERROR] LogOutputStream:75 - [STDERR_REDIRECT] [Fatal Error] :1:1: Premature end of file.
2026-06-21 17:17:30,016 [ERROR] LogOutputStream:75 - [STDERR_REDIRECT] 
2026-06-21 17:17:31,017 [ERROR] LogOutputStream:75 - [STDERR_REDIRECT] [Fatal Error] :1:1: Premature end of file.
2026-06-21 17:17:31,017 [ERROR] LogOutputStream:75 - [STDERR_REDIRECT] 
2026-06-21 17:17:32,016 [ERROR] LogOutputStream:75 - [STDERR_REDIRECT] [Fatal Error] :1:1: Premature end of file.
2026-06-21 17:17:32,016 [ERROR] LogOutputStream:75 - [STDERR_REDIRECT] 
2026-06-21 17:17:33,017 [ERROR] LogOutputStream:75 - [STDERR_REDIRECT] [Fatal Error] :1:1: Premature end of file.
2026-06-21 17:17:33,017 [ERROR] LogOutputStream:75 - [STDERR_REDIRECT] 
2026-06-21 17:17:34,016 [ERROR] LogOutputStream:75 - [STDERR_REDIRECT] [Fatal Error] :1:1: Premature end of file.
2026-06-21 17:17:34,017 [ERROR] LogOutputStream:75 - [STDERR_REDIRECT] 
2026-06-21 17:17:35,017 [ERROR] LogOutputStream:75 - [STDERR_REDIRECT] [Fatal Error] :1:1: Premature end of file.
2026-06-21 17:17:35,017 [ERROR] LogOutputStream:75 - [STDERR_REDIRECT] 
2026-06-21 17:17:36,016 [ERROR] LogOutputStream:75 - [STDERR_REDIRECT] [Fatal Error] :1:1: Premature end of file.
2026-06-21 17:17:36,016 [ERROR] LogOutputStream:75 - [STDERR_REDIRECT] 
2026-06-21 17:17:37,017 [ERROR] LogOutputStream:75 - [STDERR_REDIRECT] [Fatal Error] :1:1: Premature end of file.
2026-06-21 17:17:37,017 [ERROR] LogOutputStream:75 - [STDERR_REDIRECT] 
2026-06-21 17:17:38,016 [ERROR] LogOutputStream:75 - [STDERR_REDIRECT] [Fatal Error] :1:1: Premature end of file.
2026-06-21 17:17:38,016 [ERROR] LogOutputStream:75 - [STDERR_REDIRECT] 
2026-06-21 17:17:39,017 [ERROR] LogOutputStream:75 - [STDERR_REDIRECT] [Fatal Error] :1:1: Premature end of file.
2026-06-21 17:17:39,017 [ERROR] LogOutputStream:75 - [STDERR_REDIRECT] 
2026-06-21 17:17:40,016 [ERROR] LogOutputStream:75 - [STDERR_REDIRECT] [Fatal Error] :1:1: Premature end of file.
2026-06-21 17:17:40,016 [ERROR] LogOutputStream:75 - [STDERR_REDIRECT] 
2026-06-21 17:17:41,017 [ERROR] LogOutputStream:75 - [STDERR_REDIRECT] [Fatal Error] :1:1: Premature end of file.
2026-06-21 17:17:41,017 [ERROR] LogOutputStream:75 - [STDERR_REDIRECT] 
2026-06-21 17:17:42,017 [ERROR] LogOutputStream:75 - [STDERR_REDIRECT] [Fatal Error] :1:1: Premature end of file.
2026-06-21 17:17:42,017 [ERROR] LogOutputStream:75 - [STDERR_REDIRECT] 
2026-06-21 17:17:43,017 [ERROR] LogOutputStream:75 - [STDERR_REDIRECT] [Fatal Error] :1:1: Premature end of file.
2026-06-21 17:17:43,018 [ERROR] LogOutputStream:75 - [STDERR_REDIRECT] 
2026-06-21 17:17:44,017 [ERROR] LogOutputStream:75 - [STDERR_REDIRECT] [Fatal Error] :1:1: Premature end of file.
2026-06-21 17:17:44,017 [ERROR] LogOutputStream:75 - [STDERR_REDIRECT] 
2026-06-21 17:17:45,017 [ERROR] LogOutputStream:75 - [STDERR_REDIRECT] [Fatal Error] :1:1: Premature end of file.
2026-06-21 17:17:45,017 [ERROR] LogOutputStream:75 - [STDERR_REDIRECT] 
2026-06-21 17:17:46,016 [ERROR] LogOutputStream:75 - [STDERR_REDIRECT] [Fatal Error] :1:1: Premature end of file.
2026-06-21 17:17:46,017 [ERROR] LogOutputStream:75 - [STDERR_REDIRECT] 
2026-06-21 17:17:47,017 [ERROR] LogOutputStream:75 - [STDERR_REDIRECT] [Fatal Error] :1:1: Premature end of file.
2026-06-21 17:17:47,017 [ERROR] LogOutputStream:75 - [STDERR_REDIRECT] 
2026-06-21 17:17:48,016 [ERROR] LogOutputStream:75 - [STDERR_REDIRECT] [Fatal Error] :1:1: Premature end of file.
2026-06-21 17:17:48,016 [ERROR] LogOutputStream:75 - [STDERR_REDIRECT] 
2026-06-21 17:17:49,016 [ERROR] LogOutputStream:75 - [STDERR_REDIRECT] [Fatal Error] :1:1: Premature end of file.
2026-06-21 17:17:49,017 [ERROR] LogOutputStream:75 - [STDERR_REDIRECT] 
2026-06-21 17:17:50,017 [ERROR] LogOutputStream:75 - [STDERR_REDIRECT] [Fatal Error] :1:1: Premature end of file.
2026-06-21 17:17:50,018 [ERROR] LogOutputStream:75 - [STDERR_REDIRECT] 
2026-06-21 17:17:51,016 [ERROR] LogOutputStream:75 - [STDERR_REDIRECT] [Fatal Error] :1:1: Premature end of file.
2026-06-21 17:17:51,016 [ERROR] LogOutputStream:75 - [STDERR_REDIRECT] 
2026-06-21 17:17:52,015 [ERROR] LogOutputStream:75 - [STDERR_REDIRECT] [Fatal Error] :1:1: Premature end of file.
2026-06-21 17:17:52,015 [ERROR] LogOutputStream:75 - [STDERR_REDIRECT] 
2026-06-21 17:17:53,015 [ERROR] LogOutputStream:75 - [STDERR_REDIRECT] [Fatal Error] :1:1: Premature end of file.
2026-06-21 17:17:53,016 [ERROR] LogOutputStream:75 - [STDERR_REDIRECT] 
2026-06-21 17:17:54,017 [ERROR] LogOutputStream:75 - [STDERR_REDIRECT] [Fatal Error] :1:1: Premature end of file.
2026-06-21 17:17:54,017 [ERROR] LogOutputStream:75 - [STDERR_REDIRECT] 
2026-06-21 17:17:55,015 [ERROR] LogOutputStream:75 - [STDERR_REDIRECT] [Fatal Error] :1:1: Premature end of file.
2026-06-21 17:17:55,015 [ERROR] LogOutputStream:75 - [STDERR_REDIRECT] 
2026-06-21 17:17:56,015 [ERROR] LogOutputStream:75 - [STDERR_REDIRECT] [Fatal Error] :1:1: Premature end of file.
2026-06-21 17:17:56,015 [ERROR] LogOutputStream:75 - [STDERR_REDIRECT] 
2026-06-21 17:17:57,018 [ERROR] LogOutputStream:75 - [STDERR_REDIRECT] [Fatal Error] :1:1: Premature end of file.
2026-06-21 17:17:57,018 [ERROR] LogOutputStream:75 - [STDERR_REDIRECT] 
2026-06-21 17:17:58,015 [ERROR] LogOutputStream:75 - [STDERR_REDIRECT] [Fatal Error] :1:1: Premature end of file.
2026-06-21 17:17:58,015 [ERROR] LogOutputStream:75 - [STDERR_REDIRECT] 
2026-06-21 17:17:59,017 [ERROR] LogOutputStream:75 - [STDERR_REDIRECT] [Fatal Error] :1:1: Premature end of file.
2026-06-21 17:17:59,017 [ERROR] LogOutputStream:75 - [STDERR_REDIRECT] 
2026-06-21 17:18:00,017 [ERROR] LogOutputStream:75 - [STDERR_REDIRECT] [Fatal Error] :1:1: Premature end of file.
2026-06-21 17:18:00,017 [ERROR] LogOutputStream:75 - [STDERR_REDIRECT] 
2026-06-21 17:18:01,016 [ERROR] LogOutputStream:75 - [STDERR_REDIRECT] [Fatal Error] :1:1: Premature end of file.
2026-06-21 17:18:01,016 [ERROR] LogOutputStream:75 - [STDERR_REDIRECT] 
2026-06-21 17:18:02,015 [ERROR] LogOutputStream:75 - [STDERR_REDIRECT] [Fatal Error] :1:1: Premature end of file.
2026-06-21 17:18:02,016 [ERROR] LogOutputStream:75 - [STDERR_REDIRECT] 
2026-06-21 17:18:03,016 [ERROR] LogOutputStream:75 - [STDERR_REDIRECT] [Fatal Error] :1:1: Premature end of file.
2026-06-21 17:18:03,017 [ERROR] LogOutputStream:75 - [STDERR_REDIRECT] 
2026-06-21 17:18:04,017 [ERROR] LogOutputStream:75 - [STDERR_REDIRECT] [Fatal Error] :1:1: Premature end of file.
2026-06-21 17:18:04,017 [ERROR] LogOutputStream:75 - [STDERR_REDIRECT] 
2026-06-21 17:18:05,017 [ERROR] LogOutputStream:75 - [STDERR_REDIRECT] [Fatal Error] :1:1: Premature end of file.
2026-06-21 17:18:05,017 [ERROR] LogOutputStream:75 - [STDERR_REDIRECT] 
2026-06-21 17:18:06,016 [ERROR] LogOutputStream:75 - [STDERR_REDIRECT] [Fatal Error] :1:1: Premature end of file.
2026-06-21 17:18:06,016 [ERROR] LogOutputStream:75 - [STDERR_REDIRECT] 
2026-06-21 17:18:07,016 [ERROR] LogOutputStream:75 - [STDERR_REDIRECT] [Fatal Error] :1:1: Premature end of file.
2026-06-21 17:18:07,017 [ERROR] LogOutputStream:75 - [STDERR_REDIRECT] 
2026-06-21 17:18:08,016 [ERROR] LogOutputStream:75 - [STDERR_REDIRECT] [Fatal Error] :1:1: Premature end of file.
2026-06-21 17:18:08,016 [ERROR] LogOutputStream:75 - [STDERR_REDIRECT] 
2026-06-21 17:18:09,017 [ERROR] LogOutputStream:75 - [STDERR_REDIRECT] [Fatal Error] :1:1: Premature end of file.
2026-06-21 17:18:09,017 [ERROR] LogOutputStream:75 - [STDERR_REDIRECT] 
2026-06-21 17:18:10,017 [ERROR] LogOutputStream:75 - [STDERR_REDIRECT] [Fatal Error] :1:1: Premature end of file.
2026-06-21 17:18:10,017 [ERROR] LogOutputStream:75 - [STDERR_REDIRECT] 
2026-06-21 17:18:11,017 [ERROR] LogOutputStream:75 - [STDERR_REDIRECT] [Fatal Error] :1:1: Premature end of file.
2026-06-21 17:18:11,017 [ERROR] LogOutputStream:75 - [STDERR_REDIRECT] 
2026-06-21 17:18:12,016 [ERROR] LogOutputStream:75 - [STDERR_REDIRECT] [Fatal Error] :1:1: Premature end of file.
2026-06-21 17:18:12,016 [ERROR] LogOutputStream:75 - [STDERR_REDIRECT] 
2026-06-21 17:18:13,016 [ERROR] LogOutputStream:75 - [STDERR_REDIRECT] [Fatal Error] :1:1: Premature end of file.
2026-06-21 17:18:13,016 [ERROR] LogOutputStream:75 - [STDERR_REDIRECT] 
2026-06-21 17:18:14,017 [ERROR] LogOutputStream:75 - [STDERR_REDIRECT] [Fatal Error] :1:1: Premature end of file.
2026-06-21 17:18:14,017 [ERROR] LogOutputStream:75 - [STDERR_REDIRECT] 
2026-06-21 17:18:15,017 [ERROR] LogOutputStream:75 - [STDERR_REDIRECT] [Fatal Error] :1:1: Premature end of file.
2026-06-21 17:18:15,017 [ERROR] LogOutputStream:75 - [STDERR_REDIRECT] 
2026-06-21 17:18:16,016 [ERROR] LogOutputStream:75 - [STDERR_REDIRECT] [Fatal Error] :1:1: Premature end of file.
2026-06-21 17:18:16,016 [ERROR] LogOutputStream:75 - [STDERR_REDIRECT] 
2026-06-21 17:18:17,017 [ERROR] LogOutputStream:75 - [STDERR_REDIRECT] [Fatal Error] :1:1: Premature end of file.
2026-06-21 17:18:17,017 [ERROR] LogOutputStream:75 - [STDERR_REDIRECT] 
2026-06-21 17:18:18,016 [ERROR] LogOutputStream:75 - [STDERR_REDIRECT] [Fatal Error] :1:1: Premature end of file.
2026-06-21 17:18:18,016 [ERROR] LogOutputStream:75 - [STDERR_REDIRECT] 
2026-06-21 17:18:19,016 [ERROR] LogOutputStream:75 - [STDERR_REDIRECT] [Fatal Error] :1:1: Premature end of file.
2026-06-21 17:18:19,016 [ERROR] LogOutputStream:75 - [STDERR_REDIRECT] 
2026-06-21 17:18:20,016 [ERROR] LogOutputStream:75 - [STDERR_REDIRECT] [Fatal Error] :1:1: Premature end of file.
2026-06-21 17:18:20,016 [ERROR] LogOutputStream:75 - [STDERR_REDIRECT] 
2026-06-21 17:18:21,016 [ERROR] LogOutputStream:75 - [STDERR_REDIRECT] [Fatal Error] :1:1: Premature end of file.
2026-06-21 17:18:21,016 [ERROR] LogOutputStream:75 - [STDERR_REDIRECT] 
2026-06-21 17:18:22,016 [ERROR] LogOutputStream:75 - [STDERR_REDIRECT] [Fatal Error] :1:1: Premature end of file.
2026-06-21 17:18:22,016 [ERROR] LogOutputStream:75 - [STDERR_REDIRECT] 
2026-06-21 17:18:23,017 [ERROR] LogOutputStream:75 - [STDERR_REDIRECT] [Fatal Error] :1:1: Premature end of file.
2026-06-21 17:18:23,017 [ERROR] LogOutputStream:75 - [STDERR_REDIRECT] 
2026-06-21 17:18:24,016 [ERROR] LogOutputStream:75 - [STDERR_REDIRECT] [Fatal Error] :1:1: Premature end of file.
2026-06-21 17:18:24,017 [ERROR] LogOutputStream:75 - [STDERR_REDIRECT] 
2026-06-21 17:18:25,016 [ERROR] LogOutputStream:75 - [STDERR_REDIRECT] [Fatal Error] :1:1: Premature end of file.
2026-06-21 17:18:25,016 [ERROR] LogOutputStream:75 - [STDERR_REDIRECT] 
2026-06-21 17:18:26,016 [ERROR] LogOutputStream:75 - [STDERR_REDIRECT] [Fatal Error] :1:1: Premature end of file.
2026-06-21 17:18:26,016 [ERROR] LogOutputStream:75 - [STDERR_REDIRECT] 
2026-06-21 17:18:27,017 [ERROR] LogOutputStream:75 - [STDERR_REDIRECT] [Fatal Error] :1:1: Premature end of file.
2026-06-21 17:18:27,017 [ERROR] LogOutputStream:75 - [STDERR_REDIRECT] 
2026-06-21 17:18:28,016 [ERROR] LogOutputStream:75 - [STDERR_REDIRECT] [Fatal Error] :1:1: Premature end of file.
2026-06-21 17:18:28,017 [ERROR] LogOutputStream:75 - [STDERR_REDIRECT] 
2026-06-21 17:18:29,017 [ERROR] LogOutputStream:75 - [STDERR_REDIRECT] [Fatal Error] :1:1: Premature end of file.
2026-06-21 17:18:29,018 [ERROR] LogOutputStream:75 - [STDERR_REDIRECT] 
2026-06-21 17:18:30,016 [ERROR] LogOutputStream:75 - [STDERR_REDIRECT] [Fatal Error] :1:1: Premature end of file.
2026-06-21 17:18:30,016 [ERROR] LogOutputStream:75 - [STDERR_REDIRECT] 
2026-06-21 17:18:31,018 [ERROR] LogOutputStream:75 - [STDERR_REDIRECT] [Fatal Error] :1:1: Premature end of file.
2026-06-21 17:18:31,018 [ERROR] LogOutputStream:75 - [STDERR_REDIRECT] 
2026-06-21 17:18:32,017 [ERROR] LogOutputStream:75 - [STDERR_REDIRECT] [Fatal Error] :1:1: Premature end of file.
2026-06-21 17:18:32,017 [ERROR] LogOutputStream:75 - [STDERR_REDIRECT] 
2026-06-21 17:18:33,017 [ERROR] LogOutputStream:75 - [STDERR_REDIRECT] [Fatal Error] :1:1: Premature end of file.
2026-06-21 17:18:33,017 [ERROR] LogOutputStream:75 - [STDERR_REDIRECT] 
2026-06-21 17:18:34,015 [ERROR] LogOutputStream:75 - [STDERR_REDIRECT] [Fatal Error] :1:1: Premature end of file.
2026-06-21 17:18:34,016 [ERROR] LogOutputStream:75 - [STDERR_REDIRECT] 
2026-06-21 17:18:35,017 [ERROR] LogOutputStream:75 - [STDERR_REDIRECT] [Fatal Error] :1:1: Premature end of file.
2026-06-21 17:18:35,017 [ERROR] LogOutputStream:75 - [STDERR_REDIRECT] 
2026-06-21 17:18:36,016 [ERROR] LogOutputStream:75 - [STDERR_REDIRECT] [Fatal Error] :1:1: Premature end of file.
2026-06-21 17:18:36,016 [ERROR] LogOutputStream:75 - [STDERR_REDIRECT] 
2026-06-21 17:18:37,016 [ERROR] LogOutputStream:75 - [STDERR_REDIRECT] [Fatal Error] :1:1: Premature end of file.
2026-06-21 17:18:37,016 [ERROR] LogOutputStream:75 - [STDERR_REDIRECT] 
2026-06-21 17:18:38,017 [ERROR] LogOutputStream:75 - [STDERR_REDIRECT] [Fatal Error] :1:1: Premature end of file.
2026-06-21 17:18:38,017 [ERROR] LogOutputStream:75 - [STDERR_REDIRECT] 
2026-06-21 17:18:39,016 [ERROR] LogOutputStream:75 - [STDERR_REDIRECT] [Fatal Error] :1:1: Premature end of file.
2026-06-21 17:18:39,017 [ERROR] LogOutputStream:75 - [STDERR_REDIRECT] 
2026-06-21 17:18:40,017 [ERROR] LogOutputStream:75 - [STDERR_REDIRECT] [Fatal Error] :1:1: Premature end of file.
2026-06-21 17:18:40,017 [ERROR] LogOutputStream:75 - [STDERR_REDIRECT] 
2026-06-21 17:18:41,015 [ERROR] LogOutputStream:75 - [STDERR_REDIRECT] [Fatal Error] :1:1: Premature end of file.
2026-06-21 17:18:41,016 [ERROR] LogOutputStream:75 - [STDERR_REDIRECT] 
2026-06-21 17:18:42,017 [ERROR] LogOutputStream:75 - [STDERR_REDIRECT] [Fatal Error] :1:1: Premature end of file.
2026-06-21 17:18:42,018 [ERROR] LogOutputStream:75 - [STDERR_REDIRECT] 
2026-06-21 17:18:43,016 [ERROR] LogOutputStream:75 - [STDERR_REDIRECT] [Fatal Error] :1:1: Premature end of file.
2026-06-21 17:18:43,017 [ERROR] LogOutputStream:75 - [STDERR_REDIRECT] 
2026-06-21 17:18:44,016 [ERROR] LogOutputStream:75 - [STDERR_REDIRECT] [Fatal Error] :1:1: Premature end of file.
2026-06-21 17:18:44,016 [ERROR] LogOutputStream:75 - [STDERR_REDIRECT] 
2026-06-21 17:18:45,016 [ERROR] LogOutputStream:75 - [STDERR_REDIRECT] [Fatal Error] :1:1: Premature end of file.
2026-06-21 17:18:45,017 [ERROR] LogOutputStream:75 - [STDERR_REDIRECT] 
2026-06-21 17:18:46,017 [ERROR] LogOutputStream:75 - [STDERR_REDIRECT] [Fatal Error] :1:1: Premature end of file.
2026-06-21 17:18:46,017 [ERROR] LogOutputStream:75 - [STDERR_REDIRECT] 
2026-06-21 17:18:47,016 [ERROR] LogOutputStream:75 - [STDERR_REDIRECT] [Fatal Error] :1:1: Premature end of file.
2026-06-21 17:18:47,016 [ERROR] LogOutputStream:75 - [STDERR_REDIRECT] 
2026-06-21 17:18:48,017 [ERROR] LogOutputStream:75 - [STDERR_REDIRECT] [Fatal Error] :1:1: Premature end of file.
2026-06-21 17:18:48,017 [ERROR] LogOutputStream:75 - [STDERR_REDIRECT] 
2026-06-21 17:18:49,016 [ERROR] LogOutputStream:75 - [STDERR_REDIRECT] [Fatal Error] :1:1: Premature end of file.
2026-06-21 17:18:49,016 [ERROR] LogOutputStream:75 - [STDERR_REDIRECT] 
2026-06-21 17:18:50,017 [ERROR] LogOutputStream:75 - [STDERR_REDIRECT] [Fatal Error] :1:1: Premature end of file.
2026-06-21 17:18:50,018 [ERROR] LogOutputStream:75 - [STDERR_REDIRECT] 
2026-06-21 17:18:51,017 [ERROR] LogOutputStream:75 - [STDERR_REDIRECT] [Fatal Error] :1:1: Premature end of file.
2026-06-21 17:18:51,017 [ERROR] LogOutputStream:75 - [STDERR_REDIRECT] 
2026-06-21 17:18:52,016 [ERROR] LogOutputStream:75 - [STDERR_REDIRECT] [Fatal Error] :1:1: Premature end of file.
2026-06-21 17:18:52,016 [ERROR] LogOutputStream:75 - [STDERR_REDIRECT] 
2026-06-21 17:18:53,016 [ERROR] LogOutputStream:75 - [STDERR_REDIRECT] [Fatal Error] :1:1: Premature end of file.
2026-06-21 17:18:53,016 [ERROR] LogOutputStream:75 - [STDERR_REDIRECT] 
2026-06-21 17:18:54,016 [ERROR] LogOutputStream:75 - [STDERR_REDIRECT] [Fatal Error] :1:1: Premature end of file.
2026-06-21 17:18:54,016 [ERROR] LogOutputStream:75 - [STDERR_REDIRECT] 
2026-06-21 17:18:55,017 [ERROR] LogOutputStream:75 - [STDERR_REDIRECT] [Fatal Error] :1:1: Premature end of file.
2026-06-21 17:18:55,017 [ERROR] LogOutputStream:75 - [STDERR_REDIRECT] 
2026-06-21 17:18:56,017 [ERROR] LogOutputStream:75 - [STDERR_REDIRECT] [Fatal Error] :1:1: Premature end of file.
2026-06-21 17:18:56,017 [ERROR] LogOutputStream:75 - [STDERR_REDIRECT] 
2026-06-21 17:18:57,017 [ERROR] LogOutputStream:75 - [STDERR_REDIRECT] [Fatal Error] :1:1: Premature end of file.
2026-06-21 17:18:57,017 [ERROR] LogOutputStream:75 - [STDERR_REDIRECT] 
2026-06-21 17:18:58,017 [ERROR] LogOutputStream:75 - [STDERR_REDIRECT] [Fatal Error] :1:1: Premature end of file.
2026-06-21 17:18:58,017 [ERROR] LogOutputStream:75 - [STDERR_REDIRECT] 
2026-06-21 17:18:59,017 [ERROR] LogOutputStream:75 - [STDERR_REDIRECT] [Fatal Error] :1:1: Premature end of file.
2026-06-21 17:18:59,017 [ERROR] LogOutputStream:75 - [STDERR_REDIRECT] 
2026-06-21 17:19:00,016 [ERROR] LogOutputStream:75 - [STDERR_REDIRECT] [Fatal Error] :1:1: Premature end of file.
2026-06-21 17:19:00,017 [ERROR] LogOutputStream:75 - [STDERR_REDIRECT] 
2026-06-21 17:19:01,016 [ERROR] LogOutputStream:75 - [STDERR_REDIRECT] [Fatal Error] :1:1: Premature end of file.
2026-06-21 17:19:01,016 [ERROR] LogOutputStream:75 - [STDERR_REDIRECT] 
2026-06-21 17:19:02,016 [ERROR] LogOutputStream:75 - [STDERR_REDIRECT] [Fatal Error] :1:1: Premature end of file.
2026-06-21 17:19:02,016 [ERROR] LogOutputStream:75 - [STDERR_REDIRECT] 
2026-06-21 17:19:03,016 [ERROR] LogOutputStream:75 - [STDERR_REDIRECT] [Fatal Error] :1:1: Premature end of file.
2026-06-21 17:19:03,016 [ERROR] LogOutputStream:75 - [STDERR_REDIRECT] 
2026-06-21 17:19:04,017 [ERROR] LogOutputStream:75 - [STDERR_REDIRECT] [Fatal Error] :1:1: Premature end of file.
2026-06-21 17:19:04,018 [ERROR] LogOutputStream:75 - [STDERR_REDIRECT] 
2026-06-21 17:19:05,016 [ERROR] LogOutputStream:75 - [STDERR_REDIRECT] [Fatal Error] :1:1: Premature end of file.
2026-06-21 17:19:05,016 [ERROR] LogOutputStream:75 - [STDERR_REDIRECT] 
2026-06-21 17:19:06,016 [ERROR] LogOutputStream:75 - [STDERR_REDIRECT] [Fatal Error] :1:1: Premature end of file.
2026-06-21 17:19:06,016 [ERROR] LogOutputStream:75 - [STDERR_REDIRECT] 
2026-06-21 17:19:07,018 [ERROR] LogOutputStream:75 - [STDERR_REDIRECT] [Fatal Error] :1:1: Premature end of file.
2026-06-21 17:19:07,018 [ERROR] LogOutputStream:75 - [STDERR_REDIRECT] 
2026-06-21 17:19:08,017 [ERROR] LogOutputStream:75 - [STDERR_REDIRECT] [Fatal Error] :1:1: Premature end of file.
2026-06-21 17:19:08,018 [ERROR] LogOutputStream:75 - [STDERR_REDIRECT] 
2026-06-21 17:19:09,017 [ERROR] LogOutputStream:75 - [STDERR_REDIRECT] [Fatal Error] :1:1: Premature end of file.
2026-06-21 17:19:09,017 [ERROR] LogOutputStream:75 - [STDERR_REDIRECT] 
2026-06-21 17:19:10,016 [ERROR] LogOutputStream:75 - [STDERR_REDIRECT] [Fatal Error] :1:1: Premature end of file.
2026-06-21 17:19:10,017 [ERROR] LogOutputStream:75 - [STDERR_REDIRECT] 
2026-06-21 17:19:11,017 [ERROR] LogOutputStream:75 - [STDERR_REDIRECT] [Fatal Error] :1:1: Premature end of file.
2026-06-21 17:19:11,017 [ERROR] LogOutputStream:75 - [STDERR_REDIRECT] 
2026-06-21 17:19:12,017 [ERROR] LogOutputStream:75 - [STDERR_REDIRECT] [Fatal Error] :1:1: Premature end of file.
2026-06-21 17:19:12,017 [ERROR] LogOutputStream:75 - [STDERR_REDIRECT] 
2026-06-21 17:19:13,017 [ERROR] LogOutputStream:75 - [STDERR_REDIRECT] [Fatal Error] :1:1: Premature end of file.
2026-06-21 17:19:13,018 [ERROR] LogOutputStream:75 - [STDERR_REDIRECT] 
2026-06-21 17:19:14,017 [ERROR] LogOutputStream:75 - [STDERR_REDIRECT] [Fatal Error] :1:1: Premature end of file.
2026-06-21 17:19:14,017 [ERROR] LogOutputStream:75 - [STDERR_REDIRECT] 
2026-06-21 17:19:15,017 [ERROR] LogOutputStream:75 - [STDERR_REDIRECT] [Fatal Error] :1:1: Premature end of file.
2026-06-21 17:19:15,017 [ERROR] LogOutputStream:75 - [STDERR_REDIRECT] 
2026-06-21 17:19:16,017 [ERROR] LogOutputStream:75 - [STDERR_REDIRECT] [Fatal Error] :1:1: Premature end of file.
2026-06-21 17:19:16,018 [ERROR] LogOutputStream:75 - [STDERR_REDIRECT] 
2026-06-21 17:19:17,016 [ERROR] LogOutputStream:75 - [STDERR_REDIRECT] [Fatal Error] :1:1: Premature end of file.
2026-06-21 17:19:17,016 [ERROR] LogOutputStream:75 - [STDERR_REDIRECT] 
2026-06-21 17:19:18,016 [ERROR] LogOutputStream:75 - [STDERR_REDIRECT] [Fatal Error] :1:1: Premature end of file.
2026-06-21 17:19:18,016 [ERROR] LogOutputStream:75 - [STDERR_REDIRECT] 
2026-06-21 17:19:19,016 [ERROR] LogOutputStream:75 - [STDERR_REDIRECT] [Fatal Error] :1:1: Premature end of file.
2026-06-21 17:19:19,016 [ERROR] LogOutputStream:75 - [STDERR_REDIRECT] 
2026-06-21 17:19:20,017 [ERROR] LogOutputStream:75 - [STDERR_REDIRECT] [Fatal Error] :1:1: Premature end of file.
2026-06-21 17:19:20,017 [ERROR] LogOutputStream:75 - [STDERR_REDIRECT] 
2026-06-21 17:19:21,017 [ERROR] LogOutputStream:75 - [STDERR_REDIRECT] [Fatal Error] :1:1: Premature end of file.
2026-06-21 17:19:21,018 [ERROR] LogOutputStream:75 - [STDERR_REDIRECT] 
2026-06-21 17:19:22,015 [ERROR] LogOutputStream:75 - [STDERR_REDIRECT] [Fatal Error] :1:1: Premature end of file.
2026-06-21 17:19:22,016 [ERROR] LogOutputStream:75 - [STDERR_REDIRECT] 
2026-06-21 17:19:23,017 [ERROR] LogOutputStream:75 - [STDERR_REDIRECT] [Fatal Error] :1:1: Premature end of file.
2026-06-21 17:19:23,017 [ERROR] LogOutputStream:75 - [STDERR_REDIRECT] 
2026-06-21 17:19:24,015 [ERROR] LogOutputStream:75 - [STDERR_REDIRECT] [Fatal Error] :1:1: Premature end of file.
2026-06-21 17:19:24,015 [ERROR] LogOutputStream:75 - [STDERR_REDIRECT] 
2026-06-21 17:19:25,016 [ERROR] LogOutputStream:75 - [STDERR_REDIRECT] [Fatal Error] :1:1: Premature end of file.
2026-06-21 17:19:25,017 [ERROR] LogOutputStream:75 - [STDERR_REDIRECT] 
2026-06-21 17:19:26,016 [ERROR] LogOutputStream:75 - [STDERR_REDIRECT] [Fatal Error] :1:1: Premature end of file.
2026-06-21 17:19:26,016 [ERROR] LogOutputStream:75 - [STDERR_REDIRECT] 
2026-06-21 17:19:27,016 [ERROR] LogOutputStream:75 - [STDERR_REDIRECT] [Fatal Error] :1:1: Premature end of file.
2026-06-21 17:19:27,016 [ERROR] LogOutputStream:75 - [STDERR_REDIRECT] 
2026-06-21 17:19:28,016 [ERROR] LogOutputStream:75 - [STDERR_REDIRECT] [Fatal Error] :1:1: Premature end of file.
2026-06-21 17:19:28,016 [ERROR] LogOutputStream:75 - [STDERR_REDIRECT] 
2026-06-21 17:19:29,017 [ERROR] LogOutputStream:75 - [STDERR_REDIRECT] [Fatal Error] :1:1: Premature end of file.
2026-06-21 17:19:29,017 [ERROR] LogOutputStream:75 - [STDERR_REDIRECT] 
2026-06-21 17:19:30,017 [ERROR] LogOutputStream:75 - [STDERR_REDIRECT] [Fatal Error] :1:1: Premature end of file.
2026-06-21 17:19:30,017 [ERROR] LogOutputStream:75 - [STDERR_REDIRECT] 
2026-06-21 17:19:31,015 [ERROR] LogOutputStream:75 - [STDERR_REDIRECT] [Fatal Error] :1:1: Premature end of file.
2026-06-21 17:19:31,015 [ERROR] LogOutputStream:75 - [STDERR_REDIRECT] 
2026-06-21 17:19:32,016 [ERROR] LogOutputStream:75 - [STDERR_REDIRECT] [Fatal Error] :1:1: Premature end of file.
2026-06-21 17:19:32,016 [ERROR] LogOutputStream:75 - [STDERR_REDIRECT] 
2026-06-21 17:19:33,016 [ERROR] LogOutputStream:75 - [STDERR_REDIRECT] [Fatal Error] :1:1: Premature end of file.
2026-06-21 17:19:33,016 [ERROR] LogOutputStream:75 - [STDERR_REDIRECT] 
2026-06-21 17:19:34,016 [ERROR] LogOutputStream:75 - [STDERR_REDIRECT] [Fatal Error] :1:1: Premature end of file.
2026-06-21 17:19:34,017 [ERROR] LogOutputStream:75 - [STDERR_REDIRECT] 
2026-06-21 17:19:35,017 [ERROR] LogOutputStream:75 - [STDERR_REDIRECT] [Fatal Error] :1:1: Premature end of file.
2026-06-21 17:19:35,017 [ERROR] LogOutputStream:75 - [STDERR_REDIRECT] 
2026-06-21 17:19:36,016 [ERROR] LogOutputStream:75 - [STDERR_REDIRECT] [Fatal Error] :1:1: Premature end of file.
2026-06-21 17:19:36,016 [ERROR] LogOutputStream:75 - [STDERR_REDIRECT] 
2026-06-21 17:19:37,016 [ERROR] LogOutputStream:75 - [STDERR_REDIRECT] [Fatal Error] :1:1: Premature end of file.
2026-06-21 17:19:37,016 [ERROR] LogOutputStream:75 - [STDERR_REDIRECT] 
2026-06-21 17:19:38,017 [ERROR] LogOutputStream:75 - [STDERR_REDIRECT] [Fatal Error] :1:1: Premature end of file.
2026-06-21 17:19:38,017 [ERROR] LogOutputStream:75 - [STDERR_REDIRECT] 
2026-06-21 17:19:39,017 [ERROR] LogOutputStream:75 - [STDERR_REDIRECT] [Fatal Error] :1:1: Premature end of file.
2026-06-21 17:19:39,017 [ERROR] LogOutputStream:75 - [STDERR_REDIRECT] 
2026-06-21 17:19:40,016 [ERROR] LogOutputStream:75 - [STDERR_REDIRECT] [Fatal Error] :1:1: Premature end of file.
2026-06-21 17:19:40,016 [ERROR] LogOutputStream:75 - [STDERR_REDIRECT] 
2026-06-21 17:19:41,018 [ERROR] LogOutputStream:75 - [STDERR_REDIRECT] [Fatal Error] :1:1: Premature end of file.
2026-06-21 17:19:41,018 [ERROR] LogOutputStream:75 - [STDERR_REDIRECT] 
2026-06-21 17:19:42,016 [ERROR] LogOutputStream:75 - [STDERR_REDIRECT] [Fatal Error] :1:1: Premature end of file.
2026-06-21 17:19:42,016 [ERROR] LogOutputStream:75 - [STDERR_REDIRECT] 
2026-06-21 17:19:43,018 [ERROR] LogOutputStream:75 - [STDERR_REDIRECT] [Fatal Error] :1:1: Premature end of file.
2026-06-21 17:19:43,018 [ERROR] LogOutputStream:75 - [STDERR_REDIRECT] 
2026-06-21 17:19:44,016 [ERROR] LogOutputStream:75 - [STDERR_REDIRECT] [Fatal Error] :1:1: Premature end of file.
2026-06-21 17:19:44,017 [ERROR] LogOutputStream:75 - [STDERR_REDIRECT] 
2026-06-21 17:19:45,017 [ERROR] LogOutputStream:75 - [STDERR_REDIRECT] [Fatal Error] :1:1: Premature end of file.
2026-06-21 17:19:45,017 [ERROR] LogOutputStream:75 - [STDERR_REDIRECT] 
2026-06-21 17:19:46,016 [ERROR] LogOutputStream:75 - [STDERR_REDIRECT] [Fatal Error] :1:1: Premature end of file.
2026-06-21 17:19:46,016 [ERROR] LogOutputStream:75 - [STDERR_REDIRECT] 
2026-06-21 17:19:47,016 [ERROR] LogOutputStream:75 - [STDERR_REDIRECT] [Fatal Error] :1:1: Premature end of file.
2026-06-21 17:19:47,016 [ERROR] LogOutputStream:75 - [STDERR_REDIRECT] 
2026-06-21 17:19:48,017 [ERROR] LogOutputStream:75 - [STDERR_REDIRECT] [Fatal Error] :1:1: Premature end of file.
2026-06-21 17:19:48,017 [ERROR] LogOutputStream:75 - [STDERR_REDIRECT] 
2026-06-21 17:19:49,017 [ERROR] LogOutputStream:75 - [STDERR_REDIRECT] [Fatal Error] :1:1: Premature end of file.
2026-06-21 17:19:49,017 [ERROR] LogOutputStream:75 - [STDERR_REDIRECT] 
2026-06-21 17:19:50,020 [ERROR] LogOutputStream:75 - [STDERR_REDIRECT] [Fatal Error] :1:1: Premature end of file.
2026-06-21 17:19:50,020 [ERROR] LogOutputStream:75 - [STDERR_REDIRECT] 
2026-06-21 17:19:51,017 [ERROR] LogOutputStream:75 - [STDERR_REDIRECT] [Fatal Error] :1:1: Premature end of file.
2026-06-21 17:19:51,017 [ERROR] LogOutputStream:75 - [STDERR_REDIRECT] 
2026-06-21 17:19:52,017 [ERROR] LogOutputStream:75 - [STDERR_REDIRECT] [Fatal Error] :1:1: Premature end of file.
2026-06-21 17:19:52,017 [ERROR] LogOutputStream:75 - [STDERR_REDIRECT] 
2026-06-21 17:19:53,017 [ERROR] LogOutputStream:75 - [STDERR_REDIRECT] [Fatal Error] :1:1: Premature end of file.
2026-06-21 17:19:53,017 [ERROR] LogOutputStream:75 - [STDERR_REDIRECT] 
2026-06-21 17:19:54,017 [ERROR] LogOutputStream:75 - [STDERR_REDIRECT] [Fatal Error] :1:1: Premature end of file.
2026-06-21 17:19:54,017 [ERROR] LogOutputStream:75 - [STDERR_REDIRECT] 
2026-06-21 17:19:55,017 [ERROR] LogOutputStream:75 - [STDERR_REDIRECT] [Fatal Error] :1:1: Premature end of file.
2026-06-21 17:19:55,017 [ERROR] LogOutputStream:75 - [STDERR_REDIRECT] 
2026-06-21 17:19:56,017 [ERROR] LogOutputStream:75 - [STDERR_REDIRECT] [Fatal Error] :1:1: Premature end of file.
2026-06-21 17:19:56,017 [ERROR] LogOutputStream:75 - [STDERR_REDIRECT] 
2026-06-21 17:19:57,016 [ERROR] LogOutputStream:75 - [STDERR_REDIRECT] [Fatal Error] :1:1: Premature end of file.
2026-06-21 17:19:57,016 [ERROR] LogOutputStream:75 - [STDERR_REDIRECT] 
2026-06-21 17:19:58,017 [ERROR] LogOutputStream:75 - [STDERR_REDIRECT] [Fatal Error] :1:1: Premature end of file.
2026-06-21 17:19:58,017 [ERROR] LogOutputStream:75 - [STDERR_REDIRECT] 
2026-06-21 17:19:59,017 [ERROR] LogOutputStream:75 - [STDERR_REDIRECT] [Fatal Error] :1:1: Premature end of file.
2026-06-21 17:19:59,018 [ERROR] LogOutputStream:75 - [STDERR_REDIRECT] 
2026-06-21 17:20:00,017 [ERROR] LogOutputStream:75 - [STDERR_REDIRECT] [Fatal Error] :1:1: Premature end of file.
2026-06-21 17:20:00,017 [ERROR] LogOutputStream:75 - [STDERR_REDIRECT] 
2026-06-21 17:20:01,016 [ERROR] LogOutputStream:75 - [STDERR_REDIRECT] [Fatal Error] :1:1: Premature end of file.
2026-06-21 17:20:01,016 [ERROR] LogOutputStream:75 - [STDERR_REDIRECT] 
2026-06-21 17:20:02,017 [ERROR] LogOutputStream:75 - [STDERR_REDIRECT] [Fatal Error] :1:1: Premature end of file.
2026-06-21 17:20:02,017 [ERROR] LogOutputStream:75 - [STDERR_REDIRECT] 
2026-06-21 17:20:03,017 [ERROR] LogOutputStream:75 - [STDERR_REDIRECT] [Fatal Error] :1:1: Premature end of file.
2026-06-21 17:20:03,017 [ERROR] LogOutputStream:75 - [STDERR_REDIRECT] 
2026-06-21 17:20:04,016 [ERROR] LogOutputStream:75 - [STDERR_REDIRECT] [Fatal Error] :1:1: Premature end of file.
2026-06-21 17:20:04,017 [ERROR] LogOutputStream:75 - [STDERR_REDIRECT] 
2026-06-21 17:20:05,017 [ERROR] LogOutputStream:75 - [STDERR_REDIRECT] [Fatal Error] :1:1: Premature end of file.
2026-06-21 17:20:05,018 [ERROR] LogOutputStream:75 - [STDERR_REDIRECT] 
2026-06-21 17:20:06,016 [ERROR] LogOutputStream:75 - [STDERR_REDIRECT] [Fatal Error] :1:1: Premature end of file.
2026-06-21 17:20:06,016 [ERROR] LogOutputStream:75 - [STDERR_REDIRECT] 
2026-06-21 17:20:07,016 [ERROR] LogOutputStream:75 - [STDERR_REDIRECT] [Fatal Error] :1:1: Premature end of file.
2026-06-21 17:20:07,016 [ERROR] LogOutputStream:75 - [STDERR_REDIRECT] 
2026-06-21 17:20:08,018 [ERROR] LogOutputStream:75 - [STDERR_REDIRECT] [Fatal Error] :1:1: Premature end of file.
2026-06-21 17:20:08,018 [ERROR] LogOutputStream:75 - [STDERR_REDIRECT] 
2026-06-21 17:20:09,016 [ERROR] LogOutputStream:75 - [STDERR_REDIRECT] [Fatal Error] :1:1: Premature end of file.
2026-06-21 17:20:09,016 [ERROR] LogOutputStream:75 - [STDERR_REDIRECT] 
2026-06-21 17:20:10,017 [ERROR] LogOutputStream:75 - [STDERR_REDIRECT] [Fatal Error] :1:1: Premature end of file.
2026-06-21 17:20:10,017 [ERROR] LogOutputStream:75 - [STDERR_REDIRECT] 
2026-06-21 17:20:11,016 [ERROR] LogOutputStream:75 - [STDERR_REDIRECT] [Fatal Error] :1:1: Premature end of file.
2026-06-21 17:20:11,016 [ERROR] LogOutputStream:75 - [STDERR_REDIRECT] 
2026-06-21 17:20:12,015 [ERROR] LogOutputStream:75 - [STDERR_REDIRECT] [Fatal Error] :1:1: Premature end of file.
2026-06-21 17:20:12,017 [ERROR] LogOutputStream:75 - [STDERR_REDIRECT] 
2026-06-21 17:20:13,016 [ERROR] LogOutputStream:75 - [STDERR_REDIRECT] [Fatal Error] :1:1: Premature end of file.
2026-06-21 17:20:13,016 [ERROR] LogOutputStream:75 - [STDERR_REDIRECT] 
2026-06-21 17:20:14,016 [ERROR] LogOutputStream:75 - [STDERR_REDIRECT] [Fatal Error] :1:1: Premature end of file.
2026-06-21 17:20:14,016 [ERROR] LogOutputStream:75 - [STDERR_REDIRECT] 
2026-06-21 17:20:15,017 [ERROR] LogOutputStream:75 - [STDERR_REDIRECT] [Fatal Error] :1:1: Premature end of file.
2026-06-21 17:20:15,017 [ERROR] LogOutputStream:75 - [STDERR_REDIRECT] 
2026-06-21 17:20:16,017 [ERROR] LogOutputStream:75 - [STDERR_REDIRECT] [Fatal Error] :1:1: Premature end of file.
2026-06-21 17:20:16,017 [ERROR] LogOutputStream:75 - [STDERR_REDIRECT] 
2026-06-21 17:20:17,017 [ERROR] LogOutputStream:75 - [STDERR_REDIRECT] [Fatal Error] :1:1: Premature end of file.
2026-06-21 17:20:17,017 [ERROR] LogOutputStream:75 - [STDERR_REDIRECT] 
2026-06-21 17:20:18,017 [ERROR] LogOutputStream:75 - [STDERR_REDIRECT] [Fatal Error] :1:1: Premature end of file.
2026-06-21 17:20:18,017 [ERROR] LogOutputStream:75 - [STDERR_REDIRECT] 
2026-06-21 17:20:19,016 [ERROR] LogOutputStream:75 - [STDERR_REDIRECT] [Fatal Error] :1:1: Premature end of file.
2026-06-21 17:20:19,016 [ERROR] LogOutputStream:75 - [STDERR_REDIRECT] 
2026-06-21 17:20:20,015 [ERROR] LogOutputStream:75 - [STDERR_REDIRECT] [Fatal Error] :1:1: Premature end of file.
2026-06-21 17:20:20,016 [ERROR] LogOutputStream:75 - [STDERR_REDIRECT] 
2026-06-21 17:20:21,016 [ERROR] LogOutputStream:75 - [STDERR_REDIRECT] [Fatal Error] :1:1: Premature end of file.
2026-06-21 17:20:21,017 [ERROR] LogOutputStream:75 - [STDERR_REDIRECT] 
2026-06-21 17:20:22,016 [ERROR] LogOutputStream:75 - [STDERR_REDIRECT] [Fatal Error] :1:1: Premature end of file.
2026-06-21 17:20:22,017 [ERROR] LogOutputStream:75 - [STDERR_REDIRECT] 
2026-06-21 17:20:23,016 [ERROR] LogOutputStream:75 - [STDERR_REDIRECT] [Fatal Error] :1:1: Premature end of file.
2026-06-21 17:20:23,016 [ERROR] LogOutputStream:75 - [STDERR_REDIRECT] 
2026-06-21 17:20:24,016 [ERROR] LogOutputStream:75 - [STDERR_REDIRECT] [Fatal Error] :1:1: Premature end of file.
2026-06-21 17:20:24,016 [ERROR] LogOutputStream:75 - [STDERR_REDIRECT] 
2026-06-21 17:20:25,016 [ERROR] LogOutputStream:75 - [STDERR_REDIRECT] [Fatal Error] :1:1: Premature end of file.
2026-06-21 17:20:25,016 [ERROR] LogOutputStream:75 - [STDERR_REDIRECT] 
2026-06-21 17:20:26,017 [ERROR] LogOutputStream:75 - [STDERR_REDIRECT] [Fatal Error] :1:1: Premature end of file.
2026-06-21 17:20:26,017 [ERROR] LogOutputStream:75 - [STDERR_REDIRECT] 
2026-06-21 17:20:27,016 [ERROR] LogOutputStream:75 - [STDERR_REDIRECT] [Fatal Error] :1:1: Premature end of file.
2026-06-21 17:20:27,017 [ERROR] LogOutputStream:75 - [STDERR_REDIRECT] 
2026-06-21 17:20:28,017 [ERROR] LogOutputStream:75 - [STDERR_REDIRECT] [Fatal Error] :1:1: Premature end of file.
2026-06-21 17:20:28,017 [ERROR] LogOutputStream:75 - [STDERR_REDIRECT] 
2026-06-21 17:20:29,017 [ERROR] LogOutputStream:75 - [STDERR_REDIRECT] [Fatal Error] :1:1: Premature end of file.
2026-06-21 17:20:29,017 [ERROR] LogOutputStream:75 - [STDERR_REDIRECT] 
2026-06-21 17:20:30,016 [ERROR] LogOutputStream:75 - [STDERR_REDIRECT] [Fatal Error] :1:1: Premature end of file.
2026-06-21 17:20:30,016 [ERROR] LogOutputStream:75 - [STDERR_REDIRECT] 
2026-06-21 17:20:31,017 [ERROR] LogOutputStream:75 - [STDERR_REDIRECT] [Fatal Error] :1:1: Premature end of file.
2026-06-21 17:20:31,017 [ERROR] LogOutputStream:75 - [STDERR_REDIRECT] 
2026-06-21 17:20:32,016 [ERROR] LogOutputStream:75 - [STDERR_REDIRECT] [Fatal Error] :1:1: Premature end of file.
2026-06-21 17:20:32,016 [ERROR] LogOutputStream:75 - [STDERR_REDIRECT] 
2026-06-21 17:20:33,016 [ERROR] LogOutputStream:75 - [STDERR_REDIRECT] [Fatal Error] :1:1: Premature end of file.
2026-06-21 17:20:33,017 [ERROR] LogOutputStream:75 - [STDERR_REDIRECT] 
2026-06-21 17:20:34,017 [ERROR] LogOutputStream:75 - [STDERR_REDIRECT] [Fatal Error] :1:1: Premature end of file.
2026-06-21 17:20:34,017 [ERROR] LogOutputStream:75 - [STDERR_REDIRECT] 
2026-06-21 17:20:35,016 [ERROR] LogOutputStream:75 - [STDERR_REDIRECT] [Fatal Error] :1:1: Premature end of file.
2026-06-21 17:20:35,016 [ERROR] LogOutputStream:75 - [STDERR_REDIRECT] 
2026-06-21 17:20:36,016 [ERROR] LogOutputStream:75 - [STDERR_REDIRECT] [Fatal Error] :1:1: Premature end of file.
2026-06-21 17:20:36,016 [ERROR] LogOutputStream:75 - [STDERR_REDIRECT] 
2026-06-21 17:20:37,016 [ERROR] LogOutputStream:75 - [STDERR_REDIRECT] [Fatal Error] :1:1: Premature end of file.
2026-06-21 17:20:37,016 [ERROR] LogOutputStream:75 - [STDERR_REDIRECT] 
2026-06-21 17:20:38,017 [ERROR] LogOutputStream:75 - [STDERR_REDIRECT] [Fatal Error] :1:1: Premature end of file.
2026-06-21 17:20:38,017 [ERROR] LogOutputStream:75 - [STDERR_REDIRECT] 
2026-06-21 17:20:39,016 [ERROR] LogOutputStream:75 - [STDERR_REDIRECT] [Fatal Error] :1:1: Premature end of file.
2026-06-21 17:20:39,016 [ERROR] LogOutputStream:75 - [STDERR_REDIRECT] 
2026-06-21 17:20:40,017 [ERROR] LogOutputStream:75 - [STDERR_REDIRECT] [Fatal Error] :1:1: Premature end of file.
2026-06-21 17:20:40,017 [ERROR] LogOutputStream:75 - [STDERR_REDIRECT] 
2026-06-21 17:20:41,017 [ERROR] LogOutputStream:75 - [STDERR_REDIRECT] [Fatal Error] :1:1: Premature end of file.
2026-06-21 17:20:41,018 [ERROR] LogOutputStream:75 - [STDERR_REDIRECT] 
2026-06-21 17:20:42,016 [ERROR] LogOutputStream:75 - [STDERR_REDIRECT] [Fatal Error] :1:1: Premature end of file.
2026-06-21 17:20:42,016 [ERROR] LogOutputStream:75 - [STDERR_REDIRECT] 
2026-06-21 17:20:43,017 [ERROR] LogOutputStream:75 - [STDERR_REDIRECT] [Fatal Error] :1:1: Premature end of file.
2026-06-21 17:20:43,018 [ERROR] LogOutputStream:75 - [STDERR_REDIRECT] 
2026-06-21 17:20:44,017 [ERROR] LogOutputStream:75 - [STDERR_REDIRECT] [Fatal Error] :1:1: Premature end of file.
2026-06-21 17:20:44,017 [ERROR] LogOutputStream:75 - [STDERR_REDIRECT] 
2026-06-21 17:20:45,017 [ERROR] LogOutputStream:75 - [STDERR_REDIRECT] [Fatal Error] :1:1: Premature end of file.
2026-06-21 17:20:45,017 [ERROR] LogOutputStream:75 - [STDERR_REDIRECT] 
2026-06-21 17:20:46,016 [ERROR] LogOutputStream:75 - [STDERR_REDIRECT] [Fatal Error] :1:1: Premature end of file.
2026-06-21 17:20:46,016 [ERROR] LogOutputStream:75 - [STDERR_REDIRECT] 
2026-06-21 17:20:47,017 [ERROR] LogOutputStream:75 - [STDERR_REDIRECT] [Fatal Error] :1:1: Premature end of file.
2026-06-21 17:20:47,017 [ERROR] LogOutputStream:75 - [STDERR_REDIRECT] 
2026-06-21 17:20:48,017 [ERROR] LogOutputStream:75 - [STDERR_REDIRECT] [Fatal Error] :1:1: Premature end of file.
2026-06-21 17:20:48,017 [ERROR] LogOutputStream:75 - [STDERR_REDIRECT] 
2026-06-21 17:20:49,018 [ERROR] LogOutputStream:75 - [STDERR_REDIRECT] [Fatal Error] :1:1: Premature end of file.
2026-06-21 17:20:49,018 [ERROR] LogOutputStream:75 - [STDERR_REDIRECT] 
2026-06-21 17:20:50,016 [ERROR] LogOutputStream:75 - [STDERR_REDIRECT] [Fatal Error] :1:1: Premature end of file.
2026-06-21 17:20:50,016 [ERROR] LogOutputStream:75 - [STDERR_REDIRECT] 
2026-06-21 17:20:51,017 [ERROR] LogOutputStream:75 - [STDERR_REDIRECT] [Fatal Error] :1:1: Premature end of file.
2026-06-21 17:20:51,017 [ERROR] LogOutputStream:75 - [STDERR_REDIRECT] 
2026-06-21 17:20:52,016 [ERROR] LogOutputStream:75 - [STDERR_REDIRECT] [Fatal Error] :1:1: Premature end of file.
2026-06-21 17:20:52,016 [ERROR] LogOutputStream:75 - [STDERR_REDIRECT] 
2026-06-21 17:20:53,016 [ERROR] LogOutputStream:75 - [STDERR_REDIRECT] [Fatal Error] :1:1: Premature end of file.
2026-06-21 17:20:53,016 [ERROR] LogOutputStream:75 - [STDERR_REDIRECT] 
2026-06-21 17:20:54,016 [ERROR] LogOutputStream:75 - [STDERR_REDIRECT] [Fatal Error] :1:1: Premature end of file.
2026-06-21 17:20:54,016 [ERROR] LogOutputStream:75 - [STDERR_REDIRECT] 
2026-06-21 17:20:55,017 [ERROR] LogOutputStream:75 - [STDERR_REDIRECT] [Fatal Error] :1:1: Premature end of file.
2026-06-21 17:20:55,017 [ERROR] LogOutputStream:75 - [STDERR_REDIRECT] 
2026-06-21 17:20:56,016 [ERROR] LogOutputStream:75 - [STDERR_REDIRECT] [Fatal Error] :1:1: Premature end of file.
2026-06-21 17:20:56,016 [ERROR] LogOutputStream:75 - [STDERR_REDIRECT] 
2026-06-21 17:20:57,017 [ERROR] LogOutputStream:75 - [STDERR_REDIRECT] [Fatal Error] :1:1: Premature end of file.
2026-06-21 17:20:57,017 [ERROR] LogOutputStream:75 - [STDERR_REDIRECT] 
2026-06-21 17:20:58,016 [ERROR] LogOutputStream:75 - [STDERR_REDIRECT] [Fatal Error] :1:1: Premature end of file.
2026-06-21 17:20:58,016 [ERROR] LogOutputStream:75 - [STDERR_REDIRECT] 
2026-06-21 17:20:59,016 [ERROR] LogOutputStream:75 - [STDERR_REDIRECT] [Fatal Error] :1:1: Premature end of file.
2026-06-21 17:20:59,016 [ERROR] LogOutputStream:75 - [STDERR_REDIRECT] 
2026-06-21 17:21:00,017 [ERROR] LogOutputStream:75 - [STDERR_REDIRECT] [Fatal Error] :1:1: Premature end of file.
2026-06-21 17:21:00,017 [ERROR] LogOutputStream:75 - [STDERR_REDIRECT] 
2026-06-21 17:21:01,018 [ERROR] LogOutputStream:75 - [STDERR_REDIRECT] [Fatal Error] :1:1: Premature end of file.
2026-06-21 17:21:01,018 [ERROR] LogOutputStream:75 - [STDERR_REDIRECT] 
2026-06-21 17:21:02,017 [ERROR] LogOutputStream:75 - [STDERR_REDIRECT] [Fatal Error] :1:1: Premature end of file.
2026-06-21 17:21:02,017 [ERROR] LogOutputStream:75 - [STDERR_REDIRECT] 
2026-06-21 17:21:03,015 [ERROR] LogOutputStream:75 - [STDERR_REDIRECT] [Fatal Error] :1:1: Premature end of file.
2026-06-21 17:21:03,016 [ERROR] LogOutputStream:75 - [STDERR_REDIRECT] 
2026-06-21 17:21:04,016 [ERROR] LogOutputStream:75 - [STDERR_REDIRECT] [Fatal Error] :1:1: Premature end of file.
2026-06-21 17:21:04,017 [ERROR] LogOutputStream:75 - [STDERR_REDIRECT] 
2026-06-21 17:21:05,016 [ERROR] LogOutputStream:75 - [STDERR_REDIRECT] [Fatal Error] :1:1: Premature end of file.
2026-06-21 17:21:05,016 [ERROR] LogOutputStream:75 - [STDERR_REDIRECT] 
2026-06-21 17:21:06,017 [ERROR] LogOutputStream:75 - [STDERR_REDIRECT] [Fatal Error] :1:1: Premature end of file.
2026-06-21 17:21:06,017 [ERROR] LogOutputStream:75 - [STDERR_REDIRECT] 
2026-06-21 17:21:07,015 [ERROR] LogOutputStream:75 - [STDERR_REDIRECT] [Fatal Error] :1:1: Premature end of file.
2026-06-21 17:21:07,015 [ERROR] LogOutputStream:75 - [STDERR_REDIRECT] 
2026-06-21 17:21:08,016 [ERROR] LogOutputStream:75 - [STDERR_REDIRECT] [Fatal Error] :1:1: Premature end of file.
2026-06-21 17:21:08,016 [ERROR] LogOutputStream:75 - [STDERR_REDIRECT] 
2026-06-21 17:21:09,016 [ERROR] LogOutputStream:75 - [STDERR_REDIRECT] [Fatal Error] :1:1: Premature end of file.
2026-06-21 17:21:09,016 [ERROR] LogOutputStream:75 - [STDERR_REDIRECT] 
2026-06-21 17:21:10,017 [ERROR] LogOutputStream:75 - [STDERR_REDIRECT] [Fatal Error] :1:1: Premature end of file.
2026-06-21 17:21:10,017 [ERROR] LogOutputStream:75 - [STDERR_REDIRECT] 
2026-06-21 17:21:11,016 [ERROR] LogOutputStream:75 - [STDERR_REDIRECT] [Fatal Error] :1:1: Premature end of file.
2026-06-21 17:21:11,016 [ERROR] LogOutputStream:75 - [STDERR_REDIRECT] 
2026-06-21 17:21:12,016 [ERROR] LogOutputStream:75 - [STDERR_REDIRECT] [Fatal Error] :1:1: Premature end of file.
2026-06-21 17:21:12,016 [ERROR] LogOutputStream:75 - [STDERR_REDIRECT] 
2026-06-21 17:21:13,015 [ERROR] LogOutputStream:75 - [STDERR_REDIRECT] [Fatal Error] :1:1: Premature end of file.
2026-06-21 17:21:13,015 [ERROR] LogOutputStream:75 - [STDERR_REDIRECT] 
2026-06-21 17:21:14,016 [ERROR] LogOutputStream:75 - [STDERR_REDIRECT] [Fatal Error] :1:1: Premature end of file.
2026-06-21 17:21:14,016 [ERROR] LogOutputStream:75 - [STDERR_REDIRECT] 
2026-06-21 17:21:15,017 [ERROR] LogOutputStream:75 - [STDERR_REDIRECT] [Fatal Error] :1:1: Premature end of file.
2026-06-21 17:21:15,017 [ERROR] LogOutputStream:75 - [STDERR_REDIRECT] 
2026-06-21 17:21:16,015 [ERROR] LogOutputStream:75 - [STDERR_REDIRECT] [Fatal Error] :1:1: Premature end of file.
2026-06-21 17:21:16,016 [ERROR] LogOutputStream:75 - [STDERR_REDIRECT] 
2026-06-21 17:21:17,016 [ERROR] LogOutputStream:75 - [STDERR_REDIRECT] [Fatal Error] :1:1: Premature end of file.
2026-06-21 17:21:17,016 [ERROR] LogOutputStream:75 - [STDERR_REDIRECT] 
2026-06-21 17:21:18,017 [ERROR] LogOutputStream:75 - [STDERR_REDIRECT] [Fatal Error] :1:1: Premature end of file.
2026-06-21 17:21:18,017 [ERROR] LogOutputStream:75 - [STDERR_REDIRECT] 
2026-06-21 17:21:19,018 [ERROR] LogOutputStream:75 - [STDERR_REDIRECT] [Fatal Error] :1:1: Premature end of file.
2026-06-21 17:21:19,018 [ERROR] LogOutputStream:75 - [STDERR_REDIRECT] 
2026-06-21 17:21:20,016 [ERROR] LogOutputStream:75 - [STDERR_REDIRECT] [Fatal Error] :1:1: Premature end of file.
2026-06-21 17:21:20,016 [ERROR] LogOutputStream:75 - [STDERR_REDIRECT] 
2026-06-21 17:21:21,017 [ERROR] LogOutputStream:75 - [STDERR_REDIRECT] [Fatal Error] :1:1: Premature end of file.
2026-06-21 17:21:21,017 [ERROR] LogOutputStream:75 - [STDERR_REDIRECT] 
2026-06-21 17:21:22,017 [ERROR] LogOutputStream:75 - [STDERR_REDIRECT] [Fatal Error] :1:1: Premature end of file.
2026-06-21 17:21:22,017 [ERROR] LogOutputStream:75 - [STDERR_REDIRECT] 
2026-06-21 17:21:23,016 [ERROR] LogOutputStream:75 - [STDERR_REDIRECT] [Fatal Error] :1:1: Premature end of file.
2026-06-21 17:21:23,016 [ERROR] LogOutputStream:75 - [STDERR_REDIRECT] 
2026-06-21 17:21:24,019 [ERROR] LogOutputStream:75 - [STDERR_REDIRECT] [Fatal Error] :1:1: Premature end of file.
2026-06-21 17:21:24,019 [ERROR] LogOutputStream:75 - [STDERR_REDIRECT] 
2026-06-21 17:21:25,016 [ERROR] LogOutputStream:75 - [STDERR_REDIRECT] [Fatal Error] :1:1: Premature end of file.
2026-06-21 17:21:25,016 [ERROR] LogOutputStream:75 - [STDERR_REDIRECT] 
2026-06-21 17:21:26,016 [ERROR] LogOutputStream:75 - [STDERR_REDIRECT] [Fatal Error] :1:1: Premature end of file.
2026-06-21 17:21:26,017 [ERROR] LogOutputStream:75 - [STDERR_REDIRECT] 
2026-06-21 17:21:27,016 [ERROR] LogOutputStream:75 - [STDERR_REDIRECT] [Fatal Error] :1:1: Premature end of file.
2026-06-21 17:21:27,016 [ERROR] LogOutputStream:75 - [STDERR_REDIRECT] 
2026-06-21 17:21:28,016 [ERROR] LogOutputStream:75 - [STDERR_REDIRECT] [Fatal Error] :1:1: Premature end of file.
2026-06-21 17:21:28,016 [ERROR] LogOutputStream:75 - [STDERR_REDIRECT] 
2026-06-21 17:21:29,015 [ERROR] LogOutputStream:75 - [STDERR_REDIRECT] [Fatal Error] :1:1: Premature end of file.
2026-06-21 17:21:29,015 [ERROR] LogOutputStream:75 - [STDERR_REDIRECT] 
2026-06-21 17:21:30,017 [ERROR] LogOutputStream:75 - [STDERR_REDIRECT] [Fatal Error] :1:1: Premature end of file.
2026-06-21 17:21:30,017 [ERROR] LogOutputStream:75 - [STDERR_REDIRECT] 
2026-06-21 17:21:31,016 [ERROR] LogOutputStream:75 - [STDERR_REDIRECT] [Fatal Error] :1:1: Premature end of file.
2026-06-21 17:21:31,016 [ERROR] LogOutputStream:75 - [STDERR_REDIRECT] 
2026-06-21 17:21:32,016 [ERROR] LogOutputStream:75 - [STDERR_REDIRECT] [Fatal Error] :1:1: Premature end of file.
2026-06-21 17:21:32,016 [ERROR] LogOutputStream:75 - [STDERR_REDIRECT] 
2026-06-21 17:21:33,017 [ERROR] LogOutputStream:75 - [STDERR_REDIRECT] [Fatal Error] :1:1: Premature end of file.
2026-06-21 17:21:33,017 [ERROR] LogOutputStream:75 - [STDERR_REDIRECT] 
2026-06-21 17:21:34,015 [ERROR] LogOutputStream:75 - [STDERR_REDIRECT] [Fatal Error] :1:1: Premature end of file.
2026-06-21 17:21:34,015 [ERROR] LogOutputStream:75 - [STDERR_REDIRECT] 
2026-06-21 17:21:35,016 [ERROR] LogOutputStream:75 - [STDERR_REDIRECT] [Fatal Error] :1:1: Premature end of file.
2026-06-21 17:21:35,017 [ERROR] LogOutputStream:75 - [STDERR_REDIRECT] 
2026-06-21 17:21:36,016 [ERROR] LogOutputStream:75 - [STDERR_REDIRECT] [Fatal Error] :1:1: Premature end of file.
2026-06-21 17:21:36,016 [ERROR] LogOutputStream:75 - [STDERR_REDIRECT] 
2026-06-21 17:21:37,016 [ERROR] LogOutputStream:75 - [STDERR_REDIRECT] [Fatal Error] :1:1: Premature end of file.
2026-06-21 17:21:37,016 [ERROR] LogOutputStream:75 - [STDERR_REDIRECT] 
2026-06-21 17:21:38,017 [ERROR] LogOutputStream:75 - [STDERR_REDIRECT] [Fatal Error] :1:1: Premature end of file.
2026-06-21 17:21:38,017 [ERROR] LogOutputStream:75 - [STDERR_REDIRECT] 
2026-06-21 17:21:39,015 [ERROR] LogOutputStream:75 - [STDERR_REDIRECT] [Fatal Error] :1:1: Premature end of file.
2026-06-21 17:21:39,015 [ERROR] LogOutputStream:75 - [STDERR_REDIRECT] 
2026-06-21 17:21:40,016 [ERROR] LogOutputStream:75 - [STDERR_REDIRECT] [Fatal Error] :1:1: Premature end of file.
2026-06-21 17:21:40,016 [ERROR] LogOutputStream:75 - [STDERR_REDIRECT] 
2026-06-21 17:21:41,015 [ERROR] LogOutputStream:75 - [STDERR_REDIRECT] [Fatal Error] :1:1: Premature end of file.
2026-06-21 17:21:41,015 [ERROR] LogOutputStream:75 - [STDERR_REDIRECT] 
2026-06-21 17:21:42,017 [ERROR] LogOutputStream:75 - [STDERR_REDIRECT] [Fatal Error] :1:1: Premature end of file.
2026-06-21 17:21:42,017 [ERROR] LogOutputStream:75 - [STDERR_REDIRECT] 
2026-06-21 17:21:43,015 [ERROR] LogOutputStream:75 - [STDERR_REDIRECT] [Fatal Error] :1:1: Premature end of file.
2026-06-21 17:21:43,015 [ERROR] LogOutputStream:75 - [STDERR_REDIRECT] 
2026-06-21 17:21:44,015 [ERROR] LogOutputStream:75 - [STDERR_REDIRECT] [Fatal Error] :1:1: Premature end of file.
2026-06-21 17:21:44,015 [ERROR] LogOutputStream:75 - [STDERR_REDIRECT] 
2026-06-21 17:21:45,015 [ERROR] LogOutputStream:75 - [STDERR_REDIRECT] [Fatal Error] :1:1: Premature end of file.
2026-06-21 17:21:45,015 [ERROR] LogOutputStream:75 - [STDERR_REDIRECT] 
2026-06-21 17:21:46,015 [ERROR] LogOutputStream:75 - [STDERR_REDIRECT] [Fatal Error] :1:1: Premature end of file.
2026-06-21 17:21:46,015 [ERROR] LogOutputStream:75 - [STDERR_REDIRECT] 
2026-06-21 17:21:47,016 [ERROR] LogOutputStream:75 - [STDERR_REDIRECT] [Fatal Error] :1:1: Premature end of file.
2026-06-21 17:21:47,016 [ERROR] LogOutputStream:75 - [STDERR_REDIRECT] 
2026-06-21 17:21:48,016 [ERROR] LogOutputStream:75 - [STDERR_REDIRECT] [Fatal Error] :1:1: Premature end of file.
2026-06-21 17:21:48,016 [ERROR] LogOutputStream:75 - [STDERR_REDIRECT] 
2026-06-21 17:21:49,016 [ERROR] LogOutputStream:75 - [STDERR_REDIRECT] [Fatal Error] :1:1: Premature end of file.
2026-06-21 17:21:49,017 [ERROR] LogOutputStream:75 - [STDERR_REDIRECT] 
2026-06-21 17:21:50,016 [ERROR] LogOutputStream:75 - [STDERR_REDIRECT] [Fatal Error] :1:1: Premature end of file.
2026-06-21 17:21:50,016 [ERROR] LogOutputStream:75 - [STDERR_REDIRECT] 
2026-06-21 17:21:51,016 [ERROR] LogOutputStream:75 - [STDERR_REDIRECT] [Fatal Error] :1:1: Premature end of file.
2026-06-21 17:21:51,016 [ERROR] LogOutputStream:75 - [STDERR_REDIRECT] 
2026-06-21 17:21:52,017 [ERROR] LogOutputStream:75 - [STDERR_REDIRECT] [Fatal Error] :1:1: Premature end of file.
2026-06-21 17:21:52,017 [ERROR] LogOutputStream:75 - [STDERR_REDIRECT] 
2026-06-21 17:21:53,015 [ERROR] LogOutputStream:75 - [STDERR_REDIRECT] [Fatal Error] :1:1: Premature end of file.
2026-06-21 17:21:53,015 [ERROR] LogOutputStream:75 - [STDERR_REDIRECT] 
2026-06-21 17:21:54,015 [ERROR] LogOutputStream:75 - [STDERR_REDIRECT] [Fatal Error] :1:1: Premature end of file.
2026-06-21 17:21:54,015 [ERROR] LogOutputStream:75 - [STDERR_REDIRECT] 
2026-06-21 17:21:55,016 [ERROR] LogOutputStream:75 - [STDERR_REDIRECT] [Fatal Error] :1:1: Premature end of file.
2026-06-21 17:21:55,017 [ERROR] LogOutputStream:75 - [STDERR_REDIRECT] 
2026-06-21 17:21:56,016 [ERROR] LogOutputStream:75 - [STDERR_REDIRECT] [Fatal Error] :1:1: Premature end of file.
2026-06-21 17:21:56,016 [ERROR] LogOutputStream:75 - [STDERR_REDIRECT] 
2026-06-21 17:21:57,015 [ERROR] LogOutputStream:75 - [STDERR_REDIRECT] [Fatal Error] :1:1: Premature end of file.
2026-06-21 17:21:57,015 [ERROR] LogOutputStream:75 - [STDERR_REDIRECT] 
2026-06-21 17:21:58,016 [ERROR] LogOutputStream:75 - [STDERR_REDIRECT] [Fatal Error] :1:1: Premature end of file.
2026-06-21 17:21:58,016 [ERROR] LogOutputStream:75 - [STDERR_REDIRECT] 
2026-06-21 17:21:59,015 [ERROR] LogOutputStream:75 - [STDERR_REDIRECT] [Fatal Error] :1:1: Premature end of file.
2026-06-21 17:21:59,015 [ERROR] LogOutputStream:75 - [STDERR_REDIRECT] 
2026-06-21 17:22:00,016 [ERROR] LogOutputStream:75 - [STDERR_REDIRECT] [Fatal Error] :1:1: Premature end of file.
2026-06-21 17:22:00,016 [ERROR] LogOutputStream:75 - [STDERR_REDIRECT] 
2026-06-21 17:22:01,017 [ERROR] LogOutputStream:75 - [STDERR_REDIRECT] [Fatal Error] :1:1: Premature end of file.
2026-06-21 17:22:01,017 [ERROR] LogOutputStream:75 - [STDERR_REDIRECT] 
2026-06-21 17:22:02,016 [ERROR] LogOutputStream:75 - [STDERR_REDIRECT] [Fatal Error] :1:1: Premature end of file.
2026-06-21 17:22:02,017 [ERROR] LogOutputStream:75 - [STDERR_REDIRECT] 
2026-06-21 17:22:03,014 [ERROR] LogOutputStream:75 - [STDERR_REDIRECT] [Fatal Error] :1:1: Premature end of file.
2026-06-21 17:22:03,014 [ERROR] LogOutputStream:75 - [STDERR_REDIRECT] 
2026-06-21 17:22:04,017 [ERROR] LogOutputStream:75 - [STDERR_REDIRECT] [Fatal Error] :1:1: Premature end of file.
2026-06-21 17:22:04,017 [ERROR] LogOutputStream:75 - [STDERR_REDIRECT] 
2026-06-21 17:22:05,016 [ERROR] LogOutputStream:75 - [STDERR_REDIRECT] [Fatal Error] :1:1: Premature end of file.
2026-06-21 17:22:05,016 [ERROR] LogOutputStream:75 - [STDERR_REDIRECT] 
2026-06-21 17:22:06,015 [ERROR] LogOutputStream:75 - [STDERR_REDIRECT] [Fatal Error] :1:1: Premature end of file.
2026-06-21 17:22:06,015 [ERROR] LogOutputStream:75 - [STDERR_REDIRECT] 
2026-06-21 17:22:07,015 [ERROR] LogOutputStream:75 - [STDERR_REDIRECT] [Fatal Error] :1:1: Premature end of file.
2026-06-21 17:22:07,015 [ERROR] LogOutputStream:75 - [STDERR_REDIRECT] 
2026-06-21 17:22:08,016 [ERROR] LogOutputStream:75 - [STDERR_REDIRECT] [Fatal Error] :1:1: Premature end of file.
2026-06-21 17:22:08,016 [ERROR] LogOutputStream:75 - [STDERR_REDIRECT] 
2026-06-21 17:22:09,017 [ERROR] LogOutputStream:75 - [STDERR_REDIRECT] [Fatal Error] :1:1: Premature end of file.
2026-06-21 17:22:09,017 [ERROR] LogOutputStream:75 - [STDERR_REDIRECT] 
2026-06-21 17:22:10,016 [ERROR] LogOutputStream:75 - [STDERR_REDIRECT] [Fatal Error] :1:1: Premature end of file.
2026-06-21 17:22:10,016 [ERROR] LogOutputStream:75 - [STDERR_REDIRECT] 
2026-06-21 17:22:11,017 [ERROR] LogOutputStream:75 - [STDERR_REDIRECT] [Fatal Error] :1:1: Premature end of file.
2026-06-21 17:22:11,017 [ERROR] LogOutputStream:75 - [STDERR_REDIRECT] 
2026-06-21 17:22:12,015 [ERROR] LogOutputStream:75 - [STDERR_REDIRECT] [Fatal Error] :1:1: Premature end of file.
2026-06-21 17:22:12,015 [ERROR] LogOutputStream:75 - [STDERR_REDIRECT] 
2026-06-21 17:22:13,016 [ERROR] LogOutputStream:75 - [STDERR_REDIRECT] [Fatal Error] :1:1: Premature end of file.
2026-06-21 17:22:13,016 [ERROR] LogOutputStream:75 - [STDERR_REDIRECT] 
2026-06-21 17:22:14,015 [ERROR] LogOutputStream:75 - [STDERR_REDIRECT] [Fatal Error] :1:1: Premature end of file.
2026-06-21 17:22:14,016 [ERROR] LogOutputStream:75 - [STDERR_REDIRECT] 
2026-06-21 17:22:15,015 [ERROR] LogOutputStream:75 - [STDERR_REDIRECT] [Fatal Error] :1:1: Premature end of file.
2026-06-21 17:22:15,015 [ERROR] LogOutputStream:75 - [STDERR_REDIRECT] 
2026-06-21 17:22:16,017 [ERROR] LogOutputStream:75 - [STDERR_REDIRECT] [Fatal Error] :1:1: Premature end of file.
2026-06-21 17:22:16,017 [ERROR] LogOutputStream:75 - [STDERR_REDIRECT] 
2026-06-21 17:22:17,015 [ERROR] LogOutputStream:75 - [STDERR_REDIRECT] [Fatal Error] :1:1: Premature end of file.
2026-06-21 17:22:17,015 [ERROR] LogOutputStream:75 - [STDERR_REDIRECT] 
2026-06-21 17:22:18,016 [ERROR] LogOutputStream:75 - [STDERR_REDIRECT] [Fatal Error] :1:1: Premature end of file.
2026-06-21 17:22:18,016 [ERROR] LogOutputStream:75 - [STDERR_REDIRECT] 
2026-06-21 17:22:19,017 [ERROR] LogOutputStream:75 - [STDERR_REDIRECT] [Fatal Error] :1:1: Premature end of file.
2026-06-21 17:22:19,017 [ERROR] LogOutputStream:75 - [STDERR_REDIRECT] 
2026-06-21 17:22:20,016 [ERROR] LogOutputStream:75 - [STDERR_REDIRECT] [Fatal Error] :1:1: Premature end of file.
2026-06-21 17:22:20,016 [ERROR] LogOutputStream:75 - [STDERR_REDIRECT] 
2026-06-21 17:22:21,015 [ERROR] LogOutputStream:75 - [STDERR_REDIRECT] [Fatal Error] :1:1: Premature end of file.
2026-06-21 17:22:21,015 [ERROR] LogOutputStream:75 - [STDERR_REDIRECT] 
2026-06-21 17:22:22,016 [ERROR] LogOutputStream:75 - [STDERR_REDIRECT] [Fatal Error] :1:1: Premature end of file.
2026-06-21 17:22:22,017 [ERROR] LogOutputStream:75 - [STDERR_REDIRECT] 
2026-06-21 17:22:23,015 [ERROR] LogOutputStream:75 - [STDERR_REDIRECT] [Fatal Error] :1:1: Premature end of file.
2026-06-21 17:22:23,016 [ERROR] LogOutputStream:75 - [STDERR_REDIRECT] 
2026-06-21 17:22:24,017 [ERROR] LogOutputStream:75 - [STDERR_REDIRECT] [Fatal Error] :1:1: Premature end of file.
2026-06-21 17:22:24,017 [ERROR] LogOutputStream:75 - [STDERR_REDIRECT] 
2026-06-21 17:22:25,015 [ERROR] LogOutputStream:75 - [STDERR_REDIRECT] [Fatal Error] :1:1: Premature end of file.
2026-06-21 17:22:25,015 [ERROR] LogOutputStream:75 - [STDERR_REDIRECT] 
2026-06-21 17:22:26,016 [ERROR] LogOutputStream:75 - [STDERR_REDIRECT] [Fatal Error] :1:1: Premature end of file.
2026-06-21 17:22:26,016 [ERROR] LogOutputStream:75 - [STDERR_REDIRECT] 
2026-06-21 17:22:27,016 [ERROR] LogOutputStream:75 - [STDERR_REDIRECT] [Fatal Error] :1:1: Premature end of file.
2026-06-21 17:22:27,016 [ERROR] LogOutputStream:75 - [STDERR_REDIRECT] 
2026-06-21 17:22:28,016 [ERROR] LogOutputStream:75 - [STDERR_REDIRECT] [Fatal Error] :1:1: Premature end of file.
2026-06-21 17:22:28,017 [ERROR] LogOutputStream:75 - [STDERR_REDIRECT] 
2026-06-21 17:22:29,015 [ERROR] LogOutputStream:75 - [STDERR_REDIRECT] [Fatal Error] :1:1: Premature end of file.
2026-06-21 17:22:29,016 [ERROR] LogOutputStream:75 - [STDERR_REDIRECT] 
2026-06-21 17:22:30,017 [ERROR] LogOutputStream:75 - [STDERR_REDIRECT] [Fatal Error] :1:1: Premature end of file.
2026-06-21 17:22:30,017 [ERROR] LogOutputStream:75 - [STDERR_REDIRECT] 
2026-06-21 17:22:31,016 [ERROR] LogOutputStream:75 - [STDERR_REDIRECT] [Fatal Error] :1:1: Premature end of file.
2026-06-21 17:22:31,016 [ERROR] LogOutputStream:75 - [STDERR_REDIRECT] 
2026-06-21 17:22:32,016 [ERROR] LogOutputStream:75 - [STDERR_REDIRECT] [Fatal Error] :1:1: Premature end of file.
2026-06-21 17:22:32,016 [ERROR] LogOutputStream:75 - [STDERR_REDIRECT] 
2026-06-21 17:22:33,017 [ERROR] LogOutputStream:75 - [STDERR_REDIRECT] [Fatal Error] :1:1: Premature end of file.
2026-06-21 17:22:33,017 [ERROR] LogOutputStream:75 - [STDERR_REDIRECT] 
2026-06-21 17:22:34,017 [ERROR] LogOutputStream:75 - [STDERR_REDIRECT] [Fatal Error] :1:1: Premature end of file.
2026-06-21 17:22:34,017 [ERROR] LogOutputStream:75 - [STDERR_REDIRECT] 
2026-06-21 17:22:35,017 [ERROR] LogOutputStream:75 - [STDERR_REDIRECT] [Fatal Error] :1:1: Premature end of file.
2026-06-21 17:22:35,017 [ERROR] LogOutputStream:75 - [STDERR_REDIRECT] 
2026-06-21 17:22:36,016 [ERROR] LogOutputStream:75 - [STDERR_REDIRECT] [Fatal Error] :1:1: Premature end of file.
2026-06-21 17:22:36,016 [ERROR] LogOutputStream:75 - [STDERR_REDIRECT] 
2026-06-21 17:22:37,016 [ERROR] LogOutputStream:75 - [STDERR_REDIRECT] [Fatal Error] :1:1: Premature end of file.
2026-06-21 17:22:37,016 [ERROR] LogOutputStream:75 - [STDERR_REDIRECT] 
2026-06-21 17:22:38,016 [ERROR] LogOutputStream:75 - [STDERR_REDIRECT] [Fatal Error] :1:1: Premature end of file.
2026-06-21 17:22:38,016 [ERROR] LogOutputStream:75 - [STDERR_REDIRECT] 
2026-06-21 17:22:39,016 [ERROR] LogOutputStream:75 - [STDERR_REDIRECT] [Fatal Error] :1:1: Premature end of file.
2026-06-21 17:22:39,016 [ERROR] LogOutputStream:75 - [STDERR_REDIRECT] 
2026-06-21 17:22:40,016 [ERROR] LogOutputStream:75 - [STDERR_REDIRECT] [Fatal Error] :1:1: Premature end of file.
2026-06-21 17:22:40,016 [ERROR] LogOutputStream:75 - [STDERR_REDIRECT] 
2026-06-21 17:22:41,016 [ERROR] LogOutputStream:75 - [STDERR_REDIRECT] [Fatal Error] :1:1: Premature end of file.
2026-06-21 17:22:41,016 [ERROR] LogOutputStream:75 - [STDERR_REDIRECT] 
2026-06-21 17:22:42,016 [ERROR] LogOutputStream:75 - [STDERR_REDIRECT] [Fatal Error] :1:1: Premature end of file.
2026-06-21 17:22:42,016 [ERROR] LogOutputStream:75 - [STDERR_REDIRECT] 
2026-06-21 17:22:43,017 [ERROR] LogOutputStream:75 - [STDERR_REDIRECT] [Fatal Error] :1:1: Premature end of file.
2026-06-21 17:22:43,017 [ERROR] LogOutputStream:75 - [STDERR_REDIRECT] 
2026-06-21 17:22:44,015 [ERROR] LogOutputStream:75 - [STDERR_REDIRECT] [Fatal Error] :1:1: Premature end of file.
2026-06-21 17:22:44,016 [ERROR] LogOutputStream:75 - [STDERR_REDIRECT] 
2026-06-21 17:22:45,015 [ERROR] LogOutputStream:75 - [STDERR_REDIRECT] [Fatal Error] :1:1: Premature end of file.
2026-06-21 17:22:45,015 [ERROR] LogOutputStream:75 - [STDERR_REDIRECT] 
2026-06-21 17:22:46,017 [ERROR] LogOutputStream:75 - [STDERR_REDIRECT] [Fatal Error] :1:1: Premature end of file.
2026-06-21 17:22:46,017 [ERROR] LogOutputStream:75 - [STDERR_REDIRECT] 
2026-06-21 17:22:47,015 [ERROR] LogOutputStream:75 - [STDERR_REDIRECT] [Fatal Error] :1:1: Premature end of file.
2026-06-21 17:22:47,015 [ERROR] LogOutputStream:75 - [STDERR_REDIRECT] 
2026-06-21 17:22:48,016 [ERROR] LogOutputStream:75 - [STDERR_REDIRECT] [Fatal Error] :1:1: Premature end of file.
2026-06-21 17:22:48,016 [ERROR] LogOutputStream:75 - [STDERR_REDIRECT] 
2026-06-21 17:22:49,015 [ERROR] LogOutputStream:75 - [STDERR_REDIRECT] [Fatal Error] :1:1: Premature end of file.
2026-06-21 17:22:49,016 [ERROR] LogOutputStream:75 - [STDERR_REDIRECT] 
2026-06-21 17:22:50,016 [ERROR] LogOutputStream:75 - [STDERR_REDIRECT] [Fatal Error] :1:1: Premature end of file.
2026-06-21 17:22:50,016 [ERROR] LogOutputStream:75 - [STDERR_REDIRECT] 
2026-06-21 17:22:51,017 [ERROR] LogOutputStream:75 - [STDERR_REDIRECT] [Fatal Error] :1:1: Premature end of file.
2026-06-21 17:22:51,018 [ERROR] LogOutputStream:75 - [STDERR_REDIRECT] 
2026-06-21 17:22:52,016 [ERROR] LogOutputStream:75 - [STDERR_REDIRECT] [Fatal Error] :1:1: Premature end of file.
2026-06-21 17:22:52,016 [ERROR] LogOutputStream:75 - [STDERR_REDIRECT] 
2026-06-21 17:22:53,017 [ERROR] LogOutputStream:75 - [STDERR_REDIRECT] [Fatal Error] :1:1: Premature end of file.
2026-06-21 17:22:53,017 [ERROR] LogOutputStream:75 - [STDERR_REDIRECT] 
2026-06-21 17:22:54,017 [ERROR] LogOutputStream:75 - [STDERR_REDIRECT] [Fatal Error] :1:1: Premature end of file.
2026-06-21 17:22:54,018 [ERROR] LogOutputStream:75 - [STDERR_REDIRECT] 
2026-06-21 17:22:55,016 [ERROR] LogOutputStream:75 - [STDERR_REDIRECT] [Fatal Error] :1:1: Premature end of file.
2026-06-21 17:22:55,016 [ERROR] LogOutputStream:75 - [STDERR_REDIRECT] 
2026-06-21 17:22:56,016 [ERROR] LogOutputStream:75 - [STDERR_REDIRECT] [Fatal Error] :1:1: Premature end of file.
2026-06-21 17:22:56,016 [ERROR] LogOutputStream:75 - [STDERR_REDIRECT] 
2026-06-21 17:22:57,016 [ERROR] LogOutputStream:75 - [STDERR_REDIRECT] [Fatal Error] :1:1: Premature end of file.
2026-06-21 17:22:57,016 [ERROR] LogOutputStream:75 - [STDERR_REDIRECT] 
2026-06-21 17:22:58,017 [ERROR] LogOutputStream:75 - [STDERR_REDIRECT] [Fatal Error] :1:1: Premature end of file.
2026-06-21 17:22:58,017 [ERROR] LogOutputStream:75 - [STDERR_REDIRECT] 
2026-06-21 17:22:59,017 [ERROR] LogOutputStream:75 - [STDERR_REDIRECT] [Fatal Error] :1:1: Premature end of file.
2026-06-21 17:22:59,017 [ERROR] LogOutputStream:75 - [STDERR_REDIRECT] 
2026-06-21 17:23:00,018 [ERROR] LogOutputStream:75 - [STDERR_REDIRECT] [Fatal Error] :1:1: Premature end of file.
2026-06-21 17:23:00,018 [ERROR] LogOutputStream:75 - [STDERR_REDIRECT] 
2026-06-21 17:23:01,017 [ERROR] LogOutputStream:75 - [STDERR_REDIRECT] [Fatal Error] :1:1: Premature end of file.
2026-06-21 17:23:01,017 [ERROR] LogOutputStream:75 - [STDERR_REDIRECT] 
2026-06-21 17:23:02,016 [ERROR] LogOutputStream:75 - [STDERR_REDIRECT] [Fatal Error] :1:1: Premature end of file.
2026-06-21 17:23:02,016 [ERROR] LogOutputStream:75 - [STDERR_REDIRECT] 
2026-06-21 17:23:03,016 [ERROR] LogOutputStream:75 - [STDERR_REDIRECT] [Fatal Error] :1:1: Premature end of file.
2026-06-21 17:23:03,016 [ERROR] LogOutputStream:75 - [STDERR_REDIRECT] 
2026-06-21 17:23:04,015 [ERROR] LogOutputStream:75 - [STDERR_REDIRECT] [Fatal Error] :1:1: Premature end of file.
2026-06-21 17:23:04,015 [ERROR] LogOutputStream:75 - [STDERR_REDIRECT] 
2026-06-21 17:23:05,016 [ERROR] LogOutputStream:75 - [STDERR_REDIRECT] [Fatal Error] :1:1: Premature end of file.
2026-06-21 17:23:05,016 [ERROR] LogOutputStream:75 - [STDERR_REDIRECT] 
2026-06-21 17:23:06,016 [ERROR] LogOutputStream:75 - [STDERR_REDIRECT] [Fatal Error] :1:1: Premature end of file.
2026-06-21 17:23:06,017 [ERROR] LogOutputStream:75 - [STDERR_REDIRECT] 
2026-06-21 17:23:07,016 [ERROR] LogOutputStream:75 - [STDERR_REDIRECT] [Fatal Error] :1:1: Premature end of file.
2026-06-21 17:23:07,017 [ERROR] LogOutputStream:75 - [STDERR_REDIRECT] 
2026-06-21 17:23:08,016 [ERROR] LogOutputStream:75 - [STDERR_REDIRECT] [Fatal Error] :1:1: Premature end of file.
2026-06-21 17:23:08,016 [ERROR] LogOutputStream:75 - [STDERR_REDIRECT] 
2026-06-21 17:23:09,016 [ERROR] LogOutputStream:75 - [STDERR_REDIRECT] [Fatal Error] :1:1: Premature end of file.
2026-06-21 17:23:09,016 [ERROR] LogOutputStream:75 - [STDERR_REDIRECT] 
2026-06-21 17:23:10,015 [ERROR] LogOutputStream:75 - [STDERR_REDIRECT] [Fatal Error] :1:1: Premature end of file.
2026-06-21 17:23:10,015 [ERROR] LogOutputStream:75 - [STDERR_REDIRECT] 
2026-06-21 17:23:11,016 [ERROR] LogOutputStream:75 - [STDERR_REDIRECT] [Fatal Error] :1:1: Premature end of file.
2026-06-21 17:23:11,016 [ERROR] LogOutputStream:75 - [STDERR_REDIRECT] 
2026-06-21 17:23:12,016 [ERROR] LogOutputStream:75 - [STDERR_REDIRECT] [Fatal Error] :1:1: Premature end of file.
2026-06-21 17:23:12,016 [ERROR] LogOutputStream:75 - [STDERR_REDIRECT] 
2026-06-21 17:23:13,014 [ERROR] LogOutputStream:75 - [STDERR_REDIRECT] [Fatal Error] :1:1: Premature end of file.
2026-06-21 17:23:13,016 [ERROR] LogOutputStream:75 - [STDERR_REDIRECT] 
2026-06-21 17:23:14,016 [ERROR] LogOutputStream:75 - [STDERR_REDIRECT] [Fatal Error] :1:1: Premature end of file.
2026-06-21 17:23:14,016 [ERROR] LogOutputStream:75 - [STDERR_REDIRECT] 
2026-06-21 17:23:15,016 [ERROR] LogOutputStream:75 - [STDERR_REDIRECT] [Fatal Error] :1:1: Premature end of file.
2026-06-21 17:23:15,016 [ERROR] LogOutputStream:75 - [STDERR_REDIRECT] 
2026-06-21 17:23:16,015 [ERROR] LogOutputStream:75 - [STDERR_REDIRECT] [Fatal Error] :1:1: Premature end of file.
2026-06-21 17:23:16,016 [ERROR] LogOutputStream:75 - [STDERR_REDIRECT] 
2026-06-21 17:23:17,015 [ERROR] LogOutputStream:75 - [STDERR_REDIRECT] [Fatal Error] :1:1: Premature end of file.
2026-06-21 17:23:17,016 [ERROR] LogOutputStream:75 - [STDERR_REDIRECT] 
2026-06-21 17:23:18,017 [ERROR] LogOutputStream:75 - [STDERR_REDIRECT] [Fatal Error] :1:1: Premature end of file.
2026-06-21 17:23:18,017 [ERROR] LogOutputStream:75 - [STDERR_REDIRECT] 
2026-06-21 17:23:19,016 [ERROR] LogOutputStream:75 - [STDERR_REDIRECT] [Fatal Error] :1:1: Premature end of file.
2026-06-21 17:23:19,017 [ERROR] LogOutputStream:75 - [STDERR_REDIRECT] 
2026-06-21 17:23:20,016 [ERROR] LogOutputStream:75 - [STDERR_REDIRECT] [Fatal Error] :1:1: Premature end of file.
2026-06-21 17:23:20,016 [ERROR] LogOutputStream:75 - [STDERR_REDIRECT] 
2026-06-21 17:23:21,016 [ERROR] LogOutputStream:75 - [STDERR_REDIRECT] [Fatal Error] :1:1: Premature end of file.
2026-06-21 17:23:21,016 [ERROR] LogOutputStream:75 - [STDERR_REDIRECT] 
2026-06-21 17:23:22,016 [ERROR] LogOutputStream:75 - [STDERR_REDIRECT] [Fatal Error] :1:1: Premature end of file.
2026-06-21 17:23:22,016 [ERROR] LogOutputStream:75 - [STDERR_REDIRECT] 
2026-06-21 17:23:23,016 [ERROR] LogOutputStream:75 - [STDERR_REDIRECT] [Fatal Error] :1:1: Premature end of file.
2026-06-21 17:23:23,017 [ERROR] LogOutputStream:75 - [STDERR_REDIRECT] 
2026-06-21 17:23:24,015 [ERROR] LogOutputStream:75 - [STDERR_REDIRECT] [Fatal Error] :1:1: Premature end of file.
2026-06-21 17:23:24,015 [ERROR] LogOutputStream:75 - [STDERR_REDIRECT] 
2026-06-21 17:23:25,016 [ERROR] LogOutputStream:75 - [STDERR_REDIRECT] [Fatal Error] :1:1: Premature end of file.
2026-06-21 17:23:25,017 [ERROR] LogOutputStream:75 - [STDERR_REDIRECT] 
2026-06-21 17:23:26,015 [ERROR] LogOutputStream:75 - [STDERR_REDIRECT] [Fatal Error] :1:1: Premature end of file.
2026-06-21 17:23:26,015 [ERROR] LogOutputStream:75 - [STDERR_REDIRECT] 
2026-06-21 17:23:27,017 [ERROR] LogOutputStream:75 - [STDERR_REDIRECT] [Fatal Error] :1:1: Premature end of file.
2026-06-21 17:23:27,017 [ERROR] LogOutputStream:75 - [STDERR_REDIRECT] 
2026-06-21 17:23:28,015 [ERROR] LogOutputStream:75 - [STDERR_REDIRECT] [Fatal Error] :1:1: Premature end of file.
2026-06-21 17:23:28,016 [ERROR] LogOutputStream:75 - [STDERR_REDIRECT] 
2026-06-21 17:23:29,015 [ERROR] LogOutputStream:75 - [STDERR_REDIRECT] [Fatal Error] :1:1: Premature end of file.
2026-06-21 17:23:29,016 [ERROR] LogOutputStream:75 - [STDERR_REDIRECT] 
2026-06-21 17:23:30,016 [ERROR] LogOutputStream:75 - [STDERR_REDIRECT] [Fatal Error] :1:1: Premature end of file.
2026-06-21 17:23:30,016 [ERROR] LogOutputStream:75 - [STDERR_REDIRECT] 
2026-06-21 17:23:31,016 [ERROR] LogOutputStream:75 - [STDERR_REDIRECT] [Fatal Error] :1:1: Premature end of file.
2026-06-21 17:23:31,016 [ERROR] LogOutputStream:75 - [STDERR_REDIRECT] 
2026-06-21 17:23:32,016 [ERROR] LogOutputStream:75 - [STDERR_REDIRECT] [Fatal Error] :1:1: Premature end of file.
2026-06-21 17:23:32,016 [ERROR] LogOutputStream:75 - [STDERR_REDIRECT] 
2026-06-21 17:23:33,017 [ERROR] LogOutputStream:75 - [STDERR_REDIRECT] [Fatal Error] :1:1: Premature end of file.
2026-06-21 17:23:33,017 [ERROR] LogOutputStream:75 - [STDERR_REDIRECT] 
2026-06-21 17:23:34,015 [ERROR] LogOutputStream:75 - [STDERR_REDIRECT] [Fatal Error] :1:1: Premature end of file.
2026-06-21 17:23:34,016 [ERROR] LogOutputStream:75 - [STDERR_REDIRECT] 
2026-06-21 17:23:35,015 [ERROR] LogOutputStream:75 - [STDERR_REDIRECT] [Fatal Error] :1:1: Premature end of file.
2026-06-21 17:23:35,015 [ERROR] LogOutputStream:75 - [STDERR_REDIRECT] 
2026-06-21 17:23:36,015 [ERROR] LogOutputStream:75 - [STDERR_REDIRECT] [Fatal Error] :1:1: Premature end of file.
2026-06-21 17:23:36,015 [ERROR] LogOutputStream:75 - [STDERR_REDIRECT] 
2026-06-21 17:23:37,015 [ERROR] LogOutputStream:75 - [STDERR_REDIRECT] [Fatal Error] :1:1: Premature end of file.
2026-06-21 17:23:37,015 [ERROR] LogOutputStream:75 - [STDERR_REDIRECT] 
2026-06-21 17:23:38,016 [ERROR] LogOutputStream:75 - [STDERR_REDIRECT] [Fatal Error] :1:1: Premature end of file.
2026-06-21 17:23:38,016 [ERROR] LogOutputStream:75 - [STDERR_REDIRECT] 
2026-06-21 17:23:39,016 [ERROR] LogOutputStream:75 - [STDERR_REDIRECT] [Fatal Error] :1:1: Premature end of file.
2026-06-21 17:23:39,016 [ERROR] LogOutputStream:75 - [STDERR_REDIRECT] 
2026-06-21 17:23:40,015 [ERROR] LogOutputStream:75 - [STDERR_REDIRECT] [Fatal Error] :1:1: Premature end of file.
2026-06-21 17:23:40,015 [ERROR] LogOutputStream:75 - [STDERR_REDIRECT] 
2026-06-21 17:23:41,017 [ERROR] LogOutputStream:75 - [STDERR_REDIRECT] [Fatal Error] :1:1: Premature end of file.
2026-06-21 17:23:41,017 [ERROR] LogOutputStream:75 - [STDERR_REDIRECT] 
2026-06-21 17:23:42,016 [ERROR] LogOutputStream:75 - [STDERR_REDIRECT] [Fatal Error] :1:1: Premature end of file.
2026-06-21 17:23:42,016 [ERROR] LogOutputStream:75 - [STDERR_REDIRECT] 
2026-06-21 17:23:43,016 [ERROR] LogOutputStream:75 - [STDERR_REDIRECT] [Fatal Error] :1:1: Premature end of file.
2026-06-21 17:23:43,016 [ERROR] LogOutputStream:75 - [STDERR_REDIRECT] 
2026-06-21 17:23:44,015 [ERROR] LogOutputStream:75 - [STDERR_REDIRECT] [Fatal Error] :1:1: Premature end of file.
2026-06-21 17:23:44,015 [ERROR] LogOutputStream:75 - [STDERR_REDIRECT] 
2026-06-21 17:23:45,016 [ERROR] LogOutputStream:75 - [STDERR_REDIRECT] [Fatal Error] :1:1: Premature end of file.
2026-06-21 17:23:45,016 [ERROR] LogOutputStream:75 - [STDERR_REDIRECT] 
2026-06-21 17:23:46,016 [ERROR] LogOutputStream:75 - [STDERR_REDIRECT] [Fatal Error] :1:1: Premature end of file.
2026-06-21 17:23:46,016 [ERROR] LogOutputStream:75 - [STDERR_REDIRECT] 
2026-06-21 17:23:47,015 [ERROR] LogOutputStream:75 - [STDERR_REDIRECT] [Fatal Error] :1:1: Premature end of file.
2026-06-21 17:23:47,015 [ERROR] LogOutputStream:75 - [STDERR_REDIRECT] 
2026-06-21 17:23:48,015 [ERROR] LogOutputStream:75 - [STDERR_REDIRECT] [Fatal Error] :1:1: Premature end of file.
2026-06-21 17:23:48,015 [ERROR] LogOutputStream:75 - [STDERR_REDIRECT] 
2026-06-21 17:23:49,015 [ERROR] LogOutputStream:75 - [STDERR_REDIRECT] [Fatal Error] :1:1: Premature end of file.
2026-06-21 17:23:49,016 [ERROR] LogOutputStream:75 - [STDERR_REDIRECT] 
2026-06-21 17:23:50,016 [ERROR] LogOutputStream:75 - [STDERR_REDIRECT] [Fatal Error] :1:1: Premature end of file.
2026-06-21 17:23:50,016 [ERROR] LogOutputStream:75 - [STDERR_REDIRECT] 
2026-06-21 17:23:51,016 [ERROR] LogOutputStream:75 - [STDERR_REDIRECT] [Fatal Error] :1:1: Premature end of file.
2026-06-21 17:23:51,016 [ERROR] LogOutputStream:75 - [STDERR_REDIRECT] 
2026-06-21 17:23:52,016 [ERROR] LogOutputStream:75 - [STDERR_REDIRECT] [Fatal Error] :1:1: Premature end of file.
2026-06-21 17:23:52,016 [ERROR] LogOutputStream:75 - [STDERR_REDIRECT] 
2026-06-21 17:23:53,016 [ERROR] LogOutputStream:75 - [STDERR_REDIRECT] [Fatal Error] :1:1: Premature end of file.
2026-06-21 17:23:53,016 [ERROR] LogOutputStream:75 - [STDERR_REDIRECT] 
2026-06-21 17:23:54,017 [ERROR] LogOutputStream:75 - [STDERR_REDIRECT] [Fatal Error] :1:1: Premature end of file.
2026-06-21 17:23:54,017 [ERROR] LogOutputStream:75 - [STDERR_REDIRECT] 
2026-06-21 17:23:55,016 [ERROR] LogOutputStream:75 - [STDERR_REDIRECT] [Fatal Error] :1:1: Premature end of file.
2026-06-21 17:23:55,016 [ERROR] LogOutputStream:75 - [STDERR_REDIRECT] 
2026-06-21 17:23:56,016 [ERROR] LogOutputStream:75 - [STDERR_REDIRECT] [Fatal Error] :1:1: Premature end of file.
2026-06-21 17:23:56,016 [ERROR] LogOutputStream:75 - [STDERR_REDIRECT] 
2026-06-21 17:23:57,016 [ERROR] LogOutputStream:75 - [STDERR_REDIRECT] [Fatal Error] :1:1: Premature end of file.
2026-06-21 17:23:57,017 [ERROR] LogOutputStream:75 - [STDERR_REDIRECT] 
2026-06-21 17:23:58,015 [ERROR] LogOutputStream:75 - [STDERR_REDIRECT] [Fatal Error] :1:1: Premature end of file.
2026-06-21 17:23:58,017 [ERROR] LogOutputStream:75 - [STDERR_REDIRECT] 
2026-06-21 17:23:59,015 [ERROR] LogOutputStream:75 - [STDERR_REDIRECT] [Fatal Error] :1:1: Premature end of file.
2026-06-21 17:23:59,016 [ERROR] LogOutputStream:75 - [STDERR_REDIRECT] 
2026-06-21 17:24:00,015 [ERROR] LogOutputStream:75 - [STDERR_REDIRECT] [Fatal Error] :1:1: Premature end of file.
2026-06-21 17:24:00,016 [ERROR] LogOutputStream:75 - [STDERR_REDIRECT] 
2026-06-21 17:24:01,016 [ERROR] LogOutputStream:75 - [STDERR_REDIRECT] [Fatal Error] :1:1: Premature end of file.
2026-06-21 17:24:01,016 [ERROR] LogOutputStream:75 - [STDERR_REDIRECT] 
2026-06-21 17:24:02,016 [ERROR] LogOutputStream:75 - [STDERR_REDIRECT] [Fatal Error] :1:1: Premature end of file.
2026-06-21 17:24:02,016 [ERROR] LogOutputStream:75 - [STDERR_REDIRECT] 
2026-06-21 17:24:03,015 [ERROR] LogOutputStream:75 - [STDERR_REDIRECT] [Fatal Error] :1:1: Premature end of file.
2026-06-21 17:24:03,015 [ERROR] LogOutputStream:75 - [STDERR_REDIRECT] 
2026-06-21 17:24:04,017 [ERROR] LogOutputStream:75 - [STDERR_REDIRECT] [Fatal Error] :1:1: Premature end of file.
2026-06-21 17:24:04,017 [ERROR] LogOutputStream:75 - [STDERR_REDIRECT] 
2026-06-21 17:24:05,015 [ERROR] LogOutputStream:75 - [STDERR_REDIRECT] [Fatal Error] :1:1: Premature end of file.
2026-06-21 17:24:05,015 [ERROR] LogOutputStream:75 - [STDERR_REDIRECT] 
2026-06-21 17:24:06,017 [ERROR] LogOutputStream:75 - [STDERR_REDIRECT] [Fatal Error] :1:1: Premature end of file.
2026-06-21 17:24:06,017 [ERROR] LogOutputStream:75 - [STDERR_REDIRECT] 
2026-06-21 17:24:07,016 [ERROR] LogOutputStream:75 - [STDERR_REDIRECT] [Fatal Error] :1:1: Premature end of file.
2026-06-21 17:24:07,016 [ERROR] LogOutputStream:75 - [STDERR_REDIRECT] 
2026-06-21 17:24:08,016 [ERROR] LogOutputStream:75 - [STDERR_REDIRECT] [Fatal Error] :1:1: Premature end of file.
2026-06-21 17:24:08,017 [ERROR] LogOutputStream:75 - [STDERR_REDIRECT] 
2026-06-21 17:24:09,016 [ERROR] LogOutputStream:75 - [STDERR_REDIRECT] [Fatal Error] :1:1: Premature end of file.
2026-06-21 17:24:09,016 [ERROR] LogOutputStream:75 - [STDERR_REDIRECT] 
2026-06-21 17:24:10,016 [ERROR] LogOutputStream:75 - [STDERR_REDIRECT] [Fatal Error] :1:1: Premature end of file.
2026-06-21 17:24:10,016 [ERROR] LogOutputStream:75 - [STDERR_REDIRECT] 
2026-06-21 17:24:11,015 [ERROR] LogOutputStream:75 - [STDERR_REDIRECT] [Fatal Error] :1:1: Premature end of file.
2026-06-21 17:24:11,016 [ERROR] LogOutputStream:75 - [STDERR_REDIRECT] 
2026-06-21 17:24:12,016 [ERROR] LogOutputStream:75 - [STDERR_REDIRECT] [Fatal Error] :1:1: Premature end of file.
2026-06-21 17:24:12,016 [ERROR] LogOutputStream:75 - [STDERR_REDIRECT] 
2026-06-21 17:24:13,016 [ERROR] LogOutputStream:75 - [STDERR_REDIRECT] [Fatal Error] :1:1: Premature end of file.
2026-06-21 17:24:13,016 [ERROR] LogOutputStream:75 - [STDERR_REDIRECT] 
2026-06-21 17:24:14,015 [ERROR] LogOutputStream:75 - [STDERR_REDIRECT] [Fatal Error] :1:1: Premature end of file.
2026-06-21 17:24:14,016 [ERROR] LogOutputStream:75 - [STDERR_REDIRECT] 
2026-06-21 17:24:15,015 [ERROR] LogOutputStream:75 - [STDERR_REDIRECT] [Fatal Error] :1:1: Premature end of file.
2026-06-21 17:24:15,015 [ERROR] LogOutputStream:75 - [STDERR_REDIRECT] 
2026-06-21 17:24:16,015 [ERROR] LogOutputStream:75 - [STDERR_REDIRECT] [Fatal Error] :1:1: Premature end of file.
2026-06-21 17:24:16,016 [ERROR] LogOutputStream:75 - [STDERR_REDIRECT] 
2026-06-21 17:24:17,015 [ERROR] LogOutputStream:75 - [STDERR_REDIRECT] [Fatal Error] :1:1: Premature end of file.
2026-06-21 17:24:17,016 [ERROR] LogOutputStream:75 - [STDERR_REDIRECT] 
2026-06-21 17:24:18,015 [ERROR] LogOutputStream:75 - [STDERR_REDIRECT] [Fatal Error] :1:1: Premature end of file.
2026-06-21 17:24:18,015 [ERROR] LogOutputStream:75 - [STDERR_REDIRECT] 
2026-06-21 17:24:19,017 [ERROR] LogOutputStream:75 - [STDERR_REDIRECT] [Fatal Error] :1:1: Premature end of file.
2026-06-21 17:24:19,017 [ERROR] LogOutputStream:75 - [STDERR_REDIRECT] 
2026-06-21 17:24:20,017 [ERROR] LogOutputStream:75 - [STDERR_REDIRECT] [Fatal Error] :1:1: Premature end of file.
2026-06-21 17:24:20,017 [ERROR] LogOutputStream:75 - [STDERR_REDIRECT] 
2026-06-21 17:24:21,016 [ERROR] LogOutputStream:75 - [STDERR_REDIRECT] [Fatal Error] :1:1: Premature end of file.
2026-06-21 17:24:21,016 [ERROR] LogOutputStream:75 - [STDERR_REDIRECT] 
2026-06-21 17:24:22,016 [ERROR] LogOutputStream:75 - [STDERR_REDIRECT] [Fatal Error] :1:1: Premature end of file.
2026-06-21 17:24:22,016 [ERROR] LogOutputStream:75 - [STDERR_REDIRECT] 
2026-06-21 17:24:23,018 [ERROR] LogOutputStream:75 - [STDERR_REDIRECT] [Fatal Error] :1:1: Premature end of file.
2026-06-21 17:24:23,018 [ERROR] LogOutputStream:75 - [STDERR_REDIRECT] 
2026-06-21 17:24:24,017 [ERROR] LogOutputStream:75 - [STDERR_REDIRECT] [Fatal Error] :1:1: Premature end of file.
2026-06-21 17:24:24,017 [ERROR] LogOutputStream:75 - [STDERR_REDIRECT] 
2026-06-21 17:24:25,017 [ERROR] LogOutputStream:75 - [STDERR_REDIRECT] [Fatal Error] :1:1: Premature end of file.
2026-06-21 17:24:25,017 [ERROR] LogOutputStream:75 - [STDERR_REDIRECT] 
2026-06-21 17:24:26,018 [ERROR] LogOutputStream:75 - [STDERR_REDIRECT] [Fatal Error] :1:1: Premature end of file.
2026-06-21 17:24:26,018 [ERROR] LogOutputStream:75 - [STDERR_REDIRECT] 
2026-06-21 17:24:27,017 [ERROR] LogOutputStream:75 - [STDERR_REDIRECT] [Fatal Error] :1:1: Premature end of file.
2026-06-21 17:24:27,017 [ERROR] LogOutputStream:75 - [STDERR_REDIRECT] 
2026-06-21 17:24:28,017 [ERROR] LogOutputStream:75 - [STDERR_REDIRECT] [Fatal Error] :1:1: Premature end of file.
2026-06-21 17:24:28,017 [ERROR] LogOutputStream:75 - [STDERR_REDIRECT] 
2026-06-21 17:24:29,037 [ERROR] LogOutputStream:75 - [STDERR_REDIRECT] [Fatal Error] :1:1: Premature end of file.
2026-06-21 17:24:29,037 [ERROR] LogOutputStream:75 - [STDERR_REDIRECT] 
2026-06-21 17:24:30,017 [ERROR] LogOutputStream:75 - [STDERR_REDIRECT] [Fatal Error] :1:1: Premature end of file.
2026-06-21 17:24:30,017 [ERROR] LogOutputStream:75 - [STDERR_REDIRECT] 
2026-06-21 17:24:31,016 [ERROR] LogOutputStream:75 - [STDERR_REDIRECT] [Fatal Error] :1:1: Premature end of file.
2026-06-21 17:24:31,016 [ERROR] LogOutputStream:75 - [STDERR_REDIRECT] 
2026-06-21 17:24:32,017 [ERROR] LogOutputStream:75 - [STDERR_REDIRECT] [Fatal Error] :1:1: Premature end of file.
2026-06-21 17:24:32,017 [ERROR] LogOutputStream:75 - [STDERR_REDIRECT] 
2026-06-21 17:24:33,016 [ERROR] LogOutputStream:75 - [STDERR_REDIRECT] [Fatal Error] :1:1: Premature end of file.
2026-06-21 17:24:33,016 [ERROR] LogOutputStream:75 - [STDERR_REDIRECT] 
2026-06-21 17:24:34,016 [ERROR] LogOutputStream:75 - [STDERR_REDIRECT] [Fatal Error] :1:1: Premature end of file.
2026-06-21 17:24:34,017 [ERROR] LogOutputStream:75 - [STDERR_REDIRECT] 
2026-06-21 17:24:35,017 [ERROR] LogOutputStream:75 - [STDERR_REDIRECT] [Fatal Error] :1:1: Premature end of file.
2026-06-21 17:24:35,017 [ERROR] LogOutputStream:75 - [STDERR_REDIRECT] 
2026-06-21 17:24:36,016 [ERROR] LogOutputStream:75 - [STDERR_REDIRECT] [Fatal Error] :1:1: Premature end of file.
2026-06-21 17:24:36,016 [ERROR] LogOutputStream:75 - [STDERR_REDIRECT] 
2026-06-21 17:24:37,017 [ERROR] LogOutputStream:75 - [STDERR_REDIRECT] [Fatal Error] :1:1: Premature end of file.
2026-06-21 17:24:37,018 [ERROR] LogOutputStream:75 - [STDERR_REDIRECT] 
2026-06-21 17:24:38,016 [ERROR] LogOutputStream:75 - [STDERR_REDIRECT] [Fatal Error] :1:1: Premature end of file.
2026-06-21 17:24:38,016 [ERROR] LogOutputStream:75 - [STDERR_REDIRECT] 
2026-06-21 17:24:39,016 [ERROR] LogOutputStream:75 - [STDERR_REDIRECT] [Fatal Error] :1:1: Premature end of file.
2026-06-21 17:24:39,016 [ERROR] LogOutputStream:75 - [STDERR_REDIRECT] 
2026-06-21 17:24:40,017 [ERROR] LogOutputStream:75 - [STDERR_REDIRECT] [Fatal Error] :1:1: Premature end of file.
2026-06-21 17:24:40,017 [ERROR] LogOutputStream:75 - [STDERR_REDIRECT] 
2026-06-21 17:24:41,017 [ERROR] LogOutputStream:75 - [STDERR_REDIRECT] [Fatal Error] :1:1: Premature end of file.
2026-06-21 17:24:41,017 [ERROR] LogOutputStream:75 - [STDERR_REDIRECT] 
2026-06-21 17:24:42,016 [ERROR] LogOutputStream:75 - [STDERR_REDIRECT] [Fatal Error] :1:1: Premature end of file.
2026-06-21 17:24:42,016 [ERROR] LogOutputStream:75 - [STDERR_REDIRECT] 
2026-06-21 17:24:43,017 [ERROR] LogOutputStream:75 - [STDERR_REDIRECT] [Fatal Error] :1:1: Premature end of file.
2026-06-21 17:24:43,017 [ERROR] LogOutputStream:75 - [STDERR_REDIRECT] 
2026-06-21 17:24:44,016 [ERROR] LogOutputStream:75 - [STDERR_REDIRECT] [Fatal Error] :1:1: Premature end of file.
2026-06-21 17:24:44,017 [ERROR] LogOutputStream:75 - [STDERR_REDIRECT] 
2026-06-21 17:24:45,018 [ERROR] LogOutputStream:75 - [STDERR_REDIRECT] [Fatal Error] :1:1: Premature end of file.
2026-06-21 17:24:45,018 [ERROR] LogOutputStream:75 - [STDERR_REDIRECT] 
2026-06-21 17:24:46,016 [ERROR] LogOutputStream:75 - [STDERR_REDIRECT] [Fatal Error] :1:1: Premature end of file.
2026-06-21 17:24:46,016 [ERROR] LogOutputStream:75 - [STDERR_REDIRECT] 
2026-06-21 17:24:47,016 [ERROR] LogOutputStream:75 - [STDERR_REDIRECT] [Fatal Error] :1:1: Premature end of file.
2026-06-21 17:24:47,016 [ERROR] LogOutputStream:75 - [STDERR_REDIRECT] 
2026-06-21 17:24:48,017 [ERROR] LogOutputStream:75 - [STDERR_REDIRECT] [Fatal Error] :1:1: Premature end of file.
2026-06-21 17:24:48,017 [ERROR] LogOutputStream:75 - [STDERR_REDIRECT] 
2026-06-21 17:24:49,016 [ERROR] LogOutputStream:75 - [STDERR_REDIRECT] [Fatal Error] :1:1: Premature end of file.
2026-06-21 17:24:49,016 [ERROR] LogOutputStream:75 - [STDERR_REDIRECT] 
2026-06-21 17:24:50,017 [ERROR] LogOutputStream:75 - [STDERR_REDIRECT] [Fatal Error] :1:1: Premature end of file.
2026-06-21 17:24:50,017 [ERROR] LogOutputStream:75 - [STDERR_REDIRECT] 
2026-06-21 17:24:51,016 [ERROR] LogOutputStream:75 - [STDERR_REDIRECT] [Fatal Error] :1:1: Premature end of file.
2026-06-21 17:24:51,017 [ERROR] LogOutputStream:75 - [STDERR_REDIRECT] 
2026-06-21 17:24:52,016 [ERROR] LogOutputStream:75 - [STDERR_REDIRECT] [Fatal Error] :1:1: Premature end of file.
2026-06-21 17:24:52,017 [ERROR] LogOutputStream:75 - [STDERR_REDIRECT] 
2026-06-21 17:24:53,017 [ERROR] LogOutputStream:75 - [STDERR_REDIRECT] [Fatal Error] :1:1: Premature end of file.
2026-06-21 17:24:53,017 [ERROR] LogOutputStream:75 - [STDERR_REDIRECT] 
2026-06-21 17:24:54,017 [ERROR] LogOutputStream:75 - [STDERR_REDIRECT] [Fatal Error] :1:1: Premature end of file.
2026-06-21 17:24:54,017 [ERROR] LogOutputStream:75 - [STDERR_REDIRECT] 
2026-06-21 17:24:55,016 [ERROR] LogOutputStream:75 - [STDERR_REDIRECT] [Fatal Error] :1:1: Premature end of file.
2026-06-21 17:24:55,016 [ERROR] LogOutputStream:75 - [STDERR_REDIRECT] 
2026-06-21 17:24:56,016 [ERROR] LogOutputStream:75 - [STDERR_REDIRECT] [Fatal Error] :1:1: Premature end of file.
2026-06-21 17:24:56,016 [ERROR] LogOutputStream:75 - [STDERR_REDIRECT] 
2026-06-21 17:24:57,017 [ERROR] LogOutputStream:75 - [STDERR_REDIRECT] [Fatal Error] :1:1: Premature end of file.
2026-06-21 17:24:57,017 [ERROR] LogOutputStream:75 - [STDERR_REDIRECT] 
2026-06-21 17:24:58,017 [ERROR] LogOutputStream:75 - [STDERR_REDIRECT] [Fatal Error] :1:1: Premature end of file.
2026-06-21 17:24:58,017 [ERROR] LogOutputStream:75 - [STDERR_REDIRECT] 
2026-06-21 17:24:59,017 [ERROR] LogOutputStream:75 - [STDERR_REDIRECT] [Fatal Error] :1:1: Premature end of file.
2026-06-21 17:24:59,017 [ERROR] LogOutputStream:75 - [STDERR_REDIRECT] 
2026-06-21 17:25:00,016 [ERROR] LogOutputStream:75 - [STDERR_REDIRECT] [Fatal Error] :1:1: Premature end of file.
2026-06-21 17:25:00,016 [ERROR] LogOutputStream:75 - [STDERR_REDIRECT] 
2026-06-21 17:25:01,017 [ERROR] LogOutputStream:75 - [STDERR_REDIRECT] [Fatal Error] :1:1: Premature end of file.
2026-06-21 17:25:01,017 [ERROR] LogOutputStream:75 - [STDERR_REDIRECT] 
2026-06-21 17:25:02,016 [ERROR] LogOutputStream:75 - [STDERR_REDIRECT] [Fatal Error] :1:1: Premature end of file.
2026-06-21 17:25:02,016 [ERROR] LogOutputStream:75 - [STDERR_REDIRECT] 
2026-06-21 17:25:03,016 [ERROR] LogOutputStream:75 - [STDERR_REDIRECT] [Fatal Error] :1:1: Premature end of file.
2026-06-21 17:25:03,017 [ERROR] LogOutputStream:75 - [STDERR_REDIRECT] 
2026-06-21 17:25:04,016 [ERROR] LogOutputStream:75 - [STDERR_REDIRECT] [Fatal Error] :1:1: Premature end of file.
2026-06-21 17:25:04,016 [ERROR] LogOutputStream:75 - [STDERR_REDIRECT] 
2026-06-21 17:25:05,017 [ERROR] LogOutputStream:75 - [STDERR_REDIRECT] [Fatal Error] :1:1: Premature end of file.
2026-06-21 17:25:05,018 [ERROR] LogOutputStream:75 - [STDERR_REDIRECT] 
2026-06-21 17:25:06,019 [ERROR] LogOutputStream:75 - [STDERR_REDIRECT] [Fatal Error] :1:1: Premature end of file.
2026-06-21 17:25:06,019 [ERROR] LogOutputStream:75 - [STDERR_REDIRECT] 
2026-06-21 17:25:07,017 [ERROR] LogOutputStream:75 - [STDERR_REDIRECT] [Fatal Error] :1:1: Premature end of file.
2026-06-21 17:25:07,017 [ERROR] LogOutputStream:75 - [STDERR_REDIRECT] 
2026-06-21 17:25:08,016 [ERROR] LogOutputStream:75 - [STDERR_REDIRECT] [Fatal Error] :1:1: Premature end of file.
2026-06-21 17:25:08,016 [ERROR] LogOutputStream:75 - [STDERR_REDIRECT] 
2026-06-21 17:25:09,018 [ERROR] LogOutputStream:75 - [STDERR_REDIRECT] [Fatal Error] :1:1: Premature end of file.
2026-06-21 17:25:09,018 [ERROR] LogOutputStream:75 - [STDERR_REDIRECT] 
2026-06-21 17:25:10,016 [ERROR] LogOutputStream:75 - [STDERR_REDIRECT] [Fatal Error] :1:1: Premature end of file.
2026-06-21 17:25:10,017 [ERROR] LogOutputStream:75 - [STDERR_REDIRECT] 
2026-06-21 17:25:11,018 [ERROR] LogOutputStream:75 - [STDERR_REDIRECT] [Fatal Error] :1:1: Premature end of file.
2026-06-21 17:25:11,018 [ERROR] LogOutputStream:75 - [STDERR_REDIRECT] 
2026-06-21 17:25:12,016 [ERROR] LogOutputStream:75 - [STDERR_REDIRECT] [Fatal Error] :1:1: Premature end of file.
2026-06-21 17:25:12,017 [ERROR] LogOutputStream:75 - [STDERR_REDIRECT] 
2026-06-21 17:25:13,016 [ERROR] LogOutputStream:75 - [STDERR_REDIRECT] [Fatal Error] :1:1: Premature end of file.
2026-06-21 17:25:13,016 [ERROR] LogOutputStream:75 - [STDERR_REDIRECT] 
2026-06-21 17:25:14,016 [ERROR] LogOutputStream:75 - [STDERR_REDIRECT] [Fatal Error] :1:1: Premature end of file.
2026-06-21 17:25:14,016 [ERROR] LogOutputStream:75 - [STDERR_REDIRECT] 
2026-06-21 17:25:15,016 [ERROR] LogOutputStream:75 - [STDERR_REDIRECT] [Fatal Error] :1:1: Premature end of file.
2026-06-21 17:25:15,017 [ERROR] LogOutputStream:75 - [STDERR_REDIRECT] 
2026-06-21 17:25:16,015 [ERROR] LogOutputStream:75 - [STDERR_REDIRECT] [Fatal Error] :1:1: Premature end of file.
2026-06-21 17:25:16,015 [ERROR] LogOutputStream:75 - [STDERR_REDIRECT] 
2026-06-21 17:25:17,017 [ERROR] LogOutputStream:75 - [STDERR_REDIRECT] [Fatal Error] :1:1: Premature end of file.
2026-06-21 17:25:17,017 [ERROR] LogOutputStream:75 - [STDERR_REDIRECT] 
2026-06-21 17:25:18,015 [ERROR] LogOutputStream:75 - [STDERR_REDIRECT] [Fatal Error] :1:1: Premature end of file.
2026-06-21 17:25:18,016 [ERROR] LogOutputStream:75 - [STDERR_REDIRECT] 
2026-06-21 17:25:19,016 [ERROR] LogOutputStream:75 - [STDERR_REDIRECT] [Fatal Error] :1:1: Premature end of file.
2026-06-21 17:25:19,017 [ERROR] LogOutputStream:75 - [STDERR_REDIRECT] 
2026-06-21 17:25:20,017 [ERROR] LogOutputStream:75 - [STDERR_REDIRECT] [Fatal Error] :1:1: Premature end of file.
2026-06-21 17:25:20,017 [ERROR] LogOutputStream:75 - [STDERR_REDIRECT] 
2026-06-21 17:25:21,018 [ERROR] LogOutputStream:75 - [STDERR_REDIRECT] [Fatal Error] :1:1: Premature end of file.
2026-06-21 17:25:21,018 [ERROR] LogOutputStream:75 - [STDERR_REDIRECT] 
2026-06-21 17:25:22,017 [ERROR] LogOutputStream:75 - [STDERR_REDIRECT] [Fatal Error] :1:1: Premature end of file.
2026-06-21 17:25:22,017 [ERROR] LogOutputStream:75 - [STDERR_REDIRECT] 
2026-06-21 17:25:23,016 [ERROR] LogOutputStream:75 - [STDERR_REDIRECT] [Fatal Error] :1:1: Premature end of file.
2026-06-21 17:25:23,016 [ERROR] LogOutputStream:75 - [STDERR_REDIRECT] 
2026-06-21 17:25:24,016 [ERROR] LogOutputStream:75 - [STDERR_REDIRECT] [Fatal Error] :1:1: Premature end of file.
2026-06-21 17:25:24,016 [ERROR] LogOutputStream:75 - [STDERR_REDIRECT] 
2026-06-21 17:25:25,016 [ERROR] LogOutputStream:75 - [STDERR_REDIRECT] [Fatal Error] :1:1: Premature end of file.
2026-06-21 17:25:25,016 [ERROR] LogOutputStream:75 - [STDERR_REDIRECT] 
2026-06-21 17:25:26,017 [ERROR] LogOutputStream:75 - [STDERR_REDIRECT] [Fatal Error] :1:1: Premature end of file.
2026-06-21 17:25:26,017 [ERROR] LogOutputStream:75 - [STDERR_REDIRECT] 
2026-06-21 17:25:27,016 [ERROR] LogOutputStream:75 - [STDERR_REDIRECT] [Fatal Error] :1:1: Premature end of file.
2026-06-21 17:25:27,016 [ERROR] LogOutputStream:75 - [STDERR_REDIRECT] 
2026-06-21 17:25:28,016 [ERROR] LogOutputStream:75 - [STDERR_REDIRECT] [Fatal Error] :1:1: Premature end of file.
2026-06-21 17:25:28,017 [ERROR] LogOutputStream:75 - [STDERR_REDIRECT] 
2026-06-21 17:25:29,023 [ERROR] LogOutputStream:75 - [STDERR_REDIRECT] [Fatal Error] :1:1: Premature end of file.
2026-06-21 17:25:29,023 [ERROR] LogOutputStream:75 - [STDERR_REDIRECT] 
2026-06-21 17:25:30,017 [ERROR] LogOutputStream:75 - [STDERR_REDIRECT] [Fatal Error] :1:1: Premature end of file.
2026-06-21 17:25:30,017 [ERROR] LogOutputStream:75 - [STDERR_REDIRECT] 
2026-06-21 17:25:31,016 [ERROR] LogOutputStream:75 - [STDERR_REDIRECT] [Fatal Error] :1:1: Premature end of file.
2026-06-21 17:25:31,016 [ERROR] LogOutputStream:75 - [STDERR_REDIRECT] 
2026-06-21 17:25:32,016 [ERROR] LogOutputStream:75 - [STDERR_REDIRECT] [Fatal Error] :1:1: Premature end of file.
2026-06-21 17:25:32,016 [ERROR] LogOutputStream:75 - [STDERR_REDIRECT] 
2026-06-21 17:25:33,017 [ERROR] LogOutputStream:75 - [STDERR_REDIRECT] [Fatal Error] :1:1: Premature end of file.
2026-06-21 17:25:33,017 [ERROR] LogOutputStream:75 - [STDERR_REDIRECT] 
2026-06-21 17:25:34,016 [ERROR] LogOutputStream:75 - [STDERR_REDIRECT] [Fatal Error] :1:1: Premature end of file.
2026-06-21 17:25:34,016 [ERROR] LogOutputStream:75 - [STDERR_REDIRECT] 
2026-06-21 17:25:35,016 [ERROR] LogOutputStream:75 - [STDERR_REDIRECT] [Fatal Error] :1:1: Premature end of file.
2026-06-21 17:25:35,016 [ERROR] LogOutputStream:75 - [STDERR_REDIRECT] 
2026-06-21 17:25:36,016 [ERROR] LogOutputStream:75 - [STDERR_REDIRECT] [Fatal Error] :1:1: Premature end of file.
2026-06-21 17:25:36,016 [ERROR] LogOutputStream:75 - [STDERR_REDIRECT] 
2026-06-21 17:25:37,016 [ERROR] LogOutputStream:75 - [STDERR_REDIRECT] [Fatal Error] :1:1: Premature end of file.
2026-06-21 17:25:37,016 [ERROR] LogOutputStream:75 - [STDERR_REDIRECT] 
2026-06-21 17:25:38,016 [ERROR] LogOutputStream:75 - [STDERR_REDIRECT] [Fatal Error] :1:1: Premature end of file.
2026-06-21 17:25:38,016 [ERROR] LogOutputStream:75 - [STDERR_REDIRECT] 
2026-06-21 17:25:39,016 [ERROR] LogOutputStream:75 - [STDERR_REDIRECT] [Fatal Error] :1:1: Premature end of file.
2026-06-21 17:25:39,016 [ERROR] LogOutputStream:75 - [STDERR_REDIRECT] 
2026-06-21 17:25:40,016 [ERROR] LogOutputStream:75 - [STDERR_REDIRECT] [Fatal Error] :1:1: Premature end of file.
2026-06-21 17:25:40,017 [ERROR] LogOutputStream:75 - [STDERR_REDIRECT] 
2026-06-21 17:25:41,016 [ERROR] LogOutputStream:75 - [STDERR_REDIRECT] [Fatal Error] :1:1: Premature end of file.
2026-06-21 17:25:41,016 [ERROR] LogOutputStream:75 - [STDERR_REDIRECT] 
2026-06-21 17:25:42,016 [ERROR] LogOutputStream:75 - [STDERR_REDIRECT] [Fatal Error] :1:1: Premature end of file.
2026-06-21 17:25:42,017 [ERROR] LogOutputStream:75 - [STDERR_REDIRECT] 
2026-06-21 17:25:43,016 [ERROR] LogOutputStream:75 - [STDERR_REDIRECT] [Fatal Error] :1:1: Premature end of file.
2026-06-21 17:25:43,016 [ERROR] LogOutputStream:75 - [STDERR_REDIRECT] 
2026-06-21 17:25:44,016 [ERROR] LogOutputStream:75 - [STDERR_REDIRECT] [Fatal Error] :1:1: Premature end of file.
2026-06-21 17:25:44,016 [ERROR] LogOutputStream:75 - [STDERR_REDIRECT] 
2026-06-21 17:25:45,016 [ERROR] LogOutputStream:75 - [STDERR_REDIRECT] [Fatal Error] :1:1: Premature end of file.
2026-06-21 17:25:45,016 [ERROR] LogOutputStream:75 - [STDERR_REDIRECT] 
2026-06-21 17:25:46,017 [ERROR] LogOutputStream:75 - [STDERR_REDIRECT] [Fatal Error] :1:1: Premature end of file.
2026-06-21 17:25:46,017 [ERROR] LogOutputStream:75 - [STDERR_REDIRECT] 
2026-06-21 17:25:47,016 [ERROR] LogOutputStream:75 - [STDERR_REDIRECT] [Fatal Error] :1:1: Premature end of file.
2026-06-21 17:25:47,017 [ERROR] LogOutputStream:75 - [STDERR_REDIRECT] 
2026-06-21 17:25:48,016 [ERROR] LogOutputStream:75 - [STDERR_REDIRECT] [Fatal Error] :1:1: Premature end of file.
2026-06-21 17:25:48,017 [ERROR] LogOutputStream:75 - [STDERR_REDIRECT] 
2026-06-21 17:25:49,016 [ERROR] LogOutputStream:75 - [STDERR_REDIRECT] [Fatal Error] :1:1: Premature end of file.
2026-06-21 17:25:49,016 [ERROR] LogOutputStream:75 - [STDERR_REDIRECT] 
2026-06-21 17:25:50,016 [ERROR] LogOutputStream:75 - [STDERR_REDIRECT] [Fatal Error] :1:1: Premature end of file.
2026-06-21 17:25:50,016 [ERROR] LogOutputStream:75 - [STDERR_REDIRECT] 
2026-06-21 17:25:51,016 [ERROR] LogOutputStream:75 - [STDERR_REDIRECT] [Fatal Error] :1:1: Premature end of file.
2026-06-21 17:25:51,016 [ERROR] LogOutputStream:75 - [STDERR_REDIRECT] 
2026-06-21 17:25:52,016 [ERROR] LogOutputStream:75 - [STDERR_REDIRECT] [Fatal Error] :1:1: Premature end of file.
2026-06-21 17:25:52,016 [ERROR] LogOutputStream:75 - [STDERR_REDIRECT] 
2026-06-21 17:25:53,016 [ERROR] LogOutputStream:75 - [STDERR_REDIRECT] [Fatal Error] :1:1: Premature end of file.
2026-06-21 17:25:53,017 [ERROR] LogOutputStream:75 - [STDERR_REDIRECT] 
2026-06-21 17:25:54,015 [ERROR] LogOutputStream:75 - [STDERR_REDIRECT] [Fatal Error] :1:1: Premature end of file.
2026-06-21 17:25:54,016 [ERROR] LogOutputStream:75 - [STDERR_REDIRECT] 
2026-06-21 17:25:55,016 [ERROR] LogOutputStream:75 - [STDERR_REDIRECT] [Fatal Error] :1:1: Premature end of file.
2026-06-21 17:25:55,016 [ERROR] LogOutputStream:75 - [STDERR_REDIRECT] 
2026-06-21 17:25:56,015 [ERROR] LogOutputStream:75 - [STDERR_REDIRECT] [Fatal Error] :1:1: Premature end of file.
2026-06-21 17:25:56,015 [ERROR] LogOutputStream:75 - [STDERR_REDIRECT] 
2026-06-21 17:25:57,016 [ERROR] LogOutputStream:75 - [STDERR_REDIRECT] [Fatal Error] :1:1: Premature end of file.
2026-06-21 17:25:57,016 [ERROR] LogOutputStream:75 - [STDERR_REDIRECT] 
2026-06-21 17:25:58,016 [ERROR] LogOutputStream:75 - [STDERR_REDIRECT] [Fatal Error] :1:1: Premature end of file.
2026-06-21 17:25:58,016 [ERROR] LogOutputStream:75 - [STDERR_REDIRECT] 
2026-06-21 17:25:59,017 [ERROR] LogOutputStream:75 - [STDERR_REDIRECT] [Fatal Error] :1:1: Premature end of file.
2026-06-21 17:25:59,017 [ERROR] LogOutputStream:75 - [STDERR_REDIRECT] 
2026-06-21 17:26:00,015 [ERROR] LogOutputStream:75 - [STDERR_REDIRECT] [Fatal Error] :1:1: Premature end of file.
2026-06-21 17:26:00,017 [ERROR] LogOutputStream:75 - [STDERR_REDIRECT] 
2026-06-21 17:26:01,016 [ERROR] LogOutputStream:75 - [STDERR_REDIRECT] [Fatal Error] :1:1: Premature end of file.
2026-06-21 17:26:01,016 [ERROR] LogOutputStream:75 - [STDERR_REDIRECT] 
2026-06-21 17:26:02,017 [ERROR] LogOutputStream:75 - [STDERR_REDIRECT] [Fatal Error] :1:1: Premature end of file.
2026-06-21 17:26:02,019 [ERROR] LogOutputStream:75 - [STDERR_REDIRECT] 
2026-06-21 17:26:03,015 [ERROR] LogOutputStream:75 - [STDERR_REDIRECT] [Fatal Error] :1:1: Premature end of file.
2026-06-21 17:26:03,016 [ERROR] LogOutputStream:75 - [STDERR_REDIRECT] 
2026-06-21 17:26:04,017 [ERROR] LogOutputStream:75 - [STDERR_REDIRECT] [Fatal Error] :1:1: Premature end of file.
2026-06-21 17:26:04,017 [ERROR] LogOutputStream:75 - [STDERR_REDIRECT] 
2026-06-21 17:26:05,018 [ERROR] LogOutputStream:75 - [STDERR_REDIRECT] [Fatal Error] :1:1: Premature end of file.
2026-06-21 17:26:05,018 [ERROR] LogOutputStream:75 - [STDERR_REDIRECT] 
2026-06-21 17:26:06,017 [ERROR] LogOutputStream:75 - [STDERR_REDIRECT] [Fatal Error] :1:1: Premature end of file.
2026-06-21 17:26:06,017 [ERROR] LogOutputStream:75 - [STDERR_REDIRECT] 
2026-06-21 17:26:07,016 [ERROR] LogOutputStream:75 - [STDERR_REDIRECT] [Fatal Error] :1:1: Premature end of file.
2026-06-21 17:26:07,016 [ERROR] LogOutputStream:75 - [STDERR_REDIRECT] 
2026-06-21 17:26:08,017 [ERROR] LogOutputStream:75 - [STDERR_REDIRECT] [Fatal Error] :1:1: Premature end of file.
2026-06-21 17:26:08,017 [ERROR] LogOutputStream:75 - [STDERR_REDIRECT] 
2026-06-21 17:26:09,017 [ERROR] LogOutputStream:75 - [STDERR_REDIRECT] [Fatal Error] :1:1: Premature end of file.
2026-06-21 17:26:09,017 [ERROR] LogOutputStream:75 - [STDERR_REDIRECT] 
2026-06-21 17:26:10,017 [ERROR] LogOutputStream:75 - [STDERR_REDIRECT] [Fatal Error] :1:1: Premature end of file.
2026-06-21 17:26:10,017 [ERROR] LogOutputStream:75 - [STDERR_REDIRECT] 
2026-06-21 17:26:11,018 [ERROR] LogOutputStream:75 - [STDERR_REDIRECT] [Fatal Error] :1:1: Premature end of file.
2026-06-21 17:26:11,018 [ERROR] LogOutputStream:75 - [STDERR_REDIRECT] 
2026-06-21 17:26:12,017 [ERROR] LogOutputStream:75 - [STDERR_REDIRECT] [Fatal Error] :1:1: Premature end of file.
2026-06-21 17:26:12,017 [ERROR] LogOutputStream:75 - [STDERR_REDIRECT] 
2026-06-21 17:26:13,017 [ERROR] LogOutputStream:75 - [STDERR_REDIRECT] [Fatal Error] :1:1: Premature end of file.
2026-06-21 17:26:13,017 [ERROR] LogOutputStream:75 - [STDERR_REDIRECT] 
2026-06-21 17:26:14,016 [ERROR] LogOutputStream:75 - [STDERR_REDIRECT] [Fatal Error] :1:1: Premature end of file.
2026-06-21 17:26:14,017 [ERROR] LogOutputStream:75 - [STDERR_REDIRECT] 
2026-06-21 17:26:15,015 [ERROR] LogOutputStream:75 - [STDERR_REDIRECT] [Fatal Error] :1:1: Premature end of file.
2026-06-21 17:26:15,017 [ERROR] LogOutputStream:75 - [STDERR_REDIRECT] 
2026-06-21 17:26:16,016 [ERROR] LogOutputStream:75 - [STDERR_REDIRECT] [Fatal Error] :1:1: Premature end of file.
2026-06-21 17:26:16,016 [ERROR] LogOutputStream:75 - [STDERR_REDIRECT] 
2026-06-21 17:26:17,017 [ERROR] LogOutputStream:75 - [STDERR_REDIRECT] [Fatal Error] :1:1: Premature end of file.
2026-06-21 17:26:17,017 [ERROR] LogOutputStream:75 - [STDERR_REDIRECT] 
2026-06-21 17:26:18,015 [ERROR] LogOutputStream:75 - [STDERR_REDIRECT] [Fatal Error] :1:1: Premature end of file.
2026-06-21 17:26:18,016 [ERROR] LogOutputStream:75 - [STDERR_REDIRECT] 
2026-06-21 17:26:19,017 [ERROR] LogOutputStream:75 - [STDERR_REDIRECT] [Fatal Error] :1:1: Premature end of file.
2026-06-21 17:26:19,017 [ERROR] LogOutputStream:75 - [STDERR_REDIRECT] 
2026-06-21 17:26:20,016 [ERROR] LogOutputStream:75 - [STDERR_REDIRECT] [Fatal Error] :1:1: Premature end of file.
2026-06-21 17:26:20,016 [ERROR] LogOutputStream:75 - [STDERR_REDIRECT] 
2026-06-21 17:26:21,016 [ERROR] LogOutputStream:75 - [STDERR_REDIRECT] [Fatal Error] :1:1: Premature end of file.
2026-06-21 17:26:21,016 [ERROR] LogOutputStream:75 - [STDERR_REDIRECT] 
2026-06-21 17:26:22,017 [ERROR] LogOutputStream:75 - [STDERR_REDIRECT] [Fatal Error] :1:1: Premature end of file.
2026-06-21 17:26:22,017 [ERROR] LogOutputStream:75 - [STDERR_REDIRECT] 
2026-06-21 17:26:23,016 [ERROR] LogOutputStream:75 - [STDERR_REDIRECT] [Fatal Error] :1:1: Premature end of file.
2026-06-21 17:26:23,016 [ERROR] LogOutputStream:75 - [STDERR_REDIRECT] 
2026-06-21 17:26:24,017 [ERROR] LogOutputStream:75 - [STDERR_REDIRECT] [Fatal Error] :1:1: Premature end of file.
2026-06-21 17:26:24,017 [ERROR] LogOutputStream:75 - [STDERR_REDIRECT] 
2026-06-21 17:26:25,017 [ERROR] LogOutputStream:75 - [STDERR_REDIRECT] [Fatal Error] :1:1: Premature end of file.
2026-06-21 17:26:25,017 [ERROR] LogOutputStream:75 - [STDERR_REDIRECT] 
2026-06-21 17:26:26,015 [ERROR] LogOutputStream:75 - [STDERR_REDIRECT] [Fatal Error] :1:1: Premature end of file.
2026-06-21 17:26:26,015 [ERROR] LogOutputStream:75 - [STDERR_REDIRECT] 
2026-06-21 17:26:27,017 [ERROR] LogOutputStream:75 - [STDERR_REDIRECT] [Fatal Error] :1:1: Premature end of file.
2026-06-21 17:26:27,017 [ERROR] LogOutputStream:75 - [STDERR_REDIRECT] 
2026-06-21 17:26:28,016 [ERROR] LogOutputStream:75 - [STDERR_REDIRECT] [Fatal Error] :1:1: Premature end of file.
2026-06-21 17:26:28,016 [ERROR] LogOutputStream:75 - [STDERR_REDIRECT] 
2026-06-21 17:26:29,021 [ERROR] LogOutputStream:75 - [STDERR_REDIRECT] [Fatal Error] :1:1: Premature end of file.
2026-06-21 17:26:29,021 [ERROR] LogOutputStream:75 - [STDERR_REDIRECT] 
2026-06-21 17:26:30,017 [ERROR] LogOutputStream:75 - [STDERR_REDIRECT] [Fatal Error] :1:1: Premature end of file.
2026-06-21 17:26:30,017 [ERROR] LogOutputStream:75 - [STDERR_REDIRECT] 
2026-06-21 17:26:31,017 [ERROR] LogOutputStream:75 - [STDERR_REDIRECT] [Fatal Error] :1:1: Premature end of file.
2026-06-21 17:26:31,017 [ERROR] LogOutputStream:75 - [STDERR_REDIRECT] 
2026-06-21 17:26:32,017 [ERROR] LogOutputStream:75 - [STDERR_REDIRECT] [Fatal Error] :1:1: Premature end of file.
2026-06-21 17:26:32,017 [ERROR] LogOutputStream:75 - [STDERR_REDIRECT] 
2026-06-21 17:26:33,016 [ERROR] LogOutputStream:75 - [STDERR_REDIRECT] [Fatal Error] :1:1: Premature end of file.
2026-06-21 17:26:33,016 [ERROR] LogOutputStream:75 - [STDERR_REDIRECT] 
2026-06-21 17:26:34,016 [ERROR] LogOutputStream:75 - [STDERR_REDIRECT] [Fatal Error] :1:1: Premature end of file.
2026-06-21 17:26:34,016 [ERROR] LogOutputStream:75 - [STDERR_REDIRECT] 
2026-06-21 17:26:35,016 [ERROR] LogOutputStream:75 - [STDERR_REDIRECT] [Fatal Error] :1:1: Premature end of file.
2026-06-21 17:26:35,016 [ERROR] LogOutputStream:75 - [STDERR_REDIRECT] 
2026-06-21 17:26:36,016 [ERROR] LogOutputStream:75 - [STDERR_REDIRECT] [Fatal Error] :1:1: Premature end of file.
2026-06-21 17:26:36,016 [ERROR] LogOutputStream:75 - [STDERR_REDIRECT] 
2026-06-21 17:26:37,016 [ERROR] LogOutputStream:75 - [STDERR_REDIRECT] [Fatal Error] :1:1: Premature end of file.
2026-06-21 17:26:37,016 [ERROR] LogOutputStream:75 - [STDERR_REDIRECT] 
2026-06-21 17:26:38,016 [ERROR] LogOutputStream:75 - [STDERR_REDIRECT] [Fatal Error] :1:1: Premature end of file.
2026-06-21 17:26:38,016 [ERROR] LogOutputStream:75 - [STDERR_REDIRECT] 
2026-06-21 17:26:39,018 [ERROR] LogOutputStream:75 - [STDERR_REDIRECT] [Fatal Error] :1:1: Premature end of file.
2026-06-21 17:26:39,018 [ERROR] LogOutputStream:75 - [STDERR_REDIRECT] 
2026-06-21 17:26:40,016 [ERROR] LogOutputStream:75 - [STDERR_REDIRECT] [Fatal Error] :1:1: Premature end of file.
2026-06-21 17:26:40,016 [ERROR] LogOutputStream:75 - [STDERR_REDIRECT] 
2026-06-21 17:26:41,017 [ERROR] LogOutputStream:75 - [STDERR_REDIRECT] [Fatal Error] :1:1: Premature end of file.
2026-06-21 17:26:41,017 [ERROR] LogOutputStream:75 - [STDERR_REDIRECT] 
2026-06-21 17:26:42,016 [ERROR] LogOutputStream:75 - [STDERR_REDIRECT] [Fatal Error] :1:1: Premature end of file.
2026-06-21 17:26:42,016 [ERROR] LogOutputStream:75 - [STDERR_REDIRECT] 
2026-06-21 17:26:43,016 [ERROR] LogOutputStream:75 - [STDERR_REDIRECT] [Fatal Error] :1:1: Premature end of file.
2026-06-21 17:26:43,016 [ERROR] LogOutputStream:75 - [STDERR_REDIRECT] 
2026-06-21 17:26:44,015 [ERROR] LogOutputStream:75 - [STDERR_REDIRECT] [Fatal Error] :1:1: Premature end of file.
2026-06-21 17:26:44,015 [ERROR] LogOutputStream:75 - [STDERR_REDIRECT] 
2026-06-21 17:26:45,017 [ERROR] LogOutputStream:75 - [STDERR_REDIRECT] [Fatal Error] :1:1: Premature end of file.
2026-06-21 17:26:45,017 [ERROR] LogOutputStream:75 - [STDERR_REDIRECT] 
2026-06-21 17:26:46,015 [ERROR] LogOutputStream:75 - [STDERR_REDIRECT] [Fatal Error] :1:1: Premature end of file.
2026-06-21 17:26:46,015 [ERROR] LogOutputStream:75 - [STDERR_REDIRECT] 
2026-06-21 17:26:47,017 [ERROR] LogOutputStream:75 - [STDERR_REDIRECT] [Fatal Error] :1:1: Premature end of file.
2026-06-21 17:26:47,017 [ERROR] LogOutputStream:75 - [STDERR_REDIRECT] 
2026-06-21 17:26:48,016 [ERROR] LogOutputStream:75 - [STDERR_REDIRECT] [Fatal Error] :1:1: Premature end of file.
2026-06-21 17:26:48,017 [ERROR] LogOutputStream:75 - [STDERR_REDIRECT] 
2026-06-21 17:26:49,016 [ERROR] LogOutputStream:75 - [STDERR_REDIRECT] [Fatal Error] :1:1: Premature end of file.
2026-06-21 17:26:49,016 [ERROR] LogOutputStream:75 - [STDERR_REDIRECT] 
2026-06-21 17:26:50,016 [ERROR] LogOutputStream:75 - [STDERR_REDIRECT] [Fatal Error] :1:1: Premature end of file.
2026-06-21 17:26:50,017 [ERROR] LogOutputStream:75 - [STDERR_REDIRECT] 
2026-06-21 17:26:51,016 [ERROR] LogOutputStream:75 - [STDERR_REDIRECT] [Fatal Error] :1:1: Premature end of file.
2026-06-21 17:26:51,017 [ERROR] LogOutputStream:75 - [STDERR_REDIRECT] 
2026-06-21 17:26:52,017 [ERROR] LogOutputStream:75 - [STDERR_REDIRECT] [Fatal Error] :1:1: Premature end of file.
2026-06-21 17:26:52,017 [ERROR] LogOutputStream:75 - [STDERR_REDIRECT] 
2026-06-21 17:26:53,017 [ERROR] LogOutputStream:75 - [STDERR_REDIRECT] [Fatal Error] :1:1: Premature end of file.
2026-06-21 17:26:53,017 [ERROR] LogOutputStream:75 - [STDERR_REDIRECT] 
2026-06-21 17:26:54,016 [ERROR] LogOutputStream:75 - [STDERR_REDIRECT] [Fatal Error] :1:1: Premature end of file.
2026-06-21 17:26:54,016 [ERROR] LogOutputStream:75 - [STDERR_REDIRECT] 
2026-06-21 17:26:55,016 [ERROR] LogOutputStream:75 - [STDERR_REDIRECT] [Fatal Error] :1:1: Premature end of file.
2026-06-21 17:26:55,017 [ERROR] LogOutputStream:75 - [STDERR_REDIRECT] 
2026-06-21 17:26:56,015 [ERROR] LogOutputStream:75 - [STDERR_REDIRECT] [Fatal Error] :1:1: Premature end of file.
2026-06-21 17:26:56,016 [ERROR] LogOutputStream:75 - [STDERR_REDIRECT] 
2026-06-21 17:26:57,017 [ERROR] LogOutputStream:75 - [STDERR_REDIRECT] [Fatal Error] :1:1: Premature end of file.
2026-06-21 17:26:57,018 [ERROR] LogOutputStream:75 - [STDERR_REDIRECT] 
2026-06-21 17:26:58,019 [ERROR] LogOutputStream:75 - [STDERR_REDIRECT] [Fatal Error] :1:1: Premature end of file.
2026-06-21 17:26:58,019 [ERROR] LogOutputStream:75 - [STDERR_REDIRECT] 
2026-06-21 17:26:59,016 [ERROR] LogOutputStream:75 - [STDERR_REDIRECT] [Fatal Error] :1:1: Premature end of file.
2026-06-21 17:26:59,017 [ERROR] LogOutputStream:75 - [STDERR_REDIRECT] 
2026-06-21 17:27:00,018 [ERROR] LogOutputStream:75 - [STDERR_REDIRECT] [Fatal Error] :1:1: Premature end of file.
2026-06-21 17:27:00,018 [ERROR] LogOutputStream:75 - [STDERR_REDIRECT] 
2026-06-21 17:27:01,015 [ERROR] LogOutputStream:75 - [STDERR_REDIRECT] [Fatal Error] :1:1: Premature end of file.
2026-06-21 17:27:01,017 [ERROR] LogOutputStream:75 - [STDERR_REDIRECT] 
2026-06-21 17:27:02,016 [ERROR] LogOutputStream:75 - [STDERR_REDIRECT] [Fatal Error] :1:1: Premature end of file.
2026-06-21 17:27:02,016 [ERROR] LogOutputStream:75 - [STDERR_REDIRECT] 
2026-06-21 17:27:03,016 [ERROR] LogOutputStream:75 - [STDERR_REDIRECT] [Fatal Error] :1:1: Premature end of file.
2026-06-21 17:27:03,016 [ERROR] LogOutputStream:75 - [STDERR_REDIRECT] 
2026-06-21 17:27:04,015 [ERROR] LogOutputStream:75 - [STDERR_REDIRECT] [Fatal Error] :1:1: Premature end of file.
2026-06-21 17:27:04,016 [ERROR] LogOutputStream:75 - [STDERR_REDIRECT] 
2026-06-21 17:27:05,016 [ERROR] LogOutputStream:75 - [STDERR_REDIRECT] [Fatal Error] :1:1: Premature end of file.
2026-06-21 17:27:05,017 [ERROR] LogOutputStream:75 - [STDERR_REDIRECT] 
2026-06-21 17:27:06,018 [ERROR] LogOutputStream:75 - [STDERR_REDIRECT] [Fatal Error] :1:1: Premature end of file.
2026-06-21 17:27:06,018 [ERROR] LogOutputStream:75 - [STDERR_REDIRECT] 
2026-06-21 17:27:07,016 [ERROR] LogOutputStream:75 - [STDERR_REDIRECT] [Fatal Error] :1:1: Premature end of file.
2026-06-21 17:27:07,017 [ERROR] LogOutputStream:75 - [STDERR_REDIRECT] 
2026-06-21 17:27:08,018 [ERROR] LogOutputStream:75 - [STDERR_REDIRECT] [Fatal Error] :1:1: Premature end of file.
2026-06-21 17:27:08,018 [ERROR] LogOutputStream:75 - [STDERR_REDIRECT] 
2026-06-21 17:27:09,017 [ERROR] LogOutputStream:75 - [STDERR_REDIRECT] [Fatal Error] :1:1: Premature end of file.
2026-06-21 17:27:09,018 [ERROR] LogOutputStream:75 - [STDERR_REDIRECT] 
2026-06-21 17:27:10,017 [ERROR] LogOutputStream:75 - [STDERR_REDIRECT] [Fatal Error] :1:1: Premature end of file.
2026-06-21 17:27:10,017 [ERROR] LogOutputStream:75 - [STDERR_REDIRECT] 
2026-06-21 17:27:11,017 [ERROR] LogOutputStream:75 - [STDERR_REDIRECT] [Fatal Error] :1:1: Premature end of file.
2026-06-21 17:27:11,017 [ERROR] LogOutputStream:75 - [STDERR_REDIRECT] 
2026-06-21 17:27:12,017 [ERROR] LogOutputStream:75 - [STDERR_REDIRECT] [Fatal Error] :1:1: Premature end of file.
2026-06-21 17:27:12,017 [ERROR] LogOutputStream:75 - [STDERR_REDIRECT] 
2026-06-21 17:27:13,017 [ERROR] LogOutputStream:75 - [STDERR_REDIRECT] [Fatal Error] :1:1: Premature end of file.
2026-06-21 17:27:13,017 [ERROR] LogOutputStream:75 - [STDERR_REDIRECT] 
2026-06-21 17:27:14,016 [ERROR] LogOutputStream:75 - [STDERR_REDIRECT] [Fatal Error] :1:1: Premature end of file.
2026-06-21 17:27:14,016 [ERROR] LogOutputStream:75 - [STDERR_REDIRECT] 
2026-06-21 17:27:15,018 [ERROR] LogOutputStream:75 - [STDERR_REDIRECT] [Fatal Error] :1:1: Premature end of file.
2026-06-21 17:27:15,018 [ERROR] LogOutputStream:75 - [STDERR_REDIRECT] 
2026-06-21 17:27:16,017 [ERROR] LogOutputStream:75 - [STDERR_REDIRECT] [Fatal Error] :1:1: Premature end of file.
2026-06-21 17:27:16,018 [ERROR] LogOutputStream:75 - [STDERR_REDIRECT] 
2026-06-21 17:27:17,017 [ERROR] LogOutputStream:75 - [STDERR_REDIRECT] [Fatal Error] :1:1: Premature end of file.
2026-06-21 17:27:17,018 [ERROR] LogOutputStream:75 - [STDERR_REDIRECT] 
2026-06-21 17:27:18,017 [ERROR] LogOutputStream:75 - [STDERR_REDIRECT] [Fatal Error] :1:1: Premature end of file.
2026-06-21 17:27:18,018 [ERROR] LogOutputStream:75 - [STDERR_REDIRECT] 
2026-06-21 17:27:19,017 [ERROR] LogOutputStream:75 - [STDERR_REDIRECT] [Fatal Error] :1:1: Premature end of file.
2026-06-21 17:27:19,017 [ERROR] LogOutputStream:75 - [STDERR_REDIRECT] 
2026-06-21 17:27:20,019 [ERROR] LogOutputStream:75 - [STDERR_REDIRECT] [Fatal Error] :1:1: Premature end of file.
2026-06-21 17:27:20,019 [ERROR] LogOutputStream:75 - [STDERR_REDIRECT] 
2026-06-21 17:27:21,016 [ERROR] LogOutputStream:75 - [STDERR_REDIRECT] [Fatal Error] :1:1: Premature end of file.
2026-06-21 17:27:21,017 [ERROR] LogOutputStream:75 - [STDERR_REDIRECT] 
2026-06-21 17:27:22,019 [ERROR] LogOutputStream:75 - [STDERR_REDIRECT] [Fatal Error] :1:1: Premature end of file.
2026-06-21 17:27:22,019 [ERROR] LogOutputStream:75 - [STDERR_REDIRECT] 
2026-06-21 17:27:23,016 [ERROR] LogOutputStream:75 - [STDERR_REDIRECT] [Fatal Error] :1:1: Premature end of file.
2026-06-21 17:27:23,016 [ERROR] LogOutputStream:75 - [STDERR_REDIRECT] 
2026-06-21 17:27:24,017 [ERROR] LogOutputStream:75 - [STDERR_REDIRECT] [Fatal Error] :1:1: Premature end of file.
2026-06-21 17:27:24,017 [ERROR] LogOutputStream:75 - [STDERR_REDIRECT] 
2026-06-21 17:27:25,016 [ERROR] LogOutputStream:75 - [STDERR_REDIRECT] [Fatal Error] :1:1: Premature end of file.
2026-06-21 17:27:25,016 [ERROR] LogOutputStream:75 - [STDERR_REDIRECT] 
2026-06-21 17:27:26,018 [ERROR] LogOutputStream:75 - [STDERR_REDIRECT] [Fatal Error] :1:1: Premature end of file.
2026-06-21 17:27:26,018 [ERROR] LogOutputStream:75 - [STDERR_REDIRECT] 
2026-06-21 17:27:27,018 [ERROR] LogOutputStream:75 - [STDERR_REDIRECT] [Fatal Error] :1:1: Premature end of file.
2026-06-21 17:27:27,018 [ERROR] LogOutputStream:75 - [STDERR_REDIRECT] 
2026-06-21 17:27:28,017 [ERROR] LogOutputStream:75 - [STDERR_REDIRECT] [Fatal Error] :1:1: Premature end of file.
2026-06-21 17:27:28,017 [ERROR] LogOutputStream:75 - [STDERR_REDIRECT] 
2026-06-21 17:27:29,023 [ERROR] LogOutputStream:75 - [STDERR_REDIRECT] [Fatal Error] :1:1: Premature end of file.
2026-06-21 17:27:29,023 [ERROR] LogOutputStream:75 - [STDERR_REDIRECT] 
2026-06-21 17:27:30,018 [ERROR] LogOutputStream:75 - [STDERR_REDIRECT] [Fatal Error] :1:1: Premature end of file.
2026-06-21 17:27:30,018 [ERROR] LogOutputStream:75 - [STDERR_REDIRECT] 
2026-06-21 17:27:31,018 [ERROR] LogOutputStream:75 - [STDERR_REDIRECT] [Fatal Error] :1:1: Premature end of file.
2026-06-21 17:27:31,018 [ERROR] LogOutputStream:75 - [STDERR_REDIRECT] 
2026-06-21 17:27:32,017 [ERROR] LogOutputStream:75 - [STDERR_REDIRECT] [Fatal Error] :1:1: Premature end of file.
2026-06-21 17:27:32,017 [ERROR] LogOutputStream:75 - [STDERR_REDIRECT] 
2026-06-21 17:27:33,015 [ERROR] LogOutputStream:75 - [STDERR_REDIRECT] [Fatal Error] :1:1: Premature end of file.
2026-06-21 17:27:33,015 [ERROR] LogOutputStream:75 - [STDERR_REDIRECT] 
2026-06-21 17:27:34,020 [ERROR] LogOutputStream:75 - [STDERR_REDIRECT] [Fatal Error] :1:1: Premature end of file.
2026-06-21 17:27:34,020 [ERROR] LogOutputStream:75 - [STDERR_REDIRECT] 
2026-06-21 17:27:35,018 [ERROR] LogOutputStream:75 - [STDERR_REDIRECT] [Fatal Error] :1:1: Premature end of file.
2026-06-21 17:27:35,018 [ERROR] LogOutputStream:75 - [STDERR_REDIRECT] 
2026-06-21 17:27:36,016 [ERROR] LogOutputStream:75 - [STDERR_REDIRECT] [Fatal Error] :1:1: Premature end of file.
2026-06-21 17:27:36,017 [ERROR] LogOutputStream:75 - [STDERR_REDIRECT] 
2026-06-21 17:27:37,017 [ERROR] LogOutputStream:75 - [STDERR_REDIRECT] [Fatal Error] :1:1: Premature end of file.
2026-06-21 17:27:37,017 [ERROR] LogOutputStream:75 - [STDERR_REDIRECT] 
2026-06-21 17:27:38,017 [ERROR] LogOutputStream:75 - [STDERR_REDIRECT] [Fatal Error] :1:1: Premature end of file.
2026-06-21 17:27:38,017 [ERROR] LogOutputStream:75 - [STDERR_REDIRECT] 
2026-06-21 17:27:39,016 [ERROR] LogOutputStream:75 - [STDERR_REDIRECT] [Fatal Error] :1:1: Premature end of file.
2026-06-21 17:27:39,017 [ERROR] LogOutputStream:75 - [STDERR_REDIRECT] 
2026-06-21 17:27:40,017 [ERROR] LogOutputStream:75 - [STDERR_REDIRECT] [Fatal Error] :1:1: Premature end of file.
2026-06-21 17:27:40,017 [ERROR] LogOutputStream:75 - [STDERR_REDIRECT] 
2026-06-21 17:27:41,018 [ERROR] LogOutputStream:75 - [STDERR_REDIRECT] [Fatal Error] :1:1: Premature end of file.
2026-06-21 17:27:41,018 [ERROR] LogOutputStream:75 - [STDERR_REDIRECT] 
2026-06-21 17:27:42,017 [ERROR] LogOutputStream:75 - [STDERR_REDIRECT] [Fatal Error] :1:1: Premature end of file.
2026-06-21 17:27:42,017 [ERROR] LogOutputStream:75 - [STDERR_REDIRECT] 
2026-06-21 17:27:43,016 [ERROR] LogOutputStream:75 - [STDERR_REDIRECT] [Fatal Error] :1:1: Premature end of file.
2026-06-21 17:27:43,016 [ERROR] LogOutputStream:75 - [STDERR_REDIRECT] 
2026-06-21 17:27:44,017 [ERROR] LogOutputStream:75 - [STDERR_REDIRECT] [Fatal Error] :1:1: Premature end of file.
2026-06-21 17:27:44,018 [ERROR] LogOutputStream:75 - [STDERR_REDIRECT] 
2026-06-21 17:27:45,018 [ERROR] LogOutputStream:75 - [STDERR_REDIRECT] [Fatal Error] :1:1: Premature end of file.
2026-06-21 17:27:45,018 [ERROR] LogOutputStream:75 - [STDERR_REDIRECT] 
2026-06-21 17:27:46,016 [ERROR] LogOutputStream:75 - [STDERR_REDIRECT] [Fatal Error] :1:1: Premature end of file.
2026-06-21 17:27:46,016 [ERROR] LogOutputStream:75 - [STDERR_REDIRECT] 
2026-06-21 17:27:47,017 [ERROR] LogOutputStream:75 - [STDERR_REDIRECT] [Fatal Error] :1:1: Premature end of file.
2026-06-21 17:27:47,017 [ERROR] LogOutputStream:75 - [STDERR_REDIRECT] 
2026-06-21 17:27:48,016 [ERROR] LogOutputStream:75 - [STDERR_REDIRECT] [Fatal Error] :1:1: Premature end of file.
2026-06-21 17:27:48,016 [ERROR] LogOutputStream:75 - [STDERR_REDIRECT] 
2026-06-21 17:27:49,017 [ERROR] LogOutputStream:75 - [STDERR_REDIRECT] [Fatal Error] :1:1: Premature end of file.
2026-06-21 17:27:49,017 [ERROR] LogOutputStream:75 - [STDERR_REDIRECT] 
2026-06-21 17:27:50,020 [ERROR] LogOutputStream:75 - [STDERR_REDIRECT] [Fatal Error] :1:1: Premature end of file.
2026-06-21 17:27:50,020 [ERROR] LogOutputStream:75 - [STDERR_REDIRECT] 
2026-06-21 17:27:51,017 [ERROR] LogOutputStream:75 - [STDERR_REDIRECT] [Fatal Error] :1:1: Premature end of file.
2026-06-21 17:27:51,017 [ERROR] LogOutputStream:75 - [STDERR_REDIRECT] 
2026-06-21 17:27:52,017 [ERROR] LogOutputStream:75 - [STDERR_REDIRECT] [Fatal Error] :1:1: Premature end of file.
2026-06-21 17:27:52,017 [ERROR] LogOutputStream:75 - [STDERR_REDIRECT] 
2026-06-21 17:27:53,018 [ERROR] LogOutputStream:75 - [STDERR_REDIRECT] [Fatal Error] :1:1: Premature end of file.
2026-06-21 17:27:53,018 [ERROR] LogOutputStream:75 - [STDERR_REDIRECT] 
2026-06-21 17:27:54,017 [ERROR] LogOutputStream:75 - [STDERR_REDIRECT] [Fatal Error] :1:1: Premature end of file.
2026-06-21 17:27:54,017 [ERROR] LogOutputStream:75 - [STDERR_REDIRECT] 
2026-06-21 17:27:55,018 [ERROR] LogOutputStream:75 - [STDERR_REDIRECT] [Fatal Error] :1:1: Premature end of file.
2026-06-21 17:27:55,018 [ERROR] LogOutputStream:75 - [STDERR_REDIRECT] 
2026-06-21 17:27:56,017 [ERROR] LogOutputStream:75 - [STDERR_REDIRECT] [Fatal Error] :1:1: Premature end of file.
2026-06-21 17:27:56,017 [ERROR] LogOutputStream:75 - [STDERR_REDIRECT] 
2026-06-21 17:27:57,016 [ERROR] LogOutputStream:75 - [STDERR_REDIRECT] [Fatal Error] :1:1: Premature end of file.
2026-06-21 17:27:57,016 [ERROR] LogOutputStream:75 - [STDERR_REDIRECT] 
2026-06-21 17:27:58,017 [ERROR] LogOutputStream:75 - [STDERR_REDIRECT] [Fatal Error] :1:1: Premature end of file.
2026-06-21 17:27:58,017 [ERROR] LogOutputStream:75 - [STDERR_REDIRECT] 
2026-06-21 17:27:59,018 [ERROR] LogOutputStream:75 - [STDERR_REDIRECT] [Fatal Error] :1:1: Premature end of file.
2026-06-21 17:27:59,018 [ERROR] LogOutputStream:75 - [STDERR_REDIRECT] 
2026-06-21 17:28:00,017 [ERROR] LogOutputStream:75 - [STDERR_REDIRECT] [Fatal Error] :1:1: Premature end of file.
2026-06-21 17:28:00,017 [ERROR] LogOutputStream:75 - [STDERR_REDIRECT] 
2026-06-21 17:28:01,019 [ERROR] LogOutputStream:75 - [STDERR_REDIRECT] [Fatal Error] :1:1: Premature end of file.
2026-06-21 17:28:01,019 [ERROR] LogOutputStream:75 - [STDERR_REDIRECT] 
2026-06-21 17:28:02,016 [ERROR] LogOutputStream:75 - [STDERR_REDIRECT] [Fatal Error] :1:1: Premature end of file.
2026-06-21 17:28:02,016 [ERROR] LogOutputStream:75 - [STDERR_REDIRECT] 
2026-06-21 17:28:03,016 [ERROR] LogOutputStream:75 - [STDERR_REDIRECT] [Fatal Error] :1:1: Premature end of file.
2026-06-21 17:28:03,017 [ERROR] LogOutputStream:75 - [STDERR_REDIRECT] 
2026-06-21 17:28:04,018 [ERROR] LogOutputStream:75 - [STDERR_REDIRECT] [Fatal Error] :1:1: Premature end of file.
2026-06-21 17:28:04,018 [ERROR] LogOutputStream:75 - [STDERR_REDIRECT] 
2026-06-21 17:28:05,017 [ERROR] LogOutputStream:75 - [STDERR_REDIRECT] [Fatal Error] :1:1: Premature end of file.
2026-06-21 17:28:05,017 [ERROR] LogOutputStream:75 - [STDERR_REDIRECT] 
2026-06-21 17:28:06,017 [ERROR] LogOutputStream:75 - [STDERR_REDIRECT] [Fatal Error] :1:1: Premature end of file.
2026-06-21 17:28:06,017 [ERROR] LogOutputStream:75 - [STDERR_REDIRECT] 
2026-06-21 17:28:07,017 [ERROR] LogOutputStream:75 - [STDERR_REDIRECT] [Fatal Error] :1:1: Premature end of file.
2026-06-21 17:28:07,017 [ERROR] LogOutputStream:75 - [STDERR_REDIRECT] 
2026-06-21 17:28:08,017 [ERROR] LogOutputStream:75 - [STDERR_REDIRECT] [Fatal Error] :1:1: Premature end of file.
2026-06-21 17:28:08,017 [ERROR] LogOutputStream:75 - [STDERR_REDIRECT] 
2026-06-21 17:28:09,016 [ERROR] LogOutputStream:75 - [STDERR_REDIRECT] [Fatal Error] :1:1: Premature end of file.
2026-06-21 17:28:09,016 [ERROR] LogOutputStream:75 - [STDERR_REDIRECT] 
2026-06-21 17:28:10,016 [ERROR] LogOutputStream:75 - [STDERR_REDIRECT] [Fatal Error] :1:1: Premature end of file.
2026-06-21 17:28:10,017 [ERROR] LogOutputStream:75 - [STDERR_REDIRECT] 
2026-06-21 17:28:11,017 [ERROR] LogOutputStream:75 - [STDERR_REDIRECT] [Fatal Error] :1:1: Premature end of file.
2026-06-21 17:28:11,017 [ERROR] LogOutputStream:75 - [STDERR_REDIRECT] 
2026-06-21 17:28:12,017 [ERROR] LogOutputStream:75 - [STDERR_REDIRECT] [Fatal Error] :1:1: Premature end of file.
2026-06-21 17:28:12,017 [ERROR] LogOutputStream:75 - [STDERR_REDIRECT] 
2026-06-21 17:28:13,016 [ERROR] LogOutputStream:75 - [STDERR_REDIRECT] [Fatal Error] :1:1: Premature end of file.
2026-06-21 17:28:13,016 [ERROR] LogOutputStream:75 - [STDERR_REDIRECT] 
2026-06-21 17:28:14,017 [ERROR] LogOutputStream:75 - [STDERR_REDIRECT] [Fatal Error] :1:1: Premature end of file.
2026-06-21 17:28:14,017 [ERROR] LogOutputStream:75 - [STDERR_REDIRECT] 
2026-06-21 17:28:15,016 [ERROR] LogOutputStream:75 - [STDERR_REDIRECT] [Fatal Error] :1:1: Premature end of file.
2026-06-21 17:28:15,017 [ERROR] LogOutputStream:75 - [STDERR_REDIRECT] 
2026-06-21 17:28:16,015 [ERROR] LogOutputStream:75 - [STDERR_REDIRECT] [Fatal Error] :1:1: Premature end of file.
2026-06-21 17:28:16,016 [ERROR] LogOutputStream:75 - [STDERR_REDIRECT] 
2026-06-21 17:28:17,015 [ERROR] LogOutputStream:75 - [STDERR_REDIRECT] [Fatal Error] :1:1: Premature end of file.
2026-06-21 17:28:17,015 [ERROR] LogOutputStream:75 - [STDERR_REDIRECT] 
2026-06-21 17:28:18,017 [ERROR] LogOutputStream:75 - [STDERR_REDIRECT] [Fatal Error] :1:1: Premature end of file.
2026-06-21 17:28:18,018 [ERROR] LogOutputStream:75 - [STDERR_REDIRECT] 
2026-06-21 17:28:19,016 [ERROR] LogOutputStream:75 - [STDERR_REDIRECT] [Fatal Error] :1:1: Premature end of file.
2026-06-21 17:28:19,016 [ERROR] LogOutputStream:75 - [STDERR_REDIRECT] 
2026-06-21 17:28:20,017 [ERROR] LogOutputStream:75 - [STDERR_REDIRECT] [Fatal Error] :1:1: Premature end of file.
2026-06-21 17:28:20,017 [ERROR] LogOutputStream:75 - [STDERR_REDIRECT] 
2026-06-21 17:28:21,017 [ERROR] LogOutputStream:75 - [STDERR_REDIRECT] [Fatal Error] :1:1: Premature end of file.
2026-06-21 17:28:21,017 [ERROR] LogOutputStream:75 - [STDERR_REDIRECT] 
2026-06-21 17:28:22,017 [ERROR] LogOutputStream:75 - [STDERR_REDIRECT] [Fatal Error] :1:1: Premature end of file.
2026-06-21 17:28:22,017 [ERROR] LogOutputStream:75 - [STDERR_REDIRECT] 
2026-06-21 17:28:23,017 [ERROR] LogOutputStream:75 - [STDERR_REDIRECT] [Fatal Error] :1:1: Premature end of file.
2026-06-21 17:28:23,017 [ERROR] LogOutputStream:75 - [STDERR_REDIRECT] 
2026-06-21 17:28:24,017 [ERROR] LogOutputStream:75 - [STDERR_REDIRECT] [Fatal Error] :1:1: Premature end of file.
2026-06-21 17:28:24,017 [ERROR] LogOutputStream:75 - [STDERR_REDIRECT] 
2026-06-21 17:28:25,017 [ERROR] LogOutputStream:75 - [STDERR_REDIRECT] [Fatal Error] :1:1: Premature end of file.
2026-06-21 17:28:25,017 [ERROR] LogOutputStream:75 - [STDERR_REDIRECT] 
2026-06-21 17:28:26,016 [ERROR] LogOutputStream:75 - [STDERR_REDIRECT] [Fatal Error] :1:1: Premature end of file.
2026-06-21 17:28:26,016 [ERROR] LogOutputStream:75 - [STDERR_REDIRECT] 
2026-06-21 17:28:27,019 [ERROR] LogOutputStream:75 - [STDERR_REDIRECT] [Fatal Error] :1:1: Premature end of file.
2026-06-21 17:28:27,019 [ERROR] LogOutputStream:75 - [STDERR_REDIRECT] 
2026-06-21 17:28:28,017 [ERROR] LogOutputStream:75 - [STDERR_REDIRECT] [Fatal Error] :1:1: Premature end of file.
2026-06-21 17:28:28,017 [ERROR] LogOutputStream:75 - [STDERR_REDIRECT] 
2026-06-21 17:28:29,018 [ERROR] LogOutputStream:75 - [STDERR_REDIRECT] [Fatal Error] :1:1: Premature end of file.
2026-06-21 17:28:29,018 [ERROR] LogOutputStream:75 - [STDERR_REDIRECT] 
2026-06-21 17:28:30,017 [ERROR] LogOutputStream:75 - [STDERR_REDIRECT] [Fatal Error] :1:1: Premature end of file.
2026-06-21 17:28:30,017 [ERROR] LogOutputStream:75 - [STDERR_REDIRECT] 
2026-06-21 17:28:31,018 [ERROR] LogOutputStream:75 - [STDERR_REDIRECT] [Fatal Error] :1:1: Premature end of file.
2026-06-21 17:28:31,018 [ERROR] LogOutputStream:75 - [STDERR_REDIRECT] 
2026-06-21 17:28:32,017 [ERROR] LogOutputStream:75 - [STDERR_REDIRECT] [Fatal Error] :1:1: Premature end of file.
2026-06-21 17:28:32,018 [ERROR] LogOutputStream:75 - [STDERR_REDIRECT] 
2026-06-21 17:28:33,018 [ERROR] LogOutputStream:75 - [STDERR_REDIRECT] [Fatal Error] :1:1: Premature end of file.
2026-06-21 17:28:33,018 [ERROR] LogOutputStream:75 - [STDERR_REDIRECT] 
2026-06-21 17:28:34,017 [ERROR] LogOutputStream:75 - [STDERR_REDIRECT] [Fatal Error] :1:1: Premature end of file.
2026-06-21 17:28:34,017 [ERROR] LogOutputStream:75 - [STDERR_REDIRECT] 
2026-06-21 17:28:35,018 [ERROR] LogOutputStream:75 - [STDERR_REDIRECT] [Fatal Error] :1:1: Premature end of file.
2026-06-21 17:28:35,019 [ERROR] LogOutputStream:75 - [STDERR_REDIRECT] 
2026-06-21 17:28:36,018 [ERROR] LogOutputStream:75 - [STDERR_REDIRECT] [Fatal Error] :1:1: Premature end of file.
2026-06-21 17:28:36,018 [ERROR] LogOutputStream:75 - [STDERR_REDIRECT] 
2026-06-21 17:28:37,017 [ERROR] LogOutputStream:75 - [STDERR_REDIRECT] [Fatal Error] :1:1: Premature end of file.
2026-06-21 17:28:37,017 [ERROR] LogOutputStream:75 - [STDERR_REDIRECT] 
2026-06-21 17:28:38,017 [ERROR] LogOutputStream:75 - [STDERR_REDIRECT] [Fatal Error] :1:1: Premature end of file.
2026-06-21 17:28:38,018 [ERROR] LogOutputStream:75 - [STDERR_REDIRECT] 
2026-06-21 17:28:39,017 [ERROR] LogOutputStream:75 - [STDERR_REDIRECT] [Fatal Error] :1:1: Premature end of file.
2026-06-21 17:28:39,017 [ERROR] LogOutputStream:75 - [STDERR_REDIRECT] 
2026-06-21 17:28:40,018 [ERROR] LogOutputStream:75 - [STDERR_REDIRECT] [Fatal Error] :1:1: Premature end of file.
2026-06-21 17:28:40,018 [ERROR] LogOutputStream:75 - [STDERR_REDIRECT] 
2026-06-21 17:28:41,018 [ERROR] LogOutputStream:75 - [STDERR_REDIRECT] [Fatal Error] :1:1: Premature end of file.
2026-06-21 17:28:41,018 [ERROR] LogOutputStream:75 - [STDERR_REDIRECT] 
2026-06-21 17:28:42,017 [ERROR] LogOutputStream:75 - [STDERR_REDIRECT] [Fatal Error] :1:1: Premature end of file.
2026-06-21 17:28:42,017 [ERROR] LogOutputStream:75 - [STDERR_REDIRECT] 
2026-06-21 17:28:43,017 [ERROR] LogOutputStream:75 - [STDERR_REDIRECT] [Fatal Error] :1:1: Premature end of file.
2026-06-21 17:28:43,017 [ERROR] LogOutputStream:75 - [STDERR_REDIRECT] 
2026-06-21 17:28:44,018 [ERROR] LogOutputStream:75 - [STDERR_REDIRECT] [Fatal Error] :1:1: Premature end of file.
2026-06-21 17:28:44,018 [ERROR] LogOutputStream:75 - [STDERR_REDIRECT] 
2026-06-21 17:28:45,018 [ERROR] LogOutputStream:75 - [STDERR_REDIRECT] [Fatal Error] :1:1: Premature end of file.
2026-06-21 17:28:45,018 [ERROR] LogOutputStream:75 - [STDERR_REDIRECT] 
2026-06-21 17:28:46,017 [ERROR] LogOutputStream:75 - [STDERR_REDIRECT] [Fatal Error] :1:1: Premature end of file.
2026-06-21 17:28:46,017 [ERROR] LogOutputStream:75 - [STDERR_REDIRECT] 
2026-06-21 17:28:47,017 [ERROR] LogOutputStream:75 - [STDERR_REDIRECT] [Fatal Error] :1:1: Premature end of file.
2026-06-21 17:28:47,017 [ERROR] LogOutputStream:75 - [STDERR_REDIRECT] 
2026-06-21 17:28:48,017 [ERROR] LogOutputStream:75 - [STDERR_REDIRECT] [Fatal Error] :1:1: Premature end of file.
2026-06-21 17:28:48,018 [ERROR] LogOutputStream:75 - [STDERR_REDIRECT] 
2026-06-21 17:28:49,017 [ERROR] LogOutputStream:75 - [STDERR_REDIRECT] [Fatal Error] :1:1: Premature end of file.
2026-06-21 17:28:49,017 [ERROR] LogOutputStream:75 - [STDERR_REDIRECT] 
2026-06-21 17:28:50,018 [ERROR] LogOutputStream:75 - [STDERR_REDIRECT] [Fatal Error] :1:1: Premature end of file.
2026-06-21 17:28:50,018 [ERROR] LogOutputStream:75 - [STDERR_REDIRECT] 
2026-06-21 17:28:51,017 [ERROR] LogOutputStream:75 - [STDERR_REDIRECT] [Fatal Error] :1:1: Premature end of file.
2026-06-21 17:28:51,017 [ERROR] LogOutputStream:75 - [STDERR_REDIRECT] 
2026-06-21 17:28:52,017 [ERROR] LogOutputStream:75 - [STDERR_REDIRECT] [Fatal Error] :1:1: Premature end of file.
2026-06-21 17:28:52,017 [ERROR] LogOutputStream:75 - [STDERR_REDIRECT] 
2026-06-21 17:28:53,017 [ERROR] LogOutputStream:75 - [STDERR_REDIRECT] [Fatal Error] :1:1: Premature end of file.
2026-06-21 17:28:53,017 [ERROR] LogOutputStream:75 - [STDERR_REDIRECT] 
2026-06-21 17:28:54,017 [ERROR] LogOutputStream:75 - [STDERR_REDIRECT] [Fatal Error] :1:1: Premature end of file.
2026-06-21 17:28:54,017 [ERROR] LogOutputStream:75 - [STDERR_REDIRECT] 
2026-06-21 17:28:55,017 [ERROR] LogOutputStream:75 - [STDERR_REDIRECT] [Fatal Error] :1:1: Premature end of file.
2026-06-21 17:28:55,017 [ERROR] LogOutputStream:75 - [STDERR_REDIRECT] 
2026-06-21 17:28:56,016 [ERROR] LogOutputStream:75 - [STDERR_REDIRECT] [Fatal Error] :1:1: Premature end of file.
2026-06-21 17:28:56,016 [ERROR] LogOutputStream:75 - [STDERR_REDIRECT] 
2026-06-21 17:28:57,017 [ERROR] LogOutputStream:75 - [STDERR_REDIRECT] [Fatal Error] :1:1: Premature end of file.
2026-06-21 17:28:57,017 [ERROR] LogOutputStream:75 - [STDERR_REDIRECT] 
2026-06-21 17:28:58,016 [ERROR] LogOutputStream:75 - [STDERR_REDIRECT] [Fatal Error] :1:1: Premature end of file.
2026-06-21 17:28:58,016 [ERROR] LogOutputStream:75 - [STDERR_REDIRECT] 
2026-06-21 17:28:59,018 [ERROR] LogOutputStream:75 - [STDERR_REDIRECT] [Fatal Error] :1:1: Premature end of file.
2026-06-21 17:28:59,018 [ERROR] LogOutputStream:75 - [STDERR_REDIRECT] 
2026-06-21 17:29:00,018 [ERROR] LogOutputStream:75 - [STDERR_REDIRECT] [Fatal Error] :1:1: Premature end of file.
2026-06-21 17:29:00,018 [ERROR] LogOutputStream:75 - [STDERR_REDIRECT] 
2026-06-21 17:29:01,017 [ERROR] LogOutputStream:75 - [STDERR_REDIRECT] [Fatal Error] :1:1: Premature end of file.
2026-06-21 17:29:01,017 [ERROR] LogOutputStream:75 - [STDERR_REDIRECT] 
2026-06-21 17:29:02,017 [ERROR] LogOutputStream:75 - [STDERR_REDIRECT] [Fatal Error] :1:1: Premature end of file.
2026-06-21 17:29:02,017 [ERROR] LogOutputStream:75 - [STDERR_REDIRECT] 
2026-06-21 17:29:03,016 [ERROR] LogOutputStream:75 - [STDERR_REDIRECT] [Fatal Error] :1:1: Premature end of file.
2026-06-21 17:29:03,017 [ERROR] LogOutputStream:75 - [STDERR_REDIRECT] 
2026-06-21 17:29:04,018 [ERROR] LogOutputStream:75 - [STDERR_REDIRECT] [Fatal Error] :1:1: Premature end of file.
2026-06-21 17:29:04,018 [ERROR] LogOutputStream:75 - [STDERR_REDIRECT] 
2026-06-21 17:29:05,016 [ERROR] LogOutputStream:75 - [STDERR_REDIRECT] [Fatal Error] :1:1: Premature end of file.
2026-06-21 17:29:05,016 [ERROR] LogOutputStream:75 - [STDERR_REDIRECT] 
2026-06-21 17:29:06,017 [ERROR] LogOutputStream:75 - [STDERR_REDIRECT] [Fatal Error] :1:1: Premature end of file.
2026-06-21 17:29:06,017 [ERROR] LogOutputStream:75 - [STDERR_REDIRECT] 
2026-06-21 17:29:07,017 [ERROR] LogOutputStream:75 - [STDERR_REDIRECT] [Fatal Error] :1:1: Premature end of file.
2026-06-21 17:29:07,017 [ERROR] LogOutputStream:75 - [STDERR_REDIRECT] 
2026-06-21 17:29:08,017 [ERROR] LogOutputStream:75 - [STDERR_REDIRECT] [Fatal Error] :1:1: Premature end of file.
2026-06-21 17:29:08,017 [ERROR] LogOutputStream:75 - [STDERR_REDIRECT] 
2026-06-21 17:29:09,017 [ERROR] LogOutputStream:75 - [STDERR_REDIRECT] [Fatal Error] :1:1: Premature end of file.
2026-06-21 17:29:09,017 [ERROR] LogOutputStream:75 - [STDERR_REDIRECT] 
2026-06-21 17:29:10,017 [ERROR] LogOutputStream:75 - [STDERR_REDIRECT] [Fatal Error] :1:1: Premature end of file.
2026-06-21 17:29:10,017 [ERROR] LogOutputStream:75 - [STDERR_REDIRECT] 
2026-06-21 17:29:11,018 [ERROR] LogOutputStream:75 - [STDERR_REDIRECT] [Fatal Error] :1:1: Premature end of file.
2026-06-21 17:29:11,018 [ERROR] LogOutputStream:75 - [STDERR_REDIRECT] 
2026-06-21 17:29:12,016 [ERROR] LogOutputStream:75 - [STDERR_REDIRECT] [Fatal Error] :1:1: Premature end of file.
2026-06-21 17:29:12,016 [ERROR] LogOutputStream:75 - [STDERR_REDIRECT] 
2026-06-21 17:29:13,018 [ERROR] LogOutputStream:75 - [STDERR_REDIRECT] [Fatal Error] :1:1: Premature end of file.
2026-06-21 17:29:13,018 [ERROR] LogOutputStream:75 - [STDERR_REDIRECT] 
2026-06-21 17:29:14,017 [ERROR] LogOutputStream:75 - [STDERR_REDIRECT] [Fatal Error] :1:1: Premature end of file.
2026-06-21 17:29:14,017 [ERROR] LogOutputStream:75 - [STDERR_REDIRECT] 
2026-06-21 17:29:15,017 [ERROR] LogOutputStream:75 - [STDERR_REDIRECT] [Fatal Error] :1:1: Premature end of file.
2026-06-21 17:29:15,017 [ERROR] LogOutputStream:75 - [STDERR_REDIRECT] 
2026-06-21 17:29:16,018 [ERROR] LogOutputStream:75 - [STDERR_REDIRECT] [Fatal Error] :1:1: Premature end of file.
2026-06-21 17:29:16,018 [ERROR] LogOutputStream:75 - [STDERR_REDIRECT] 
2026-06-21 17:29:17,017 [ERROR] LogOutputStream:75 - [STDERR_REDIRECT] [Fatal Error] :1:1: Premature end of file.
2026-06-21 17:29:17,017 [ERROR] LogOutputStream:75 - [STDERR_REDIRECT] 
2026-06-21 17:29:18,016 [ERROR] LogOutputStream:75 - [STDERR_REDIRECT] [Fatal Error] :1:1: Premature end of file.
2026-06-21 17:29:18,016 [ERROR] LogOutputStream:75 - [STDERR_REDIRECT] 
2026-06-21 17:29:19,018 [ERROR] LogOutputStream:75 - [STDERR_REDIRECT] [Fatal Error] :1:1: Premature end of file.
2026-06-21 17:29:19,018 [ERROR] LogOutputStream:75 - [STDERR_REDIRECT] 
2026-06-21 17:29:20,016 [ERROR] LogOutputStream:75 - [STDERR_REDIRECT] [Fatal Error] :1:1: Premature end of file.
2026-06-21 17:29:20,016 [ERROR] LogOutputStream:75 - [STDERR_REDIRECT] 
2026-06-21 17:29:21,019 [ERROR] LogOutputStream:75 - [STDERR_REDIRECT] [Fatal Error] :1:1: Premature end of file.
2026-06-21 17:29:21,019 [ERROR] LogOutputStream:75 - [STDERR_REDIRECT] 
2026-06-21 17:29:22,017 [ERROR] LogOutputStream:75 - [STDERR_REDIRECT] [Fatal Error] :1:1: Premature end of file.
2026-06-21 17:29:22,017 [ERROR] LogOutputStream:75 - [STDERR_REDIRECT] 
2026-06-21 17:29:23,018 [ERROR] LogOutputStream:75 - [STDERR_REDIRECT] [Fatal Error] :1:1: Premature end of file.
2026-06-21 17:29:23,018 [ERROR] LogOutputStream:75 - [STDERR_REDIRECT] 
2026-06-21 17:29:24,017 [ERROR] LogOutputStream:75 - [STDERR_REDIRECT] [Fatal Error] :1:1: Premature end of file.
2026-06-21 17:29:24,017 [ERROR] LogOutputStream:75 - [STDERR_REDIRECT] 
2026-06-21 17:29:25,017 [ERROR] LogOutputStream:75 - [STDERR_REDIRECT] [Fatal Error] :1:1: Premature end of file.
2026-06-21 17:29:25,017 [ERROR] LogOutputStream:75 - [STDERR_REDIRECT] 
2026-06-21 17:29:26,018 [ERROR] LogOutputStream:75 - [STDERR_REDIRECT] [Fatal Error] :1:1: Premature end of file.
2026-06-21 17:29:26,018 [ERROR] LogOutputStream:75 - [STDERR_REDIRECT] 
2026-06-21 17:29:27,016 [ERROR] LogOutputStream:75 - [STDERR_REDIRECT] [Fatal Error] :1:1: Premature end of file.
2026-06-21 17:29:27,017 [ERROR] LogOutputStream:75 - [STDERR_REDIRECT] 
2026-06-21 17:29:28,017 [ERROR] LogOutputStream:75 - [STDERR_REDIRECT] [Fatal Error] :1:1: Premature end of file.
2026-06-21 17:29:28,017 [ERROR] LogOutputStream:75 - [STDERR_REDIRECT] 
2026-06-21 17:29:29,016 [ERROR] LogOutputStream:75 - [STDERR_REDIRECT] [Fatal Error] :1:1: Premature end of file.
2026-06-21 17:29:29,016 [ERROR] LogOutputStream:75 - [STDERR_REDIRECT] 
2026-06-21 17:29:30,018 [ERROR] LogOutputStream:75 - [STDERR_REDIRECT] [Fatal Error] :1:1: Premature end of file.
2026-06-21 17:29:30,018 [ERROR] LogOutputStream:75 - [STDERR_REDIRECT] 
2026-06-21 17:29:31,016 [ERROR] LogOutputStream:75 - [STDERR_REDIRECT] [Fatal Error] :1:1: Premature end of file.
2026-06-21 17:29:31,016 [ERROR] LogOutputStream:75 - [STDERR_REDIRECT] 
2026-06-21 17:29:32,016 [ERROR] LogOutputStream:75 - [STDERR_REDIRECT] [Fatal Error] :1:1: Premature end of file.
2026-06-21 17:29:32,016 [ERROR] LogOutputStream:75 - [STDERR_REDIRECT] 
2026-06-21 17:29:33,018 [ERROR] LogOutputStream:75 - [STDERR_REDIRECT] [Fatal Error] :1:1: Premature end of file.
2026-06-21 17:29:33,018 [ERROR] LogOutputStream:75 - [STDERR_REDIRECT] 
2026-06-21 17:29:34,016 [ERROR] LogOutputStream:75 - [STDERR_REDIRECT] [Fatal Error] :1:1: Premature end of file.
2026-06-21 17:29:34,016 [ERROR] LogOutputStream:75 - [STDERR_REDIRECT] 
2026-06-21 17:29:35,017 [ERROR] LogOutputStream:75 - [STDERR_REDIRECT] [Fatal Error] :1:1: Premature end of file.
2026-06-21 17:29:35,017 [ERROR] LogOutputStream:75 - [STDERR_REDIRECT] 
2026-06-21 17:29:36,017 [ERROR] LogOutputStream:75 - [STDERR_REDIRECT] [Fatal Error] :1:1: Premature end of file.
2026-06-21 17:29:36,017 [ERROR] LogOutputStream:75 - [STDERR_REDIRECT] 
2026-06-21 17:29:37,018 [ERROR] LogOutputStream:75 - [STDERR_REDIRECT] [Fatal Error] :1:1: Premature end of file.
2026-06-21 17:29:37,018 [ERROR] LogOutputStream:75 - [STDERR_REDIRECT] 
2026-06-21 17:29:38,017 [ERROR] LogOutputStream:75 - [STDERR_REDIRECT] [Fatal Error] :1:1: Premature end of file.
2026-06-21 17:29:38,017 [ERROR] LogOutputStream:75 - [STDERR_REDIRECT] 
2026-06-21 17:29:39,016 [ERROR] LogOutputStream:75 - [STDERR_REDIRECT] [Fatal Error] :1:1: Premature end of file.
2026-06-21 17:29:39,017 [ERROR] LogOutputStream:75 - [STDERR_REDIRECT] 
2026-06-21 17:29:40,017 [ERROR] LogOutputStream:75 - [STDERR_REDIRECT] [Fatal Error] :1:1: Premature end of file.
2026-06-21 17:29:40,018 [ERROR] LogOutputStream:75 - [STDERR_REDIRECT] 
2026-06-21 17:29:41,016 [ERROR] LogOutputStream:75 - [STDERR_REDIRECT] [Fatal Error] :1:1: Premature end of file.
2026-06-21 17:29:41,016 [ERROR] LogOutputStream:75 - [STDERR_REDIRECT] 
2026-06-21 17:29:42,017 [ERROR] LogOutputStream:75 - [STDERR_REDIRECT] [Fatal Error] :1:1: Premature end of file.
2026-06-21 17:29:42,017 [ERROR] LogOutputStream:75 - [STDERR_REDIRECT] 
2026-06-21 17:29:43,018 [ERROR] LogOutputStream:75 - [STDERR_REDIRECT] [Fatal Error] :1:1: Premature end of file.
2026-06-21 17:29:43,018 [ERROR] LogOutputStream:75 - [STDERR_REDIRECT] 
2026-06-21 17:29:44,017 [ERROR] LogOutputStream:75 - [STDERR_REDIRECT] [Fatal Error] :1:1: Premature end of file.
2026-06-21 17:29:44,017 [ERROR] LogOutputStream:75 - [STDERR_REDIRECT] 
2026-06-21 17:29:45,018 [ERROR] LogOutputStream:75 - [STDERR_REDIRECT] [Fatal Error] :1:1: Premature end of file.
2026-06-21 17:29:45,018 [ERROR] LogOutputStream:75 - [STDERR_REDIRECT] 
2026-06-21 17:29:46,017 [ERROR] LogOutputStream:75 - [STDERR_REDIRECT] [Fatal Error] :1:1: Premature end of file.
2026-06-21 17:29:46,017 [ERROR] LogOutputStream:75 - [STDERR_REDIRECT] 
2026-06-21 17:29:47,016 [ERROR] LogOutputStream:75 - [STDERR_REDIRECT] [Fatal Error] :1:1: Premature end of file.
2026-06-21 17:29:47,016 [ERROR] LogOutputStream:75 - [STDERR_REDIRECT] 
2026-06-21 17:29:48,017 [ERROR] LogOutputStream:75 - [STDERR_REDIRECT] [Fatal Error] :1:1: Premature end of file.
2026-06-21 17:29:48,018 [ERROR] LogOutputStream:75 - [STDERR_REDIRECT] 
2026-06-21 17:29:49,016 [ERROR] LogOutputStream:75 - [STDERR_REDIRECT] [Fatal Error] :1:1: Premature end of file.
2026-06-21 17:29:49,016 [ERROR] LogOutputStream:75 - [STDERR_REDIRECT] 
2026-06-21 17:29:50,017 [ERROR] LogOutputStream:75 - [STDERR_REDIRECT] [Fatal Error] :1:1: Premature end of file.
2026-06-21 17:29:50,017 [ERROR] LogOutputStream:75 - [STDERR_REDIRECT] 
2026-06-21 17:29:51,016 [ERROR] LogOutputStream:75 - [STDERR_REDIRECT] [Fatal Error] :1:1: Premature end of file.
2026-06-21 17:29:51,017 [ERROR] LogOutputStream:75 - [STDERR_REDIRECT] 
2026-06-21 17:29:52,017 [ERROR] LogOutputStream:75 - [STDERR_REDIRECT] [Fatal Error] :1:1: Premature end of file.
2026-06-21 17:29:52,017 [ERROR] LogOutputStream:75 - [STDERR_REDIRECT] 
2026-06-21 17:29:53,017 [ERROR] LogOutputStream:75 - [STDERR_REDIRECT] [Fatal Error] :1:1: Premature end of file.
2026-06-21 17:29:53,017 [ERROR] LogOutputStream:75 - [STDERR_REDIRECT] 
2026-06-21 17:29:54,018 [ERROR] LogOutputStream:75 - [STDERR_REDIRECT] [Fatal Error] :1:1: Premature end of file.
2026-06-21 17:29:54,018 [ERROR] LogOutputStream:75 - [STDERR_REDIRECT] 
2026-06-21 17:29:55,019 [ERROR] LogOutputStream:75 - [STDERR_REDIRECT] [Fatal Error] :1:1: Premature end of file.
2026-06-21 17:29:55,019 [ERROR] LogOutputStream:75 - [STDERR_REDIRECT] 
2026-06-21 17:29:56,018 [ERROR] LogOutputStream:75 - [STDERR_REDIRECT] [Fatal Error] :1:1: Premature end of file.
2026-06-21 17:29:56,018 [ERROR] LogOutputStream:75 - [STDERR_REDIRECT] 
2026-06-21 17:29:57,017 [ERROR] LogOutputStream:75 - [STDERR_REDIRECT] [Fatal Error] :1:1: Premature end of file.
2026-06-21 17:29:57,017 [ERROR] LogOutputStream:75 - [STDERR_REDIRECT] 
2026-06-21 17:29:58,017 [ERROR] LogOutputStream:75 - [STDERR_REDIRECT] [Fatal Error] :1:1: Premature end of file.
2026-06-21 17:29:58,017 [ERROR] LogOutputStream:75 - [STDERR_REDIRECT] 
2026-06-21 17:29:59,018 [ERROR] LogOutputStream:75 - [STDERR_REDIRECT] [Fatal Error] :1:1: Premature end of file.
2026-06-21 17:29:59,019 [ERROR] LogOutputStream:75 - [STDERR_REDIRECT] 
2026-06-21 17:30:00,017 [ERROR] LogOutputStream:75 - [STDERR_REDIRECT] [Fatal Error] :1:1: Premature end of file.
2026-06-21 17:30:00,017 [ERROR] LogOutputStream:75 - [STDERR_REDIRECT] 
2026-06-21 17:30:01,016 [ERROR] LogOutputStream:75 - [STDERR_REDIRECT] [Fatal Error] :1:1: Premature end of file.
2026-06-21 17:30:01,017 [ERROR] LogOutputStream:75 - [STDERR_REDIRECT] 
2026-06-21 17:30:02,018 [ERROR] LogOutputStream:75 - [STDERR_REDIRECT] [Fatal Error] :1:1: Premature end of file.
2026-06-21 17:30:02,018 [ERROR] LogOutputStream:75 - [STDERR_REDIRECT] 
2026-06-21 17:30:03,017 [ERROR] LogOutputStream:75 - [STDERR_REDIRECT] [Fatal Error] :1:1: Premature end of file.
2026-06-21 17:30:03,017 [ERROR] LogOutputStream:75 - [STDERR_REDIRECT] 
2026-06-21 17:30:04,017 [ERROR] LogOutputStream:75 - [STDERR_REDIRECT] [Fatal Error] :1:1: Premature end of file.
2026-06-21 17:30:04,018 [ERROR] LogOutputStream:75 - [STDERR_REDIRECT] 
2026-06-21 17:30:05,017 [ERROR] LogOutputStream:75 - [STDERR_REDIRECT] [Fatal Error] :1:1: Premature end of file.
2026-06-21 17:30:05,017 [ERROR] LogOutputStream:75 - [STDERR_REDIRECT] 
2026-06-21 17:30:06,018 [ERROR] LogOutputStream:75 - [STDERR_REDIRECT] [Fatal Error] :1:1: Premature end of file.
2026-06-21 17:30:06,018 [ERROR] LogOutputStream:75 - [STDERR_REDIRECT] 
2026-06-21 17:30:07,017 [ERROR] LogOutputStream:75 - [STDERR_REDIRECT] [Fatal Error] :1:1: Premature end of file.
2026-06-21 17:30:07,017 [ERROR] LogOutputStream:75 - [STDERR_REDIRECT] 
2026-06-21 17:30:08,017 [ERROR] LogOutputStream:75 - [STDERR_REDIRECT] [Fatal Error] :1:1: Premature end of file.
2026-06-21 17:30:08,017 [ERROR] LogOutputStream:75 - [STDERR_REDIRECT] 
2026-06-21 17:30:09,018 [ERROR] LogOutputStream:75 - [STDERR_REDIRECT] [Fatal Error] :1:1: Premature end of file.
2026-06-21 17:30:09,018 [ERROR] LogOutputStream:75 - [STDERR_REDIRECT] 
2026-06-21 17:30:10,018 [ERROR] LogOutputStream:75 - [STDERR_REDIRECT] [Fatal Error] :1:1: Premature end of file.
2026-06-21 17:30:10,018 [ERROR] LogOutputStream:75 - [STDERR_REDIRECT] 
2026-06-21 17:30:11,017 [ERROR] LogOutputStream:75 - [STDERR_REDIRECT] [Fatal Error] :1:1: Premature end of file.
2026-06-21 17:30:11,017 [ERROR] LogOutputStream:75 - [STDERR_REDIRECT] 
2026-06-21 17:30:12,017 [ERROR] LogOutputStream:75 - [STDERR_REDIRECT] [Fatal Error] :1:1: Premature end of file.
2026-06-21 17:30:12,018 [ERROR] LogOutputStream:75 - [STDERR_REDIRECT] 
2026-06-21 17:30:13,018 [ERROR] LogOutputStream:75 - [STDERR_REDIRECT] [Fatal Error] :1:1: Premature end of file.
2026-06-21 17:30:13,019 [ERROR] LogOutputStream:75 - [STDERR_REDIRECT] 
2026-06-21 17:30:14,016 [ERROR] LogOutputStream:75 - [STDERR_REDIRECT] [Fatal Error] :1:1: Premature end of file.
2026-06-21 17:30:14,016 [ERROR] LogOutputStream:75 - [STDERR_REDIRECT] 
2026-06-21 17:30:15,018 [ERROR] LogOutputStream:75 - [STDERR_REDIRECT] [Fatal Error] :1:1: Premature end of file.
2026-06-21 17:30:15,018 [ERROR] LogOutputStream:75 - [STDERR_REDIRECT] 
2026-06-21 17:30:16,017 [ERROR] LogOutputStream:75 - [STDERR_REDIRECT] [Fatal Error] :1:1: Premature end of file.
2026-06-21 17:30:16,017 [ERROR] LogOutputStream:75 - [STDERR_REDIRECT] 
2026-06-21 17:30:17,016 [ERROR] LogOutputStream:75 - [STDERR_REDIRECT] [Fatal Error] :1:1: Premature end of file.
2026-06-21 17:30:17,016 [ERROR] LogOutputStream:75 - [STDERR_REDIRECT] 
2026-06-21 17:30:18,019 [ERROR] LogOutputStream:75 - [STDERR_REDIRECT] [Fatal Error] :1:1: Premature end of file.
2026-06-21 17:30:18,019 [ERROR] LogOutputStream:75 - [STDERR_REDIRECT] 
2026-06-21 17:30:19,017 [ERROR] LogOutputStream:75 - [STDERR_REDIRECT] [Fatal Error] :1:1: Premature end of file.
2026-06-21 17:30:19,017 [ERROR] LogOutputStream:75 - [STDERR_REDIRECT] 
2026-06-21 17:30:20,017 [ERROR] LogOutputStream:75 - [STDERR_REDIRECT] [Fatal Error] :1:1: Premature end of file.
2026-06-21 17:30:20,018 [ERROR] LogOutputStream:75 - [STDERR_REDIRECT] 
2026-06-21 17:30:21,018 [ERROR] LogOutputStream:75 - [STDERR_REDIRECT] [Fatal Error] :1:1: Premature end of file.
2026-06-21 17:30:21,018 [ERROR] LogOutputStream:75 - [STDERR_REDIRECT] 
2026-06-21 17:30:22,018 [ERROR] LogOutputStream:75 - [STDERR_REDIRECT] [Fatal Error] :1:1: Premature end of file.
2026-06-21 17:30:22,018 [ERROR] LogOutputStream:75 - [STDERR_REDIRECT] 
2026-06-21 17:30:23,018 [ERROR] LogOutputStream:75 - [STDERR_REDIRECT] [Fatal Error] :1:1: Premature end of file.
2026-06-21 17:30:23,018 [ERROR] LogOutputStream:75 - [STDERR_REDIRECT] 
2026-06-21 17:30:24,018 [ERROR] LogOutputStream:75 - [STDERR_REDIRECT] [Fatal Error] :1:1: Premature end of file.
2026-06-21 17:30:24,018 [ERROR] LogOutputStream:75 - [STDERR_REDIRECT] 
2026-06-21 17:30:25,017 [ERROR] LogOutputStream:75 - [STDERR_REDIRECT] [Fatal Error] :1:1: Premature end of file.
2026-06-21 17:30:25,017 [ERROR] LogOutputStream:75 - [STDERR_REDIRECT] 
2026-06-21 17:30:26,018 [ERROR] LogOutputStream:75 - [STDERR_REDIRECT] [Fatal Error] :1:1: Premature end of file.
2026-06-21 17:30:26,018 [ERROR] LogOutputStream:75 - [STDERR_REDIRECT] 
2026-06-21 17:30:27,017 [ERROR] LogOutputStream:75 - [STDERR_REDIRECT] [Fatal Error] :1:1: Premature end of file.
2026-06-21 17:30:27,017 [ERROR] LogOutputStream:75 - [STDERR_REDIRECT] 
2026-06-21 17:30:28,018 [ERROR] LogOutputStream:75 - [STDERR_REDIRECT] [Fatal Error] :1:1: Premature end of file.
2026-06-21 17:30:28,018 [ERROR] LogOutputStream:75 - [STDERR_REDIRECT] 
2026-06-21 17:30:29,021 [ERROR] LogOutputStream:75 - [STDERR_REDIRECT] [Fatal Error] :1:1: Premature end of file.
2026-06-21 17:30:29,021 [ERROR] LogOutputStream:75 - [STDERR_REDIRECT] 
2026-06-21 17:30:30,029 [ERROR] LogOutputStream:75 - [STDERR_REDIRECT] [Fatal Error] :1:1: Premature end of file.
2026-06-21 17:30:30,030 [ERROR] LogOutputStream:75 - [STDERR_REDIRECT] 
2026-06-21 17:30:31,018 [ERROR] LogOutputStream:75 - [STDERR_REDIRECT] [Fatal Error] :1:1: Premature end of file.
2026-06-21 17:30:31,018 [ERROR] LogOutputStream:75 - [STDERR_REDIRECT] 
2026-06-21 17:30:32,018 [ERROR] LogOutputStream:75 - [STDERR_REDIRECT] [Fatal Error] :1:1: Premature end of file.
2026-06-21 17:30:32,018 [ERROR] LogOutputStream:75 - [STDERR_REDIRECT] 
2026-06-21 17:30:33,017 [ERROR] LogOutputStream:75 - [STDERR_REDIRECT] [Fatal Error] :1:1: Premature end of file.
2026-06-21 17:30:33,017 [ERROR] LogOutputStream:75 - [STDERR_REDIRECT] 
2026-06-21 17:30:34,019 [ERROR] LogOutputStream:75 - [STDERR_REDIRECT] [Fatal Error] :1:1: Premature end of file.
2026-06-21 17:30:34,019 [ERROR] LogOutputStream:75 - [STDERR_REDIRECT] 
2026-06-21 17:30:35,017 [ERROR] LogOutputStream:75 - [STDERR_REDIRECT] [Fatal Error] :1:1: Premature end of file.
2026-06-21 17:30:35,017 [ERROR] LogOutputStream:75 - [STDERR_REDIRECT] 
2026-06-21 17:30:36,019 [ERROR] LogOutputStream:75 - [STDERR_REDIRECT] [Fatal Error] :1:1: Premature end of file.
2026-06-21 17:30:36,019 [ERROR] LogOutputStream:75 - [STDERR_REDIRECT] 
2026-06-21 17:30:37,018 [ERROR] LogOutputStream:75 - [STDERR_REDIRECT] [Fatal Error] :1:1: Premature end of file.
2026-06-21 17:30:37,018 [ERROR] LogOutputStream:75 - [STDERR_REDIRECT] 
2026-06-21 17:30:38,019 [ERROR] LogOutputStream:75 - [STDERR_REDIRECT] [Fatal Error] :1:1: Premature end of file.
2026-06-21 17:30:38,019 [ERROR] LogOutputStream:75 - [STDERR_REDIRECT] 
2026-06-21 17:30:39,017 [ERROR] LogOutputStream:75 - [STDERR_REDIRECT] [Fatal Error] :1:1: Premature end of file.
2026-06-21 17:30:39,018 [ERROR] LogOutputStream:75 - [STDERR_REDIRECT] 
2026-06-21 17:30:40,018 [ERROR] LogOutputStream:75 - [STDERR_REDIRECT] [Fatal Error] :1:1: Premature end of file.
2026-06-21 17:30:40,018 [ERROR] LogOutputStream:75 - [STDERR_REDIRECT] 
2026-06-21 17:30:41,018 [ERROR] LogOutputStream:75 - [STDERR_REDIRECT] [Fatal Error] :1:1: Premature end of file.
2026-06-21 17:30:41,018 [ERROR] LogOutputStream:75 - [STDERR_REDIRECT] 
2026-06-21 17:30:42,020 [ERROR] LogOutputStream:75 - [STDERR_REDIRECT] [Fatal Error] :1:1: Premature end of file.
2026-06-21 17:30:42,020 [ERROR] LogOutputStream:75 - [STDERR_REDIRECT] 
2026-06-21 17:30:43,018 [ERROR] LogOutputStream:75 - [STDERR_REDIRECT] [Fatal Error] :1:1: Premature end of file.
2026-06-21 17:30:43,018 [ERROR] LogOutputStream:75 - [STDERR_REDIRECT] 
2026-06-21 17:30:44,017 [ERROR] LogOutputStream:75 - [STDERR_REDIRECT] [Fatal Error] :1:1: Premature end of file.
2026-06-21 17:30:44,017 [ERROR] LogOutputStream:75 - [STDERR_REDIRECT] 
2026-06-21 17:30:45,017 [ERROR] LogOutputStream:75 - [STDERR_REDIRECT] [Fatal Error] :1:1: Premature end of file.
2026-06-21 17:30:45,017 [ERROR] LogOutputStream:75 - [STDERR_REDIRECT] 
2026-06-21 17:30:46,017 [ERROR] LogOutputStream:75 - [STDERR_REDIRECT] [Fatal Error] :1:1: Premature end of file.
2026-06-21 17:30:46,017 [ERROR] LogOutputStream:75 - [STDERR_REDIRECT] 
2026-06-21 17:30:47,017 [ERROR] LogOutputStream:75 - [STDERR_REDIRECT] [Fatal Error] :1:1: Premature end of file.
2026-06-21 17:30:47,017 [ERROR] LogOutputStream:75 - [STDERR_REDIRECT] 
2026-06-21 17:30:48,016 [ERROR] LogOutputStream:75 - [STDERR_REDIRECT] [Fatal Error] :1:1: Premature end of file.
2026-06-21 17:30:48,016 [ERROR] LogOutputStream:75 - [STDERR_REDIRECT] 
2026-06-21 17:30:49,016 [ERROR] LogOutputStream:75 - [STDERR_REDIRECT] [Fatal Error] :1:1: Premature end of file.
2026-06-21 17:30:49,016 [ERROR] LogOutputStream:75 - [STDERR_REDIRECT] 
2026-06-21 17:30:50,017 [ERROR] LogOutputStream:75 - [STDERR_REDIRECT] [Fatal Error] :1:1: Premature end of file.
2026-06-21 17:30:50,017 [ERROR] LogOutputStream:75 - [STDERR_REDIRECT] 
2026-06-21 17:30:51,017 [ERROR] LogOutputStream:75 - [STDERR_REDIRECT] [Fatal Error] :1:1: Premature end of file.
2026-06-21 17:30:51,017 [ERROR] LogOutputStream:75 - [STDERR_REDIRECT] 
2026-06-21 17:30:52,017 [ERROR] LogOutputStream:75 - [STDERR_REDIRECT] [Fatal Error] :1:1: Premature end of file.
2026-06-21 17:30:52,017 [ERROR] LogOutputStream:75 - [STDERR_REDIRECT] 
2026-06-21 17:30:53,018 [ERROR] LogOutputStream:75 - [STDERR_REDIRECT] [Fatal Error] :1:1: Premature end of file.
2026-06-21 17:30:53,018 [ERROR] LogOutputStream:75 - [STDERR_REDIRECT] 
2026-06-21 17:30:54,017 [ERROR] LogOutputStream:75 - [STDERR_REDIRECT] [Fatal Error] :1:1: Premature end of file.
2026-06-21 17:30:54,017 [ERROR] LogOutputStream:75 - [STDERR_REDIRECT] 
2026-06-21 17:30:55,017 [ERROR] LogOutputStream:75 - [STDERR_REDIRECT] [Fatal Error] :1:1: Premature end of file.
2026-06-21 17:30:55,017 [ERROR] LogOutputStream:75 - [STDERR_REDIRECT] 
2026-06-21 17:30:56,017 [ERROR] LogOutputStream:75 - [STDERR_REDIRECT] [Fatal Error] :1:1: Premature end of file.
2026-06-21 17:30:56,017 [ERROR] LogOutputStream:75 - [STDERR_REDIRECT] 
2026-06-21 17:30:57,017 [ERROR] LogOutputStream:75 - [STDERR_REDIRECT] [Fatal Error] :1:1: Premature end of file.
2026-06-21 17:30:57,017 [ERROR] LogOutputStream:75 - [STDERR_REDIRECT] 
2026-06-21 17:30:58,017 [ERROR] LogOutputStream:75 - [STDERR_REDIRECT] [Fatal Error] :1:1: Premature end of file.
2026-06-21 17:30:58,017 [ERROR] LogOutputStream:75 - [STDERR_REDIRECT] 
2026-06-21 17:30:59,016 [ERROR] LogOutputStream:75 - [STDERR_REDIRECT] [Fatal Error] :1:1: Premature end of file.
2026-06-21 17:30:59,016 [ERROR] LogOutputStream:75 - [STDERR_REDIRECT] 
2026-06-21 17:31:00,017 [ERROR] LogOutputStream:75 - [STDERR_REDIRECT] [Fatal Error] :1:1: Premature end of file.
2026-06-21 17:31:00,017 [ERROR] LogOutputStream:75 - [STDERR_REDIRECT] 
2026-06-21 17:31:01,017 [ERROR] LogOutputStream:75 - [STDERR_REDIRECT] [Fatal Error] :1:1: Premature end of file.
2026-06-21 17:31:01,017 [ERROR] LogOutputStream:75 - [STDERR_REDIRECT] 
2026-06-21 17:31:02,017 [ERROR] LogOutputStream:75 - [STDERR_REDIRECT] [Fatal Error] :1:1: Premature end of file.
2026-06-21 17:31:02,017 [ERROR] LogOutputStream:75 - [STDERR_REDIRECT] 
2026-06-21 17:31:03,017 [ERROR] LogOutputStream:75 - [STDERR_REDIRECT] [Fatal Error] :1:1: Premature end of file.
2026-06-21 17:31:03,018 [ERROR] LogOutputStream:75 - [STDERR_REDIRECT] 
2026-06-21 17:31:04,015 [ERROR] LogOutputStream:75 - [STDERR_REDIRECT] [Fatal Error] :1:1: Premature end of file.
2026-06-21 17:31:04,016 [ERROR] LogOutputStream:75 - [STDERR_REDIRECT] 
2026-06-21 17:31:05,018 [ERROR] LogOutputStream:75 - [STDERR_REDIRECT] [Fatal Error] :1:1: Premature end of file.
2026-06-21 17:31:05,018 [ERROR] LogOutputStream:75 - [STDERR_REDIRECT] 
2026-06-21 17:31:06,018 [ERROR] LogOutputStream:75 - [STDERR_REDIRECT] [Fatal Error] :1:1: Premature end of file.
2026-06-21 17:31:06,018 [ERROR] LogOutputStream:75 - [STDERR_REDIRECT] 
2026-06-21 17:31:07,016 [ERROR] LogOutputStream:75 - [STDERR_REDIRECT] [Fatal Error] :1:1: Premature end of file.
2026-06-21 17:31:07,016 [ERROR] LogOutputStream:75 - [STDERR_REDIRECT] 
2026-06-21 17:31:08,016 [ERROR] LogOutputStream:75 - [STDERR_REDIRECT] [Fatal Error] :1:1: Premature end of file.
2026-06-21 17:31:08,016 [ERROR] LogOutputStream:75 - [STDERR_REDIRECT] 
2026-06-21 17:31:09,018 [ERROR] LogOutputStream:75 - [STDERR_REDIRECT] [Fatal Error] :1:1: Premature end of file.
2026-06-21 17:31:09,018 [ERROR] LogOutputStream:75 - [STDERR_REDIRECT] 
2026-06-21 17:31:10,018 [ERROR] LogOutputStream:75 - [STDERR_REDIRECT] [Fatal Error] :1:1: Premature end of file.
2026-06-21 17:31:10,018 [ERROR] LogOutputStream:75 - [STDERR_REDIRECT] 
2026-06-21 17:31:11,017 [ERROR] LogOutputStream:75 - [STDERR_REDIRECT] [Fatal Error] :1:1: Premature end of file.
2026-06-21 17:31:11,017 [ERROR] LogOutputStream:75 - [STDERR_REDIRECT] 
2026-06-21 17:31:12,018 [ERROR] LogOutputStream:75 - [STDERR_REDIRECT] [Fatal Error] :1:1: Premature end of file.
2026-06-21 17:31:12,018 [ERROR] LogOutputStream:75 - [STDERR_REDIRECT] 
2026-06-21 17:31:13,016 [ERROR] LogOutputStream:75 - [STDERR_REDIRECT] [Fatal Error] :1:1: Premature end of file.
2026-06-21 17:31:13,016 [ERROR] LogOutputStream:75 - [STDERR_REDIRECT] 
2026-06-21 17:31:14,017 [ERROR] LogOutputStream:75 - [STDERR_REDIRECT] [Fatal Error] :1:1: Premature end of file.
2026-06-21 17:31:14,017 [ERROR] LogOutputStream:75 - [STDERR_REDIRECT] 
2026-06-21 17:31:15,017 [ERROR] LogOutputStream:75 - [STDERR_REDIRECT] [Fatal Error] :1:1: Premature end of file.
2026-06-21 17:31:15,018 [ERROR] LogOutputStream:75 - [STDERR_REDIRECT] 
2026-06-21 17:31:16,018 [ERROR] LogOutputStream:75 - [STDERR_REDIRECT] [Fatal Error] :1:1: Premature end of file.
2026-06-21 17:31:16,018 [ERROR] LogOutputStream:75 - [STDERR_REDIRECT] 
2026-06-21 17:31:17,017 [ERROR] LogOutputStream:75 - [STDERR_REDIRECT] [Fatal Error] :1:1: Premature end of file.
2026-06-21 17:31:17,017 [ERROR] LogOutputStream:75 - [STDERR_REDIRECT] 
2026-06-21 17:31:18,017 [ERROR] LogOutputStream:75 - [STDERR_REDIRECT] [Fatal Error] :1:1: Premature end of file.
2026-06-21 17:31:18,017 [ERROR] LogOutputStream:75 - [STDERR_REDIRECT] 
2026-06-21 17:31:19,017 [ERROR] LogOutputStream:75 - [STDERR_REDIRECT] [Fatal Error] :1:1: Premature end of file.
2026-06-21 17:31:19,017 [ERROR] LogOutputStream:75 - [STDERR_REDIRECT] 
2026-06-21 17:31:20,017 [ERROR] LogOutputStream:75 - [STDERR_REDIRECT] [Fatal Error] :1:1: Premature end of file.
2026-06-21 17:31:20,017 [ERROR] LogOutputStream:75 - [STDERR_REDIRECT] 
2026-06-21 17:31:21,017 [ERROR] LogOutputStream:75 - [STDERR_REDIRECT] [Fatal Error] :1:1: Premature end of file.
2026-06-21 17:31:21,017 [ERROR] LogOutputStream:75 - [STDERR_REDIRECT] 
2026-06-21 17:31:22,016 [ERROR] LogOutputStream:75 - [STDERR_REDIRECT] [Fatal Error] :1:1: Premature end of file.
2026-06-21 17:31:22,017 [ERROR] LogOutputStream:75 - [STDERR_REDIRECT] 
2026-06-21 17:31:23,017 [ERROR] LogOutputStream:75 - [STDERR_REDIRECT] [Fatal Error] :1:1: Premature end of file.
2026-06-21 17:31:23,017 [ERROR] LogOutputStream:75 - [STDERR_REDIRECT] 
2026-06-21 17:31:24,016 [ERROR] LogOutputStream:75 - [STDERR_REDIRECT] [Fatal Error] :1:1: Premature end of file.
2026-06-21 17:31:24,018 [ERROR] LogOutputStream:75 - [STDERR_REDIRECT] 
2026-06-21 17:31:25,017 [ERROR] LogOutputStream:75 - [STDERR_REDIRECT] [Fatal Error] :1:1: Premature end of file.
2026-06-21 17:31:25,017 [ERROR] LogOutputStream:75 - [STDERR_REDIRECT] 
2026-06-21 17:31:26,018 [ERROR] LogOutputStream:75 - [STDERR_REDIRECT] [Fatal Error] :1:1: Premature end of file.
2026-06-21 17:31:26,018 [ERROR] LogOutputStream:75 - [STDERR_REDIRECT] 
2026-06-21 17:31:27,017 [ERROR] LogOutputStream:75 - [STDERR_REDIRECT] [Fatal Error] :1:1: Premature end of file.
2026-06-21 17:31:27,017 [ERROR] LogOutputStream:75 - [STDERR_REDIRECT] 
2026-06-21 17:31:28,018 [ERROR] LogOutputStream:75 - [STDERR_REDIRECT] [Fatal Error] :1:1: Premature end of file.
2026-06-21 17:31:28,018 [ERROR] LogOutputStream:75 - [STDERR_REDIRECT] 
2026-06-21 17:31:29,017 [ERROR] LogOutputStream:75 - [STDERR_REDIRECT] [Fatal Error] :1:1: Premature end of file.
2026-06-21 17:31:29,017 [ERROR] LogOutputStream:75 - [STDERR_REDIRECT] 
2026-06-21 17:31:30,030 [ERROR] LogOutputStream:75 - [STDERR_REDIRECT] [Fatal Error] :1:1: Premature end of file.
2026-06-21 17:31:30,030 [ERROR] LogOutputStream:75 - [STDERR_REDIRECT] 
2026-06-21 17:31:31,017 [ERROR] LogOutputStream:75 - [STDERR_REDIRECT] [Fatal Error] :1:1: Premature end of file.
2026-06-21 17:31:31,017 [ERROR] LogOutputStream:75 - [STDERR_REDIRECT] 
2026-06-21 17:31:32,018 [ERROR] LogOutputStream:75 - [STDERR_REDIRECT] [Fatal Error] :1:1: Premature end of file.
2026-06-21 17:31:32,018 [ERROR] LogOutputStream:75 - [STDERR_REDIRECT] 
2026-06-21 17:31:33,017 [ERROR] LogOutputStream:75 - [STDERR_REDIRECT] [Fatal Error] :1:1: Premature end of file.
2026-06-21 17:31:33,017 [ERROR] LogOutputStream:75 - [STDERR_REDIRECT] 
2026-06-21 17:31:34,018 [ERROR] LogOutputStream:75 - [STDERR_REDIRECT] [Fatal Error] :1:1: Premature end of file.
2026-06-21 17:31:34,018 [ERROR] LogOutputStream:75 - [STDERR_REDIRECT] 
2026-06-21 17:31:35,017 [ERROR] LogOutputStream:75 - [STDERR_REDIRECT] [Fatal Error] :1:1: Premature end of file.
2026-06-21 17:31:35,017 [ERROR] LogOutputStream:75 - [STDERR_REDIRECT] 
2026-06-21 17:31:36,016 [ERROR] LogOutputStream:75 - [STDERR_REDIRECT] [Fatal Error] :1:1: Premature end of file.
2026-06-21 17:31:36,016 [ERROR] LogOutputStream:75 - [STDERR_REDIRECT] 
2026-06-21 17:31:37,018 [ERROR] LogOutputStream:75 - [STDERR_REDIRECT] [Fatal Error] :1:1: Premature end of file.
2026-06-21 17:31:37,018 [ERROR] LogOutputStream:75 - [STDERR_REDIRECT] 
2026-06-21 17:31:38,018 [ERROR] LogOutputStream:75 - [STDERR_REDIRECT] [Fatal Error] :1:1: Premature end of file.
2026-06-21 17:31:38,018 [ERROR] LogOutputStream:75 - [STDERR_REDIRECT] 
2026-06-21 17:31:39,017 [ERROR] LogOutputStream:75 - [STDERR_REDIRECT] [Fatal Error] :1:1: Premature end of file.
2026-06-21 17:31:39,017 [ERROR] LogOutputStream:75 - [STDERR_REDIRECT] 
2026-06-21 17:31:40,018 [ERROR] LogOutputStream:75 - [STDERR_REDIRECT] [Fatal Error] :1:1: Premature end of file.
2026-06-21 17:31:40,018 [ERROR] LogOutputStream:75 - [STDERR_REDIRECT] 
2026-06-21 17:31:41,017 [ERROR] LogOutputStream:75 - [STDERR_REDIRECT] [Fatal Error] :1:1: Premature end of file.
2026-06-21 17:31:41,018 [ERROR] LogOutputStream:75 - [STDERR_REDIRECT] 
2026-06-21 17:31:42,017 [ERROR] LogOutputStream:75 - [STDERR_REDIRECT] [Fatal Error] :1:1: Premature end of file.
2026-06-21 17:31:42,017 [ERROR] LogOutputStream:75 - [STDERR_REDIRECT] 
2026-06-21 17:31:43,018 [ERROR] LogOutputStream:75 - [STDERR_REDIRECT] [Fatal Error] :1:1: Premature end of file.
2026-06-21 17:31:43,018 [ERROR] LogOutputStream:75 - [STDERR_REDIRECT] 
2026-06-21 17:31:44,019 [ERROR] LogOutputStream:75 - [STDERR_REDIRECT] [Fatal Error] :1:1: Premature end of file.
2026-06-21 17:31:44,019 [ERROR] LogOutputStream:75 - [STDERR_REDIRECT] 
2026-06-21 17:31:45,017 [ERROR] LogOutputStream:75 - [STDERR_REDIRECT] [Fatal Error] :1:1: Premature end of file.
2026-06-21 17:31:45,017 [ERROR] LogOutputStream:75 - [STDERR_REDIRECT] 
2026-06-21 17:31:46,018 [ERROR] LogOutputStream:75 - [STDERR_REDIRECT] [Fatal Error] :1:1: Premature end of file.
2026-06-21 17:31:46,018 [ERROR] LogOutputStream:75 - [STDERR_REDIRECT] 
2026-06-21 17:31:47,017 [ERROR] LogOutputStream:75 - [STDERR_REDIRECT] [Fatal Error] :1:1: Premature end of file.
2026-06-21 17:31:47,017 [ERROR] LogOutputStream:75 - [STDERR_REDIRECT] 
2026-06-21 17:31:48,018 [ERROR] LogOutputStream:75 - [STDERR_REDIRECT] [Fatal Error] :1:1: Premature end of file.
2026-06-21 17:31:48,018 [ERROR] LogOutputStream:75 - [STDERR_REDIRECT] 
2026-06-21 17:31:49,016 [ERROR] LogOutputStream:75 - [STDERR_REDIRECT] [Fatal Error] :1:1: Premature end of file.
2026-06-21 17:31:49,016 [ERROR] LogOutputStream:75 - [STDERR_REDIRECT] 
2026-06-21 17:31:50,018 [ERROR] LogOutputStream:75 - [STDERR_REDIRECT] [Fatal Error] :1:1: Premature end of file.
2026-06-21 17:31:50,018 [ERROR] LogOutputStream:75 - [STDERR_REDIRECT] 
2026-06-21 17:31:51,016 [ERROR] LogOutputStream:75 - [STDERR_REDIRECT] [Fatal Error] :1:1: Premature end of file.
2026-06-21 17:31:51,016 [ERROR] LogOutputStream:75 - [STDERR_REDIRECT] 
2026-06-21 17:31:52,018 [ERROR] LogOutputStream:75 - [STDERR_REDIRECT] [Fatal Error] :1:1: Premature end of file.
2026-06-21 17:31:52,018 [ERROR] LogOutputStream:75 - [STDERR_REDIRECT] 
2026-06-21 17:31:53,018 [ERROR] LogOutputStream:75 - [STDERR_REDIRECT] [Fatal Error] :1:1: Premature end of file.
2026-06-21 17:31:53,018 [ERROR] LogOutputStream:75 - [STDERR_REDIRECT] 
2026-06-21 17:31:54,017 [ERROR] LogOutputStream:75 - [STDERR_REDIRECT] [Fatal Error] :1:1: Premature end of file.
2026-06-21 17:31:54,017 [ERROR] LogOutputStream:75 - [STDERR_REDIRECT] 
2026-06-21 17:31:55,018 [ERROR] LogOutputStream:75 - [STDERR_REDIRECT] [Fatal Error] :1:1: Premature end of file.
2026-06-21 17:31:55,018 [ERROR] LogOutputStream:75 - [STDERR_REDIRECT] 
2026-06-21 17:31:56,018 [ERROR] LogOutputStream:75 - [STDERR_REDIRECT] [Fatal Error] :1:1: Premature end of file.
2026-06-21 17:31:56,018 [ERROR] LogOutputStream:75 - [STDERR_REDIRECT] 
2026-06-21 17:31:57,016 [ERROR] LogOutputStream:75 - [STDERR_REDIRECT] [Fatal Error] :1:1: Premature end of file.
2026-06-21 17:31:57,016 [ERROR] LogOutputStream:75 - [STDERR_REDIRECT] 
2026-06-21 17:31:58,018 [ERROR] LogOutputStream:75 - [STDERR_REDIRECT] [Fatal Error] :1:1: Premature end of file.
2026-06-21 17:31:58,018 [ERROR] LogOutputStream:75 - [STDERR_REDIRECT] 
2026-06-21 17:31:59,016 [ERROR] LogOutputStream:75 - [STDERR_REDIRECT] [Fatal Error] :1:1: Premature end of file.
2026-06-21 17:31:59,016 [ERROR] LogOutputStream:75 - [STDERR_REDIRECT] 
2026-06-21 17:32:00,018 [ERROR] LogOutputStream:75 - [STDERR_REDIRECT] [Fatal Error] :1:1: Premature end of file.
2026-06-21 17:32:00,018 [ERROR] LogOutputStream:75 - [STDERR_REDIRECT] 
2026-06-21 17:32:01,018 [ERROR] LogOutputStream:75 - [STDERR_REDIRECT] [Fatal Error] :1:1: Premature end of file.
2026-06-21 17:32:01,018 [ERROR] LogOutputStream:75 - [STDERR_REDIRECT] 
2026-06-21 17:32:02,017 [ERROR] LogOutputStream:75 - [STDERR_REDIRECT] [Fatal Error] :1:1: Premature end of file.
2026-06-21 17:32:02,017 [ERROR] LogOutputStream:75 - [STDERR_REDIRECT] 
2026-06-21 17:32:03,016 [ERROR] LogOutputStream:75 - [STDERR_REDIRECT] [Fatal Error] :1:1: Premature end of file.
2026-06-21 17:32:03,016 [ERROR] LogOutputStream:75 - [STDERR_REDIRECT] 
2026-06-21 17:32:04,018 [ERROR] LogOutputStream:75 - [STDERR_REDIRECT] [Fatal Error] :1:1: Premature end of file.
2026-06-21 17:32:04,018 [ERROR] LogOutputStream:75 - [STDERR_REDIRECT] 
2026-06-21 17:32:05,017 [ERROR] LogOutputStream:75 - [STDERR_REDIRECT] [Fatal Error] :1:1: Premature end of file.
2026-06-21 17:32:05,018 [ERROR] LogOutputStream:75 - [STDERR_REDIRECT] 
2026-06-21 17:32:06,017 [ERROR] LogOutputStream:75 - [STDERR_REDIRECT] [Fatal Error] :1:1: Premature end of file.
2026-06-21 17:32:06,017 [ERROR] LogOutputStream:75 - [STDERR_REDIRECT] 
2026-06-21 17:32:07,016 [ERROR] LogOutputStream:75 - [STDERR_REDIRECT] [Fatal Error] :1:1: Premature end of file.
2026-06-21 17:32:07,016 [ERROR] LogOutputStream:75 - [STDERR_REDIRECT] 
2026-06-21 17:32:08,017 [ERROR] LogOutputStream:75 - [STDERR_REDIRECT] [Fatal Error] :1:1: Premature end of file.
2026-06-21 17:32:08,017 [ERROR] LogOutputStream:75 - [STDERR_REDIRECT] 
2026-06-21 17:32:09,018 [ERROR] LogOutputStream:75 - [STDERR_REDIRECT] [Fatal Error] :1:1: Premature end of file.
2026-06-21 17:32:09,018 [ERROR] LogOutputStream:75 - [STDERR_REDIRECT] 
2026-06-21 17:32:10,017 [ERROR] LogOutputStream:75 - [STDERR_REDIRECT] [Fatal Error] :1:1: Premature end of file.
2026-06-21 17:32:10,017 [ERROR] LogOutputStream:75 - [STDERR_REDIRECT] 
2026-06-21 17:32:11,017 [ERROR] LogOutputStream:75 - [STDERR_REDIRECT] [Fatal Error] :1:1: Premature end of file.
2026-06-21 17:32:11,017 [ERROR] LogOutputStream:75 - [STDERR_REDIRECT] 
2026-06-21 17:32:12,018 [ERROR] LogOutputStream:75 - [STDERR_REDIRECT] [Fatal Error] :1:1: Premature end of file.
2026-06-21 17:32:12,018 [ERROR] LogOutputStream:75 - [STDERR_REDIRECT] 
2026-06-21 17:32:13,015 [ERROR] LogOutputStream:75 - [STDERR_REDIRECT] [Fatal Error] :1:1: Premature end of file.
2026-06-21 17:32:13,016 [ERROR] LogOutputStream:75 - [STDERR_REDIRECT] 
2026-06-21 17:32:14,016 [ERROR] LogOutputStream:75 - [STDERR_REDIRECT] [Fatal Error] :1:1: Premature end of file.
2026-06-21 17:32:14,016 [ERROR] LogOutputStream:75 - [STDERR_REDIRECT] 
2026-06-21 17:32:15,018 [ERROR] LogOutputStream:75 - [STDERR_REDIRECT] [Fatal Error] :1:1: Premature end of file.
2026-06-21 17:32:15,018 [ERROR] LogOutputStream:75 - [STDERR_REDIRECT] 
2026-06-21 17:32:16,017 [ERROR] LogOutputStream:75 - [STDERR_REDIRECT] [Fatal Error] :1:1: Premature end of file.
2026-06-21 17:32:16,017 [ERROR] LogOutputStream:75 - [STDERR_REDIRECT] 
2026-06-21 17:32:17,017 [ERROR] LogOutputStream:75 - [STDERR_REDIRECT] [Fatal Error] :1:1: Premature end of file.
2026-06-21 17:32:17,017 [ERROR] LogOutputStream:75 - [STDERR_REDIRECT] 
2026-06-21 17:32:18,016 [ERROR] LogOutputStream:75 - [STDERR_REDIRECT] [Fatal Error] :1:1: Premature end of file.
2026-06-21 17:32:18,018 [ERROR] LogOutputStream:75 - [STDERR_REDIRECT] 
2026-06-21 17:32:19,017 [ERROR] LogOutputStream:75 - [STDERR_REDIRECT] [Fatal Error] :1:1: Premature end of file.
2026-06-21 17:32:19,017 [ERROR] LogOutputStream:75 - [STDERR_REDIRECT] 
2026-06-21 17:32:20,016 [ERROR] LogOutputStream:75 - [STDERR_REDIRECT] [Fatal Error] :1:1: Premature end of file.
2026-06-21 17:32:20,016 [ERROR] LogOutputStream:75 - [STDERR_REDIRECT] 
2026-06-21 17:32:21,017 [ERROR] LogOutputStream:75 - [STDERR_REDIRECT] [Fatal Error] :1:1: Premature end of file.
2026-06-21 17:32:21,017 [ERROR] LogOutputStream:75 - [STDERR_REDIRECT] 
2026-06-21 17:32:22,017 [ERROR] LogOutputStream:75 - [STDERR_REDIRECT] [Fatal Error] :1:1: Premature end of file.
2026-06-21 17:32:22,017 [ERROR] LogOutputStream:75 - [STDERR_REDIRECT] 
2026-06-21 17:32:23,016 [ERROR] LogOutputStream:75 - [STDERR_REDIRECT] [Fatal Error] :1:1: Premature end of file.
2026-06-21 17:32:23,016 [ERROR] LogOutputStream:75 - [STDERR_REDIRECT] 
2026-06-21 17:32:24,016 [ERROR] LogOutputStream:75 - [STDERR_REDIRECT] [Fatal Error] :1:1: Premature end of file.
2026-06-21 17:32:24,016 [ERROR] LogOutputStream:75 - [STDERR_REDIRECT] 
2026-06-21 17:32:25,017 [ERROR] LogOutputStream:75 - [STDERR_REDIRECT] [Fatal Error] :1:1: Premature end of file.
2026-06-21 17:32:25,017 [ERROR] LogOutputStream:75 - [STDERR_REDIRECT] 
2026-06-21 17:32:26,018 [ERROR] LogOutputStream:75 - [STDERR_REDIRECT] [Fatal Error] :1:1: Premature end of file.
2026-06-21 17:32:26,018 [ERROR] LogOutputStream:75 - [STDERR_REDIRECT] 
2026-06-21 17:32:27,017 [ERROR] LogOutputStream:75 - [STDERR_REDIRECT] [Fatal Error] :1:1: Premature end of file.
2026-06-21 17:32:27,017 [ERROR] LogOutputStream:75 - [STDERR_REDIRECT] 
2026-06-21 17:32:28,016 [ERROR] LogOutputStream:75 - [STDERR_REDIRECT] [Fatal Error] :1:1: Premature end of file.
2026-06-21 17:32:28,016 [ERROR] LogOutputStream:75 - [STDERR_REDIRECT] 
2026-06-21 17:32:29,017 [ERROR] LogOutputStream:75 - [STDERR_REDIRECT] [Fatal Error] :1:1: Premature end of file.
2026-06-21 17:32:29,017 [ERROR] LogOutputStream:75 - [STDERR_REDIRECT] 
2026-06-21 17:32:30,016 [ERROR] LogOutputStream:75 - [STDERR_REDIRECT] [Fatal Error] :1:1: Premature end of file.
2026-06-21 17:32:30,016 [ERROR] LogOutputStream:75 - [STDERR_REDIRECT] 
2026-06-21 17:32:31,023 [ERROR] LogOutputStream:75 - [STDERR_REDIRECT] [Fatal Error] :1:1: Premature end of file.
2026-06-21 17:32:31,023 [ERROR] LogOutputStream:75 - [STDERR_REDIRECT] 
2026-06-21 17:32:32,017 [ERROR] LogOutputStream:75 - [STDERR_REDIRECT] [Fatal Error] :1:1: Premature end of file.
2026-06-21 17:32:32,017 [ERROR] LogOutputStream:75 - [STDERR_REDIRECT] 
2026-06-21 17:32:33,016 [ERROR] LogOutputStream:75 - [STDERR_REDIRECT] [Fatal Error] :1:1: Premature end of file.
2026-06-21 17:32:33,016 [ERROR] LogOutputStream:75 - [STDERR_REDIRECT] 
2026-06-21 17:32:34,016 [ERROR] LogOutputStream:75 - [STDERR_REDIRECT] [Fatal Error] :1:1: Premature end of file.
2026-06-21 17:32:34,016 [ERROR] LogOutputStream:75 - [STDERR_REDIRECT] 
2026-06-21 17:32:35,015 [ERROR] LogOutputStream:75 - [STDERR_REDIRECT] [Fatal Error] :1:1: Premature end of file.
2026-06-21 17:32:35,016 [ERROR] LogOutputStream:75 - [STDERR_REDIRECT] 
2026-06-21 17:32:36,017 [ERROR] LogOutputStream:75 - [STDERR_REDIRECT] [Fatal Error] :1:1: Premature end of file.
2026-06-21 17:32:36,017 [ERROR] LogOutputStream:75 - [STDERR_REDIRECT] 
2026-06-21 17:32:37,017 [ERROR] LogOutputStream:75 - [STDERR_REDIRECT] [Fatal Error] :1:1: Premature end of file.
2026-06-21 17:32:37,017 [ERROR] LogOutputStream:75 - [STDERR_REDIRECT] 
2026-06-21 17:32:38,016 [ERROR] LogOutputStream:75 - [STDERR_REDIRECT] [Fatal Error] :1:1: Premature end of file.
2026-06-21 17:32:38,016 [ERROR] LogOutputStream:75 - [STDERR_REDIRECT] 
2026-06-21 17:32:39,017 [ERROR] LogOutputStream:75 - [STDERR_REDIRECT] [Fatal Error] :1:1: Premature end of file.
2026-06-21 17:32:39,017 [ERROR] LogOutputStream:75 - [STDERR_REDIRECT] 
2026-06-21 17:32:40,017 [ERROR] LogOutputStream:75 - [STDERR_REDIRECT] [Fatal Error] :1:1: Premature end of file.
2026-06-21 17:32:40,017 [ERROR] LogOutputStream:75 - [STDERR_REDIRECT] 
2026-06-21 17:32:41,016 [ERROR] LogOutputStream:75 - [STDERR_REDIRECT] [Fatal Error] :1:1: Premature end of file.
2026-06-21 17:32:41,016 [ERROR] LogOutputStream:75 - [STDERR_REDIRECT] 
2026-06-21 17:32:42,017 [ERROR] LogOutputStream:75 - [STDERR_REDIRECT] [Fatal Error] :1:1: Premature end of file.
2026-06-21 17:32:42,017 [ERROR] LogOutputStream:75 - [STDERR_REDIRECT] 
2026-06-21 17:32:43,016 [ERROR] LogOutputStream:75 - [STDERR_REDIRECT] [Fatal Error] :1:1: Premature end of file.
2026-06-21 17:32:43,017 [ERROR] LogOutputStream:75 - [STDERR_REDIRECT] 
2026-06-21 17:32:44,016 [ERROR] LogOutputStream:75 - [STDERR_REDIRECT] [Fatal Error] :1:1: Premature end of file.
2026-06-21 17:32:44,016 [ERROR] LogOutputStream:75 - [STDERR_REDIRECT] 
2026-06-21 17:32:45,016 [ERROR] LogOutputStream:75 - [STDERR_REDIRECT] [Fatal Error] :1:1: Premature end of file.
2026-06-21 17:32:45,017 [ERROR] LogOutputStream:75 - [STDERR_REDIRECT] 
2026-06-21 17:32:46,016 [ERROR] LogOutputStream:75 - [STDERR_REDIRECT] [Fatal Error] :1:1: Premature end of file.
2026-06-21 17:32:46,016 [ERROR] LogOutputStream:75 - [STDERR_REDIRECT] 
2026-06-21 17:32:47,017 [ERROR] LogOutputStream:75 - [STDERR_REDIRECT] [Fatal Error] :1:1: Premature end of file.
2026-06-21 17:32:47,017 [ERROR] LogOutputStream:75 - [STDERR_REDIRECT] 
2026-06-21 17:32:48,016 [ERROR] LogOutputStream:75 - [STDERR_REDIRECT] [Fatal Error] :1:1: Premature end of file.
2026-06-21 17:32:48,016 [ERROR] LogOutputStream:75 - [STDERR_REDIRECT] 
2026-06-21 17:32:49,016 [ERROR] LogOutputStream:75 - [STDERR_REDIRECT] [Fatal Error] :1:1: Premature end of file.
2026-06-21 17:32:49,017 [ERROR] LogOutputStream:75 - [STDERR_REDIRECT] 
2026-06-21 17:32:50,016 [ERROR] LogOutputStream:75 - [STDERR_REDIRECT] [Fatal Error] :1:1: Premature end of file.
2026-06-21 17:32:50,017 [ERROR] LogOutputStream:75 - [STDERR_REDIRECT] 
2026-06-21 17:32:51,016 [ERROR] LogOutputStream:75 - [STDERR_REDIRECT] [Fatal Error] :1:1: Premature end of file.
2026-06-21 17:32:51,016 [ERROR] LogOutputStream:75 - [STDERR_REDIRECT] 
2026-06-21 17:32:52,016 [ERROR] LogOutputStream:75 - [STDERR_REDIRECT] [Fatal Error] :1:1: Premature end of file.
2026-06-21 17:32:52,017 [ERROR] LogOutputStream:75 - [STDERR_REDIRECT] 
2026-06-21 17:32:53,016 [ERROR] LogOutputStream:75 - [STDERR_REDIRECT] [Fatal Error] :1:1: Premature end of file.
2026-06-21 17:32:53,016 [ERROR] LogOutputStream:75 - [STDERR_REDIRECT] 
2026-06-21 17:32:54,016 [ERROR] LogOutputStream:75 - [STDERR_REDIRECT] [Fatal Error] :1:1: Premature end of file.
2026-06-21 17:32:54,016 [ERROR] LogOutputStream:75 - [STDERR_REDIRECT] 
2026-06-21 17:32:55,016 [ERROR] LogOutputStream:75 - [STDERR_REDIRECT] [Fatal Error] :1:1: Premature end of file.
2026-06-21 17:32:55,016 [ERROR] LogOutputStream:75 - [STDERR_REDIRECT] 
2026-06-21 17:32:56,016 [ERROR] LogOutputStream:75 - [STDERR_REDIRECT] [Fatal Error] :1:1: Premature end of file.
2026-06-21 17:32:56,017 [ERROR] LogOutputStream:75 - [STDERR_REDIRECT] 
2026-06-21 17:32:57,016 [ERROR] LogOutputStream:75 - [STDERR_REDIRECT] [Fatal Error] :1:1: Premature end of file.
2026-06-21 17:32:57,016 [ERROR] LogOutputStream:75 - [STDERR_REDIRECT] 
2026-06-21 17:32:58,016 [ERROR] LogOutputStream:75 - [STDERR_REDIRECT] [Fatal Error] :1:1: Premature end of file.
2026-06-21 17:32:58,016 [ERROR] LogOutputStream:75 - [STDERR_REDIRECT] 
2026-06-21 17:32:59,016 [ERROR] LogOutputStream:75 - [STDERR_REDIRECT] [Fatal Error] :1:1: Premature end of file.
2026-06-21 17:32:59,016 [ERROR] LogOutputStream:75 - [STDERR_REDIRECT] 
2026-06-21 17:33:00,017 [ERROR] LogOutputStream:75 - [STDERR_REDIRECT] [Fatal Error] :1:1: Premature end of file.
2026-06-21 17:33:00,017 [ERROR] LogOutputStream:75 - [STDERR_REDIRECT] 
2026-06-21 17:33:01,017 [ERROR] LogOutputStream:75 - [STDERR_REDIRECT] [Fatal Error] :1:1: Premature end of file.
2026-06-21 17:33:01,017 [ERROR] LogOutputStream:75 - [STDERR_REDIRECT] 
2026-06-21 17:33:02,016 [ERROR] LogOutputStream:75 - [STDERR_REDIRECT] [Fatal Error] :1:1: Premature end of file.
2026-06-21 17:33:02,017 [ERROR] LogOutputStream:75 - [STDERR_REDIRECT] 
2026-06-21 17:33:03,015 [ERROR] LogOutputStream:75 - [STDERR_REDIRECT] [Fatal Error] :1:1: Premature end of file.
2026-06-21 17:33:03,016 [ERROR] LogOutputStream:75 - [STDERR_REDIRECT] 
2026-06-21 17:33:04,017 [ERROR] LogOutputStream:75 - [STDERR_REDIRECT] [Fatal Error] :1:1: Premature end of file.
2026-06-21 17:33:04,017 [ERROR] LogOutputStream:75 - [STDERR_REDIRECT] 
2026-06-21 17:33:05,016 [ERROR] LogOutputStream:75 - [STDERR_REDIRECT] [Fatal Error] :1:1: Premature end of file.
2026-06-21 17:33:05,016 [ERROR] LogOutputStream:75 - [STDERR_REDIRECT] 
2026-06-21 17:33:06,017 [ERROR] LogOutputStream:75 - [STDERR_REDIRECT] [Fatal Error] :1:1: Premature end of file.
2026-06-21 17:33:06,017 [ERROR] LogOutputStream:75 - [STDERR_REDIRECT] 
2026-06-21 17:33:07,016 [ERROR] LogOutputStream:75 - [STDERR_REDIRECT] [Fatal Error] :1:1: Premature end of file.
2026-06-21 17:33:07,016 [ERROR] LogOutputStream:75 - [STDERR_REDIRECT] 
2026-06-21 17:33:08,016 [ERROR] LogOutputStream:75 - [STDERR_REDIRECT] [Fatal Error] :1:1: Premature end of file.
2026-06-21 17:33:08,016 [ERROR] LogOutputStream:75 - [STDERR_REDIRECT] 
2026-06-21 17:33:09,015 [ERROR] LogOutputStream:75 - [STDERR_REDIRECT] [Fatal Error] :1:1: Premature end of file.
2026-06-21 17:33:09,016 [ERROR] LogOutputStream:75 - [STDERR_REDIRECT] 
2026-06-21 17:33:10,017 [ERROR] LogOutputStream:75 - [STDERR_REDIRECT] [Fatal Error] :1:1: Premature end of file.
2026-06-21 17:33:10,017 [ERROR] LogOutputStream:75 - [STDERR_REDIRECT] 
2026-06-21 17:33:11,016 [ERROR] LogOutputStream:75 - [STDERR_REDIRECT] [Fatal Error] :1:1: Premature end of file.
2026-06-21 17:33:11,016 [ERROR] LogOutputStream:75 - [STDERR_REDIRECT] 
2026-06-21 17:33:12,016 [ERROR] LogOutputStream:75 - [STDERR_REDIRECT] [Fatal Error] :1:1: Premature end of file.
2026-06-21 17:33:12,016 [ERROR] LogOutputStream:75 - [STDERR_REDIRECT] 
2026-06-21 17:33:13,017 [ERROR] LogOutputStream:75 - [STDERR_REDIRECT] [Fatal Error] :1:1: Premature end of file.
2026-06-21 17:33:13,017 [ERROR] LogOutputStream:75 - [STDERR_REDIRECT] 
2026-06-21 17:33:14,016 [ERROR] LogOutputStream:75 - [STDERR_REDIRECT] [Fatal Error] :1:1: Premature end of file.
2026-06-21 17:33:14,016 [ERROR] LogOutputStream:75 - [STDERR_REDIRECT] 
2026-06-21 17:33:15,017 [ERROR] LogOutputStream:75 - [STDERR_REDIRECT] [Fatal Error] :1:1: Premature end of file.
2026-06-21 17:33:15,017 [ERROR] LogOutputStream:75 - [STDERR_REDIRECT] 
2026-06-21 17:33:16,016 [ERROR] LogOutputStream:75 - [STDERR_REDIRECT] [Fatal Error] :1:1: Premature end of file.
2026-06-21 17:33:16,016 [ERROR] LogOutputStream:75 - [STDERR_REDIRECT] 
2026-06-21 17:33:17,015 [ERROR] LogOutputStream:75 - [STDERR_REDIRECT] [Fatal Error] :1:1: Premature end of file.
2026-06-21 17:33:17,016 [ERROR] LogOutputStream:75 - [STDERR_REDIRECT] 
2026-06-21 17:33:18,017 [ERROR] LogOutputStream:75 - [STDERR_REDIRECT] [Fatal Error] :1:1: Premature end of file.
2026-06-21 17:33:18,017 [ERROR] LogOutputStream:75 - [STDERR_REDIRECT] 
2026-06-21 17:33:19,016 [ERROR] LogOutputStream:75 - [STDERR_REDIRECT] [Fatal Error] :1:1: Premature end of file.
2026-06-21 17:33:19,017 [ERROR] LogOutputStream:75 - [STDERR_REDIRECT] 
2026-06-21 17:33:20,017 [ERROR] LogOutputStream:75 - [STDERR_REDIRECT] [Fatal Error] :1:1: Premature end of file.
2026-06-21 17:33:20,017 [ERROR] LogOutputStream:75 - [STDERR_REDIRECT] 
2026-06-21 17:33:21,015 [ERROR] LogOutputStream:75 - [STDERR_REDIRECT] [Fatal Error] :1:1: Premature end of file.
2026-06-21 17:33:21,016 [ERROR] LogOutputStream:75 - [STDERR_REDIRECT] 
2026-06-21 17:33:22,016 [ERROR] LogOutputStream:75 - [STDERR_REDIRECT] [Fatal Error] :1:1: Premature end of file.
2026-06-21 17:33:22,016 [ERROR] LogOutputStream:75 - [STDERR_REDIRECT] 
2026-06-21 17:33:23,017 [ERROR] LogOutputStream:75 - [STDERR_REDIRECT] [Fatal Error] :1:1: Premature end of file.
2026-06-21 17:33:23,017 [ERROR] LogOutputStream:75 - [STDERR_REDIRECT] 
2026-06-21 17:33:24,016 [ERROR] LogOutputStream:75 - [STDERR_REDIRECT] [Fatal Error] :1:1: Premature end of file.
2026-06-21 17:33:24,016 [ERROR] LogOutputStream:75 - [STDERR_REDIRECT] 
2026-06-21 17:33:25,016 [ERROR] LogOutputStream:75 - [STDERR_REDIRECT] [Fatal Error] :1:1: Premature end of file.
2026-06-21 17:33:25,016 [ERROR] LogOutputStream:75 - [STDERR_REDIRECT] 
2026-06-21 17:33:26,016 [ERROR] LogOutputStream:75 - [STDERR_REDIRECT] [Fatal Error] :1:1: Premature end of file.
2026-06-21 17:33:26,016 [ERROR] LogOutputStream:75 - [STDERR_REDIRECT] 
2026-06-21 17:33:27,016 [ERROR] LogOutputStream:75 - [STDERR_REDIRECT] [Fatal Error] :1:1: Premature end of file.
2026-06-21 17:33:27,016 [ERROR] LogOutputStream:75 - [STDERR_REDIRECT] 
2026-06-21 17:33:28,018 [ERROR] LogOutputStream:75 - [STDERR_REDIRECT] [Fatal Error] :1:1: Premature end of file.
2026-06-21 17:33:28,018 [ERROR] LogOutputStream:75 - [STDERR_REDIRECT] 
2026-06-21 17:33:29,016 [ERROR] LogOutputStream:75 - [STDERR_REDIRECT] [Fatal Error] :1:1: Premature end of file.
2026-06-21 17:33:29,016 [ERROR] LogOutputStream:75 - [STDERR_REDIRECT] 
2026-06-21 17:33:30,015 [ERROR] LogOutputStream:75 - [STDERR_REDIRECT] [Fatal Error] :1:1: Premature end of file.
2026-06-21 17:33:30,016 [ERROR] LogOutputStream:75 - [STDERR_REDIRECT] 
2026-06-21 17:33:31,020 [ERROR] LogOutputStream:75 - [STDERR_REDIRECT] [Fatal Error] :1:1: Premature end of file.
2026-06-21 17:33:31,020 [ERROR] LogOutputStream:75 - [STDERR_REDIRECT] 
2026-06-21 17:33:32,016 [ERROR] LogOutputStream:75 - [STDERR_REDIRECT] [Fatal Error] :1:1: Premature end of file.
2026-06-21 17:33:32,016 [ERROR] LogOutputStream:75 - [STDERR_REDIRECT] 
2026-06-21 17:33:33,017 [ERROR] LogOutputStream:75 - [STDERR_REDIRECT] [Fatal Error] :1:1: Premature end of file.
2026-06-21 17:33:33,017 [ERROR] LogOutputStream:75 - [STDERR_REDIRECT] 
2026-06-21 17:33:34,015 [ERROR] LogOutputStream:75 - [STDERR_REDIRECT] [Fatal Error] :1:1: Premature end of file.
2026-06-21 17:33:34,016 [ERROR] LogOutputStream:75 - [STDERR_REDIRECT] 
2026-06-21 17:33:35,016 [ERROR] LogOutputStream:75 - [STDERR_REDIRECT] [Fatal Error] :1:1: Premature end of file.
2026-06-21 17:33:35,016 [ERROR] LogOutputStream:75 - [STDERR_REDIRECT] 
2026-06-21 17:33:36,015 [ERROR] LogOutputStream:75 - [STDERR_REDIRECT] [Fatal Error] :1:1: Premature end of file.
2026-06-21 17:33:36,016 [ERROR] LogOutputStream:75 - [STDERR_REDIRECT] 
2026-06-21 17:33:37,017 [ERROR] LogOutputStream:75 - [STDERR_REDIRECT] [Fatal Error] :1:1: Premature end of file.
2026-06-21 17:33:37,017 [ERROR] LogOutputStream:75 - [STDERR_REDIRECT] 
2026-06-21 17:33:38,015 [ERROR] LogOutputStream:75 - [STDERR_REDIRECT] [Fatal Error] :1:1: Premature end of file.
2026-06-21 17:33:38,016 [ERROR] LogOutputStream:75 - [STDERR_REDIRECT] 
2026-06-21 17:33:39,017 [ERROR] LogOutputStream:75 - [STDERR_REDIRECT] [Fatal Error] :1:1: Premature end of file.
2026-06-21 17:33:39,017 [ERROR] LogOutputStream:75 - [STDERR_REDIRECT] 
2026-06-21 17:33:40,016 [ERROR] LogOutputStream:75 - [STDERR_REDIRECT] [Fatal Error] :1:1: Premature end of file.
2026-06-21 17:33:40,017 [ERROR] LogOutputStream:75 - [STDERR_REDIRECT] 
2026-06-21 17:33:41,016 [ERROR] LogOutputStream:75 - [STDERR_REDIRECT] [Fatal Error] :1:1: Premature end of file.
2026-06-21 17:33:41,016 [ERROR] LogOutputStream:75 - [STDERR_REDIRECT] 
2026-06-21 17:33:42,017 [ERROR] LogOutputStream:75 - [STDERR_REDIRECT] [Fatal Error] :1:1: Premature end of file.
2026-06-21 17:33:42,017 [ERROR] LogOutputStream:75 - [STDERR_REDIRECT] 
2026-06-21 17:33:43,016 [ERROR] LogOutputStream:75 - [STDERR_REDIRECT] [Fatal Error] :1:1: Premature end of file.
2026-06-21 17:33:43,016 [ERROR] LogOutputStream:75 - [STDERR_REDIRECT] 
2026-06-21 17:33:44,017 [ERROR] LogOutputStream:75 - [STDERR_REDIRECT] [Fatal Error] :1:1: Premature end of file.
2026-06-21 17:33:44,017 [ERROR] LogOutputStream:75 - [STDERR_REDIRECT] 
2026-06-21 17:33:45,016 [ERROR] LogOutputStream:75 - [STDERR_REDIRECT] [Fatal Error] :1:1: Premature end of file.
2026-06-21 17:33:45,016 [ERROR] LogOutputStream:75 - [STDERR_REDIRECT] 
2026-06-21 17:33:46,023 [ERROR] LogOutputStream:75 - [STDERR_REDIRECT] [Fatal Error] :1:1: Premature end of file.
2026-06-21 17:33:46,024 [ERROR] LogOutputStream:75 - [STDERR_REDIRECT] 
2026-06-21 17:33:47,017 [ERROR] LogOutputStream:75 - [STDERR_REDIRECT] [Fatal Error] :1:1: Premature end of file.
2026-06-21 17:33:47,017 [ERROR] LogOutputStream:75 - [STDERR_REDIRECT] 
2026-06-21 17:33:48,016 [ERROR] LogOutputStream:75 - [STDERR_REDIRECT] [Fatal Error] :1:1: Premature end of file.
2026-06-21 17:33:48,016 [ERROR] LogOutputStream:75 - [STDERR_REDIRECT] 
2026-06-21 17:33:49,016 [ERROR] LogOutputStream:75 - [STDERR_REDIRECT] [Fatal Error] :1:1: Premature end of file.
2026-06-21 17:33:49,016 [ERROR] LogOutputStream:75 - [STDERR_REDIRECT] 
2026-06-21 17:33:50,017 [ERROR] LogOutputStream:75 - [STDERR_REDIRECT] [Fatal Error] :1:1: Premature end of file.
2026-06-21 17:33:50,017 [ERROR] LogOutputStream:75 - [STDERR_REDIRECT] 
2026-06-21 17:33:51,017 [ERROR] LogOutputStream:75 - [STDERR_REDIRECT] [Fatal Error] :1:1: Premature end of file.
2026-06-21 17:33:51,017 [ERROR] LogOutputStream:75 - [STDERR_REDIRECT] 
2026-06-21 17:33:52,016 [ERROR] LogOutputStream:75 - [STDERR_REDIRECT] [Fatal Error] :1:1: Premature end of file.
2026-06-21 17:33:52,017 [ERROR] LogOutputStream:75 - [STDERR_REDIRECT] 
2026-06-21 17:33:53,016 [ERROR] LogOutputStream:75 - [STDERR_REDIRECT] [Fatal Error] :1:1: Premature end of file.
2026-06-21 17:33:53,016 [ERROR] LogOutputStream:75 - [STDERR_REDIRECT] 
2026-06-21 17:33:54,016 [ERROR] LogOutputStream:75 - [STDERR_REDIRECT] [Fatal Error] :1:1: Premature end of file.
2026-06-21 17:33:54,017 [ERROR] LogOutputStream:75 - [STDERR_REDIRECT] 
2026-06-21 17:33:55,015 [ERROR] LogOutputStream:75 - [STDERR_REDIRECT] [Fatal Error] :1:1: Premature end of file.
2026-06-21 17:33:55,017 [ERROR] LogOutputStream:75 - [STDERR_REDIRECT] 
2026-06-21 17:33:56,016 [ERROR] LogOutputStream:75 - [STDERR_REDIRECT] [Fatal Error] :1:1: Premature end of file.
2026-06-21 17:33:56,016 [ERROR] LogOutputStream:75 - [STDERR_REDIRECT] 
2026-06-21 17:33:57,017 [ERROR] LogOutputStream:75 - [STDERR_REDIRECT] [Fatal Error] :1:1: Premature end of file.
2026-06-21 17:33:57,017 [ERROR] LogOutputStream:75 - [STDERR_REDIRECT] 
2026-06-21 17:33:58,017 [ERROR] LogOutputStream:75 - [STDERR_REDIRECT] [Fatal Error] :1:1: Premature end of file.
2026-06-21 17:33:58,017 [ERROR] LogOutputStream:75 - [STDERR_REDIRECT] 
2026-06-21 17:33:59,017 [ERROR] LogOutputStream:75 - [STDERR_REDIRECT] [Fatal Error] :1:1: Premature end of file.
2026-06-21 17:33:59,017 [ERROR] LogOutputStream:75 - [STDERR_REDIRECT] 
2026-06-21 17:34:00,015 [ERROR] LogOutputStream:75 - [STDERR_REDIRECT] [Fatal Error] :1:1: Premature end of file.
2026-06-21 17:34:00,015 [ERROR] LogOutputStream:75 - [STDERR_REDIRECT] 
2026-06-21 17:34:01,017 [ERROR] LogOutputStream:75 - [STDERR_REDIRECT] [Fatal Error] :1:1: Premature end of file.
2026-06-21 17:34:01,017 [ERROR] LogOutputStream:75 - [STDERR_REDIRECT] 
2026-06-21 17:34:02,016 [ERROR] LogOutputStream:75 - [STDERR_REDIRECT] [Fatal Error] :1:1: Premature end of file.
2026-06-21 17:34:02,016 [ERROR] LogOutputStream:75 - [STDERR_REDIRECT] 
2026-06-21 17:34:03,016 [ERROR] LogOutputStream:75 - [STDERR_REDIRECT] [Fatal Error] :1:1: Premature end of file.
2026-06-21 17:34:03,016 [ERROR] LogOutputStream:75 - [STDERR_REDIRECT] 
2026-06-21 17:34:04,017 [ERROR] LogOutputStream:75 - [STDERR_REDIRECT] [Fatal Error] :1:1: Premature end of file.
2026-06-21 17:34:04,018 [ERROR] LogOutputStream:75 - [STDERR_REDIRECT] 
2026-06-21 17:34:05,016 [ERROR] LogOutputStream:75 - [STDERR_REDIRECT] [Fatal Error] :1:1: Premature end of file.
2026-06-21 17:34:05,016 [ERROR] LogOutputStream:75 - [STDERR_REDIRECT] 
2026-06-21 17:34:06,016 [ERROR] LogOutputStream:75 - [STDERR_REDIRECT] [Fatal Error] :1:1: Premature end of file.
2026-06-21 17:34:06,017 [ERROR] LogOutputStream:75 - [STDERR_REDIRECT] 
2026-06-21 17:34:07,016 [ERROR] LogOutputStream:75 - [STDERR_REDIRECT] [Fatal Error] :1:1: Premature end of file.
2026-06-21 17:34:07,016 [ERROR] LogOutputStream:75 - [STDERR_REDIRECT] 
2026-06-21 17:34:08,018 [ERROR] LogOutputStream:75 - [STDERR_REDIRECT] [Fatal Error] :1:1: Premature end of file.
2026-06-21 17:34:08,018 [ERROR] LogOutputStream:75 - [STDERR_REDIRECT] 
2026-06-21 17:34:09,017 [ERROR] LogOutputStream:75 - [STDERR_REDIRECT] [Fatal Error] :1:1: Premature end of file.
2026-06-21 17:34:09,017 [ERROR] LogOutputStream:75 - [STDERR_REDIRECT] 
2026-06-21 17:34:10,017 [ERROR] LogOutputStream:75 - [STDERR_REDIRECT] [Fatal Error] :1:1: Premature end of file.
2026-06-21 17:34:10,017 [ERROR] LogOutputStream:75 - [STDERR_REDIRECT] 
2026-06-21 17:34:11,016 [ERROR] LogOutputStream:75 - [STDERR_REDIRECT] [Fatal Error] :1:1: Premature end of file.
2026-06-21 17:34:11,016 [ERROR] LogOutputStream:75 - [STDERR_REDIRECT] 
2026-06-21 17:34:12,016 [ERROR] LogOutputStream:75 - [STDERR_REDIRECT] [Fatal Error] :1:1: Premature end of file.
2026-06-21 17:34:12,016 [ERROR] LogOutputStream:75 - [STDERR_REDIRECT] 
2026-06-21 17:34:13,016 [ERROR] LogOutputStream:75 - [STDERR_REDIRECT] [Fatal Error] :1:1: Premature end of file.
2026-06-21 17:34:13,017 [ERROR] LogOutputStream:75 - [STDERR_REDIRECT] 
2026-06-21 17:34:14,015 [ERROR] LogOutputStream:75 - [STDERR_REDIRECT] [Fatal Error] :1:1: Premature end of file.
2026-06-21 17:34:14,016 [ERROR] LogOutputStream:75 - [STDERR_REDIRECT] 
2026-06-21 17:34:15,017 [ERROR] LogOutputStream:75 - [STDERR_REDIRECT] [Fatal Error] :1:1: Premature end of file.
2026-06-21 17:34:15,017 [ERROR] LogOutputStream:75 - [STDERR_REDIRECT] 
2026-06-21 17:34:16,015 [ERROR] LogOutputStream:75 - [STDERR_REDIRECT] [Fatal Error] :1:1: Premature end of file.
2026-06-21 17:34:16,016 [ERROR] LogOutputStream:75 - [STDERR_REDIRECT] 
2026-06-21 17:34:17,016 [ERROR] LogOutputStream:75 - [STDERR_REDIRECT] [Fatal Error] :1:1: Premature end of file.
2026-06-21 17:34:17,017 [ERROR] LogOutputStream:75 - [STDERR_REDIRECT] 
2026-06-21 17:34:18,017 [ERROR] LogOutputStream:75 - [STDERR_REDIRECT] [Fatal Error] :1:1: Premature end of file.
2026-06-21 17:34:18,017 [ERROR] LogOutputStream:75 - [STDERR_REDIRECT] 
2026-06-21 17:34:19,017 [ERROR] LogOutputStream:75 - [STDERR_REDIRECT] [Fatal Error] :1:1: Premature end of file.
2026-06-21 17:34:19,017 [ERROR] LogOutputStream:75 - [STDERR_REDIRECT] 
2026-06-21 17:34:20,017 [ERROR] LogOutputStream:75 - [STDERR_REDIRECT] [Fatal Error] :1:1: Premature end of file.
2026-06-21 17:34:20,017 [ERROR] LogOutputStream:75 - [STDERR_REDIRECT] 
2026-06-21 17:34:21,016 [ERROR] LogOutputStream:75 - [STDERR_REDIRECT] [Fatal Error] :1:1: Premature end of file.
2026-06-21 17:34:21,016 [ERROR] LogOutputStream:75 - [STDERR_REDIRECT] 
2026-06-21 17:34:22,016 [ERROR] LogOutputStream:75 - [STDERR_REDIRECT] [Fatal Error] :1:1: Premature end of file.
2026-06-21 17:34:22,016 [ERROR] LogOutputStream:75 - [STDERR_REDIRECT] 
2026-06-21 17:34:23,016 [ERROR] LogOutputStream:75 - [STDERR_REDIRECT] [Fatal Error] :1:1: Premature end of file.
2026-06-21 17:34:23,016 [ERROR] LogOutputStream:75 - [STDERR_REDIRECT] 
2026-06-21 17:34:24,017 [ERROR] LogOutputStream:75 - [STDERR_REDIRECT] [Fatal Error] :1:1: Premature end of file.
2026-06-21 17:34:24,017 [ERROR] LogOutputStream:75 - [STDERR_REDIRECT] 
2026-06-21 17:34:25,016 [ERROR] LogOutputStream:75 - [STDERR_REDIRECT] [Fatal Error] :1:1: Premature end of file.
2026-06-21 17:34:25,016 [ERROR] LogOutputStream:75 - [STDERR_REDIRECT] 
2026-06-21 17:34:26,017 [ERROR] LogOutputStream:75 - [STDERR_REDIRECT] [Fatal Error] :1:1: Premature end of file.
2026-06-21 17:34:26,017 [ERROR] LogOutputStream:75 - [STDERR_REDIRECT] 
2026-06-21 17:34:27,016 [ERROR] LogOutputStream:75 - [STDERR_REDIRECT] [Fatal Error] :1:1: Premature end of file.
2026-06-21 17:34:27,016 [ERROR] LogOutputStream:75 - [STDERR_REDIRECT] 
2026-06-21 17:34:28,017 [ERROR] LogOutputStream:75 - [STDERR_REDIRECT] [Fatal Error] :1:1: Premature end of file.
2026-06-21 17:34:28,017 [ERROR] LogOutputStream:75 - [STDERR_REDIRECT] 
2026-06-21 17:34:29,018 [ERROR] LogOutputStream:75 - [STDERR_REDIRECT] [Fatal Error] :1:1: Premature end of file.
2026-06-21 17:34:29,018 [ERROR] LogOutputStream:75 - [STDERR_REDIRECT] 
2026-06-21 17:34:30,015 [ERROR] LogOutputStream:75 - [STDERR_REDIRECT] [Fatal Error] :1:1: Premature end of file.
2026-06-21 17:34:30,015 [ERROR] LogOutputStream:75 - [STDERR_REDIRECT] 
2026-06-21 17:34:31,015 [ERROR] LogOutputStream:75 - [STDERR_REDIRECT] [Fatal Error] :1:1: Premature end of file.
2026-06-21 17:34:31,016 [ERROR] LogOutputStream:75 - [STDERR_REDIRECT] 
2026-06-21 17:34:32,020 [ERROR] LogOutputStream:75 - [STDERR_REDIRECT] [Fatal Error] :1:1: Premature end of file.
2026-06-21 17:34:32,020 [ERROR] LogOutputStream:75 - [STDERR_REDIRECT] 
2026-06-21 17:34:33,018 [ERROR] LogOutputStream:75 - [STDERR_REDIRECT] [Fatal Error] :1:1: Premature end of file.
2026-06-21 17:34:33,018 [ERROR] LogOutputStream:75 - [STDERR_REDIRECT] 
2026-06-21 17:34:34,017 [ERROR] LogOutputStream:75 - [STDERR_REDIRECT] [Fatal Error] :1:1: Premature end of file.
2026-06-21 17:34:34,017 [ERROR] LogOutputStream:75 - [STDERR_REDIRECT] 
2026-06-21 17:34:35,018 [ERROR] LogOutputStream:75 - [STDERR_REDIRECT] [Fatal Error] :1:1: Premature end of file.
2026-06-21 17:34:35,018 [ERROR] LogOutputStream:75 - [STDERR_REDIRECT] 
2026-06-21 17:34:36,017 [ERROR] LogOutputStream:75 - [STDERR_REDIRECT] [Fatal Error] :1:1: Premature end of file.
2026-06-21 17:34:36,017 [ERROR] LogOutputStream:75 - [STDERR_REDIRECT] 
2026-06-21 17:34:37,015 [ERROR] LogOutputStream:75 - [STDERR_REDIRECT] [Fatal Error] :1:1: Premature end of file.
2026-06-21 17:34:37,016 [ERROR] LogOutputStream:75 - [STDERR_REDIRECT] 
2026-06-21 17:34:38,016 [ERROR] LogOutputStream:75 - [STDERR_REDIRECT] [Fatal Error] :1:1: Premature end of file.
2026-06-21 17:34:38,017 [ERROR] LogOutputStream:75 - [STDERR_REDIRECT] 
2026-06-21 17:34:39,016 [ERROR] LogOutputStream:75 - [STDERR_REDIRECT] [Fatal Error] :1:1: Premature end of file.
2026-06-21 17:34:39,016 [ERROR] LogOutputStream:75 - [STDERR_REDIRECT] 
2026-06-21 17:34:40,016 [ERROR] LogOutputStream:75 - [STDERR_REDIRECT] [Fatal Error] :1:1: Premature end of file.
2026-06-21 17:34:40,017 [ERROR] LogOutputStream:75 - [STDERR_REDIRECT] 
2026-06-21 17:34:41,015 [ERROR] LogOutputStream:75 - [STDERR_REDIRECT] [Fatal Error] :1:1: Premature end of file.
2026-06-21 17:34:41,016 [ERROR] LogOutputStream:75 - [STDERR_REDIRECT] 
2026-06-21 17:34:42,016 [ERROR] LogOutputStream:75 - [STDERR_REDIRECT] [Fatal Error] :1:1: Premature end of file.
2026-06-21 17:34:42,017 [ERROR] LogOutputStream:75 - [STDERR_REDIRECT] 
2026-06-21 17:34:43,017 [ERROR] LogOutputStream:75 - [STDERR_REDIRECT] [Fatal Error] :1:1: Premature end of file.
2026-06-21 17:34:43,018 [ERROR] LogOutputStream:75 - [STDERR_REDIRECT] 
2026-06-21 17:34:44,016 [ERROR] LogOutputStream:75 - [STDERR_REDIRECT] [Fatal Error] :1:1: Premature end of file.
2026-06-21 17:34:44,016 [ERROR] LogOutputStream:75 - [STDERR_REDIRECT] 
2026-06-21 17:34:45,017 [ERROR] LogOutputStream:75 - [STDERR_REDIRECT] [Fatal Error] :1:1: Premature end of file.
2026-06-21 17:34:45,017 [ERROR] LogOutputStream:75 - [STDERR_REDIRECT] 
2026-06-21 17:34:46,016 [ERROR] LogOutputStream:75 - [STDERR_REDIRECT] [Fatal Error] :1:1: Premature end of file.
2026-06-21 17:34:46,016 [ERROR] LogOutputStream:75 - [STDERR_REDIRECT] 
2026-06-21 17:34:47,016 [ERROR] LogOutputStream:75 - [STDERR_REDIRECT] [Fatal Error] :1:1: Premature end of file.
2026-06-21 17:34:47,016 [ERROR] LogOutputStream:75 - [STDERR_REDIRECT] 
2026-06-21 17:34:48,017 [ERROR] LogOutputStream:75 - [STDERR_REDIRECT] [Fatal Error] :1:1: Premature end of file.
2026-06-21 17:34:48,017 [ERROR] LogOutputStream:75 - [STDERR_REDIRECT] 
2026-06-21 17:34:49,017 [ERROR] LogOutputStream:75 - [STDERR_REDIRECT] [Fatal Error] :1:1: Premature end of file.
2026-06-21 17:34:49,017 [ERROR] LogOutputStream:75 - [STDERR_REDIRECT] 
2026-06-21 17:34:50,017 [ERROR] LogOutputStream:75 - [STDERR_REDIRECT] [Fatal Error] :1:1: Premature end of file.
2026-06-21 17:34:50,017 [ERROR] LogOutputStream:75 - [STDERR_REDIRECT] 
2026-06-21 17:34:51,017 [ERROR] LogOutputStream:75 - [STDERR_REDIRECT] [Fatal Error] :1:1: Premature end of file.
2026-06-21 17:34:51,017 [ERROR] LogOutputStream:75 - [STDERR_REDIRECT] 
2026-06-21 17:34:52,016 [ERROR] LogOutputStream:75 - [STDERR_REDIRECT] [Fatal Error] :1:1: Premature end of file.
2026-06-21 17:34:52,016 [ERROR] LogOutputStream:75 - [STDERR_REDIRECT] 
2026-06-21 17:34:53,016 [ERROR] LogOutputStream:75 - [STDERR_REDIRECT] [Fatal Error] :1:1: Premature end of file.
2026-06-21 17:34:53,017 [ERROR] LogOutputStream:75 - [STDERR_REDIRECT] 
2026-06-21 17:34:54,017 [ERROR] LogOutputStream:75 - [STDERR_REDIRECT] [Fatal Error] :1:1: Premature end of file.
2026-06-21 17:34:54,017 [ERROR] LogOutputStream:75 - [STDERR_REDIRECT] 
2026-06-21 17:34:55,018 [ERROR] LogOutputStream:75 - [STDERR_REDIRECT] [Fatal Error] :1:1: Premature end of file.
2026-06-21 17:34:55,018 [ERROR] LogOutputStream:75 - [STDERR_REDIRECT] 
2026-06-21 17:34:56,016 [ERROR] LogOutputStream:75 - [STDERR_REDIRECT] [Fatal Error] :1:1: Premature end of file.
2026-06-21 17:34:56,016 [ERROR] LogOutputStream:75 - [STDERR_REDIRECT] 
2026-06-21 17:34:57,016 [ERROR] LogOutputStream:75 - [STDERR_REDIRECT] [Fatal Error] :1:1: Premature end of file.
2026-06-21 17:34:57,017 [ERROR] LogOutputStream:75 - [STDERR_REDIRECT] 
2026-06-21 17:34:58,017 [ERROR] LogOutputStream:75 - [STDERR_REDIRECT] [Fatal Error] :1:1: Premature end of file.
2026-06-21 17:34:58,017 [ERROR] LogOutputStream:75 - [STDERR_REDIRECT] 
2026-06-21 17:34:59,016 [ERROR] LogOutputStream:75 - [STDERR_REDIRECT] [Fatal Error] :1:1: Premature end of file.
2026-06-21 17:34:59,016 [ERROR] LogOutputStream:75 - [STDERR_REDIRECT] 
2026-06-21 17:35:00,017 [ERROR] LogOutputStream:75 - [STDERR_REDIRECT] [Fatal Error] :1:1: Premature end of file.
2026-06-21 17:35:00,017 [ERROR] LogOutputStream:75 - [STDERR_REDIRECT] 
2026-06-21 17:35:01,016 [ERROR] LogOutputStream:75 - [STDERR_REDIRECT] [Fatal Error] :1:1: Premature end of file.
2026-06-21 17:35:01,016 [ERROR] LogOutputStream:75 - [STDERR_REDIRECT] 
2026-06-21 17:35:02,017 [ERROR] LogOutputStream:75 - [STDERR_REDIRECT] [Fatal Error] :1:1: Premature end of file.
2026-06-21 17:35:02,017 [ERROR] LogOutputStream:75 - [STDERR_REDIRECT] 
2026-06-21 17:35:03,017 [ERROR] LogOutputStream:75 - [STDERR_REDIRECT] [Fatal Error] :1:1: Premature end of file.
2026-06-21 17:35:03,017 [ERROR] LogOutputStream:75 - [STDERR_REDIRECT] 
2026-06-21 17:35:04,016 [ERROR] LogOutputStream:75 - [STDERR_REDIRECT] [Fatal Error] :1:1: Premature end of file.
2026-06-21 17:35:04,016 [ERROR] LogOutputStream:75 - [STDERR_REDIRECT] 
2026-06-21 17:35:05,017 [ERROR] LogOutputStream:75 - [STDERR_REDIRECT] [Fatal Error] :1:1: Premature end of file.
2026-06-21 17:35:05,017 [ERROR] LogOutputStream:75 - [STDERR_REDIRECT] 
2026-06-21 17:35:06,016 [ERROR] LogOutputStream:75 - [STDERR_REDIRECT] [Fatal Error] :1:1: Premature end of file.
2026-06-21 17:35:06,016 [ERROR] LogOutputStream:75 - [STDERR_REDIRECT] 
2026-06-21 17:35:07,016 [ERROR] LogOutputStream:75 - [STDERR_REDIRECT] [Fatal Error] :1:1: Premature end of file.
2026-06-21 17:35:07,017 [ERROR] LogOutputStream:75 - [STDERR_REDIRECT] 
2026-06-21 17:35:08,016 [ERROR] LogOutputStream:75 - [STDERR_REDIRECT] [Fatal Error] :1:1: Premature end of file.
2026-06-21 17:35:08,016 [ERROR] LogOutputStream:75 - [STDERR_REDIRECT] 
2026-06-21 17:35:09,016 [ERROR] LogOutputStream:75 - [STDERR_REDIRECT] [Fatal Error] :1:1: Premature end of file.
2026-06-21 17:35:09,017 [ERROR] LogOutputStream:75 - [STDERR_REDIRECT] 
2026-06-21 17:35:10,020 [ERROR] LogOutputStream:75 - [STDERR_REDIRECT] [Fatal Error] :1:1: Premature end of file.
2026-06-21 17:35:10,020 [ERROR] LogOutputStream:75 - [STDERR_REDIRECT] 
2026-06-21 17:35:11,018 [ERROR] LogOutputStream:75 - [STDERR_REDIRECT] [Fatal Error] :1:1: Premature end of file.
2026-06-21 17:35:11,018 [ERROR] LogOutputStream:75 - [STDERR_REDIRECT] 
2026-06-21 17:35:12,016 [ERROR] LogOutputStream:75 - [STDERR_REDIRECT] [Fatal Error] :1:1: Premature end of file.
2026-06-21 17:35:12,016 [ERROR] LogOutputStream:75 - [STDERR_REDIRECT] 
2026-06-21 17:35:13,016 [ERROR] LogOutputStream:75 - [STDERR_REDIRECT] [Fatal Error] :1:1: Premature end of file.
2026-06-21 17:35:13,016 [ERROR] LogOutputStream:75 - [STDERR_REDIRECT] 
2026-06-21 17:35:14,017 [ERROR] LogOutputStream:75 - [STDERR_REDIRECT] [Fatal Error] :1:1: Premature end of file.
2026-06-21 17:35:14,017 [ERROR] LogOutputStream:75 - [STDERR_REDIRECT] 
2026-06-21 17:35:15,016 [ERROR] LogOutputStream:75 - [STDERR_REDIRECT] [Fatal Error] :1:1: Premature end of file.
2026-06-21 17:35:15,016 [ERROR] LogOutputStream:75 - [STDERR_REDIRECT] 
2026-06-21 17:35:16,016 [ERROR] LogOutputStream:75 - [STDERR_REDIRECT] [Fatal Error] :1:1: Premature end of file.
2026-06-21 17:35:16,016 [ERROR] LogOutputStream:75 - [STDERR_REDIRECT] 
2026-06-21 17:35:17,017 [ERROR] LogOutputStream:75 - [STDERR_REDIRECT] [Fatal Error] :1:1: Premature end of file.
2026-06-21 17:35:17,017 [ERROR] LogOutputStream:75 - [STDERR_REDIRECT] 
2026-06-21 17:35:18,017 [ERROR] LogOutputStream:75 - [STDERR_REDIRECT] [Fatal Error] :1:1: Premature end of file.
2026-06-21 17:35:18,017 [ERROR] LogOutputStream:75 - [STDERR_REDIRECT] 
2026-06-21 17:35:19,017 [ERROR] LogOutputStream:75 - [STDERR_REDIRECT] [Fatal Error] :1:1: Premature end of file.
2026-06-21 17:35:19,017 [ERROR] LogOutputStream:75 - [STDERR_REDIRECT] 
2026-06-21 17:35:20,016 [ERROR] LogOutputStream:75 - [STDERR_REDIRECT] [Fatal Error] :1:1: Premature end of file.
2026-06-21 17:35:20,016 [ERROR] LogOutputStream:75 - [STDERR_REDIRECT] 
2026-06-21 17:35:21,015 [ERROR] LogOutputStream:75 - [STDERR_REDIRECT] [Fatal Error] :1:1: Premature end of file.
2026-06-21 17:35:21,015 [ERROR] LogOutputStream:75 - [STDERR_REDIRECT] 
2026-06-21 17:35:22,016 [ERROR] LogOutputStream:75 - [STDERR_REDIRECT] [Fatal Error] :1:1: Premature end of file.
2026-06-21 17:35:22,017 [ERROR] LogOutputStream:75 - [STDERR_REDIRECT] 
2026-06-21 17:35:23,016 [ERROR] LogOutputStream:75 - [STDERR_REDIRECT] [Fatal Error] :1:1: Premature end of file.
2026-06-21 17:35:23,016 [ERROR] LogOutputStream:75 - [STDERR_REDIRECT] 
2026-06-21 17:35:24,016 [ERROR] LogOutputStream:75 - [STDERR_REDIRECT] [Fatal Error] :1:1: Premature end of file.
2026-06-21 17:35:24,016 [ERROR] LogOutputStream:75 - [STDERR_REDIRECT] 
2026-06-21 17:35:25,017 [ERROR] LogOutputStream:75 - [STDERR_REDIRECT] [Fatal Error] :1:1: Premature end of file.
2026-06-21 17:35:25,017 [ERROR] LogOutputStream:75 - [STDERR_REDIRECT] 
2026-06-21 17:35:26,015 [ERROR] LogOutputStream:75 - [STDERR_REDIRECT] [Fatal Error] :1:1: Premature end of file.
2026-06-21 17:35:26,016 [ERROR] LogOutputStream:75 - [STDERR_REDIRECT] 
2026-06-21 17:35:27,015 [ERROR] LogOutputStream:75 - [STDERR_REDIRECT] [Fatal Error] :1:1: Premature end of file.
2026-06-21 17:35:27,016 [ERROR] LogOutputStream:75 - [STDERR_REDIRECT] 
2026-06-21 17:35:28,016 [ERROR] LogOutputStream:75 - [STDERR_REDIRECT] [Fatal Error] :1:1: Premature end of file.
2026-06-21 17:35:28,016 [ERROR] LogOutputStream:75 - [STDERR_REDIRECT] 
2026-06-21 17:35:29,017 [ERROR] LogOutputStream:75 - [STDERR_REDIRECT] [Fatal Error] :1:1: Premature end of file.
2026-06-21 17:35:29,017 [ERROR] LogOutputStream:75 - [STDERR_REDIRECT] 
2026-06-21 17:35:30,015 [ERROR] LogOutputStream:75 - [STDERR_REDIRECT] [Fatal Error] :1:1: Premature end of file.
2026-06-21 17:35:30,016 [ERROR] LogOutputStream:75 - [STDERR_REDIRECT] 
2026-06-21 17:35:31,015 [ERROR] LogOutputStream:75 - [STDERR_REDIRECT] [Fatal Error] :1:1: Premature end of file.
2026-06-21 17:35:31,015 [ERROR] LogOutputStream:75 - [STDERR_REDIRECT] 
2026-06-21 17:35:32,015 [ERROR] LogOutputStream:75 - [STDERR_REDIRECT] [Fatal Error] :1:1: Premature end of file.
2026-06-21 17:35:32,015 [ERROR] LogOutputStream:75 - [STDERR_REDIRECT] 
2026-06-21 17:35:33,022 [ERROR] LogOutputStream:75 - [STDERR_REDIRECT] [Fatal Error] :1:1: Premature end of file.
2026-06-21 17:35:33,022 [ERROR] LogOutputStream:75 - [STDERR_REDIRECT] 
2026-06-21 17:35:34,016 [ERROR] LogOutputStream:75 - [STDERR_REDIRECT] [Fatal Error] :1:1: Premature end of file.
2026-06-21 17:35:34,016 [ERROR] LogOutputStream:75 - [STDERR_REDIRECT] 
2026-06-21 17:35:35,017 [ERROR] LogOutputStream:75 - [STDERR_REDIRECT] [Fatal Error] :1:1: Premature end of file.
2026-06-21 17:35:35,017 [ERROR] LogOutputStream:75 - [STDERR_REDIRECT] 
2026-06-21 17:35:36,017 [ERROR] LogOutputStream:75 - [STDERR_REDIRECT] [Fatal Error] :1:1: Premature end of file.
2026-06-21 17:35:36,017 [ERROR] LogOutputStream:75 - [STDERR_REDIRECT] 
2026-06-21 17:35:37,017 [ERROR] LogOutputStream:75 - [STDERR_REDIRECT] [Fatal Error] :1:1: Premature end of file.
2026-06-21 17:35:37,017 [ERROR] LogOutputStream:75 - [STDERR_REDIRECT] 
2026-06-21 17:35:38,016 [ERROR] LogOutputStream:75 - [STDERR_REDIRECT] [Fatal Error] :1:1: Premature end of file.
2026-06-21 17:35:38,016 [ERROR] LogOutputStream:75 - [STDERR_REDIRECT] 
2026-06-21 17:35:39,017 [ERROR] LogOutputStream:75 - [STDERR_REDIRECT] [Fatal Error] :1:1: Premature end of file.
2026-06-21 17:35:39,017 [ERROR] LogOutputStream:75 - [STDERR_REDIRECT] 
2026-06-21 17:35:40,015 [ERROR] LogOutputStream:75 - [STDERR_REDIRECT] [Fatal Error] :1:1: Premature end of file.
2026-06-21 17:35:40,016 [ERROR] LogOutputStream:75 - [STDERR_REDIRECT] 
2026-06-21 17:35:41,017 [ERROR] LogOutputStream:75 - [STDERR_REDIRECT] [Fatal Error] :1:1: Premature end of file.
2026-06-21 17:35:41,017 [ERROR] LogOutputStream:75 - [STDERR_REDIRECT] 
2026-06-21 17:35:42,017 [ERROR] LogOutputStream:75 - [STDERR_REDIRECT] [Fatal Error] :1:1: Premature end of file.
2026-06-21 17:35:42,017 [ERROR] LogOutputStream:75 - [STDERR_REDIRECT] 
2026-06-21 17:35:43,016 [ERROR] LogOutputStream:75 - [STDERR_REDIRECT] [Fatal Error] :1:1: Premature end of file.
2026-06-21 17:35:43,016 [ERROR] LogOutputStream:75 - [STDERR_REDIRECT] 
2026-06-21 17:35:44,016 [ERROR] LogOutputStream:75 - [STDERR_REDIRECT] [Fatal Error] :1:1: Premature end of file.
2026-06-21 17:35:44,016 [ERROR] LogOutputStream:75 - [STDERR_REDIRECT] 
2026-06-21 17:35:45,016 [ERROR] LogOutputStream:75 - [STDERR_REDIRECT] [Fatal Error] :1:1: Premature end of file.
2026-06-21 17:35:45,016 [ERROR] LogOutputStream:75 - [STDERR_REDIRECT] 
2026-06-21 17:35:46,016 [ERROR] LogOutputStream:75 - [STDERR_REDIRECT] [Fatal Error] :1:1: Premature end of file.
2026-06-21 17:35:46,017 [ERROR] LogOutputStream:75 - [STDERR_REDIRECT] 
2026-06-21 17:35:47,016 [ERROR] LogOutputStream:75 - [STDERR_REDIRECT] [Fatal Error] :1:1: Premature end of file.
2026-06-21 17:35:47,016 [ERROR] LogOutputStream:75 - [STDERR_REDIRECT] 
2026-06-21 17:35:48,016 [ERROR] LogOutputStream:75 - [STDERR_REDIRECT] [Fatal Error] :1:1: Premature end of file.
2026-06-21 17:35:48,016 [ERROR] LogOutputStream:75 - [STDERR_REDIRECT] 
2026-06-21 17:35:49,016 [ERROR] LogOutputStream:75 - [STDERR_REDIRECT] [Fatal Error] :1:1: Premature end of file.
2026-06-21 17:35:49,016 [ERROR] LogOutputStream:75 - [STDERR_REDIRECT] 
2026-06-21 17:35:50,016 [ERROR] LogOutputStream:75 - [STDERR_REDIRECT] [Fatal Error] :1:1: Premature end of file.
2026-06-21 17:35:50,016 [ERROR] LogOutputStream:75 - [STDERR_REDIRECT] 
2026-06-21 17:35:51,016 [ERROR] LogOutputStream:75 - [STDERR_REDIRECT] [Fatal Error] :1:1: Premature end of file.
2026-06-21 17:35:51,016 [ERROR] LogOutputStream:75 - [STDERR_REDIRECT] 
2026-06-21 17:35:52,016 [ERROR] LogOutputStream:75 - [STDERR_REDIRECT] [Fatal Error] :1:1: Premature end of file.
2026-06-21 17:35:52,016 [ERROR] LogOutputStream:75 - [STDERR_REDIRECT] 
2026-06-21 17:35:53,017 [ERROR] LogOutputStream:75 - [STDERR_REDIRECT] [Fatal Error] :1:1: Premature end of file.
2026-06-21 17:35:53,017 [ERROR] LogOutputStream:75 - [STDERR_REDIRECT] 
2026-06-21 17:35:54,015 [ERROR] LogOutputStream:75 - [STDERR_REDIRECT] [Fatal Error] :1:1: Premature end of file.
2026-06-21 17:35:54,015 [ERROR] LogOutputStream:75 - [STDERR_REDIRECT] 
2026-06-21 17:35:55,016 [ERROR] LogOutputStream:75 - [STDERR_REDIRECT] [Fatal Error] :1:1: Premature end of file.
2026-06-21 17:35:55,016 [ERROR] LogOutputStream:75 - [STDERR_REDIRECT] 
2026-06-21 17:35:56,016 [ERROR] LogOutputStream:75 - [STDERR_REDIRECT] [Fatal Error] :1:1: Premature end of file.
2026-06-21 17:35:56,016 [ERROR] LogOutputStream:75 - [STDERR_REDIRECT] 
2026-06-21 17:35:57,016 [ERROR] LogOutputStream:75 - [STDERR_REDIRECT] [Fatal Error] :1:1: Premature end of file.
2026-06-21 17:35:57,017 [ERROR] LogOutputStream:75 - [STDERR_REDIRECT] 
2026-06-21 17:35:58,016 [ERROR] LogOutputStream:75 - [STDERR_REDIRECT] [Fatal Error] :1:1: Premature end of file.
2026-06-21 17:35:58,016 [ERROR] LogOutputStream:75 - [STDERR_REDIRECT] 
2026-06-21 17:35:59,017 [ERROR] LogOutputStream:75 - [STDERR_REDIRECT] [Fatal Error] :1:1: Premature end of file.
2026-06-21 17:35:59,017 [ERROR] LogOutputStream:75 - [STDERR_REDIRECT] 
2026-06-21 17:36:00,016 [ERROR] LogOutputStream:75 - [STDERR_REDIRECT] [Fatal Error] :1:1: Premature end of file.
2026-06-21 17:36:00,017 [ERROR] LogOutputStream:75 - [STDERR_REDIRECT] 
2026-06-21 17:36:01,016 [ERROR] LogOutputStream:75 - [STDERR_REDIRECT] [Fatal Error] :1:1: Premature end of file.
2026-06-21 17:36:01,017 [ERROR] LogOutputStream:75 - [STDERR_REDIRECT] 
2026-06-21 17:36:02,016 [ERROR] LogOutputStream:75 - [STDERR_REDIRECT] [Fatal Error] :1:1: Premature end of file.
2026-06-21 17:36:02,016 [ERROR] LogOutputStream:75 - [STDERR_REDIRECT] 
2026-06-21 17:36:03,016 [ERROR] LogOutputStream:75 - [STDERR_REDIRECT] [Fatal Error] :1:1: Premature end of file.
2026-06-21 17:36:03,016 [ERROR] LogOutputStream:75 - [STDERR_REDIRECT] 
2026-06-21 17:36:04,016 [ERROR] LogOutputStream:75 - [STDERR_REDIRECT] [Fatal Error] :1:1: Premature end of file.
2026-06-21 17:36:04,017 [ERROR] LogOutputStream:75 - [STDERR_REDIRECT] 
2026-06-21 17:36:05,017 [ERROR] LogOutputStream:75 - [STDERR_REDIRECT] [Fatal Error] :1:1: Premature end of file.
2026-06-21 17:36:05,017 [ERROR] LogOutputStream:75 - [STDERR_REDIRECT] 
2026-06-21 17:36:06,016 [ERROR] LogOutputStream:75 - [STDERR_REDIRECT] [Fatal Error] :1:1: Premature end of file.
2026-06-21 17:36:06,016 [ERROR] LogOutputStream:75 - [STDERR_REDIRECT] 
2026-06-21 17:36:07,016 [ERROR] LogOutputStream:75 - [STDERR_REDIRECT] [Fatal Error] :1:1: Premature end of file.
2026-06-21 17:36:07,017 [ERROR] LogOutputStream:75 - [STDERR_REDIRECT] 
2026-06-21 17:36:08,015 [ERROR] LogOutputStream:75 - [STDERR_REDIRECT] [Fatal Error] :1:1: Premature end of file.
2026-06-21 17:36:08,015 [ERROR] LogOutputStream:75 - [STDERR_REDIRECT] 
2026-06-21 17:36:09,017 [ERROR] LogOutputStream:75 - [STDERR_REDIRECT] [Fatal Error] :1:1: Premature end of file.
2026-06-21 17:36:09,018 [ERROR] LogOutputStream:75 - [STDERR_REDIRECT] 
2026-06-21 17:36:10,015 [ERROR] LogOutputStream:75 - [STDERR_REDIRECT] [Fatal Error] :1:1: Premature end of file.
2026-06-21 17:36:10,016 [ERROR] LogOutputStream:75 - [STDERR_REDIRECT] 
2026-06-21 17:36:11,017 [ERROR] LogOutputStream:75 - [STDERR_REDIRECT] [Fatal Error] :1:1: Premature end of file.
2026-06-21 17:36:11,017 [ERROR] LogOutputStream:75 - [STDERR_REDIRECT] 
2026-06-21 17:36:12,016 [ERROR] LogOutputStream:75 - [STDERR_REDIRECT] [Fatal Error] :1:1: Premature end of file.
2026-06-21 17:36:12,016 [ERROR] LogOutputStream:75 - [STDERR_REDIRECT] 
2026-06-21 17:36:13,015 [ERROR] LogOutputStream:75 - [STDERR_REDIRECT] [Fatal Error] :1:1: Premature end of file.
2026-06-21 17:36:13,016 [ERROR] LogOutputStream:75 - [STDERR_REDIRECT] 
2026-06-21 17:36:14,017 [ERROR] LogOutputStream:75 - [STDERR_REDIRECT] [Fatal Error] :1:1: Premature end of file.
2026-06-21 17:36:14,017 [ERROR] LogOutputStream:75 - [STDERR_REDIRECT] 
2026-06-21 17:36:15,017 [ERROR] LogOutputStream:75 - [STDERR_REDIRECT] [Fatal Error] :1:1: Premature end of file.
2026-06-21 17:36:15,017 [ERROR] LogOutputStream:75 - [STDERR_REDIRECT] 
2026-06-21 17:36:16,017 [ERROR] LogOutputStream:75 - [STDERR_REDIRECT] [Fatal Error] :1:1: Premature end of file.
2026-06-21 17:36:16,017 [ERROR] LogOutputStream:75 - [STDERR_REDIRECT] 
2026-06-21 17:36:17,017 [ERROR] LogOutputStream:75 - [STDERR_REDIRECT] [Fatal Error] :1:1: Premature end of file.
2026-06-21 17:36:17,017 [ERROR] LogOutputStream:75 - [STDERR_REDIRECT] 
2026-06-21 17:36:18,017 [ERROR] LogOutputStream:75 - [STDERR_REDIRECT] [Fatal Error] :1:1: Premature end of file.
2026-06-21 17:36:18,018 [ERROR] LogOutputStream:75 - [STDERR_REDIRECT] 
2026-06-21 17:36:19,017 [ERROR] LogOutputStream:75 - [STDERR_REDIRECT] [Fatal Error] :1:1: Premature end of file.
2026-06-21 17:36:19,017 [ERROR] LogOutputStream:75 - [STDERR_REDIRECT] 
2026-06-21 17:36:20,017 [ERROR] LogOutputStream:75 - [STDERR_REDIRECT] [Fatal Error] :1:1: Premature end of file.
2026-06-21 17:36:20,017 [ERROR] LogOutputStream:75 - [STDERR_REDIRECT] 
2026-06-21 17:36:21,016 [ERROR] LogOutputStream:75 - [STDERR_REDIRECT] [Fatal Error] :1:1: Premature end of file.
2026-06-21 17:36:21,016 [ERROR] LogOutputStream:75 - [STDERR_REDIRECT] 
2026-06-21 17:36:22,016 [ERROR] LogOutputStream:75 - [STDERR_REDIRECT] [Fatal Error] :1:1: Premature end of file.
2026-06-21 17:36:22,016 [ERROR] LogOutputStream:75 - [STDERR_REDIRECT] 
2026-06-21 17:36:23,017 [ERROR] LogOutputStream:75 - [STDERR_REDIRECT] [Fatal Error] :1:1: Premature end of file.
2026-06-21 17:36:23,017 [ERROR] LogOutputStream:75 - [STDERR_REDIRECT] 
2026-06-21 17:36:24,017 [ERROR] LogOutputStream:75 - [STDERR_REDIRECT] [Fatal Error] :1:1: Premature end of file.
2026-06-21 17:36:24,017 [ERROR] LogOutputStream:75 - [STDERR_REDIRECT] 
2026-06-21 17:36:25,017 [ERROR] LogOutputStream:75 - [STDERR_REDIRECT] [Fatal Error] :1:1: Premature end of file.
2026-06-21 17:36:25,017 [ERROR] LogOutputStream:75 - [STDERR_REDIRECT] 
2026-06-21 17:36:26,016 [ERROR] LogOutputStream:75 - [STDERR_REDIRECT] [Fatal Error] :1:1: Premature end of file.
2026-06-21 17:36:26,016 [ERROR] LogOutputStream:75 - [STDERR_REDIRECT] 
2026-06-21 17:36:27,016 [ERROR] LogOutputStream:75 - [STDERR_REDIRECT] [Fatal Error] :1:1: Premature end of file.
2026-06-21 17:36:27,016 [ERROR] LogOutputStream:75 - [STDERR_REDIRECT] 
2026-06-21 17:36:28,017 [ERROR] LogOutputStream:75 - [STDERR_REDIRECT] [Fatal Error] :1:1: Premature end of file.
2026-06-21 17:36:28,017 [ERROR] LogOutputStream:75 - [STDERR_REDIRECT] 
2026-06-21 17:36:29,016 [ERROR] LogOutputStream:75 - [STDERR_REDIRECT] [Fatal Error] :1:1: Premature end of file.
2026-06-21 17:36:29,018 [ERROR] LogOutputStream:75 - [STDERR_REDIRECT] 
2026-06-21 17:36:30,017 [ERROR] LogOutputStream:75 - [STDERR_REDIRECT] [Fatal Error] :1:1: Premature end of file.
2026-06-21 17:36:30,017 [ERROR] LogOutputStream:75 - [STDERR_REDIRECT] 
2026-06-21 17:36:31,015 [ERROR] LogOutputStream:75 - [STDERR_REDIRECT] [Fatal Error] :1:1: Premature end of file.
2026-06-21 17:36:31,016 [ERROR] LogOutputStream:75 - [STDERR_REDIRECT] 
2026-06-21 17:36:32,017 [ERROR] LogOutputStream:75 - [STDERR_REDIRECT] [Fatal Error] :1:1: Premature end of file.
2026-06-21 17:36:32,017 [ERROR] LogOutputStream:75 - [STDERR_REDIRECT] 
2026-06-21 17:36:33,016 [ERROR] LogOutputStream:75 - [STDERR_REDIRECT] [Fatal Error] :1:1: Premature end of file.
2026-06-21 17:36:33,016 [ERROR] LogOutputStream:75 - [STDERR_REDIRECT] 
2026-06-21 17:36:34,020 [ERROR] LogOutputStream:75 - [STDERR_REDIRECT] [Fatal Error] :1:1: Premature end of file.
2026-06-21 17:36:34,020 [ERROR] LogOutputStream:75 - [STDERR_REDIRECT] 
2026-06-21 17:36:35,018 [ERROR] LogOutputStream:75 - [STDERR_REDIRECT] [Fatal Error] :1:1: Premature end of file.
2026-06-21 17:36:35,018 [ERROR] LogOutputStream:75 - [STDERR_REDIRECT] 
2026-06-21 17:36:36,016 [ERROR] LogOutputStream:75 - [STDERR_REDIRECT] [Fatal Error] :1:1: Premature end of file.
2026-06-21 17:36:36,016 [ERROR] LogOutputStream:75 - [STDERR_REDIRECT] 
2026-06-21 17:36:37,017 [ERROR] LogOutputStream:75 - [STDERR_REDIRECT] [Fatal Error] :1:1: Premature end of file.
2026-06-21 17:36:37,017 [ERROR] LogOutputStream:75 - [STDERR_REDIRECT] 
2026-06-21 17:36:38,016 [ERROR] LogOutputStream:75 - [STDERR_REDIRECT] [Fatal Error] :1:1: Premature end of file.
2026-06-21 17:36:38,017 [ERROR] LogOutputStream:75 - [STDERR_REDIRECT] 
2026-06-21 17:36:39,017 [ERROR] LogOutputStream:75 - [STDERR_REDIRECT] [Fatal Error] :1:1: Premature end of file.
2026-06-21 17:36:39,017 [ERROR] LogOutputStream:75 - [STDERR_REDIRECT] 
2026-06-21 17:36:40,017 [ERROR] LogOutputStream:75 - [STDERR_REDIRECT] [Fatal Error] :1:1: Premature end of file.
2026-06-21 17:36:40,017 [ERROR] LogOutputStream:75 - [STDERR_REDIRECT] 
2026-06-21 17:36:41,018 [ERROR] LogOutputStream:75 - [STDERR_REDIRECT] [Fatal Error] :1:1: Premature end of file.
2026-06-21 17:36:41,018 [ERROR] LogOutputStream:75 - [STDERR_REDIRECT] 
2026-06-21 17:36:42,015 [ERROR] LogOutputStream:75 - [STDERR_REDIRECT] [Fatal Error] :1:1: Premature end of file.
2026-06-21 17:36:42,017 [ERROR] LogOutputStream:75 - [STDERR_REDIRECT] 
2026-06-21 17:36:43,017 [ERROR] LogOutputStream:75 - [STDERR_REDIRECT] [Fatal Error] :1:1: Premature end of file.
2026-06-21 17:36:43,017 [ERROR] LogOutputStream:75 - [STDERR_REDIRECT] 
2026-06-21 17:36:44,016 [ERROR] LogOutputStream:75 - [STDERR_REDIRECT] [Fatal Error] :1:1: Premature end of file.
2026-06-21 17:36:44,017 [ERROR] LogOutputStream:75 - [STDERR_REDIRECT] 
2026-06-21 17:36:45,017 [ERROR] LogOutputStream:75 - [STDERR_REDIRECT] [Fatal Error] :1:1: Premature end of file.
2026-06-21 17:36:45,017 [ERROR] LogOutputStream:75 - [STDERR_REDIRECT] 
2026-06-21 17:36:46,016 [ERROR] LogOutputStream:75 - [STDERR_REDIRECT] [Fatal Error] :1:1: Premature end of file.
2026-06-21 17:36:46,016 [ERROR] LogOutputStream:75 - [STDERR_REDIRECT] 
2026-06-21 17:36:47,017 [ERROR] LogOutputStream:75 - [STDERR_REDIRECT] [Fatal Error] :1:1: Premature end of file.
2026-06-21 17:36:47,017 [ERROR] LogOutputStream:75 - [STDERR_REDIRECT] 
2026-06-21 17:36:48,016 [ERROR] LogOutputStream:75 - [STDERR_REDIRECT] [Fatal Error] :1:1: Premature end of file.
2026-06-21 17:36:48,016 [ERROR] LogOutputStream:75 - [STDERR_REDIRECT] 
2026-06-21 17:36:49,016 [ERROR] LogOutputStream:75 - [STDERR_REDIRECT] [Fatal Error] :1:1: Premature end of file.
2026-06-21 17:36:49,016 [ERROR] LogOutputStream:75 - [STDERR_REDIRECT] 
2026-06-21 17:36:50,017 [ERROR] LogOutputStream:75 - [STDERR_REDIRECT] [Fatal Error] :1:1: Premature end of file.
2026-06-21 17:36:50,017 [ERROR] LogOutputStream:75 - [STDERR_REDIRECT] 
2026-06-21 17:36:51,017 [ERROR] LogOutputStream:75 - [STDERR_REDIRECT] [Fatal Error] :1:1: Premature end of file.
2026-06-21 17:36:51,017 [ERROR] LogOutputStream:75 - [STDERR_REDIRECT] 
2026-06-21 17:36:52,016 [ERROR] LogOutputStream:75 - [STDERR_REDIRECT] [Fatal Error] :1:1: Premature end of file.
2026-06-21 17:36:52,016 [ERROR] LogOutputStream:75 - [STDERR_REDIRECT] 
2026-06-21 17:36:53,016 [ERROR] LogOutputStream:75 - [STDERR_REDIRECT] [Fatal Error] :1:1: Premature end of file.
2026-06-21 17:36:53,016 [ERROR] LogOutputStream:75 - [STDERR_REDIRECT] 
2026-06-21 17:36:54,017 [ERROR] LogOutputStream:75 - [STDERR_REDIRECT] [Fatal Error] :1:1: Premature end of file.
2026-06-21 17:36:54,017 [ERROR] LogOutputStream:75 - [STDERR_REDIRECT] 
2026-06-21 17:36:55,015 [ERROR] LogOutputStream:75 - [STDERR_REDIRECT] [Fatal Error] :1:1: Premature end of file.
2026-06-21 17:36:55,015 [ERROR] LogOutputStream:75 - [STDERR_REDIRECT] 
2026-06-21 17:36:56,016 [ERROR] LogOutputStream:75 - [STDERR_REDIRECT] [Fatal Error] :1:1: Premature end of file.
2026-06-21 17:36:56,016 [ERROR] LogOutputStream:75 - [STDERR_REDIRECT] 
2026-06-21 17:36:57,017 [ERROR] LogOutputStream:75 - [STDERR_REDIRECT] [Fatal Error] :1:1: Premature end of file.
2026-06-21 17:36:57,017 [ERROR] LogOutputStream:75 - [STDERR_REDIRECT] 
2026-06-21 17:36:58,016 [ERROR] LogOutputStream:75 - [STDERR_REDIRECT] [Fatal Error] :1:1: Premature end of file.
2026-06-21 17:36:58,016 [ERROR] LogOutputStream:75 - [STDERR_REDIRECT] 
2026-06-21 17:36:59,016 [ERROR] LogOutputStream:75 - [STDERR_REDIRECT] [Fatal Error] :1:1: Premature end of file.
2026-06-21 17:36:59,017 [ERROR] LogOutputStream:75 - [STDERR_REDIRECT] 
2026-06-21 17:37:00,016 [ERROR] LogOutputStream:75 - [STDERR_REDIRECT] [Fatal Error] :1:1: Premature end of file.
2026-06-21 17:37:00,016 [ERROR] LogOutputStream:75 - [STDERR_REDIRECT] 
2026-06-21 17:37:01,016 [ERROR] LogOutputStream:75 - [STDERR_REDIRECT] [Fatal Error] :1:1: Premature end of file.
2026-06-21 17:37:01,016 [ERROR] LogOutputStream:75 - [STDERR_REDIRECT] 
2026-06-21 17:37:02,017 [ERROR] LogOutputStream:75 - [STDERR_REDIRECT] [Fatal Error] :1:1: Premature end of file.
2026-06-21 17:37:02,017 [ERROR] LogOutputStream:75 - [STDERR_REDIRECT] 
2026-06-21 17:37:03,015 [ERROR] LogOutputStream:75 - [STDERR_REDIRECT] [Fatal Error] :1:1: Premature end of file.
2026-06-21 17:37:03,016 [ERROR] LogOutputStream:75 - [STDERR_REDIRECT] 
2026-06-21 17:37:04,016 [ERROR] LogOutputStream:75 - [STDERR_REDIRECT] [Fatal Error] :1:1: Premature end of file.
2026-06-21 17:37:04,016 [ERROR] LogOutputStream:75 - [STDERR_REDIRECT] 
2026-06-21 17:37:05,016 [ERROR] LogOutputStream:75 - [STDERR_REDIRECT] [Fatal Error] :1:1: Premature end of file.
2026-06-21 17:37:05,016 [ERROR] LogOutputStream:75 - [STDERR_REDIRECT] 
2026-06-21 17:37:06,016 [ERROR] LogOutputStream:75 - [STDERR_REDIRECT] [Fatal Error] :1:1: Premature end of file.
2026-06-21 17:37:06,016 [ERROR] LogOutputStream:75 - [STDERR_REDIRECT] 
2026-06-21 17:37:07,016 [ERROR] LogOutputStream:75 - [STDERR_REDIRECT] [Fatal Error] :1:1: Premature end of file.
2026-06-21 17:37:07,016 [ERROR] LogOutputStream:75 - [STDERR_REDIRECT] 
2026-06-21 17:37:08,016 [ERROR] LogOutputStream:75 - [STDERR_REDIRECT] [Fatal Error] :1:1: Premature end of file.
2026-06-21 17:37:08,017 [ERROR] LogOutputStream:75 - [STDERR_REDIRECT] 
2026-06-21 17:37:09,017 [ERROR] LogOutputStream:75 - [STDERR_REDIRECT] [Fatal Error] :1:1: Premature end of file.
2026-06-21 17:37:09,017 [ERROR] LogOutputStream:75 - [STDERR_REDIRECT] 
2026-06-21 17:37:10,017 [ERROR] LogOutputStream:75 - [STDERR_REDIRECT] [Fatal Error] :1:1: Premature end of file.
2026-06-21 17:37:10,017 [ERROR] LogOutputStream:75 - [STDERR_REDIRECT] 
2026-06-21 17:37:11,016 [ERROR] LogOutputStream:75 - [STDERR_REDIRECT] [Fatal Error] :1:1: Premature end of file.
2026-06-21 17:37:11,016 [ERROR] LogOutputStream:75 - [STDERR_REDIRECT] 
2026-06-21 17:37:12,017 [ERROR] LogOutputStream:75 - [STDERR_REDIRECT] [Fatal Error] :1:1: Premature end of file.
2026-06-21 17:37:12,017 [ERROR] LogOutputStream:75 - [STDERR_REDIRECT] 
2026-06-21 17:37:13,018 [ERROR] LogOutputStream:75 - [STDERR_REDIRECT] [Fatal Error] :1:1: Premature end of file.
2026-06-21 17:37:13,018 [ERROR] LogOutputStream:75 - [STDERR_REDIRECT] 
2026-06-21 17:37:14,015 [ERROR] LogOutputStream:75 - [STDERR_REDIRECT] [Fatal Error] :1:1: Premature end of file.
2026-06-21 17:37:14,015 [ERROR] LogOutputStream:75 - [STDERR_REDIRECT] 
2026-06-21 17:37:15,017 [ERROR] LogOutputStream:75 - [STDERR_REDIRECT] [Fatal Error] :1:1: Premature end of file.
2026-06-21 17:37:15,017 [ERROR] LogOutputStream:75 - [STDERR_REDIRECT] 
2026-06-21 17:37:16,015 [ERROR] LogOutputStream:75 - [STDERR_REDIRECT] [Fatal Error] :1:1: Premature end of file.
2026-06-21 17:37:16,015 [ERROR] LogOutputStream:75 - [STDERR_REDIRECT] 
2026-06-21 17:37:17,017 [ERROR] LogOutputStream:75 - [STDERR_REDIRECT] [Fatal Error] :1:1: Premature end of file.
2026-06-21 17:37:17,017 [ERROR] LogOutputStream:75 - [STDERR_REDIRECT] 
2026-06-21 17:37:18,018 [ERROR] LogOutputStream:75 - [STDERR_REDIRECT] [Fatal Error] :1:1: Premature end of file.
2026-06-21 17:37:18,018 [ERROR] LogOutputStream:75 - [STDERR_REDIRECT] 
2026-06-21 17:37:19,017 [ERROR] LogOutputStream:75 - [STDERR_REDIRECT] [Fatal Error] :1:1: Premature end of file.
2026-06-21 17:37:19,017 [ERROR] LogOutputStream:75 - [STDERR_REDIRECT] 
2026-06-21 17:37:20,018 [ERROR] LogOutputStream:75 - [STDERR_REDIRECT] [Fatal Error] :1:1: Premature end of file.
2026-06-21 17:37:20,018 [ERROR] LogOutputStream:75 - [STDERR_REDIRECT] 
2026-06-21 17:37:21,017 [ERROR] LogOutputStream:75 - [STDERR_REDIRECT] [Fatal Error] :1:1: Premature end of file.
2026-06-21 17:37:21,017 [ERROR] LogOutputStream:75 - [STDERR_REDIRECT] 
2026-06-21 17:37:22,018 [ERROR] LogOutputStream:75 - [STDERR_REDIRECT] [Fatal Error] :1:1: Premature end of file.
2026-06-21 17:37:22,018 [ERROR] LogOutputStream:75 - [STDERR_REDIRECT] 
2026-06-21 17:37:23,017 [ERROR] LogOutputStream:75 - [STDERR_REDIRECT] [Fatal Error] :1:1: Premature end of file.
2026-06-21 17:37:23,017 [ERROR] LogOutputStream:75 - [STDERR_REDIRECT] 
2026-06-21 17:37:24,018 [ERROR] LogOutputStream:75 - [STDERR_REDIRECT] [Fatal Error] :1:1: Premature end of file.
2026-06-21 17:37:24,018 [ERROR] LogOutputStream:75 - [STDERR_REDIRECT] 
2026-06-21 17:37:25,016 [ERROR] LogOutputStream:75 - [STDERR_REDIRECT] [Fatal Error] :1:1: Premature end of file.
2026-06-21 17:37:25,017 [ERROR] LogOutputStream:75 - [STDERR_REDIRECT] 
2026-06-21 17:37:26,018 [ERROR] LogOutputStream:75 - [STDERR_REDIRECT] [Fatal Error] :1:1: Premature end of file.
2026-06-21 17:37:26,018 [ERROR] LogOutputStream:75 - [STDERR_REDIRECT] 
2026-06-21 17:37:27,017 [ERROR] LogOutputStream:75 - [STDERR_REDIRECT] [Fatal Error] :1:1: Premature end of file.
2026-06-21 17:37:27,017 [ERROR] LogOutputStream:75 - [STDERR_REDIRECT] 
2026-06-21 17:37:28,016 [ERROR] LogOutputStream:75 - [STDERR_REDIRECT] [Fatal Error] :1:1: Premature end of file.
2026-06-21 17:37:28,016 [ERROR] LogOutputStream:75 - [STDERR_REDIRECT] 
2026-06-21 17:37:29,018 [ERROR] LogOutputStream:75 - [STDERR_REDIRECT] [Fatal Error] :1:1: Premature end of file.
2026-06-21 17:37:29,018 [ERROR] LogOutputStream:75 - [STDERR_REDIRECT] 
2026-06-21 17:37:30,018 [ERROR] LogOutputStream:75 - [STDERR_REDIRECT] [Fatal Error] :1:1: Premature end of file.
2026-06-21 17:37:30,018 [ERROR] LogOutputStream:75 - [STDERR_REDIRECT] 
2026-06-21 17:37:31,016 [ERROR] LogOutputStream:75 - [STDERR_REDIRECT] [Fatal Error] :1:1: Premature end of file.
2026-06-21 17:37:31,016 [ERROR] LogOutputStream:75 - [STDERR_REDIRECT] 
2026-06-21 17:37:32,017 [ERROR] LogOutputStream:75 - [STDERR_REDIRECT] [Fatal Error] :1:1: Premature end of file.
2026-06-21 17:37:32,017 [ERROR] LogOutputStream:75 - [STDERR_REDIRECT] 
2026-06-21 17:37:33,016 [ERROR] LogOutputStream:75 - [STDERR_REDIRECT] [Fatal Error] :1:1: Premature end of file.
2026-06-21 17:37:33,017 [ERROR] LogOutputStream:75 - [STDERR_REDIRECT] 
2026-06-21 17:37:34,018 [ERROR] LogOutputStream:75 - [STDERR_REDIRECT] [Fatal Error] :1:1: Premature end of file.
2026-06-21 17:37:34,018 [ERROR] LogOutputStream:75 - [STDERR_REDIRECT] 
2026-06-21 17:37:35,022 [ERROR] LogOutputStream:75 - [STDERR_REDIRECT] [Fatal Error] :1:1: Premature end of file.
2026-06-21 17:37:35,022 [ERROR] LogOutputStream:75 - [STDERR_REDIRECT] 
2026-06-21 17:37:36,017 [ERROR] LogOutputStream:75 - [STDERR_REDIRECT] [Fatal Error] :1:1: Premature end of file.
2026-06-21 17:37:36,018 [ERROR] LogOutputStream:75 - [STDERR_REDIRECT] 
2026-06-21 17:37:37,017 [ERROR] LogOutputStream:75 - [STDERR_REDIRECT] [Fatal Error] :1:1: Premature end of file.
2026-06-21 17:37:37,017 [ERROR] LogOutputStream:75 - [STDERR_REDIRECT] 
2026-06-21 17:37:38,016 [ERROR] LogOutputStream:75 - [STDERR_REDIRECT] [Fatal Error] :1:1: Premature end of file.
2026-06-21 17:37:38,016 [ERROR] LogOutputStream:75 - [STDERR_REDIRECT] 
2026-06-21 17:37:39,017 [ERROR] LogOutputStream:75 - [STDERR_REDIRECT] [Fatal Error] :1:1: Premature end of file.
2026-06-21 17:37:39,018 [ERROR] LogOutputStream:75 - [STDERR_REDIRECT] 
2026-06-21 17:37:40,017 [ERROR] LogOutputStream:75 - [STDERR_REDIRECT] [Fatal Error] :1:1: Premature end of file.
2026-06-21 17:37:40,017 [ERROR] LogOutputStream:75 - [STDERR_REDIRECT] 
2026-06-21 17:37:41,017 [ERROR] LogOutputStream:75 - [STDERR_REDIRECT] [Fatal Error] :1:1: Premature end of file.
2026-06-21 17:37:41,018 [ERROR] LogOutputStream:75 - [STDERR_REDIRECT] 
2026-06-21 17:37:42,017 [ERROR] LogOutputStream:75 - [STDERR_REDIRECT] [Fatal Error] :1:1: Premature end of file.
2026-06-21 17:37:42,017 [ERROR] LogOutputStream:75 - [STDERR_REDIRECT] 
2026-06-21 17:37:43,017 [ERROR] LogOutputStream:75 - [STDERR_REDIRECT] [Fatal Error] :1:1: Premature end of file.
2026-06-21 17:37:43,017 [ERROR] LogOutputStream:75 - [STDERR_REDIRECT] 
2026-06-21 17:37:44,018 [ERROR] LogOutputStream:75 - [STDERR_REDIRECT] [Fatal Error] :1:1: Premature end of file.
2026-06-21 17:37:44,018 [ERROR] LogOutputStream:75 - [STDERR_REDIRECT] 
2026-06-21 17:37:45,017 [ERROR] LogOutputStream:75 - [STDERR_REDIRECT] [Fatal Error] :1:1: Premature end of file.
2026-06-21 17:37:45,017 [ERROR] LogOutputStream:75 - [STDERR_REDIRECT] 
2026-06-21 17:37:46,017 [ERROR] LogOutputStream:75 - [STDERR_REDIRECT] [Fatal Error] :1:1: Premature end of file.
2026-06-21 17:37:46,017 [ERROR] LogOutputStream:75 - [STDERR_REDIRECT] 
2026-06-21 17:37:47,016 [ERROR] LogOutputStream:75 - [STDERR_REDIRECT] [Fatal Error] :1:1: Premature end of file.
2026-06-21 17:37:47,017 [ERROR] LogOutputStream:75 - [STDERR_REDIRECT] 
2026-06-21 17:37:48,017 [ERROR] LogOutputStream:75 - [STDERR_REDIRECT] [Fatal Error] :1:1: Premature end of file.
2026-06-21 17:37:48,018 [ERROR] LogOutputStream:75 - [STDERR_REDIRECT] 
2026-06-21 17:37:49,017 [ERROR] LogOutputStream:75 - [STDERR_REDIRECT] [Fatal Error] :1:1: Premature end of file.
2026-06-21 17:37:49,017 [ERROR] LogOutputStream:75 - [STDERR_REDIRECT] 
2026-06-21 17:37:50,017 [ERROR] LogOutputStream:75 - [STDERR_REDIRECT] [Fatal Error] :1:1: Premature end of file.
2026-06-21 17:37:50,017 [ERROR] LogOutputStream:75 - [STDERR_REDIRECT] 
2026-06-21 17:37:51,017 [ERROR] LogOutputStream:75 - [STDERR_REDIRECT] [Fatal Error] :1:1: Premature end of file.
2026-06-21 17:37:51,017 [ERROR] LogOutputStream:75 - [STDERR_REDIRECT] 
2026-06-21 17:37:52,017 [ERROR] LogOutputStream:75 - [STDERR_REDIRECT] [Fatal Error] :1:1: Premature end of file.
2026-06-21 17:37:52,018 [ERROR] LogOutputStream:75 - [STDERR_REDIRECT] 
2026-06-21 17:37:53,017 [ERROR] LogOutputStream:75 - [STDERR_REDIRECT] [Fatal Error] :1:1: Premature end of file.
2026-06-21 17:37:53,017 [ERROR] LogOutputStream:75 - [STDERR_REDIRECT] 
2026-06-21 17:37:54,017 [ERROR] LogOutputStream:75 - [STDERR_REDIRECT] [Fatal Error] :1:1: Premature end of file.
2026-06-21 17:37:54,018 [ERROR] LogOutputStream:75 - [STDERR_REDIRECT] 
2026-06-21 17:37:55,017 [ERROR] LogOutputStream:75 - [STDERR_REDIRECT] [Fatal Error] :1:1: Premature end of file.
2026-06-21 17:37:55,017 [ERROR] LogOutputStream:75 - [STDERR_REDIRECT] 
2026-06-21 17:37:56,016 [ERROR] LogOutputStream:75 - [STDERR_REDIRECT] [Fatal Error] :1:1: Premature end of file.
2026-06-21 17:37:56,016 [ERROR] LogOutputStream:75 - [STDERR_REDIRECT] 
2026-06-21 17:37:57,017 [ERROR] LogOutputStream:75 - [STDERR_REDIRECT] [Fatal Error] :1:1: Premature end of file.
2026-06-21 17:37:57,017 [ERROR] LogOutputStream:75 - [STDERR_REDIRECT] 
2026-06-21 17:37:58,017 [ERROR] LogOutputStream:75 - [STDERR_REDIRECT] [Fatal Error] :1:1: Premature end of file.
2026-06-21 17:37:58,018 [ERROR] LogOutputStream:75 - [STDERR_REDIRECT] 
2026-06-21 17:37:59,017 [ERROR] LogOutputStream:75 - [STDERR_REDIRECT] [Fatal Error] :1:1: Premature end of file.
2026-06-21 17:37:59,017 [ERROR] LogOutputStream:75 - [STDERR_REDIRECT] 
2026-06-21 17:38:00,018 [ERROR] LogOutputStream:75 - [STDERR_REDIRECT] [Fatal Error] :1:1: Premature end of file.
2026-06-21 17:38:00,018 [ERROR] LogOutputStream:75 - [STDERR_REDIRECT] 
2026-06-21 17:38:01,016 [ERROR] LogOutputStream:75 - [STDERR_REDIRECT] [Fatal Error] :1:1: Premature end of file.
2026-06-21 17:38:01,016 [ERROR] LogOutputStream:75 - [STDERR_REDIRECT] 
2026-06-21 17:38:02,017 [ERROR] LogOutputStream:75 - [STDERR_REDIRECT] [Fatal Error] :1:1: Premature end of file.
2026-06-21 17:38:02,017 [ERROR] LogOutputStream:75 - [STDERR_REDIRECT] 
2026-06-21 17:38:03,016 [ERROR] LogOutputStream:75 - [STDERR_REDIRECT] [Fatal Error] :1:1: Premature end of file.
2026-06-21 17:38:03,016 [ERROR] LogOutputStream:75 - [STDERR_REDIRECT] 
2026-06-21 17:38:04,016 [ERROR] LogOutputStream:75 - [STDERR_REDIRECT] [Fatal Error] :1:1: Premature end of file.
2026-06-21 17:38:04,016 [ERROR] LogOutputStream:75 - [STDERR_REDIRECT] 
2026-06-21 17:38:05,016 [ERROR] LogOutputStream:75 - [STDERR_REDIRECT] [Fatal Error] :1:1: Premature end of file.
2026-06-21 17:38:05,016 [ERROR] LogOutputStream:75 - [STDERR_REDIRECT] 
2026-06-21 17:38:06,016 [ERROR] LogOutputStream:75 - [STDERR_REDIRECT] [Fatal Error] :1:1: Premature end of file.
2026-06-21 17:38:06,017 [ERROR] LogOutputStream:75 - [STDERR_REDIRECT] 
2026-06-21 17:38:07,016 [ERROR] LogOutputStream:75 - [STDERR_REDIRECT] [Fatal Error] :1:1: Premature end of file.
2026-06-21 17:38:07,016 [ERROR] LogOutputStream:75 - [STDERR_REDIRECT] 
2026-06-21 17:38:08,017 [ERROR] LogOutputStream:75 - [STDERR_REDIRECT] [Fatal Error] :1:1: Premature end of file.
2026-06-21 17:38:08,017 [ERROR] LogOutputStream:75 - [STDERR_REDIRECT] 
2026-06-21 17:38:09,015 [ERROR] LogOutputStream:75 - [STDERR_REDIRECT] [Fatal Error] :1:1: Premature end of file.
2026-06-21 17:38:09,015 [ERROR] LogOutputStream:75 - [STDERR_REDIRECT] 
2026-06-21 17:38:10,015 [ERROR] LogOutputStream:75 - [STDERR_REDIRECT] [Fatal Error] :1:1: Premature end of file.
2026-06-21 17:38:10,015 [ERROR] LogOutputStream:75 - [STDERR_REDIRECT] 
2026-06-21 17:38:11,017 [ERROR] LogOutputStream:75 - [STDERR_REDIRECT] [Fatal Error] :1:1: Premature end of file.
2026-06-21 17:38:11,017 [ERROR] LogOutputStream:75 - [STDERR_REDIRECT] 
2026-06-21 17:38:12,015 [ERROR] LogOutputStream:75 - [STDERR_REDIRECT] [Fatal Error] :1:1: Premature end of file.
2026-06-21 17:38:12,015 [ERROR] LogOutputStream:75 - [STDERR_REDIRECT] 
2026-06-21 17:38:13,015 [ERROR] LogOutputStream:75 - [STDERR_REDIRECT] [Fatal Error] :1:1: Premature end of file.
2026-06-21 17:38:13,017 [ERROR] LogOutputStream:75 - [STDERR_REDIRECT] 
2026-06-21 17:38:14,015 [ERROR] LogOutputStream:75 - [STDERR_REDIRECT] [Fatal Error] :1:1: Premature end of file.
2026-06-21 17:38:14,015 [ERROR] LogOutputStream:75 - [STDERR_REDIRECT] 
2026-06-21 17:38:15,017 [ERROR] LogOutputStream:75 - [STDERR_REDIRECT] [Fatal Error] :1:1: Premature end of file.
2026-06-21 17:38:15,017 [ERROR] LogOutputStream:75 - [STDERR_REDIRECT] 
2026-06-21 17:38:16,015 [ERROR] LogOutputStream:75 - [STDERR_REDIRECT] [Fatal Error] :1:1: Premature end of file.
2026-06-21 17:38:16,015 [ERROR] LogOutputStream:75 - [STDERR_REDIRECT] 
2026-06-21 17:38:17,017 [ERROR] LogOutputStream:75 - [STDERR_REDIRECT] [Fatal Error] :1:1: Premature end of file.
2026-06-21 17:38:17,017 [ERROR] LogOutputStream:75 - [STDERR_REDIRECT] 
2026-06-21 17:38:18,015 [ERROR] LogOutputStream:75 - [STDERR_REDIRECT] [Fatal Error] :1:1: Premature end of file.
2026-06-21 17:38:18,016 [ERROR] LogOutputStream:75 - [STDERR_REDIRECT] 
2026-06-21 17:38:19,017 [ERROR] LogOutputStream:75 - [STDERR_REDIRECT] [Fatal Error] :1:1: Premature end of file.
2026-06-21 17:38:19,017 [ERROR] LogOutputStream:75 - [STDERR_REDIRECT] 
2026-06-21 17:38:20,015 [ERROR] LogOutputStream:75 - [STDERR_REDIRECT] [Fatal Error] :1:1: Premature end of file.
2026-06-21 17:38:20,016 [ERROR] LogOutputStream:75 - [STDERR_REDIRECT] 
2026-06-21 17:38:21,016 [ERROR] LogOutputStream:75 - [STDERR_REDIRECT] [Fatal Error] :1:1: Premature end of file.
2026-06-21 17:38:21,016 [ERROR] LogOutputStream:75 - [STDERR_REDIRECT] 
2026-06-21 17:38:22,016 [ERROR] LogOutputStream:75 - [STDERR_REDIRECT] [Fatal Error] :1:1: Premature end of file.
2026-06-21 17:38:22,016 [ERROR] LogOutputStream:75 - [STDERR_REDIRECT] 
2026-06-21 17:38:23,016 [ERROR] LogOutputStream:75 - [STDERR_REDIRECT] [Fatal Error] :1:1: Premature end of file.
2026-06-21 17:38:23,016 [ERROR] LogOutputStream:75 - [STDERR_REDIRECT] 
2026-06-21 17:38:24,016 [ERROR] LogOutputStream:75 - [STDERR_REDIRECT] [Fatal Error] :1:1: Premature end of file.
2026-06-21 17:38:24,016 [ERROR] LogOutputStream:75 - [STDERR_REDIRECT] 
2026-06-21 17:38:25,017 [ERROR] LogOutputStream:75 - [STDERR_REDIRECT] [Fatal Error] :1:1: Premature end of file.
2026-06-21 17:38:25,017 [ERROR] LogOutputStream:75 - [STDERR_REDIRECT] 
2026-06-21 17:38:26,016 [ERROR] LogOutputStream:75 - [STDERR_REDIRECT] [Fatal Error] :1:1: Premature end of file.
2026-06-21 17:38:26,016 [ERROR] LogOutputStream:75 - [STDERR_REDIRECT] 
2026-06-21 17:38:27,016 [ERROR] LogOutputStream:75 - [STDERR_REDIRECT] [Fatal Error] :1:1: Premature end of file.
2026-06-21 17:38:27,016 [ERROR] LogOutputStream:75 - [STDERR_REDIRECT] 
2026-06-21 17:38:28,015 [ERROR] LogOutputStream:75 - [STDERR_REDIRECT] [Fatal Error] :1:1: Premature end of file.
2026-06-21 17:38:28,017 [ERROR] LogOutputStream:75 - [STDERR_REDIRECT] 
2026-06-21 17:38:29,016 [ERROR] LogOutputStream:75 - [STDERR_REDIRECT] [Fatal Error] :1:1: Premature end of file.
2026-06-21 17:38:29,016 [ERROR] LogOutputStream:75 - [STDERR_REDIRECT] 
2026-06-21 17:38:30,015 [ERROR] LogOutputStream:75 - [STDERR_REDIRECT] [Fatal Error] :1:1: Premature end of file.
2026-06-21 17:38:30,015 [ERROR] LogOutputStream:75 - [STDERR_REDIRECT] 
2026-06-21 17:38:31,015 [ERROR] LogOutputStream:75 - [STDERR_REDIRECT] [Fatal Error] :1:1: Premature end of file.
2026-06-21 17:38:31,016 [ERROR] LogOutputStream:75 - [STDERR_REDIRECT] 
2026-06-21 17:38:32,016 [ERROR] LogOutputStream:75 - [STDERR_REDIRECT] [Fatal Error] :1:1: Premature end of file.
2026-06-21 17:38:32,016 [ERROR] LogOutputStream:75 - [STDERR_REDIRECT] 
2026-06-21 17:38:33,016 [ERROR] LogOutputStream:75 - [STDERR_REDIRECT] [Fatal Error] :1:1: Premature end of file.
2026-06-21 17:38:33,016 [ERROR] LogOutputStream:75 - [STDERR_REDIRECT] 
2026-06-21 17:38:34,016 [ERROR] LogOutputStream:75 - [STDERR_REDIRECT] [Fatal Error] :1:1: Premature end of file.
2026-06-21 17:38:34,016 [ERROR] LogOutputStream:75 - [STDERR_REDIRECT] 
2026-06-21 17:38:35,016 [ERROR] LogOutputStream:75 - [STDERR_REDIRECT] [Fatal Error] :1:1: Premature end of file.
2026-06-21 17:38:35,016 [ERROR] LogOutputStream:75 - [STDERR_REDIRECT] 
2026-06-21 17:38:36,020 [ERROR] LogOutputStream:75 - [STDERR_REDIRECT] [Fatal Error] :1:1: Premature end of file.
2026-06-21 17:38:36,020 [ERROR] LogOutputStream:75 - [STDERR_REDIRECT] 
2026-06-21 17:38:37,016 [ERROR] LogOutputStream:75 - [STDERR_REDIRECT] [Fatal Error] :1:1: Premature end of file.
2026-06-21 17:38:37,016 [ERROR] LogOutputStream:75 - [STDERR_REDIRECT] 
2026-06-21 17:38:38,016 [ERROR] LogOutputStream:75 - [STDERR_REDIRECT] [Fatal Error] :1:1: Premature end of file.
2026-06-21 17:38:38,016 [ERROR] LogOutputStream:75 - [STDERR_REDIRECT] 
2026-06-21 17:38:39,016 [ERROR] LogOutputStream:75 - [STDERR_REDIRECT] [Fatal Error] :1:1: Premature end of file.
2026-06-21 17:38:39,016 [ERROR] LogOutputStream:75 - [STDERR_REDIRECT] 
2026-06-21 17:38:40,017 [ERROR] LogOutputStream:75 - [STDERR_REDIRECT] [Fatal Error] :1:1: Premature end of file.
2026-06-21 17:38:40,017 [ERROR] LogOutputStream:75 - [STDERR_REDIRECT] 
2026-06-21 17:38:41,016 [ERROR] LogOutputStream:75 - [STDERR_REDIRECT] [Fatal Error] :1:1: Premature end of file.
2026-06-21 17:38:41,016 [ERROR] LogOutputStream:75 - [STDERR_REDIRECT] 
2026-06-21 17:38:42,015 [ERROR] LogOutputStream:75 - [STDERR_REDIRECT] [Fatal Error] :1:1: Premature end of file.
2026-06-21 17:38:42,016 [ERROR] LogOutputStream:75 - [STDERR_REDIRECT] 
2026-06-21 17:38:43,016 [ERROR] LogOutputStream:75 - [STDERR_REDIRECT] [Fatal Error] :1:1: Premature end of file.
2026-06-21 17:38:43,017 [ERROR] LogOutputStream:75 - [STDERR_REDIRECT] 
2026-06-21 17:38:44,016 [ERROR] LogOutputStream:75 - [STDERR_REDIRECT] [Fatal Error] :1:1: Premature end of file.
2026-06-21 17:38:44,016 [ERROR] LogOutputStream:75 - [STDERR_REDIRECT] 
2026-06-21 17:38:45,017 [ERROR] LogOutputStream:75 - [STDERR_REDIRECT] [Fatal Error] :1:1: Premature end of file.
2026-06-21 17:38:45,017 [ERROR] LogOutputStream:75 - [STDERR_REDIRECT] 
2026-06-21 17:38:46,017 [ERROR] LogOutputStream:75 - [STDERR_REDIRECT] [Fatal Error] :1:1: Premature end of file.
2026-06-21 17:38:46,017 [ERROR] LogOutputStream:75 - [STDERR_REDIRECT] 
2026-06-21 17:38:47,016 [ERROR] LogOutputStream:75 - [STDERR_REDIRECT] [Fatal Error] :1:1: Premature end of file.
2026-06-21 17:38:47,016 [ERROR] LogOutputStream:75 - [STDERR_REDIRECT] 
2026-06-21 17:38:48,016 [ERROR] LogOutputStream:75 - [STDERR_REDIRECT] [Fatal Error] :1:1: Premature end of file.
2026-06-21 17:38:48,016 [ERROR] LogOutputStream:75 - [STDERR_REDIRECT] 
2026-06-21 17:38:49,017 [ERROR] LogOutputStream:75 - [STDERR_REDIRECT] [Fatal Error] :1:1: Premature end of file.
2026-06-21 17:38:49,017 [ERROR] LogOutputStream:75 - [STDERR_REDIRECT] 
2026-06-21 17:38:50,017 [ERROR] LogOutputStream:75 - [STDERR_REDIRECT] [Fatal Error] :1:1: Premature end of file.
2026-06-21 17:38:50,017 [ERROR] LogOutputStream:75 - [STDERR_REDIRECT] 
2026-06-21 17:38:51,016 [ERROR] LogOutputStream:75 - [STDERR_REDIRECT] [Fatal Error] :1:1: Premature end of file.
2026-06-21 17:38:51,016 [ERROR] LogOutputStream:75 - [STDERR_REDIRECT] 
2026-06-21 17:38:52,017 [ERROR] LogOutputStream:75 - [STDERR_REDIRECT] [Fatal Error] :1:1: Premature end of file.
2026-06-21 17:38:52,017 [ERROR] LogOutputStream:75 - [STDERR_REDIRECT] 
2026-06-21 17:38:53,016 [ERROR] LogOutputStream:75 - [STDERR_REDIRECT] [Fatal Error] :1:1: Premature end of file.
2026-06-21 17:38:53,016 [ERROR] LogOutputStream:75 - [STDERR_REDIRECT] 
2026-06-21 17:38:54,018 [ERROR] LogOutputStream:75 - [STDERR_REDIRECT] [Fatal Error] :1:1: Premature end of file.
2026-06-21 17:38:54,018 [ERROR] LogOutputStream:75 - [STDERR_REDIRECT] 
2026-06-21 17:38:55,015 [ERROR] LogOutputStream:75 - [STDERR_REDIRECT] [Fatal Error] :1:1: Premature end of file.
2026-06-21 17:38:55,016 [ERROR] LogOutputStream:75 - [STDERR_REDIRECT] 
2026-06-21 17:38:56,017 [ERROR] LogOutputStream:75 - [STDERR_REDIRECT] [Fatal Error] :1:1: Premature end of file.
2026-06-21 17:38:56,017 [ERROR] LogOutputStream:75 - [STDERR_REDIRECT] 
2026-06-21 17:38:57,015 [ERROR] LogOutputStream:75 - [STDERR_REDIRECT] [Fatal Error] :1:1: Premature end of file.
2026-06-21 17:38:57,016 [ERROR] LogOutputStream:75 - [STDERR_REDIRECT] 
2026-06-21 17:38:58,016 [ERROR] LogOutputStream:75 - [STDERR_REDIRECT] [Fatal Error] :1:1: Premature end of file.
2026-06-21 17:38:58,016 [ERROR] LogOutputStream:75 - [STDERR_REDIRECT] 
2026-06-21 17:38:59,015 [ERROR] LogOutputStream:75 - [STDERR_REDIRECT] [Fatal Error] :1:1: Premature end of file.
2026-06-21 17:38:59,017 [ERROR] LogOutputStream:75 - [STDERR_REDIRECT] 
2026-06-21 17:39:00,017 [ERROR] LogOutputStream:75 - [STDERR_REDIRECT] [Fatal Error] :1:1: Premature end of file.
2026-06-21 17:39:00,017 [ERROR] LogOutputStream:75 - [STDERR_REDIRECT] 
2026-06-21 17:39:01,015 [ERROR] LogOutputStream:75 - [STDERR_REDIRECT] [Fatal Error] :1:1: Premature end of file.
2026-06-21 17:39:01,016 [ERROR] LogOutputStream:75 - [STDERR_REDIRECT] 
2026-06-21 17:39:02,017 [ERROR] LogOutputStream:75 - [STDERR_REDIRECT] [Fatal Error] :1:1: Premature end of file.
2026-06-21 17:39:02,017 [ERROR] LogOutputStream:75 - [STDERR_REDIRECT] 
2026-06-21 17:39:03,016 [ERROR] LogOutputStream:75 - [STDERR_REDIRECT] [Fatal Error] :1:1: Premature end of file.
2026-06-21 17:39:03,016 [ERROR] LogOutputStream:75 - [STDERR_REDIRECT] 
2026-06-21 17:39:04,016 [ERROR] LogOutputStream:75 - [STDERR_REDIRECT] [Fatal Error] :1:1: Premature end of file.
2026-06-21 17:39:04,016 [ERROR] LogOutputStream:75 - [STDERR_REDIRECT] 
2026-06-21 17:39:05,016 [ERROR] LogOutputStream:75 - [STDERR_REDIRECT] [Fatal Error] :1:1: Premature end of file.
2026-06-21 17:39:05,016 [ERROR] LogOutputStream:75 - [STDERR_REDIRECT] 
2026-06-21 17:39:06,016 [ERROR] LogOutputStream:75 - [STDERR_REDIRECT] [Fatal Error] :1:1: Premature end of file.
2026-06-21 17:39:06,016 [ERROR] LogOutputStream:75 - [STDERR_REDIRECT] 
2026-06-21 17:39:07,016 [ERROR] LogOutputStream:75 - [STDERR_REDIRECT] [Fatal Error] :1:1: Premature end of file.
2026-06-21 17:39:07,017 [ERROR] LogOutputStream:75 - [STDERR_REDIRECT] 
2026-06-21 17:39:08,017 [ERROR] LogOutputStream:75 - [STDERR_REDIRECT] [Fatal Error] :1:1: Premature end of file.
2026-06-21 17:39:08,017 [ERROR] LogOutputStream:75 - [STDERR_REDIRECT] 
2026-06-21 17:39:09,016 [ERROR] LogOutputStream:75 - [STDERR_REDIRECT] [Fatal Error] :1:1: Premature end of file.
2026-06-21 17:39:09,016 [ERROR] LogOutputStream:75 - [STDERR_REDIRECT] 
2026-06-21 17:39:10,016 [ERROR] LogOutputStream:75 - [STDERR_REDIRECT] [Fatal Error] :1:1: Premature end of file.
2026-06-21 17:39:10,016 [ERROR] LogOutputStream:75 - [STDERR_REDIRECT] 
2026-06-21 17:39:11,015 [ERROR] LogOutputStream:75 - [STDERR_REDIRECT] [Fatal Error] :1:1: Premature end of file.
2026-06-21 17:39:11,015 [ERROR] LogOutputStream:75 - [STDERR_REDIRECT] 
2026-06-21 17:39:12,017 [ERROR] LogOutputStream:75 - [STDERR_REDIRECT] [Fatal Error] :1:1: Premature end of file.
2026-06-21 17:39:12,017 [ERROR] LogOutputStream:75 - [STDERR_REDIRECT] 
2026-06-21 17:39:13,016 [ERROR] LogOutputStream:75 - [STDERR_REDIRECT] [Fatal Error] :1:1: Premature end of file.
2026-06-21 17:39:13,016 [ERROR] LogOutputStream:75 - [STDERR_REDIRECT] 
2026-06-21 17:39:14,016 [ERROR] LogOutputStream:75 - [STDERR_REDIRECT] [Fatal Error] :1:1: Premature end of file.
2026-06-21 17:39:14,016 [ERROR] LogOutputStream:75 - [STDERR_REDIRECT] 
2026-06-21 17:39:15,016 [ERROR] LogOutputStream:75 - [STDERR_REDIRECT] [Fatal Error] :1:1: Premature end of file.
2026-06-21 17:39:15,016 [ERROR] LogOutputStream:75 - [STDERR_REDIRECT] 
2026-06-21 17:39:16,018 [ERROR] LogOutputStream:75 - [STDERR_REDIRECT] [Fatal Error] :1:1: Premature end of file.
2026-06-21 17:39:16,018 [ERROR] LogOutputStream:75 - [STDERR_REDIRECT] 
2026-06-21 17:39:17,016 [ERROR] LogOutputStream:75 - [STDERR_REDIRECT] [Fatal Error] :1:1: Premature end of file.
2026-06-21 17:39:17,016 [ERROR] LogOutputStream:75 - [STDERR_REDIRECT] 
2026-06-21 17:39:18,016 [ERROR] LogOutputStream:75 - [STDERR_REDIRECT] [Fatal Error] :1:1: Premature end of file.
2026-06-21 17:39:18,016 [ERROR] LogOutputStream:75 - [STDERR_REDIRECT] 
2026-06-21 17:39:19,017 [ERROR] LogOutputStream:75 - [STDERR_REDIRECT] [Fatal Error] :1:1: Premature end of file.
2026-06-21 17:39:19,017 [ERROR] LogOutputStream:75 - [STDERR_REDIRECT] 
2026-06-21 17:39:20,017 [ERROR] LogOutputStream:75 - [STDERR_REDIRECT] [Fatal Error] :1:1: Premature end of file.
2026-06-21 17:39:20,017 [ERROR] LogOutputStream:75 - [STDERR_REDIRECT] 
2026-06-21 17:39:21,016 [ERROR] LogOutputStream:75 - [STDERR_REDIRECT] [Fatal Error] :1:1: Premature end of file.
2026-06-21 17:39:21,016 [ERROR] LogOutputStream:75 - [STDERR_REDIRECT] 
2026-06-21 17:39:22,016 [ERROR] LogOutputStream:75 - [STDERR_REDIRECT] [Fatal Error] :1:1: Premature end of file.
2026-06-21 17:39:22,016 [ERROR] LogOutputStream:75 - [STDERR_REDIRECT] 
2026-06-21 17:39:23,016 [ERROR] LogOutputStream:75 - [STDERR_REDIRECT] [Fatal Error] :1:1: Premature end of file.
2026-06-21 17:39:23,016 [ERROR] LogOutputStream:75 - [STDERR_REDIRECT] 
2026-06-21 17:39:24,017 [ERROR] LogOutputStream:75 - [STDERR_REDIRECT] [Fatal Error] :1:1: Premature end of file.
2026-06-21 17:39:24,017 [ERROR] LogOutputStream:75 - [STDERR_REDIRECT] 
2026-06-21 17:39:25,016 [ERROR] LogOutputStream:75 - [STDERR_REDIRECT] [Fatal Error] :1:1: Premature end of file.
2026-06-21 17:39:25,016 [ERROR] LogOutputStream:75 - [STDERR_REDIRECT] 
2026-06-21 17:39:26,016 [ERROR] LogOutputStream:75 - [STDERR_REDIRECT] [Fatal Error] :1:1: Premature end of file.
2026-06-21 17:39:26,017 [ERROR] LogOutputStream:75 - [STDERR_REDIRECT] 
2026-06-21 17:39:27,016 [ERROR] LogOutputStream:75 - [STDERR_REDIRECT] [Fatal Error] :1:1: Premature end of file.
2026-06-21 17:39:27,016 [ERROR] LogOutputStream:75 - [STDERR_REDIRECT] 
2026-06-21 17:39:28,018 [ERROR] LogOutputStream:75 - [STDERR_REDIRECT] [Fatal Error] :1:1: Premature end of file.
2026-06-21 17:39:28,018 [ERROR] LogOutputStream:75 - [STDERR_REDIRECT] 
2026-06-21 17:39:29,015 [ERROR] LogOutputStream:75 - [STDERR_REDIRECT] [Fatal Error] :1:1: Premature end of file.
2026-06-21 17:39:29,015 [ERROR] LogOutputStream:75 - [STDERR_REDIRECT] 
2026-06-21 17:39:30,016 [ERROR] LogOutputStream:75 - [STDERR_REDIRECT] [Fatal Error] :1:1: Premature end of file.
2026-06-21 17:39:30,016 [ERROR] LogOutputStream:75 - [STDERR_REDIRECT] 
2026-06-21 17:39:31,015 [ERROR] LogOutputStream:75 - [STDERR_REDIRECT] [Fatal Error] :1:1: Premature end of file.
2026-06-21 17:39:31,016 [ERROR] LogOutputStream:75 - [STDERR_REDIRECT] 
2026-06-21 17:39:32,017 [ERROR] LogOutputStream:75 - [STDERR_REDIRECT] [Fatal Error] :1:1: Premature end of file.
2026-06-21 17:39:32,017 [ERROR] LogOutputStream:75 - [STDERR_REDIRECT] 
2026-06-21 17:39:33,016 [ERROR] LogOutputStream:75 - [STDERR_REDIRECT] [Fatal Error] :1:1: Premature end of file.
2026-06-21 17:39:33,016 [ERROR] LogOutputStream:75 - [STDERR_REDIRECT] 
2026-06-21 17:39:34,016 [ERROR] LogOutputStream:75 - [STDERR_REDIRECT] [Fatal Error] :1:1: Premature end of file.
2026-06-21 17:39:34,016 [ERROR] LogOutputStream:75 - [STDERR_REDIRECT] 
2026-06-21 17:39:35,017 [ERROR] LogOutputStream:75 - [STDERR_REDIRECT] [Fatal Error] :1:1: Premature end of file.
2026-06-21 17:39:35,017 [ERROR] LogOutputStream:75 - [STDERR_REDIRECT] 
2026-06-21 17:39:36,019 [ERROR] LogOutputStream:75 - [STDERR_REDIRECT] [Fatal Error] :1:1: Premature end of file.
2026-06-21 17:39:36,019 [ERROR] LogOutputStream:75 - [STDERR_REDIRECT] 
2026-06-21 17:39:37,016 [ERROR] LogOutputStream:75 - [STDERR_REDIRECT] [Fatal Error] :1:1: Premature end of file.
2026-06-21 17:39:37,016 [ERROR] LogOutputStream:75 - [STDERR_REDIRECT] 
2026-06-21 17:39:38,015 [ERROR] LogOutputStream:75 - [STDERR_REDIRECT] [Fatal Error] :1:1: Premature end of file.
2026-06-21 17:39:38,017 [ERROR] LogOutputStream:75 - [STDERR_REDIRECT] 
2026-06-21 17:39:39,016 [ERROR] LogOutputStream:75 - [STDERR_REDIRECT] [Fatal Error] :1:1: Premature end of file.
2026-06-21 17:39:39,016 [ERROR] LogOutputStream:75 - [STDERR_REDIRECT] 
2026-06-21 17:39:40,016 [ERROR] LogOutputStream:75 - [STDERR_REDIRECT] [Fatal Error] :1:1: Premature end of file.
2026-06-21 17:39:40,016 [ERROR] LogOutputStream:75 - [STDERR_REDIRECT] 
2026-06-21 17:39:41,016 [ERROR] LogOutputStream:75 - [STDERR_REDIRECT] [Fatal Error] :1:1: Premature end of file.
2026-06-21 17:39:41,016 [ERROR] LogOutputStream:75 - [STDERR_REDIRECT] 
2026-06-21 17:39:42,016 [ERROR] LogOutputStream:75 - [STDERR_REDIRECT] [Fatal Error] :1:1: Premature end of file.
2026-06-21 17:39:42,016 [ERROR] LogOutputStream:75 - [STDERR_REDIRECT] 
2026-06-21 17:39:43,015 [ERROR] LogOutputStream:75 - [STDERR_REDIRECT] [Fatal Error] :1:1: Premature end of file.
2026-06-21 17:39:43,016 [ERROR] LogOutputStream:75 - [STDERR_REDIRECT] 
2026-06-21 17:39:44,017 [ERROR] LogOutputStream:75 - [STDERR_REDIRECT] [Fatal Error] :1:1: Premature end of file.
2026-06-21 17:39:44,017 [ERROR] LogOutputStream:75 - [STDERR_REDIRECT] 
2026-06-21 17:39:45,017 [ERROR] LogOutputStream:75 - [STDERR_REDIRECT] [Fatal Error] :1:1: Premature end of file.
2026-06-21 17:39:45,017 [ERROR] LogOutputStream:75 - [STDERR_REDIRECT] 
2026-06-21 17:39:46,015 [ERROR] LogOutputStream:75 - [STDERR_REDIRECT] [Fatal Error] :1:1: Premature end of file.
2026-06-21 17:39:46,016 [ERROR] LogOutputStream:75 - [STDERR_REDIRECT] 
2026-06-21 17:39:47,017 [ERROR] LogOutputStream:75 - [STDERR_REDIRECT] [Fatal Error] :1:1: Premature end of file.
2026-06-21 17:39:47,017 [ERROR] LogOutputStream:75 - [STDERR_REDIRECT] 
2026-06-21 17:39:48,016 [ERROR] LogOutputStream:75 - [STDERR_REDIRECT] [Fatal Error] :1:1: Premature end of file.
2026-06-21 17:39:48,016 [ERROR] LogOutputStream:75 - [STDERR_REDIRECT] 
2026-06-21 17:39:49,017 [ERROR] LogOutputStream:75 - [STDERR_REDIRECT] [Fatal Error] :1:1: Premature end of file.
2026-06-21 17:39:49,017 [ERROR] LogOutputStream:75 - [STDERR_REDIRECT] 
2026-06-21 17:39:50,016 [ERROR] LogOutputStream:75 - [STDERR_REDIRECT] [Fatal Error] :1:1: Premature end of file.
2026-06-21 17:39:50,016 [ERROR] LogOutputStream:75 - [STDERR_REDIRECT] 
2026-06-21 17:39:51,016 [ERROR] LogOutputStream:75 - [STDERR_REDIRECT] [Fatal Error] :1:1: Premature end of file.
2026-06-21 17:39:51,016 [ERROR] LogOutputStream:75 - [STDERR_REDIRECT] 
2026-06-21 17:39:52,016 [ERROR] LogOutputStream:75 - [STDERR_REDIRECT] [Fatal Error] :1:1: Premature end of file.
2026-06-21 17:39:52,016 [ERROR] LogOutputStream:75 - [STDERR_REDIRECT] 
2026-06-21 17:39:53,015 [ERROR] LogOutputStream:75 - [STDERR_REDIRECT] [Fatal Error] :1:1: Premature end of file.
2026-06-21 17:39:53,015 [ERROR] LogOutputStream:75 - [STDERR_REDIRECT] 
2026-06-21 17:39:54,016 [ERROR] LogOutputStream:75 - [STDERR_REDIRECT] [Fatal Error] :1:1: Premature end of file.
2026-06-21 17:39:54,017 [ERROR] LogOutputStream:75 - [STDERR_REDIRECT] 
2026-06-21 17:39:55,017 [ERROR] LogOutputStream:75 - [STDERR_REDIRECT] [Fatal Error] :1:1: Premature end of file.
2026-06-21 17:39:55,018 [ERROR] LogOutputStream:75 - [STDERR_REDIRECT] 
2026-06-21 17:39:56,016 [ERROR] LogOutputStream:75 - [STDERR_REDIRECT] [Fatal Error] :1:1: Premature end of file.
2026-06-21 17:39:56,016 [ERROR] LogOutputStream:75 - [STDERR_REDIRECT] 
2026-06-21 17:39:57,017 [ERROR] LogOutputStream:75 - [STDERR_REDIRECT] [Fatal Error] :1:1: Premature end of file.
2026-06-21 17:39:57,017 [ERROR] LogOutputStream:75 - [STDERR_REDIRECT] 
2026-06-21 17:39:58,015 [ERROR] LogOutputStream:75 - [STDERR_REDIRECT] [Fatal Error] :1:1: Premature end of file.
2026-06-21 17:39:58,016 [ERROR] LogOutputStream:75 - [STDERR_REDIRECT] 
2026-06-21 17:39:59,016 [ERROR] LogOutputStream:75 - [STDERR_REDIRECT] [Fatal Error] :1:1: Premature end of file.
2026-06-21 17:39:59,016 [ERROR] LogOutputStream:75 - [STDERR_REDIRECT] 
2026-06-21 17:40:00,017 [ERROR] LogOutputStream:75 - [STDERR_REDIRECT] [Fatal Error] :1:1: Premature end of file.
2026-06-21 17:40:00,017 [ERROR] LogOutputStream:75 - [STDERR_REDIRECT] 
2026-06-21 17:40:01,016 [ERROR] LogOutputStream:75 - [STDERR_REDIRECT] [Fatal Error] :1:1: Premature end of file.
2026-06-21 17:40:01,016 [ERROR] LogOutputStream:75 - [STDERR_REDIRECT] 
2026-06-21 17:40:02,016 [ERROR] LogOutputStream:75 - [STDERR_REDIRECT] [Fatal Error] :1:1: Premature end of file.
2026-06-21 17:40:02,017 [ERROR] LogOutputStream:75 - [STDERR_REDIRECT] 
2026-06-21 17:40:03,016 [ERROR] LogOutputStream:75 - [STDERR_REDIRECT] [Fatal Error] :1:1: Premature end of file.
2026-06-21 17:40:03,017 [ERROR] LogOutputStream:75 - [STDERR_REDIRECT] 
2026-06-21 17:40:04,016 [ERROR] LogOutputStream:75 - [STDERR_REDIRECT] [Fatal Error] :1:1: Premature end of file.
2026-06-21 17:40:04,016 [ERROR] LogOutputStream:75 - [STDERR_REDIRECT] 
2026-06-21 17:40:05,016 [ERROR] LogOutputStream:75 - [STDERR_REDIRECT] [Fatal Error] :1:1: Premature end of file.
2026-06-21 17:40:05,016 [ERROR] LogOutputStream:75 - [STDERR_REDIRECT] 
2026-06-21 17:40:06,016 [ERROR] LogOutputStream:75 - [STDERR_REDIRECT] [Fatal Error] :1:1: Premature end of file.
2026-06-21 17:40:06,017 [ERROR] LogOutputStream:75 - [STDERR_REDIRECT] 
2026-06-21 17:40:07,016 [ERROR] LogOutputStream:75 - [STDERR_REDIRECT] [Fatal Error] :1:1: Premature end of file.
2026-06-21 17:40:07,016 [ERROR] LogOutputStream:75 - [STDERR_REDIRECT] 
2026-06-21 17:40:08,017 [ERROR] LogOutputStream:75 - [STDERR_REDIRECT] [Fatal Error] :1:1: Premature end of file.
2026-06-21 17:40:08,017 [ERROR] LogOutputStream:75 - [STDERR_REDIRECT] 
2026-06-21 17:40:09,017 [ERROR] LogOutputStream:75 - [STDERR_REDIRECT] [Fatal Error] :1:1: Premature end of file.
2026-06-21 17:40:09,017 [ERROR] LogOutputStream:75 - [STDERR_REDIRECT] 
2026-06-21 17:40:10,015 [ERROR] LogOutputStream:75 - [STDERR_REDIRECT] [Fatal Error] :1:1: Premature end of file.
2026-06-21 17:40:10,015 [ERROR] LogOutputStream:75 - [STDERR_REDIRECT] 
2026-06-21 17:40:11,017 [ERROR] LogOutputStream:75 - [STDERR_REDIRECT] [Fatal Error] :1:1: Premature end of file.
2026-06-21 17:40:11,017 [ERROR] LogOutputStream:75 - [STDERR_REDIRECT] 
2026-06-21 17:40:12,016 [ERROR] LogOutputStream:75 - [STDERR_REDIRECT] [Fatal Error] :1:1: Premature end of file.
2026-06-21 17:40:12,016 [ERROR] LogOutputStream:75 - [STDERR_REDIRECT] 
2026-06-21 17:40:13,016 [ERROR] LogOutputStream:75 - [STDERR_REDIRECT] [Fatal Error] :1:1: Premature end of file.
2026-06-21 17:40:13,016 [ERROR] LogOutputStream:75 - [STDERR_REDIRECT] 
2026-06-21 17:40:14,016 [ERROR] LogOutputStream:75 - [STDERR_REDIRECT] [Fatal Error] :1:1: Premature end of file.
2026-06-21 17:40:14,017 [ERROR] LogOutputStream:75 - [STDERR_REDIRECT] 
2026-06-21 17:40:15,017 [ERROR] LogOutputStream:75 - [STDERR_REDIRECT] [Fatal Error] :1:1: Premature end of file.
2026-06-21 17:40:15,017 [ERROR] LogOutputStream:75 - [STDERR_REDIRECT] 
2026-06-21 17:40:16,017 [ERROR] LogOutputStream:75 - [STDERR_REDIRECT] [Fatal Error] :1:1: Premature end of file.
2026-06-21 17:40:16,017 [ERROR] LogOutputStream:75 - [STDERR_REDIRECT] 
2026-06-21 17:40:17,016 [ERROR] LogOutputStream:75 - [STDERR_REDIRECT] [Fatal Error] :1:1: Premature end of file.
2026-06-21 17:40:17,017 [ERROR] LogOutputStream:75 - [STDERR_REDIRECT] 
2026-06-21 17:40:18,015 [ERROR] LogOutputStream:75 - [STDERR_REDIRECT] [Fatal Error] :1:1: Premature end of file.
2026-06-21 17:40:18,015 [ERROR] LogOutputStream:75 - [STDERR_REDIRECT] 
2026-06-21 17:40:19,019 [ERROR] LogOutputStream:75 - [STDERR_REDIRECT] [Fatal Error] :1:1: Premature end of file.
2026-06-21 17:40:19,019 [ERROR] LogOutputStream:75 - [STDERR_REDIRECT] 
2026-06-21 17:40:20,018 [ERROR] LogOutputStream:75 - [STDERR_REDIRECT] [Fatal Error] :1:1: Premature end of file.
2026-06-21 17:40:20,018 [ERROR] LogOutputStream:75 - [STDERR_REDIRECT] 
2026-06-21 17:40:21,016 [ERROR] LogOutputStream:75 - [STDERR_REDIRECT] [Fatal Error] :1:1: Premature end of file.
2026-06-21 17:40:21,017 [ERROR] LogOutputStream:75 - [STDERR_REDIRECT] 
2026-06-21 17:40:22,019 [ERROR] LogOutputStream:75 - [STDERR_REDIRECT] [Fatal Error] :1:1: Premature end of file.
2026-06-21 17:40:22,019 [ERROR] LogOutputStream:75 - [STDERR_REDIRECT] 
2026-06-21 17:40:23,018 [ERROR] LogOutputStream:75 - [STDERR_REDIRECT] [Fatal Error] :1:1: Premature end of file.
2026-06-21 17:40:23,018 [ERROR] LogOutputStream:75 - [STDERR_REDIRECT] 
2026-06-21 17:40:24,018 [ERROR] LogOutputStream:75 - [STDERR_REDIRECT] [Fatal Error] :1:1: Premature end of file.
2026-06-21 17:40:24,018 [ERROR] LogOutputStream:75 - [STDERR_REDIRECT] 
2026-06-21 17:40:25,017 [ERROR] LogOutputStream:75 - [STDERR_REDIRECT] [Fatal Error] :1:1: Premature end of file.
2026-06-21 17:40:25,017 [ERROR] LogOutputStream:75 - [STDERR_REDIRECT] 
2026-06-21 17:40:26,017 [ERROR] LogOutputStream:75 - [STDERR_REDIRECT] [Fatal Error] :1:1: Premature end of file.
2026-06-21 17:40:26,017 [ERROR] LogOutputStream:75 - [STDERR_REDIRECT] 
2026-06-21 17:40:27,018 [ERROR] LogOutputStream:75 - [STDERR_REDIRECT] [Fatal Error] :1:1: Premature end of file.
2026-06-21 17:40:27,018 [ERROR] LogOutputStream:75 - [STDERR_REDIRECT] 
2026-06-21 17:40:28,016 [ERROR] LogOutputStream:75 - [STDERR_REDIRECT] [Fatal Error] :1:1: Premature end of file.
2026-06-21 17:40:28,017 [ERROR] LogOutputStream:75 - [STDERR_REDIRECT] 
2026-06-21 17:40:29,017 [ERROR] LogOutputStream:75 - [STDERR_REDIRECT] [Fatal Error] :1:1: Premature end of file.
2026-06-21 17:40:29,017 [ERROR] LogOutputStream:75 - [STDERR_REDIRECT] 
2026-06-21 17:40:30,017 [ERROR] LogOutputStream:75 - [STDERR_REDIRECT] [Fatal Error] :1:1: Premature end of file.
2026-06-21 17:40:30,017 [ERROR] LogOutputStream:75 - [STDERR_REDIRECT] 
2026-06-21 17:40:31,017 [ERROR] LogOutputStream:75 - [STDERR_REDIRECT] [Fatal Error] :1:1: Premature end of file.
2026-06-21 17:40:31,017 [ERROR] LogOutputStream:75 - [STDERR_REDIRECT] 
2026-06-21 17:40:32,017 [ERROR] LogOutputStream:75 - [STDERR_REDIRECT] [Fatal Error] :1:1: Premature end of file.
2026-06-21 17:40:32,017 [ERROR] LogOutputStream:75 - [STDERR_REDIRECT] 
2026-06-21 17:40:33,018 [ERROR] LogOutputStream:75 - [STDERR_REDIRECT] [Fatal Error] :1:1: Premature end of file.
2026-06-21 17:40:33,018 [ERROR] LogOutputStream:75 - [STDERR_REDIRECT] 
2026-06-21 17:40:34,017 [ERROR] LogOutputStream:75 - [STDERR_REDIRECT] [Fatal Error] :1:1: Premature end of file.
2026-06-21 17:40:34,017 [ERROR] LogOutputStream:75 - [STDERR_REDIRECT] 
2026-06-21 17:40:35,016 [ERROR] LogOutputStream:75 - [STDERR_REDIRECT] [Fatal Error] :1:1: Premature end of file.
2026-06-21 17:40:35,016 [ERROR] LogOutputStream:75 - [STDERR_REDIRECT] 
2026-06-21 17:40:36,016 [ERROR] LogOutputStream:75 - [STDERR_REDIRECT] [Fatal Error] :1:1: Premature end of file.
2026-06-21 17:40:36,016 [ERROR] LogOutputStream:75 - [STDERR_REDIRECT] 
2026-06-21 17:40:37,017 [ERROR] LogOutputStream:75 - [STDERR_REDIRECT] [Fatal Error] :1:1: Premature end of file.
2026-06-21 17:40:37,017 [ERROR] LogOutputStream:75 - [STDERR_REDIRECT] 
2026-06-21 17:40:38,016 [ERROR] LogOutputStream:75 - [STDERR_REDIRECT] [Fatal Error] :1:1: Premature end of file.
2026-06-21 17:40:38,016 [ERROR] LogOutputStream:75 - [STDERR_REDIRECT] 
2026-06-21 17:40:39,018 [ERROR] LogOutputStream:75 - [STDERR_REDIRECT] [Fatal Error] :1:1: Premature end of file.
2026-06-21 17:40:39,018 [ERROR] LogOutputStream:75 - [STDERR_REDIRECT] 
2026-06-21 17:40:40,017 [ERROR] LogOutputStream:75 - [STDERR_REDIRECT] [Fatal Error] :1:1: Premature end of file.
2026-06-21 17:40:40,017 [ERROR] LogOutputStream:75 - [STDERR_REDIRECT] 
2026-06-21 17:40:41,017 [ERROR] LogOutputStream:75 - [STDERR_REDIRECT] [Fatal Error] :1:1: Premature end of file.
2026-06-21 17:40:41,017 [ERROR] LogOutputStream:75 - [STDERR_REDIRECT] 
2026-06-21 17:40:42,016 [ERROR] LogOutputStream:75 - [STDERR_REDIRECT] [Fatal Error] :1:1: Premature end of file.
2026-06-21 17:40:42,016 [ERROR] LogOutputStream:75 - [STDERR_REDIRECT] 
2026-06-21 17:40:43,016 [ERROR] LogOutputStream:75 - [STDERR_REDIRECT] [Fatal Error] :1:1: Premature end of file.
2026-06-21 17:40:43,017 [ERROR] LogOutputStream:75 - [STDERR_REDIRECT] 
2026-06-21 17:40:44,016 [ERROR] LogOutputStream:75 - [STDERR_REDIRECT] [Fatal Error] :1:1: Premature end of file.
2026-06-21 17:40:44,017 [ERROR] LogOutputStream:75 - [STDERR_REDIRECT] 
2026-06-21 17:40:45,016 [ERROR] LogOutputStream:75 - [STDERR_REDIRECT] [Fatal Error] :1:1: Premature end of file.
2026-06-21 17:40:45,016 [ERROR] LogOutputStream:75 - [STDERR_REDIRECT] 
2026-06-21 17:40:46,015 [ERROR] LogOutputStream:75 - [STDERR_REDIRECT] [Fatal Error] :1:1: Premature end of file.
2026-06-21 17:40:46,016 [ERROR] LogOutputStream:75 - [STDERR_REDIRECT] 
2026-06-21 17:40:47,016 [ERROR] LogOutputStream:75 - [STDERR_REDIRECT] [Fatal Error] :1:1: Premature end of file.
2026-06-21 17:40:47,016 [ERROR] LogOutputStream:75 - [STDERR_REDIRECT] 
2026-06-21 17:40:48,016 [ERROR] LogOutputStream:75 - [STDERR_REDIRECT] [Fatal Error] :1:1: Premature end of file.
2026-06-21 17:40:48,017 [ERROR] LogOutputStream:75 - [STDERR_REDIRECT] 
2026-06-21 17:40:49,017 [ERROR] LogOutputStream:75 - [STDERR_REDIRECT] [Fatal Error] :1:1: Premature end of file.
2026-06-21 17:40:49,018 [ERROR] LogOutputStream:75 - [STDERR_REDIRECT] 
2026-06-21 17:40:50,017 [ERROR] LogOutputStream:75 - [STDERR_REDIRECT] [Fatal Error] :1:1: Premature end of file.
2026-06-21 17:40:50,017 [ERROR] LogOutputStream:75 - [STDERR_REDIRECT] 
2026-06-21 17:40:51,016 [ERROR] LogOutputStream:75 - [STDERR_REDIRECT] [Fatal Error] :1:1: Premature end of file.
2026-06-21 17:40:51,016 [ERROR] LogOutputStream:75 - [STDERR_REDIRECT] 
2026-06-21 17:40:52,015 [ERROR] LogOutputStream:75 - [STDERR_REDIRECT] [Fatal Error] :1:1: Premature end of file.
2026-06-21 17:40:52,016 [ERROR] LogOutputStream:75 - [STDERR_REDIRECT] 
2026-06-21 17:40:53,017 [ERROR] LogOutputStream:75 - [STDERR_REDIRECT] [Fatal Error] :1:1: Premature end of file.
2026-06-21 17:40:53,017 [ERROR] LogOutputStream:75 - [STDERR_REDIRECT] 
2026-06-21 17:40:54,017 [ERROR] LogOutputStream:75 - [STDERR_REDIRECT] [Fatal Error] :1:1: Premature end of file.
2026-06-21 17:40:54,017 [ERROR] LogOutputStream:75 - [STDERR_REDIRECT] 
2026-06-21 17:40:55,016 [ERROR] LogOutputStream:75 - [STDERR_REDIRECT] [Fatal Error] :1:1: Premature end of file.
2026-06-21 17:40:55,017 [ERROR] LogOutputStream:75 - [STDERR_REDIRECT] 
2026-06-21 17:40:56,016 [ERROR] LogOutputStream:75 - [STDERR_REDIRECT] [Fatal Error] :1:1: Premature end of file.
2026-06-21 17:40:56,016 [ERROR] LogOutputStream:75 - [STDERR_REDIRECT] 
2026-06-21 17:40:57,016 [ERROR] LogOutputStream:75 - [STDERR_REDIRECT] [Fatal Error] :1:1: Premature end of file.
2026-06-21 17:40:57,016 [ERROR] LogOutputStream:75 - [STDERR_REDIRECT] 
2026-06-21 17:40:58,016 [ERROR] LogOutputStream:75 - [STDERR_REDIRECT] [Fatal Error] :1:1: Premature end of file.
2026-06-21 17:40:58,017 [ERROR] LogOutputStream:75 - [STDERR_REDIRECT] 
2026-06-21 17:40:59,016 [ERROR] LogOutputStream:75 - [STDERR_REDIRECT] [Fatal Error] :1:1: Premature end of file.
2026-06-21 17:40:59,017 [ERROR] LogOutputStream:75 - [STDERR_REDIRECT] 
2026-06-21 17:41:00,015 [ERROR] LogOutputStream:75 - [STDERR_REDIRECT] [Fatal Error] :1:1: Premature end of file.
2026-06-21 17:41:00,016 [ERROR] LogOutputStream:75 - [STDERR_REDIRECT] 
2026-06-21 17:41:01,018 [ERROR] LogOutputStream:75 - [STDERR_REDIRECT] [Fatal Error] :1:1: Premature end of file.
2026-06-21 17:41:01,018 [ERROR] LogOutputStream:75 - [STDERR_REDIRECT] 
2026-06-21 17:41:02,016 [ERROR] LogOutputStream:75 - [STDERR_REDIRECT] [Fatal Error] :1:1: Premature end of file.
2026-06-21 17:41:02,017 [ERROR] LogOutputStream:75 - [STDERR_REDIRECT] 
2026-06-21 17:41:03,016 [ERROR] LogOutputStream:75 - [STDERR_REDIRECT] [Fatal Error] :1:1: Premature end of file.
2026-06-21 17:41:03,016 [ERROR] LogOutputStream:75 - [STDERR_REDIRECT] 
2026-06-21 17:41:04,017 [ERROR] LogOutputStream:75 - [STDERR_REDIRECT] [Fatal Error] :1:1: Premature end of file.
2026-06-21 17:41:04,017 [ERROR] LogOutputStream:75 - [STDERR_REDIRECT] 
2026-06-21 17:41:05,015 [ERROR] LogOutputStream:75 - [STDERR_REDIRECT] [Fatal Error] :1:1: Premature end of file.
2026-06-21 17:41:05,017 [ERROR] LogOutputStream:75 - [STDERR_REDIRECT] 
2026-06-21 17:41:06,016 [ERROR] LogOutputStream:75 - [STDERR_REDIRECT] [Fatal Error] :1:1: Premature end of file.
2026-06-21 17:41:06,016 [ERROR] LogOutputStream:75 - [STDERR_REDIRECT] 
2026-06-21 17:41:07,017 [ERROR] LogOutputStream:75 - [STDERR_REDIRECT] [Fatal Error] :1:1: Premature end of file.
2026-06-21 17:41:07,017 [ERROR] LogOutputStream:75 - [STDERR_REDIRECT] 
2026-06-21 17:41:08,018 [ERROR] LogOutputStream:75 - [STDERR_REDIRECT] [Fatal Error] :1:1: Premature end of file.
2026-06-21 17:41:08,018 [ERROR] LogOutputStream:75 - [STDERR_REDIRECT] 
2026-06-21 17:41:09,017 [ERROR] LogOutputStream:75 - [STDERR_REDIRECT] [Fatal Error] :1:1: Premature end of file.
2026-06-21 17:41:09,017 [ERROR] LogOutputStream:75 - [STDERR_REDIRECT] 
2026-06-21 17:41:10,016 [ERROR] LogOutputStream:75 - [STDERR_REDIRECT] [Fatal Error] :1:1: Premature end of file.
2026-06-21 17:41:10,016 [ERROR] LogOutputStream:75 - [STDERR_REDIRECT] 
2026-06-21 17:41:11,017 [ERROR] LogOutputStream:75 - [STDERR_REDIRECT] [Fatal Error] :1:1: Premature end of file.
2026-06-21 17:41:11,017 [ERROR] LogOutputStream:75 - [STDERR_REDIRECT] 
2026-06-21 17:41:12,018 [ERROR] LogOutputStream:75 - [STDERR_REDIRECT] [Fatal Error] :1:1: Premature end of file.
2026-06-21 17:41:12,018 [ERROR] LogOutputStream:75 - [STDERR_REDIRECT] 
2026-06-21 17:41:13,018 [ERROR] LogOutputStream:75 - [STDERR_REDIRECT] [Fatal Error] :1:1: Premature end of file.
2026-06-21 17:41:13,018 [ERROR] LogOutputStream:75 - [STDERR_REDIRECT] 
2026-06-21 17:41:14,017 [ERROR] LogOutputStream:75 - [STDERR_REDIRECT] [Fatal Error] :1:1: Premature end of file.
2026-06-21 17:41:14,017 [ERROR] LogOutputStream:75 - [STDERR_REDIRECT] 
2026-06-21 17:41:15,016 [ERROR] LogOutputStream:75 - [STDERR_REDIRECT] [Fatal Error] :1:1: Premature end of file.
2026-06-21 17:41:15,016 [ERROR] LogOutputStream:75 - [STDERR_REDIRECT] 
2026-06-21 17:41:16,018 [ERROR] LogOutputStream:75 - [STDERR_REDIRECT] [Fatal Error] :1:1: Premature end of file.
2026-06-21 17:41:16,018 [ERROR] LogOutputStream:75 - [STDERR_REDIRECT] 
2026-06-21 17:41:17,019 [ERROR] LogOutputStream:75 - [STDERR_REDIRECT] [Fatal Error] :1:1: Premature end of file.
2026-06-21 17:41:17,019 [ERROR] LogOutputStream:75 - [STDERR_REDIRECT] 
2026-06-21 17:41:18,018 [ERROR] LogOutputStream:75 - [STDERR_REDIRECT] [Fatal Error] :1:1: Premature end of file.
2026-06-21 17:41:18,018 [ERROR] LogOutputStream:75 - [STDERR_REDIRECT] 
2026-06-21 17:41:19,017 [ERROR] LogOutputStream:75 - [STDERR_REDIRECT] [Fatal Error] :1:1: Premature end of file.
2026-06-21 17:41:19,017 [ERROR] LogOutputStream:75 - [STDERR_REDIRECT] 
2026-06-21 17:41:20,017 [ERROR] LogOutputStream:75 - [STDERR_REDIRECT] [Fatal Error] :1:1: Premature end of file.
2026-06-21 17:41:20,017 [ERROR] LogOutputStream:75 - [STDERR_REDIRECT] 
2026-06-21 17:41:21,016 [ERROR] LogOutputStream:75 - [STDERR_REDIRECT] [Fatal Error] :1:1: Premature end of file.
2026-06-21 17:41:21,016 [ERROR] LogOutputStream:75 - [STDERR_REDIRECT] 
2026-06-21 17:41:22,016 [ERROR] LogOutputStream:75 - [STDERR_REDIRECT] [Fatal Error] :1:1: Premature end of file.
2026-06-21 17:41:22,016 [ERROR] LogOutputStream:75 - [STDERR_REDIRECT] 
2026-06-21 17:41:23,015 [ERROR] LogOutputStream:75 - [STDERR_REDIRECT] [Fatal Error] :1:1: Premature end of file.
2026-06-21 17:41:23,015 [ERROR] LogOutputStream:75 - [STDERR_REDIRECT] 
2026-06-21 17:41:24,016 [ERROR] LogOutputStream:75 - [STDERR_REDIRECT] [Fatal Error] :1:1: Premature end of file.
2026-06-21 17:41:24,016 [ERROR] LogOutputStream:75 - [STDERR_REDIRECT] 
2026-06-21 17:41:25,016 [ERROR] LogOutputStream:75 - [STDERR_REDIRECT] [Fatal Error] :1:1: Premature end of file.
2026-06-21 17:41:25,016 [ERROR] LogOutputStream:75 - [STDERR_REDIRECT] 
2026-06-21 17:41:26,017 [ERROR] LogOutputStream:75 - [STDERR_REDIRECT] [Fatal Error] :1:1: Premature end of file.
2026-06-21 17:41:26,018 [ERROR] LogOutputStream:75 - [STDERR_REDIRECT] 
2026-06-21 17:41:27,015 [ERROR] LogOutputStream:75 - [STDERR_REDIRECT] [Fatal Error] :1:1: Premature end of file.
2026-06-21 17:41:27,016 [ERROR] LogOutputStream:75 - [STDERR_REDIRECT] 
2026-06-21 17:41:28,017 [ERROR] LogOutputStream:75 - [STDERR_REDIRECT] [Fatal Error] :1:1: Premature end of file.
2026-06-21 17:41:28,017 [ERROR] LogOutputStream:75 - [STDERR_REDIRECT] 
2026-06-21 17:41:29,020 [ERROR] LogOutputStream:75 - [STDERR_REDIRECT] [Fatal Error] :1:1: Premature end of file.
2026-06-21 17:41:29,022 [ERROR] LogOutputStream:75 - [STDERR_REDIRECT] 
2026-06-21 17:41:29,574 [ERROR] LogOutputStream:75 - [STDERR_REDIRECT] 
