2026-05-14 13:54:32,140 [INFO] Activator:176 - 


2026-05-14 13:54:32,148 [INFO] Activator:177 - !SESSION log4j initialized
2026-05-14 13:54:38,491 [INFO] LogOutputStream:77 - [STDOUT_REDIRECT] 
2026-05-14 13:54:40,164 [INFO] ApplicationProperties:184 - Using Application install path: C:\ST\STM32CubeIDE_1.18.1\STM32CubeIDE\plugins\com.st.stm32cube.common.mx_6.15.0.202507011659
2026-05-14 13:54:40,187 [INFO] DbMcusXml:78 - Set database path to: C:\ST\STM32CubeIDE_1.18.1\STM32CubeIDE\plugins\com.st.stm32cube.common.mx_6.15.0.202507011659\\db\/mcu/
2026-05-14 13:54:40,187 [INFO] ApiDb:274 - Set plugin database path to: C:\ST\STM32CubeIDE_1.18.1\STM32CubeIDE\plugins\com.st.stm32cube.common.mx_6.15.0.202507011659\\db\/plugins/boardmanager/
2026-05-14 13:54:40,188 [WARN] ApiDb:259 - Overriding images path with different value:  => C:\ST\STM32CubeIDE_1.18.1\STM32CubeIDE\plugins\com.st.stm32cube.common.mx_6.15.0.202507011659\\db\/plugins/mcufinder/images/
2026-05-14 13:54:40,196 [INFO] ApiDb:250 - Set database path to: C:\Users\Samuel\.stmcufinder\plugins\mcufinder//mcu/
2026-05-14 13:54:40,198 [INFO] DbMcusAds:125 - Set database path to: C:\Users\Samuel\.stmcufinder\plugins\mcufinder//mcu/
2026-05-14 13:54:40,204 [INFO] CrossReferenceDbSqlite:203 - Set database path to: C:\Users\Samuel\.stmcufinder\plugins\mcufinder//mcu/cs/
2026-05-14 13:54:40,316 [ERROR] LogOutputStream:75 - [STDERR_REDIRECT] [Fatal Error] :1:1: Premature end of file.
2026-05-14 13:54:40,318 [ERROR] LogOutputStream:75 - [STDERR_REDIRECT] 
2026-05-14 13:54:40,382 [INFO] RulesReader:64 - Compatibility file has been processed (317 Rules)
2026-05-14 13:54:40,534 [INFO] DbMcusXml:78 - Set database path to: C:\ST\STM32CubeIDE_1.18.1\STM32CubeIDE\plugins\com.st.stm32cube.common.mx_6.15.0.202507011659\\db\/mcu/
2026-05-14 13:54:40,534 [INFO] ApiDb:274 - Set plugin database path to: C:\ST\STM32CubeIDE_1.18.1\STM32CubeIDE\plugins\com.st.stm32cube.common.mx_6.15.0.202507011659\\db\/plugins/boardmanager/
2026-05-14 13:54:40,534 [INFO] ApiDb:261 - Set plugin images path to: C:\ST\STM32CubeIDE_1.18.1\STM32CubeIDE\plugins\com.st.stm32cube.common.mx_6.15.0.202507011659\\db\/plugins/mcufinder/images/
2026-05-14 13:54:40,535 [WARN] DbFile:41 - Overriding database path with different value: C:\Users\Samuel\.stmcufinder\plugins\mcufinder/ => C:\Users\Samuel\.stmcufinder\plugins\mcufinder
2026-05-14 13:54:40,535 [INFO] ApiDb:250 - Set database path to: C:\Users\Samuel\.stmcufinder\plugins\mcufinder//mcu/
2026-05-14 13:54:40,535 [WARN] DbFile:41 - Overriding database path with different value: C:\Users\Samuel\.stmcufinder\plugins\mcufinder/ => C:\Users\Samuel\.stmcufinder\plugins\mcufinder
2026-05-14 13:54:40,535 [INFO] DbMcusAds:125 - Set database path to: C:\Users\Samuel\.stmcufinder\plugins\mcufinder//mcu/
2026-05-14 13:54:40,535 [WARN] DbFile:41 - Overriding database path with different value: C:\Users\Samuel\.stmcufinder\plugins\mcufinder/ => C:\Users\Samuel\.stmcufinder\plugins\mcufinder
2026-05-14 13:54:40,535 [WARN] DbFile:41 - Overriding database path with different value: C:\Users\Samuel\.stmcufinder\plugins\mcufinder/ => C:\Users\Samuel\.stmcufinder\plugins\mcufinder
2026-05-14 13:54:40,535 [INFO] CrossReferenceDbSqlite:203 - Set database path to: C:\Users\Samuel\.stmcufinder\plugins\mcufinder//mcu/cs/
2026-05-14 13:54:40,625 [INFO] MainPanel:274 - HeapMemory: 268435456
2026-05-14 13:54:40,764 [INFO] DbMcusXml:78 - Set database path to: C:\ST\STM32CubeIDE_1.18.1\STM32CubeIDE\plugins\com.st.stm32cube.common.mx_6.15.0.202507011659\\db\/mcu/
2026-05-14 13:54:40,764 [INFO] ApiDb:274 - Set plugin database path to: C:\ST\STM32CubeIDE_1.18.1\STM32CubeIDE\plugins\com.st.stm32cube.common.mx_6.15.0.202507011659\\db\/plugins/boardmanager/
2026-05-14 13:54:40,764 [INFO] ApiDb:261 - Set plugin images path to: C:\ST\STM32CubeIDE_1.18.1\STM32CubeIDE\plugins\com.st.stm32cube.common.mx_6.15.0.202507011659\\db\/plugins/mcufinder/images/
2026-05-14 13:54:40,765 [WARN] DbFile:41 - Overriding database path with different value: C:\Users\Samuel\.stmcufinder\plugins\mcufinder/ => C:\Users\Samuel\.stmcufinder\plugins\mcufinder
2026-05-14 13:54:40,765 [INFO] ApiDb:250 - Set database path to: C:\Users\Samuel\.stmcufinder\plugins\mcufinder//mcu/
2026-05-14 13:54:40,765 [WARN] DbFile:41 - Overriding database path with different value: C:\Users\Samuel\.stmcufinder\plugins\mcufinder/ => C:\Users\Samuel\.stmcufinder\plugins\mcufinder
2026-05-14 13:54:40,765 [INFO] DbMcusAds:125 - Set database path to: C:\Users\Samuel\.stmcufinder\plugins\mcufinder//mcu/
2026-05-14 13:54:40,765 [WARN] DbFile:41 - Overriding database path with different value: C:\Users\Samuel\.stmcufinder\plugins\mcufinder/ => C:\Users\Samuel\.stmcufinder\plugins\mcufinder
2026-05-14 13:54:40,765 [WARN] DbFile:41 - Overriding database path with different value: C:\Users\Samuel\.stmcufinder\plugins\mcufinder/ => C:\Users\Samuel\.stmcufinder\plugins\mcufinder
2026-05-14 13:54:40,765 [INFO] CrossReferenceDbSqlite:203 - Set database path to: C:\Users\Samuel\.stmcufinder\plugins\mcufinder//mcu/cs/
2026-05-14 13:54:40,786 [INFO] ApplicationProperties:184 - Using Application install path: C:\ST\STM32CubeIDE_1.18.1\STM32CubeIDE\plugins\com.st.stm32cube.common.mx_6.15.0.202507011659
2026-05-14 13:54:40,788 [INFO] PluginManage:196 - Search for loadable plugins [exclusion list=, ]
2026-05-14 13:54:40,789 [INFO] PluginManage:310 - Check plugin analytics
2026-05-14 13:54:40,973 [INFO] AnalyticsPlugin:253 - Accepted Software Licenses: 
2026-05-14 13:54:40,973 [INFO] AnalyticsPlugin:255 - Accepted CMSIS Pack Licenses: 
2026-05-14 13:54:40,974 [INFO] AnalyticsPlugin:257 - Accepted Firmware Licenses: FW.F4.1.28.0
2026-05-14 13:54:40,977 [INFO] PluginManage:359 - Loaded plugin analytics (category:tool,tabindex:-1)
2026-05-14 13:54:40,977 [INFO] PluginManage:310 - Check plugin cadmodel
2026-05-14 13:54:40,985 [INFO] CADModel:105 - Init CAD model plugin
2026-05-14 13:54:40,985 [INFO] PluginManage:359 - Loaded plugin cadmodel (category:power,tabindex:5)
2026-05-14 13:54:40,985 [INFO] PluginManage:310 - Check plugin clock
2026-05-14 13:54:40,995 [INFO] PluginManage:359 - Loaded plugin clock (category:base,tabindex:2)
2026-05-14 13:54:40,996 [INFO] PluginManage:310 - Check plugin ddr
2026-05-14 13:54:40,998 [INFO] PluginManage:359 - Loaded plugin ddr (category:tool,tabindex:6)
2026-05-14 13:54:40,999 [INFO] PluginManage:310 - Check plugin filemanager
2026-05-14 13:54:41,152 [INFO] PluginManage:359 - Loaded plugin filemanager (category:base,tabindex:10)
2026-05-14 13:54:41,152 [INFO] PluginManage:310 - Check plugin ipmanager
2026-05-14 13:54:41,160 [INFO] PluginManage:359 - Loaded plugin ipmanager (category:base,tabindex:5)
2026-05-14 13:54:41,160 [INFO] PluginManage:310 - Check plugin lpbam
2026-05-14 13:54:41,169 [INFO] PluginManage:359 - Loaded plugin lpbam (category:base,tabindex:0)
2026-05-14 13:54:41,169 [INFO] PluginManage:310 - Check plugin memorymap
2026-05-14 13:54:41,183 [INFO] PluginManage:359 - Loaded plugin memorymap (category:base,tabindex:4)
2026-05-14 13:54:41,183 [INFO] PluginManage:310 - Check plugin pinoutandconfiguration
2026-05-14 13:54:41,194 [INFO] PluginManage:359 - Loaded plugin pinoutandconfiguration (category:base,tabindex:1)
2026-05-14 13:54:41,194 [INFO] PluginManage:310 - Check plugin pinoutconfig
2026-05-14 13:54:41,273 [ERROR] LogOutputStream:75 - [STDERR_REDIRECT] [Fatal Error] :1:1: Premature end of file.
2026-05-14 13:54:41,274 [ERROR] LogOutputStream:75 - [STDERR_REDIRECT] 
2026-05-14 13:54:41,297 [WARN] SupportedApi:132 - Cannot load RTOS API schema: s4s-elt-must-match.1: The content of 'definitions' must match (annotation?, (simpleType | complexType)?, (unique | key | keyref)*)). A problem was found starting at: attribute.
2026-05-14 13:54:41,450 [INFO] PluginManage:359 - Loaded plugin pinoutconfig (category:base,tabindex:0)
2026-05-14 13:54:41,450 [INFO] PluginManage:310 - Check plugin power
2026-05-14 13:54:41,461 [INFO] PluginManage:359 - Loaded plugin power (category:power,tabindex:4)
2026-05-14 13:54:41,461 [INFO] PluginManage:310 - Check plugin projectmanager
2026-05-14 13:54:41,479 [INFO] PluginManage:359 - Loaded plugin projectmanager (category:projectmanager,tabindex:4)
2026-05-14 13:54:41,479 [INFO] PluginManage:310 - Check plugin rif
2026-05-14 13:54:41,491 [INFO] PluginManage:359 - Loaded plugin rif (category:base,tabindex:3)
2026-05-14 13:54:41,491 [INFO] PluginManage:310 - Check plugin thirdparty
2026-05-14 13:54:41,640 [INFO] PluginManage:359 - Loaded plugin thirdparty (category:base,tabindex:-1)
2026-05-14 13:54:41,640 [WARN] IntegrityCheckThread:84 - waiting for thirdparty lock release [integrity check]
2026-05-14 13:54:41,640 [INFO] PluginManage:310 - Check plugin tools
2026-05-14 13:54:41,640 [INFO] IntegrityCheckThread:86 - entering critical section [integrity check]
2026-05-14 13:54:41,640 [INFO] ThirdPartyUpdaterWithRetryManager:70 - Updater plugin not ready yet. [1/15]
2026-05-14 13:54:41,644 [INFO] PluginManage:359 - Loaded plugin tools (category:base,tabindex:7)
2026-05-14 13:54:41,644 [INFO] PluginManage:310 - Check plugin tutovideos
2026-05-14 13:54:41,880 [INFO] PluginManage:359 - Loaded plugin tutovideos (category:base,tabindex:-1)
2026-05-14 13:54:41,880 [INFO] PluginManage:310 - Check plugin updater
2026-05-14 13:54:41,903 [INFO] PluginManage:359 - Loaded plugin updater (category:base,tabindex:12)
2026-05-14 13:54:41,903 [INFO] PluginManage:310 - Check plugin userauth
2026-05-14 13:54:41,907 [INFO] UserAuth:118 - Init User Auth plugin
2026-05-14 13:54:41,908 [INFO] PluginManage:359 - Loaded plugin userauth (category:base,tabindex:14)
2026-05-14 13:54:41,909 [INFO] PluginManage:283 - PluginManage : Loaded plugins [18]
2026-05-14 13:54:42,143 [INFO] PinOutPanel:1589 - setPackage(No Configuration,No Configuration)
2026-05-14 13:54:42,239 [INFO] CADModel:165 - CPN selected for project level
2026-05-14 13:54:42,239 [INFO] CADModel:114 - Register for checkConnection events
2026-05-14 13:54:42,260 [INFO] IPUIPlugin:80 - create IPUIPlugin
2026-05-14 13:54:42,260 [INFO] PluginManager:220 - loadIPPluginJar : add adc
2026-05-14 13:54:42,263 [INFO] IPUIPlugin:80 - create IPUIPlugin
2026-05-14 13:54:42,263 [INFO] PluginManager:220 - loadIPPluginJar : add aes
2026-05-14 13:54:42,266 [INFO] IPUIPlugin:80 - create IPUIPlugin
2026-05-14 13:54:42,266 [INFO] PluginManager:220 - loadIPPluginJar : add can
2026-05-14 13:54:42,268 [INFO] IPUIPlugin:80 - create IPUIPlugin
2026-05-14 13:54:42,268 [INFO] PluginManager:220 - loadIPPluginJar : add comp
2026-05-14 13:54:42,270 [INFO] IPUIPlugin:80 - create IPUIPlugin
2026-05-14 13:54:42,271 [INFO] PluginManager:220 - loadIPPluginJar : add cryp
2026-05-14 13:54:42,274 [ERROR] LogOutputStream:75 - [STDERR_REDIRECT] [Fatal Error] :1:1: Premature end of file.
2026-05-14 13:54:42,274 [ERROR] LogOutputStream:75 - [STDERR_REDIRECT] 
2026-05-14 13:54:42,274 [INFO] IPUIPlugin:80 - create IPUIPlugin
2026-05-14 13:54:42,275 [INFO] PluginManager:220 - loadIPPluginJar : add ddr_ctrl_phy
2026-05-14 13:54:42,277 [INFO] IPUIPlugin:80 - create IPUIPlugin
2026-05-14 13:54:42,277 [INFO] PluginManager:220 - loadIPPluginJar : add dfsdm
2026-05-14 13:54:42,282 [INFO] IPUIPlugin:80 - create IPUIPlugin
2026-05-14 13:54:42,283 [INFO] PluginManager:220 - loadIPPluginJar : add dma
2026-05-14 13:54:42,286 [INFO] IPUIPlugin:80 - create IPUIPlugin
2026-05-14 13:54:42,286 [INFO] PluginManager:220 - loadIPPluginJar : add dma3
2026-05-14 13:54:42,290 [INFO] IPUIPlugin:80 - create IPUIPlugin
2026-05-14 13:54:42,290 [INFO] PluginManager:220 - loadIPPluginJar : add extmemmanager
2026-05-14 13:54:42,292 [INFO] IPUIPlugin:80 - create IPUIPlugin
2026-05-14 13:54:42,292 [INFO] PluginManager:220 - loadIPPluginJar : add fatfs
2026-05-14 13:54:42,298 [INFO] IPUIPlugin:80 - create IPUIPlugin
2026-05-14 13:54:42,298 [INFO] PluginManager:220 - loadIPPluginJar : add fmc
2026-05-14 13:54:42,311 [INFO] IPUIPlugin:80 - create IPUIPlugin
2026-05-14 13:54:42,311 [INFO] PluginManager:220 - loadIPPluginJar : add freertos
2026-05-14 13:54:42,313 [INFO] IPUIPlugin:80 - create IPUIPlugin
2026-05-14 13:54:42,313 [INFO] PluginManager:220 - loadIPPluginJar : add genericplugin
2026-05-14 13:54:42,316 [INFO] IPUIPlugin:80 - create IPUIPlugin
2026-05-14 13:54:42,316 [INFO] PluginManager:220 - loadIPPluginJar : add gfxmmu
2026-05-14 13:54:42,321 [INFO] IPUIPlugin:80 - create IPUIPlugin
2026-05-14 13:54:42,321 [INFO] PluginManager:220 - loadIPPluginJar : add gic
2026-05-14 13:54:42,327 [INFO] IPUIPlugin:80 - create IPUIPlugin
2026-05-14 13:54:42,327 [INFO] PluginManager:220 - loadIPPluginJar : add gpio
2026-05-14 13:54:42,330 [INFO] IPUIPlugin:80 - create IPUIPlugin
2026-05-14 13:54:42,330 [INFO] PluginManager:220 - loadIPPluginJar : add gtzc
2026-05-14 13:54:42,333 [INFO] IPUIPlugin:80 - create IPUIPlugin
2026-05-14 13:54:42,333 [INFO] PluginManager:220 - loadIPPluginJar : add hash
2026-05-14 13:54:42,336 [INFO] IPUIPlugin:80 - create IPUIPlugin
2026-05-14 13:54:42,336 [INFO] PluginManager:220 - loadIPPluginJar : add i2c
2026-05-14 13:54:42,339 [INFO] IPUIPlugin:80 - create IPUIPlugin
2026-05-14 13:54:42,339 [INFO] PluginManager:220 - loadIPPluginJar : add i2s
2026-05-14 13:54:42,342 [INFO] IPUIPlugin:80 - create IPUIPlugin
2026-05-14 13:54:42,342 [INFO] PluginManager:220 - loadIPPluginJar : add i3c
2026-05-14 13:54:42,345 [INFO] IPUIPlugin:80 - create IPUIPlugin
2026-05-14 13:54:42,345 [INFO] PluginManager:220 - loadIPPluginJar : add ipddr
2026-05-14 13:54:42,353 [INFO] IPUIPlugin:80 - create IPUIPlugin
2026-05-14 13:54:42,353 [INFO] PluginManager:220 - loadIPPluginJar : add linkedlist
2026-05-14 13:54:42,357 [INFO] IPUIPlugin:80 - create IPUIPlugin
2026-05-14 13:54:42,357 [INFO] PluginManager:220 - loadIPPluginJar : add lorawan
2026-05-14 13:54:42,359 [INFO] IPUIPlugin:80 - create IPUIPlugin
2026-05-14 13:54:42,359 [INFO] PluginManager:220 - loadIPPluginJar : add ltdc
2026-05-14 13:54:42,364 [INFO] IPUIPlugin:80 - create IPUIPlugin
2026-05-14 13:54:42,364 [INFO] PluginManager:220 - loadIPPluginJar : add mdma
2026-05-14 13:54:42,368 [INFO] IPUIPlugin:80 - create IPUIPlugin
2026-05-14 13:54:42,368 [INFO] PluginManager:220 - loadIPPluginJar : add nvic
2026-05-14 13:54:42,371 [INFO] IPUIPlugin:80 - create IPUIPlugin
2026-05-14 13:54:42,371 [INFO] PluginManager:220 - loadIPPluginJar : add opamp
2026-05-14 13:54:42,375 [INFO] IPUIPlugin:80 - create IPUIPlugin
2026-05-14 13:54:42,375 [INFO] PluginManager:220 - loadIPPluginJar : add openamp
2026-05-14 13:54:42,378 [INFO] IPUIPlugin:80 - create IPUIPlugin
2026-05-14 13:54:42,378 [INFO] PluginManager:220 - loadIPPluginJar : add pdm2pcm
2026-05-14 13:54:42,384 [INFO] IPUIPlugin:80 - create IPUIPlugin
2026-05-14 13:54:42,387 [INFO] PluginManager:220 - loadIPPluginJar : add plateformsettings
2026-05-14 13:54:42,389 [INFO] IPUIPlugin:80 - create IPUIPlugin
2026-05-14 13:54:42,389 [INFO] PluginManager:220 - loadIPPluginJar : add quadspi
2026-05-14 13:54:42,391 [INFO] IPUIPlugin:80 - create IPUIPlugin
2026-05-14 13:54:42,392 [INFO] PluginManager:220 - loadIPPluginJar : add radio
2026-05-14 13:54:42,396 [INFO] IPUIPlugin:80 - create IPUIPlugin
2026-05-14 13:54:42,396 [INFO] PluginManager:220 - loadIPPluginJar : add resmgrutility
2026-05-14 13:54:42,400 [INFO] IPUIPlugin:80 - create IPUIPlugin
2026-05-14 13:54:42,400 [INFO] PluginManager:220 - loadIPPluginJar : add sai
2026-05-14 13:54:42,402 [INFO] IPUIPlugin:80 - create IPUIPlugin
2026-05-14 13:54:42,402 [INFO] PluginManager:220 - loadIPPluginJar : add spi
2026-05-14 13:54:42,411 [INFO] IPUIPlugin:80 - create IPUIPlugin
2026-05-14 13:54:42,411 [INFO] PluginManager:220 - loadIPPluginJar : add stm32_wpan
2026-05-14 13:54:42,414 [INFO] IPUIPlugin:80 - create IPUIPlugin
2026-05-14 13:54:42,414 [INFO] PluginManager:220 - loadIPPluginJar : add tim
2026-05-14 13:54:42,418 [INFO] IPUIPlugin:80 - create IPUIPlugin
2026-05-14 13:54:42,418 [INFO] PluginManager:220 - loadIPPluginJar : add touchsensing
2026-05-14 13:54:42,420 [INFO] IPUIPlugin:80 - create IPUIPlugin
2026-05-14 13:54:42,420 [INFO] PluginManager:220 - loadIPPluginJar : add tracer_emb
2026-05-14 13:54:42,422 [INFO] IPUIPlugin:80 - create IPUIPlugin
2026-05-14 13:54:42,422 [INFO] PluginManager:220 - loadIPPluginJar : add ts
2026-05-14 13:54:42,424 [INFO] IPUIPlugin:80 - create IPUIPlugin
2026-05-14 13:54:42,424 [INFO] PluginManager:220 - loadIPPluginJar : add tsc
2026-05-14 13:54:42,427 [INFO] IPUIPlugin:80 - create IPUIPlugin
2026-05-14 13:54:42,427 [INFO] PluginManager:220 - loadIPPluginJar : add ucpd
2026-05-14 13:54:42,430 [INFO] IPUIPlugin:80 - create IPUIPlugin
2026-05-14 13:54:42,430 [INFO] PluginManager:220 - loadIPPluginJar : add usart
2026-05-14 13:54:42,433 [INFO] IPUIPlugin:80 - create IPUIPlugin
2026-05-14 13:54:42,433 [INFO] PluginManager:220 - loadIPPluginJar : add usbx
2026-05-14 13:54:42,574 [FATAL] Updater:351 - Updater called before beeing initialized
2026-05-14 13:54:42,604 [INFO] RulesReader:64 - Compatibility file has been processed (317 Rules)
2026-05-14 13:54:42,615 [INFO] RulesReader:64 - Compatibility file has been processed (317 Rules)
2026-05-14 13:54:42,627 [INFO] CADModel:165 - CPN selected for project level
2026-05-14 13:54:42,627 [INFO] CADModel:114 - Register for checkConnection events
2026-05-14 13:54:42,627 [FATAL] Updater:351 - Updater called before beeing initialized
2026-05-14 13:54:42,627 [ERROR] CADModel:125 - Updater not yet initialized, retry later 
2026-05-14 13:54:42,823 [FATAL] Updater:351 - Updater called before beeing initialized
2026-05-14 13:54:42,825 [INFO] CADModel:165 - CPN selected for project level
2026-05-14 13:54:42,825 [INFO] CADModel:114 - Register for checkConnection events
2026-05-14 13:54:42,825 [FATAL] Updater:351 - Updater called before beeing initialized
2026-05-14 13:54:42,826 [ERROR] CADModel:125 - Updater not yet initialized, retry later 
2026-05-14 13:54:42,829 [FATAL] Updater:351 - Updater called before beeing initialized
2026-05-14 13:54:42,984 [FATAL] Updater:351 - Updater called before beeing initialized
2026-05-14 13:54:42,993 [INFO] DbMcusAds:53 - JSON generation date=Mon Apr 27 10:14:29 CEST 2026 (1777277669577)
2026-05-14 13:54:42,993 [FATAL] Updater:351 - Updater called before beeing initialized
2026-05-14 13:54:43,037 [WARN] DetailPanel:346 - Failed to get advertising image, set to default
2026-05-14 13:54:43,132 [FATAL] Updater:351 - Updater called before beeing initialized
2026-05-14 13:54:43,133 [FATAL] Updater:351 - Updater called before beeing initialized
2026-05-14 13:54:43,133 [FATAL] Updater:351 - Updater called before beeing initialized
2026-05-14 13:54:43,133 [WARN] DetailPanel:346 - Failed to get advertising image, set to default
2026-05-14 13:54:43,134 [FATAL] Updater:351 - Updater called before beeing initialized
2026-05-14 13:54:43,186 [ERROR] Updater:1198 - MainUpdater not yet initialized. External WinMGr cannot be set.
2026-05-14 13:54:43,188 [INFO] Updater:1134 - Updater Version found : 6.15.0
2026-05-14 13:54:43,204 [INFO] ApplicationProperties:184 - Using Application install path: C:\ST\STM32CubeIDE_1.18.1\STM32CubeIDE\plugins\com.st.stm32cube.common.mx_6.15.0.202507011659
2026-05-14 13:54:43,274 [ERROR] LogOutputStream:75 - [STDERR_REDIRECT] [Fatal Error] :1:1: Premature end of file.
2026-05-14 13:54:43,274 [ERROR] LogOutputStream:75 - [STDERR_REDIRECT] 
2026-05-14 13:54:44,273 [ERROR] LogOutputStream:75 - [STDERR_REDIRECT] [Fatal Error] :1:1: Premature end of file.
2026-05-14 13:54:44,273 [ERROR] LogOutputStream:75 - [STDERR_REDIRECT] 
2026-05-14 13:54:44,641 [INFO] ThirdPartyUpdaterWithRetryManager:70 - Updater plugin not ready yet. [2/15]
2026-05-14 13:54:44,779 [ERROR] LogOutputStream:75 - [STDERR_REDIRECT] May 14, 2026 1:54:44 PM java.util.prefs.WindowsPreferences <init>
2026-05-14 13:54:44,781 [ERROR] LogOutputStream:75 - [STDERR_REDIRECT] WARNING: Could not open/create prefs root node Software\JavaSoft\Prefs at root 0xffffffff80000002. Windows RegCreateKeyEx(...) returned error code 5.
2026-05-14 13:54:44,782 [ERROR] LogOutputStream:75 - [STDERR_REDIRECT] 
2026-05-14 13:54:45,262 [INFO] MainUpdater:2872 - connection check result : 10
2026-05-14 13:54:45,262 [INFO] MainUpdater:3604 - Updater definition file requires update
2026-05-14 13:54:45,263 [INFO] MainUpdater:289 - Updater Check For Update Now.
2026-05-14 13:54:45,263 [INFO] MicroXplorer:498 - Change Database Version : DB.6.0.150
2026-05-14 13:54:45,269 [INFO] McuFinderGlobals:63 - Set McuFinder mode to 2 (CubeIDE integrated)
2026-05-14 13:54:45,270 [INFO] UserAuth:487 - Internet connection configuration mode: 1
2026-05-14 13:54:45,273 [ERROR] LogOutputStream:75 - [STDERR_REDIRECT] [Fatal Error] :1:1: Premature end of file.
2026-05-14 13:54:45,274 [ERROR] LogOutputStream:75 - [STDERR_REDIRECT] 
2026-05-14 13:54:45,290 [INFO] JxBrowserEngine:152 - Initiate JxBrowser Engine with user profile folder
2026-05-14 13:54:45,430 [INFO] ServerAccessManage:452 - Complete download http(s) 200
2026-05-14 13:54:45,431 [INFO] ServerAccessManage:509 - Download File updaters.zip
2026-05-14 13:54:45,571 [INFO] FileExtend:248 - Unzip File : updaters.zip
2026-05-14 13:54:45,571 [INFO] FileExtend:263 - Standard Zip Deflate
2026-05-14 13:54:45,966 [INFO] ServerAccessManage:452 - Complete download http(s) 200
2026-05-14 13:54:45,966 [INFO] ServerAccessManage:509 - Download File PacksControlFlags.xml
2026-05-14 13:54:46,274 [ERROR] LogOutputStream:75 - [STDERR_REDIRECT] [Fatal Error] :1:1: Premature end of file.
2026-05-14 13:54:46,579 [ERROR] LogOutputStream:75 - [STDERR_REDIRECT] 
2026-05-14 13:54:46,658 [INFO] ServerAccessManage:452 - Complete download http(s) 200
2026-05-14 13:54:46,659 [INFO] ServerAccessManage:509 - Download File cubemx.pidx
2026-05-14 13:54:46,803 [INFO] LoadServerUpdatesThread:375 - End of LoadServerUpdate Thread
2026-05-14 13:54:46,988 [INFO] CheckServerUpdateThread:120 - End of CheckServer Thread
2026-05-14 13:54:47,211 [INFO] WebApp:169 - Instantiating new browser for Auth
2026-05-14 13:54:47,274 [ERROR] LogOutputStream:75 - [STDERR_REDIRECT] [Fatal Error] :1:1: Premature end of file.
2026-05-14 13:54:47,274 [ERROR] LogOutputStream:75 - [STDERR_REDIRECT] 
2026-05-14 13:54:47,981 [WARN] PackLoader:240 - Cannot read IP mode file for STMicroelectronics.X-CUBE-AZRTOS-H7.3.5.0
2026-05-14 13:54:47,994 [WARN] PackLoader:240 - Cannot read IP mode file for STMicroelectronics.FP-SNS-MOTENVWB1.1.4.0
2026-05-14 13:54:48,011 [WARN] PackLoader:240 - Cannot read IP mode file for STMicroelectronics.X-CUBE-SMBUS.2.1.0
2026-05-14 13:54:48,016 [WARN] PackLoader:240 - Cannot read IP mode file for STMicroelectronics.X-CUBE-ST60.1.0.0
2026-05-14 13:54:48,040 [WARN] PackLoader:240 - Cannot read IP mode file for STMicroelectronics.X-CUBE-AZRTOS-F7.1.1.0
2026-05-14 13:54:48,053 [WARN] PackLoader:240 - Cannot read IP mode file for STMicroelectronics.FP-SNS-MOTENV1.5.1.0
2026-05-14 13:54:48,086 [WARN] PackLoader:240 - Cannot read IP mode file for Infineon.AIROC-Wi-Fi-Bluetooth-STM32.1.7.0
2026-05-14 13:54:48,117 [WARN] PackLoader:240 - Cannot read IP mode file for STMicroelectronics.X-CUBE-AZRTOS-H7.3.4.0
2026-05-14 13:54:48,129 [WARN] PackLoader:240 - Cannot read IP mode file for STMicroelectronics.X-CUBE-DISPLAY.3.0.0
2026-05-14 13:54:48,144 [WARN] PackLoader:240 - Cannot read IP mode file for STMicroelectronics.X-CUBE-GNSS1.7.1.1
2026-05-14 13:54:48,149 [WARN] PackLoader:240 - Cannot read IP mode file for STMicroelectronics.FP-SNS-MOTENVWB1.1.5.0
2026-05-14 13:54:48,156 [WARN] PackLoader:240 - Cannot read IP mode file for STMicroelectronics.X-CUBE-NFC10.1.0.0
2026-05-14 13:54:48,166 [WARN] PackLoader:240 - Cannot read IP mode file for STMicroelectronics.X-CUBE-BLEMGR.4.0.0
2026-05-14 13:54:48,173 [WARN] PackLoader:240 - Cannot read IP mode file for STMicroelectronics.X-CUBE-ST60.1.1.0
2026-05-14 13:54:48,180 [WARN] PackLoader:240 - Cannot read IP mode file for emotas.I-CUBE-CANOPEN.1.3.0
2026-05-14 13:54:48,183 [INFO] WebApp:463 - Apply proxy settings
2026-05-14 13:54:48,184 [INFO] WebApp:548 - Chromium requires no authentication
2026-05-14 13:54:48,185 [WARN] PackLoader:240 - Cannot read IP mode file for STMicroelectronics.X-CUBE-GNSS1.7.1.0
2026-05-14 13:54:48,191 [WARN] ConditionMgr:438 - getConditionDescription Invalid condition id : Cortex-A Device cause : null
2026-05-14 13:54:48,205 [WARN] ConditionMgr:1044 - genDependencies : Invalid condition id : Cortex-A Device cause : null
2026-05-14 13:54:48,205 [WARN] ConditionMgr:1044 - genDependencies : Invalid condition id : Cortex-A Device cause : null
2026-05-14 13:54:48,205 [WARN] ConditionMgr:1044 - genDependencies : Invalid condition id : Cortex-A Device cause : null
2026-05-14 13:54:48,209 [WARN] PackLoader:240 - Cannot read IP mode file for STMicroelectronics.X-CUBE-AI.10.0.0
2026-05-14 13:54:48,215 [WARN] PackLoader:240 - Cannot read IP mode file for STMicroelectronics.FP-SNS-STBOX1.2.1.0
2026-05-14 13:54:48,221 [WARN] PackLoader:240 - Cannot read IP mode file for STMicroelectronics.FP-SNS-SMARTAG2.1.2.0
2026-05-14 13:54:48,222 [INFO] WebApp:491 - Direct internet connection detected
2026-05-14 13:54:48,230 [INFO] LogOutputStream:77 - [STDOUT_REDIRECT] 1 : Invalid condition id : UX_CORESTACK_Condition cause : null
2026-05-14 13:54:48,231 [INFO] LogOutputStream:77 - [STDOUT_REDIRECT] 1 : Invalid condition id : UX_CORESTACK_Condition cause : null
2026-05-14 13:54:48,233 [INFO] LogOutputStream:77 - [STDOUT_REDIRECT] 1 : Invalid condition id : UX_CORESTACK_Condition cause : null
2026-05-14 13:54:48,234 [INFO] LogOutputStream:77 - [STDOUT_REDIRECT] 1 : Invalid condition id : UX_CORESTACK_Condition cause : null
2026-05-14 13:54:48,237 [INFO] LogOutputStream:77 - [STDOUT_REDIRECT] 1 : Invalid condition id : UX_CORESTACK_Condition cause : null
2026-05-14 13:54:48,239 [WARN] PackLoader:240 - Cannot read IP mode file for STMicroelectronics.X-CUBE-AZRTOS-WL.2.0.0
2026-05-14 13:54:48,244 [WARN] PackLoader:240 - Cannot read IP mode file for STMicroelectronics.FP-SNS-MOTENV1.5.0.0
2026-05-14 13:54:48,262 [WARN] PackLoader:240 - Cannot read IP mode file for STMicroelectronics.X-CUBE-AZRTOS-H7RS.1.2.0
2026-05-14 13:54:48,273 [ERROR] LogOutputStream:75 - [STDERR_REDIRECT] [Fatal Error] :1:1: Premature end of file.
2026-05-14 13:54:48,274 [ERROR] LogOutputStream:75 - [STDERR_REDIRECT] 
2026-05-14 13:54:48,274 [WARN] PackLoader:240 - Cannot read IP mode file for WES.I-CUBE-Cesium.1.3.0
2026-05-14 13:54:48,280 [WARN] PackLoader:240 - Cannot read IP mode file for STMicroelectronics.X-CUBE-BLE2.3.3.0
2026-05-14 13:54:48,296 [WARN] PackLoader:240 - Cannot read IP mode file for STMicroelectronics.X-CUBE-NFC9.1.0.0
2026-05-14 13:54:48,302 [WARN] PackLoader:240 - Cannot read IP mode file for wolfSSL.I-CUBE-wolfSSL.5.8.0
2026-05-14 13:54:48,306 [WARN] PackLoader:240 - Cannot read IP mode file for wolfSSL.I-CUBE-wolfMQTT.1.19.2
2026-05-14 13:54:48,312 [WARN] PackLoader:240 - Cannot read IP mode file for STMicroelectronics.X-CUBE-FREERTOS.1.4.0
2026-05-14 13:54:48,318 [WARN] PackLoader:240 - Cannot read IP mode file for STMicroelectronics.X-CUBE-EEPRMA1.5.2.0
2026-05-14 13:54:48,326 [WARN] PackLoader:240 - Cannot read IP mode file for STMicroelectronics.X-CUBE-ST67W61.1.1.0
2026-05-14 13:54:48,331 [WARN] PackLoader:240 - Cannot read IP mode file for STMicroelectronics.X-CUBE-AI.10.1.0
2026-05-14 13:54:48,337 [WARN] PackLoader:240 - Cannot read IP mode file for STMicroelectronics.FP-SNS-STAIOTCFT.1.1.0
2026-05-14 13:54:48,367 [INFO] WebApp:900 - Register for checkConnection events
2026-05-14 13:54:48,367 [INFO] WebApp:463 - Apply proxy settings
2026-05-14 13:54:48,367 [INFO] WebApp:548 - Chromium requires no authentication
2026-05-14 13:54:48,368 [INFO] WebApp:491 - Direct internet connection detected
2026-05-14 13:54:48,379 [WARN] PackLoader:240 - Cannot read IP mode file for STMicroelectronics.X-CUBE-MEMS1.12.0.0
2026-05-14 13:54:48,481 [INFO] WebApp:191 - Connection restablished
2026-05-14 13:54:48,493 [WARN] PackLoader:240 - Cannot read IP mode file for STMicroelectronics.X-CUBE-MEMS1.11.2.0
2026-05-14 13:54:48,609 [WARN] PackLoader:240 - Cannot read IP mode file for STMicroelectronics.X-CUBE-AZRTOS-G0.1.1.0
2026-05-14 13:54:48,617 [WARN] PackLoader:240 - Cannot read IP mode file for STMicroelectronics.X-CUBE-SAFEA1.1.2.2
2026-05-14 13:54:48,624 [WARN] PackLoader:240 - Cannot read IP mode file for STMicroelectronics.X-CUBE-NFC4.3.0.0
2026-05-14 13:54:48,633 [WARN] PackLoader:240 - Cannot read IP mode file for EmbeddedOffice.I-CUBE-FS-RTOS.1.0.1
2026-05-14 13:54:48,641 [WARN] PackLoader:240 - Cannot read IP mode file for STMicroelectronics.X-CUBE-WB05N.2.0.0
2026-05-14 13:54:48,647 [WARN] PackLoader:240 - Cannot read IP mode file for wolfSSL.I-CUBE-wolfTPM.3.8.0
2026-05-14 13:54:48,653 [WARN] PackLoader:240 - Cannot read IP mode file for STMicroelectronics.X-CUBE-TCPP.4.2.0
2026-05-14 13:54:48,660 [WARN] PackLoader:240 - Cannot read IP mode file for RealThread.X-CUBE-RT-Thread_Nano.4.1.1
2026-05-14 13:54:48,665 [WARN] PackLoader:240 - Cannot read IP mode file for STMicroelectronics.FP-ATR-SIGFOX1.3.2.0
2026-05-14 13:54:48,670 [WARN] PackLoader:240 - Cannot read IP mode file for STMicroelectronics.X-CUBE-EEPRMA1.5.1.0
2026-05-14 13:54:48,678 [WARN] PackLoader:240 - Cannot read IP mode file for STMicroelectronics.X-CUBE-FREERTOS.1.5.0
2026-05-14 13:54:48,684 [WARN] PackLoader:240 - Cannot read IP mode file for ITTIA_DB.I-CUBE-ITTIADB.8.9.0
2026-05-14 13:54:48,691 [WARN] PackLoader:240 - Cannot read IP mode file for STMicroelectronics.X-CUBE-NFC6.3.2.0
2026-05-14 13:54:48,704 [WARN] PackLoader:240 - Cannot read IP mode file for STMicroelectronics.X-CUBE-ST67W61.1.0.0
2026-05-14 13:54:48,709 [WARN] PackLoader:240 - Cannot read IP mode file for STMicroelectronics.X-CUBE-AI.10.2.0
2026-05-14 13:54:48,757 [WARN] PackLoader:240 - Cannot read IP mode file for STMicroelectronics.X-CUBE-MEMS1.12.1.0
2026-05-14 13:54:48,850 [WARN] PackLoader:240 - Cannot read IP mode file for SEGGER.I-CUBE-embOS.1.3.1
2026-05-14 13:54:48,898 [WARN] PackLoader:240 - Cannot read IP mode file for STMicroelectronics.X-CUBE-ALGOBUILD.1.4.0
2026-05-14 13:54:48,932 [WARN] PackLoader:240 - Cannot read IP mode file for STMicroelectronics.X-CUBE-MEMS1.11.3.0
2026-05-14 13:54:49,029 [WARN] PackLoader:240 - Cannot read IP mode file for STMicroelectronics.X-CUBE-PM33A1.1.0.0
2026-05-14 13:54:49,045 [WARN] PackLoader:240 - Cannot read IP mode file for STMicroelectronics.X-CUBE-AZRTOS-F4.1.1.0
2026-05-14 13:54:49,050 [WARN] PackLoader:240 - Cannot read IP mode file for Avnet-IotConnect.X-CUBE-IoTC-DA16k-PMOD.1.0.0
2026-05-14 13:54:49,055 [WARN] PackLoader:240 - Cannot read IP mode file for STMicroelectronics.X-CUBE-ISPU.2.1.0
2026-05-14 13:54:49,064 [WARN] PackLoader:240 - Cannot read IP mode file for STMicroelectronics.X-CUBE-IPS.3.2.0
2026-05-14 13:54:49,073 [WARN] PackLoader:240 - Cannot read IP mode file for STMicroelectronics.eDS-WB_DPC_TT-BIDIR.2.1.1
2026-05-14 13:54:49,079 [WARN] PackLoader:240 - Cannot read IP mode file for STMicroelectronics.X-CUBE-NFC12.1.0.0
2026-05-14 13:54:49,093 [WARN] PackLoader:240 - Cannot read IP mode file for STMicroelectronics.X-CUBE-AZRTOS-L5.2.0.0
2026-05-14 13:54:49,100 [WARN] PackLoader:240 - Cannot read IP mode file for STMicroelectronics.X-CUBE-NFC6.3.1.0
2026-05-14 13:54:49,106 [WARN] PackLoader:240 - Cannot read IP mode file for STMicroelectronics.eDS-WB_DPC_VIENNA.1.2.0
2026-05-14 13:54:49,110 [WARN] PackLoader:240 - Cannot read IP mode file for STMicroelectronics.eDS-WB_DPC_3PH2L-BIDIR.1.1.1
2026-05-14 13:54:49,114 [ERROR] Engine:466 - C:\Users\Samuel\.stm32cubemx\thirdparties\pdsc\STMicroelectronics.X-CUBE-ST67W61.1.3.0.pdsc: PDSC version is not supported
2026-05-14 13:54:49,118 [WARN] PackLoader:240 - Cannot read IP mode file for STMicroelectronics.X-CUBE-FREERTOS.1.3.1
2026-05-14 13:54:49,125 [WARN] PackLoader:240 - Cannot read IP mode file for STMicroelectronics.X-CUBE-TOUCHGFX.4.26.0
2026-05-14 13:54:49,128 [WARN] PackLoader:240 - Cannot read IP mode file for STMicroelectronics.X-CUBE-TOUCHGFX.4.26.1
2026-05-14 13:54:49,131 [WARN] PackLoader:240 - Cannot read IP mode file for STMicroelectronics.FP-SNS-STAIOTCFT.1.0.0
2026-05-14 13:54:49,145 [WARN] ConditionMgr:438 - getConditionDescription Invalid condition id : LAN8742 Phy interface Condition cause : null
2026-05-14 13:54:49,145 [WARN] PackLoader:240 - Cannot read IP mode file for STMicroelectronics.X-CUBE-AZRTOS-L4.2.0.0
2026-05-14 13:54:49,146 [WARN] ConditionMgr:1044 - genDependencies : Invalid condition id : LAN8742 Phy interface Condition cause : null
2026-05-14 13:54:49,146 [WARN] ConditionMgr:1044 - genDependencies : Invalid condition id : LAN8742 Phy interface Condition cause : null
2026-05-14 13:54:49,147 [WARN] ConditionMgr:1044 - genDependencies : Invalid condition id : LAN8742 Phy interface Condition cause : null
2026-05-14 13:54:49,155 [WARN] PackLoader:240 - Cannot read IP mode file for STMicroelectronics.X-CUBE-SFXS2LP1.4.0.0
2026-05-14 13:54:49,160 [WARN] PackLoader:240 - Cannot read IP mode file for STMicroelectronics.X-CUBE-WB05N.2.1.0
2026-05-14 13:54:49,175 [WARN] PackLoader:240 - Cannot read IP mode file for STMicroelectronics.X-CUBE-AZRTOS-H7.3.3.0
2026-05-14 13:54:49,186 [WARN] PackLoader:240 - Cannot read IP mode file for STMicroelectronics.X-CUBE-BLEMGR.4.1.0
2026-05-14 13:54:49,198 [WARN] ConditionMgr:438 - getConditionDescription Invalid condition id : UX DEVICE CLASS RTOS Condition cause : null
2026-05-14 13:54:49,198 [WARN] ConditionMgr:438 - getConditionDescription Invalid condition id : UX DEVICE CLASS RTOS Condition cause : null
2026-05-14 13:54:49,200 [WARN] PackLoader:240 - Cannot read IP mode file for STMicroelectronics.X-CUBE-AZRTOS-WB.2.0.0
2026-05-14 13:54:49,200 [WARN] ConditionMgr:1044 - genDependencies : Invalid condition id : UX DEVICE CLASS RTOS Condition cause : null
2026-05-14 13:54:49,200 [WARN] ConditionMgr:1044 - genDependencies : Invalid condition id : UX DEVICE CLASS RTOS Condition cause : null
2026-05-14 13:54:49,200 [WARN] ConditionMgr:1044 - genDependencies : Invalid condition id : UX DEVICE CLASS RTOS Condition cause : null
2026-05-14 13:54:49,201 [WARN] ConditionMgr:1044 - genDependencies : Invalid condition id : UX DEVICE CLASS RTOS Condition cause : null
2026-05-14 13:54:49,201 [WARN] ConditionMgr:1044 - genDependencies : Invalid condition id : UX DEVICE CLASS RTOS Condition cause : null
2026-05-14 13:54:49,206 [WARN] PackLoader:240 - Cannot read IP mode file for STMicroelectronics.X-CUBE-GNSS1.7.0.1
2026-05-14 13:54:49,210 [WARN] PackLoader:240 - Cannot read IP mode file for STMicroelectronics.X-CUBE-TOUCHGFX.4.25.0
2026-05-14 13:54:49,214 [WARN] PackLoader:240 - Cannot read IP mode file for STMicroelectronics.FP-SNS-STBOX1.2.0.0
2026-05-14 13:54:49,222 [WARN] PackLoader:240 - Cannot read IP mode file for STMicroelectronics.X-CUBE-STSE01.2.0.0
2026-05-14 13:54:49,232 [WARN] PackLoader:240 - Cannot read IP mode file for STMicroelectronics.X-CUBE-SUBG2.5.0.0
2026-05-14 13:54:49,248 [WARN] PackLoader:240 - Cannot read IP mode file for STMicroelectronics.X-CUBE-AZRTOS-H7RS.1.1.0
2026-05-14 13:54:49,254 [WARN] PackLoader:240 - Cannot read IP mode file for Cesanta.I-CUBE-Mongoose.7.13.0
2026-05-14 13:54:49,265 [WARN] PackLoader:240 - Cannot read IP mode file for STMicroelectronics.X-CUBE-AZRTOS-G4.2.0.0
2026-05-14 13:54:49,271 [WARN] PackLoader:240 - Cannot read IP mode file for wolfSSL.I-CUBE-wolfSSH.1.4.20
2026-05-14 13:54:49,274 [ERROR] LogOutputStream:75 - [STDERR_REDIRECT] [Fatal Error] :1:1: Premature end of file.
2026-05-14 13:54:49,275 [ERROR] LogOutputStream:75 - [STDERR_REDIRECT] 
2026-05-14 13:54:49,279 [WARN] PackLoader:240 - Cannot read IP mode file for STMicroelectronics.X-CUBE-IPS.3.1.0
2026-05-14 13:54:49,286 [WARN] PackLoader:240 - Cannot read IP mode file for STMicroelectronics.X-CUBE-ALS.1.0.2
2026-05-14 13:54:49,291 [WARN] PackLoader:240 - Cannot read IP mode file for STMicroelectronics.X-CUBE-STSE01.1.0.0
2026-05-14 13:54:49,297 [WARN] PackLoader:240 - Cannot read IP mode file for portGmbH.I-Cube-SoM-uGOAL.1.1.0
2026-05-14 13:54:49,298 [INFO] ThirdParty:978 - Integrity check success = true
2026-05-14 13:54:49,298 [INFO] IntegrityCheckThread:100 - exiting critical section [integrity check]
2026-05-14 13:54:49,298 [INFO] IntegrityCheckThread:103 - End integrity checks thread
2026-05-14 13:54:49,624 [INFO] WebApp:225 - Starting web application
2026-05-14 13:54:49,624 [INFO] WebApp:593 - Web application path used C:\ST\STM32CubeIDE_1.18.1\STM32CubeIDE\plugins\com.st.stm32cube.common.mx_6.15.0.202507011659\db\plugins\mcufinder\reactClient1\index.html
2026-05-14 13:54:49,793 [INFO] UserAuth:487 - Internet connection configuration mode: 1
2026-05-14 13:54:50,273 [ERROR] LogOutputStream:75 - [STDERR_REDIRECT] [Fatal Error] :1:1: Premature end of file.
2026-05-14 13:54:50,274 [ERROR] LogOutputStream:75 - [STDERR_REDIRECT] 
2026-05-14 13:54:51,272 [ERROR] LogOutputStream:75 - [STDERR_REDIRECT] [Fatal Error] :1:1: Premature end of file.
2026-05-14 13:54:51,272 [ERROR] LogOutputStream:75 - [STDERR_REDIRECT] 
2026-05-14 13:54:52,273 [ERROR] LogOutputStream:75 - [STDERR_REDIRECT] [Fatal Error] :1:1: Premature end of file.
2026-05-14 13:54:52,273 [ERROR] LogOutputStream:75 - [STDERR_REDIRECT] 
2026-05-14 13:54:53,273 [ERROR] LogOutputStream:75 - [STDERR_REDIRECT] [Fatal Error] :1:1: Premature end of file.
2026-05-14 13:54:53,273 [ERROR] LogOutputStream:75 - [STDERR_REDIRECT] 
2026-05-14 13:54:54,273 [ERROR] LogOutputStream:75 - [STDERR_REDIRECT] [Fatal Error] :1:1: Premature end of file.
2026-05-14 13:54:54,273 [ERROR] LogOutputStream:75 - [STDERR_REDIRECT] 
2026-05-14 13:54:55,274 [ERROR] LogOutputStream:75 - [STDERR_REDIRECT] [Fatal Error] :1:1: Premature end of file.
2026-05-14 13:54:55,274 [ERROR] LogOutputStream:75 - [STDERR_REDIRECT] 
2026-05-14 13:54:56,273 [ERROR] LogOutputStream:75 - [STDERR_REDIRECT] [Fatal Error] :1:1: Premature end of file.
2026-05-14 13:54:56,273 [ERROR] LogOutputStream:75 - [STDERR_REDIRECT] 
2026-05-14 13:54:57,273 [ERROR] LogOutputStream:75 - [STDERR_REDIRECT] [Fatal Error] :1:1: Premature end of file.
2026-05-14 13:54:57,274 [ERROR] LogOutputStream:75 - [STDERR_REDIRECT] 
2026-05-14 13:54:58,272 [ERROR] LogOutputStream:75 - [STDERR_REDIRECT] [Fatal Error] :1:1: Premature end of file.
2026-05-14 13:54:58,272 [ERROR] LogOutputStream:75 - [STDERR_REDIRECT] 
2026-05-14 13:54:59,272 [ERROR] LogOutputStream:75 - [STDERR_REDIRECT] [Fatal Error] :1:1: Premature end of file.
2026-05-14 13:54:59,272 [ERROR] LogOutputStream:75 - [STDERR_REDIRECT] 
2026-05-14 13:55:00,274 [ERROR] LogOutputStream:75 - [STDERR_REDIRECT] [Fatal Error] :1:1: Premature end of file.
2026-05-14 13:55:00,274 [ERROR] LogOutputStream:75 - [STDERR_REDIRECT] 
2026-05-14 13:55:01,274 [ERROR] LogOutputStream:75 - [STDERR_REDIRECT] [Fatal Error] :1:1: Premature end of file.
2026-05-14 13:55:01,274 [ERROR] LogOutputStream:75 - [STDERR_REDIRECT] 
2026-05-14 13:55:02,273 [ERROR] LogOutputStream:75 - [STDERR_REDIRECT] [Fatal Error] :1:1: Premature end of file.
2026-05-14 13:55:02,273 [ERROR] LogOutputStream:75 - [STDERR_REDIRECT] 
2026-05-14 13:55:03,273 [ERROR] LogOutputStream:75 - [STDERR_REDIRECT] [Fatal Error] :1:1: Premature end of file.
2026-05-14 13:55:03,273 [ERROR] LogOutputStream:75 - [STDERR_REDIRECT] 
2026-05-14 13:55:04,274 [ERROR] LogOutputStream:75 - [STDERR_REDIRECT] [Fatal Error] :1:1: Premature end of file.
2026-05-14 13:55:04,274 [ERROR] LogOutputStream:75 - [STDERR_REDIRECT] 
2026-05-14 13:55:05,273 [ERROR] LogOutputStream:75 - [STDERR_REDIRECT] [Fatal Error] :1:1: Premature end of file.
2026-05-14 13:55:05,274 [ERROR] LogOutputStream:75 - [STDERR_REDIRECT] 
2026-05-14 13:55:06,275 [ERROR] LogOutputStream:75 - [STDERR_REDIRECT] [Fatal Error] :1:1: Premature end of file.
2026-05-14 13:55:06,275 [ERROR] LogOutputStream:75 - [STDERR_REDIRECT] 
2026-05-14 13:55:07,274 [ERROR] LogOutputStream:75 - [STDERR_REDIRECT] [Fatal Error] :1:1: Premature end of file.
2026-05-14 13:55:07,275 [ERROR] LogOutputStream:75 - [STDERR_REDIRECT] 
2026-05-14 13:55:08,272 [ERROR] LogOutputStream:75 - [STDERR_REDIRECT] [Fatal Error] :1:1: Premature end of file.
2026-05-14 13:55:08,273 [ERROR] LogOutputStream:75 - [STDERR_REDIRECT] 
2026-05-14 13:55:09,275 [ERROR] LogOutputStream:75 - [STDERR_REDIRECT] [Fatal Error] :1:1: Premature end of file.
2026-05-14 13:55:09,275 [ERROR] LogOutputStream:75 - [STDERR_REDIRECT] 
2026-05-14 13:55:10,274 [ERROR] LogOutputStream:75 - [STDERR_REDIRECT] [Fatal Error] :1:1: Premature end of file.
2026-05-14 13:55:10,275 [ERROR] LogOutputStream:75 - [STDERR_REDIRECT] 
2026-05-14 13:55:11,274 [ERROR] LogOutputStream:75 - [STDERR_REDIRECT] [Fatal Error] :1:1: Premature end of file.
2026-05-14 13:55:11,274 [ERROR] LogOutputStream:75 - [STDERR_REDIRECT] 
2026-05-14 13:55:12,273 [ERROR] LogOutputStream:75 - [STDERR_REDIRECT] [Fatal Error] :1:1: Premature end of file.
2026-05-14 13:55:12,275 [ERROR] LogOutputStream:75 - [STDERR_REDIRECT] 
2026-05-14 13:55:13,271 [ERROR] LogOutputStream:75 - [STDERR_REDIRECT] [Fatal Error] :1:1: Premature end of file.
2026-05-14 13:55:13,273 [ERROR] LogOutputStream:75 - [STDERR_REDIRECT] 
2026-05-14 13:55:14,272 [ERROR] LogOutputStream:75 - [STDERR_REDIRECT] [Fatal Error] :1:1: Premature end of file.
2026-05-14 13:55:14,272 [ERROR] LogOutputStream:75 - [STDERR_REDIRECT] 
2026-05-14 13:55:15,272 [ERROR] LogOutputStream:75 - [STDERR_REDIRECT] [Fatal Error] :1:1: Premature end of file.
2026-05-14 13:55:15,272 [ERROR] LogOutputStream:75 - [STDERR_REDIRECT] 
2026-05-14 13:55:16,273 [ERROR] LogOutputStream:75 - [STDERR_REDIRECT] [Fatal Error] :1:1: Premature end of file.
2026-05-14 13:55:16,274 [ERROR] LogOutputStream:75 - [STDERR_REDIRECT] 
2026-05-14 13:55:17,275 [ERROR] LogOutputStream:75 - [STDERR_REDIRECT] [Fatal Error] :1:1: Premature end of file.
2026-05-14 13:55:17,275 [ERROR] LogOutputStream:75 - [STDERR_REDIRECT] 
2026-05-14 13:55:18,273 [ERROR] LogOutputStream:75 - [STDERR_REDIRECT] [Fatal Error] :1:1: Premature end of file.
2026-05-14 13:55:18,273 [ERROR] LogOutputStream:75 - [STDERR_REDIRECT] 
2026-05-14 13:55:19,276 [ERROR] LogOutputStream:75 - [STDERR_REDIRECT] [Fatal Error] :1:1: Premature end of file.
2026-05-14 13:55:19,276 [ERROR] LogOutputStream:75 - [STDERR_REDIRECT] 
2026-05-14 13:55:20,273 [ERROR] LogOutputStream:75 - [STDERR_REDIRECT] [Fatal Error] :1:1: Premature end of file.
2026-05-14 13:55:20,273 [ERROR] LogOutputStream:75 - [STDERR_REDIRECT] 
2026-05-14 13:55:21,274 [ERROR] LogOutputStream:75 - [STDERR_REDIRECT] [Fatal Error] :1:1: Premature end of file.
2026-05-14 13:55:21,275 [ERROR] LogOutputStream:75 - [STDERR_REDIRECT] 
2026-05-14 13:55:22,272 [ERROR] LogOutputStream:75 - [STDERR_REDIRECT] [Fatal Error] :1:1: Premature end of file.
2026-05-14 13:55:22,272 [ERROR] LogOutputStream:75 - [STDERR_REDIRECT] 
2026-05-14 13:55:23,274 [ERROR] LogOutputStream:75 - [STDERR_REDIRECT] [Fatal Error] :1:1: Premature end of file.
2026-05-14 13:55:23,274 [ERROR] LogOutputStream:75 - [STDERR_REDIRECT] 
2026-05-14 13:55:24,273 [ERROR] LogOutputStream:75 - [STDERR_REDIRECT] [Fatal Error] :1:1: Premature end of file.
2026-05-14 13:55:24,273 [ERROR] LogOutputStream:75 - [STDERR_REDIRECT] 
2026-05-14 13:55:25,273 [ERROR] LogOutputStream:75 - [STDERR_REDIRECT] [Fatal Error] :1:1: Premature end of file.
2026-05-14 13:55:25,274 [ERROR] LogOutputStream:75 - [STDERR_REDIRECT] 
2026-05-14 13:55:26,280 [ERROR] LogOutputStream:75 - [STDERR_REDIRECT] [Fatal Error] :1:1: Premature end of file.
2026-05-14 13:55:26,280 [ERROR] LogOutputStream:75 - [STDERR_REDIRECT] 
2026-05-14 13:55:27,273 [ERROR] LogOutputStream:75 - [STDERR_REDIRECT] [Fatal Error] :1:1: Premature end of file.
2026-05-14 13:55:27,273 [ERROR] LogOutputStream:75 - [STDERR_REDIRECT] 
2026-05-14 13:55:28,272 [ERROR] LogOutputStream:75 - [STDERR_REDIRECT] [Fatal Error] :1:1: Premature end of file.
2026-05-14 13:55:28,272 [ERROR] LogOutputStream:75 - [STDERR_REDIRECT] 
2026-05-14 13:55:29,274 [ERROR] LogOutputStream:75 - [STDERR_REDIRECT] [Fatal Error] :1:1: Premature end of file.
2026-05-14 13:55:29,274 [ERROR] LogOutputStream:75 - [STDERR_REDIRECT] 
2026-05-14 13:55:30,272 [ERROR] LogOutputStream:75 - [STDERR_REDIRECT] [Fatal Error] :1:1: Premature end of file.
2026-05-14 13:55:30,272 [ERROR] LogOutputStream:75 - [STDERR_REDIRECT] 
2026-05-14 13:55:31,275 [ERROR] LogOutputStream:75 - [STDERR_REDIRECT] [Fatal Error] :1:1: Premature end of file.
2026-05-14 13:55:31,275 [ERROR] LogOutputStream:75 - [STDERR_REDIRECT] 
2026-05-14 13:55:32,273 [ERROR] LogOutputStream:75 - [STDERR_REDIRECT] [Fatal Error] :1:1: Premature end of file.
2026-05-14 13:55:32,273 [ERROR] LogOutputStream:75 - [STDERR_REDIRECT] 
2026-05-14 13:55:33,274 [ERROR] LogOutputStream:75 - [STDERR_REDIRECT] [Fatal Error] :1:1: Premature end of file.
2026-05-14 13:55:33,274 [ERROR] LogOutputStream:75 - [STDERR_REDIRECT] 
2026-05-14 13:55:34,273 [ERROR] LogOutputStream:75 - [STDERR_REDIRECT] [Fatal Error] :1:1: Premature end of file.
2026-05-14 13:55:34,273 [ERROR] LogOutputStream:75 - [STDERR_REDIRECT] 
2026-05-14 13:55:35,274 [ERROR] LogOutputStream:75 - [STDERR_REDIRECT] [Fatal Error] :1:1: Premature end of file.
2026-05-14 13:55:35,274 [ERROR] LogOutputStream:75 - [STDERR_REDIRECT] 
2026-05-14 13:55:36,273 [ERROR] LogOutputStream:75 - [STDERR_REDIRECT] [Fatal Error] :1:1: Premature end of file.
2026-05-14 13:55:36,273 [ERROR] LogOutputStream:75 - [STDERR_REDIRECT] 
2026-05-14 13:55:37,273 [ERROR] LogOutputStream:75 - [STDERR_REDIRECT] [Fatal Error] :1:1: Premature end of file.
2026-05-14 13:55:37,273 [ERROR] LogOutputStream:75 - [STDERR_REDIRECT] 
2026-05-14 13:55:38,273 [ERROR] LogOutputStream:75 - [STDERR_REDIRECT] [Fatal Error] :1:1: Premature end of file.
2026-05-14 13:55:38,273 [ERROR] LogOutputStream:75 - [STDERR_REDIRECT] 
2026-05-14 13:55:39,273 [ERROR] LogOutputStream:75 - [STDERR_REDIRECT] [Fatal Error] :1:1: Premature end of file.
2026-05-14 13:55:39,273 [ERROR] LogOutputStream:75 - [STDERR_REDIRECT] 
2026-05-14 13:55:40,275 [ERROR] LogOutputStream:75 - [STDERR_REDIRECT] [Fatal Error] :1:1: Premature end of file.
2026-05-14 13:55:40,275 [ERROR] LogOutputStream:75 - [STDERR_REDIRECT] 
2026-05-14 13:55:41,273 [ERROR] LogOutputStream:75 - [STDERR_REDIRECT] [Fatal Error] :1:1: Premature end of file.
2026-05-14 13:55:41,273 [ERROR] LogOutputStream:75 - [STDERR_REDIRECT] 
2026-05-14 13:55:42,273 [ERROR] LogOutputStream:75 - [STDERR_REDIRECT] [Fatal Error] :1:1: Premature end of file.
2026-05-14 13:55:42,273 [ERROR] LogOutputStream:75 - [STDERR_REDIRECT] 
2026-05-14 13:55:43,273 [ERROR] LogOutputStream:75 - [STDERR_REDIRECT] [Fatal Error] :1:1: Premature end of file.
2026-05-14 13:55:43,273 [ERROR] LogOutputStream:75 - [STDERR_REDIRECT] 
2026-05-14 13:55:44,272 [ERROR] LogOutputStream:75 - [STDERR_REDIRECT] [Fatal Error] :1:1: Premature end of file.
2026-05-14 13:55:44,272 [ERROR] LogOutputStream:75 - [STDERR_REDIRECT] 
2026-05-14 13:55:45,275 [ERROR] LogOutputStream:75 - [STDERR_REDIRECT] [Fatal Error] :1:1: Premature end of file.
2026-05-14 13:55:45,276 [ERROR] LogOutputStream:75 - [STDERR_REDIRECT] 
2026-05-14 13:55:46,274 [ERROR] LogOutputStream:75 - [STDERR_REDIRECT] [Fatal Error] :1:1: Premature end of file.
2026-05-14 13:55:46,274 [ERROR] LogOutputStream:75 - [STDERR_REDIRECT] 
2026-05-14 13:55:47,273 [ERROR] LogOutputStream:75 - [STDERR_REDIRECT] [Fatal Error] :1:1: Premature end of file.
2026-05-14 13:55:47,273 [ERROR] LogOutputStream:75 - [STDERR_REDIRECT] 
2026-05-14 13:55:48,272 [ERROR] LogOutputStream:75 - [STDERR_REDIRECT] [Fatal Error] :1:1: Premature end of file.
2026-05-14 13:55:48,272 [ERROR] LogOutputStream:75 - [STDERR_REDIRECT] 
2026-05-14 13:55:49,274 [ERROR] LogOutputStream:75 - [STDERR_REDIRECT] [Fatal Error] :1:1: Premature end of file.
2026-05-14 13:55:49,274 [ERROR] LogOutputStream:75 - [STDERR_REDIRECT] 
2026-05-14 13:55:50,274 [ERROR] LogOutputStream:75 - [STDERR_REDIRECT] [Fatal Error] :1:1: Premature end of file.
2026-05-14 13:55:50,274 [ERROR] LogOutputStream:75 - [STDERR_REDIRECT] 
2026-05-14 13:55:51,274 [ERROR] LogOutputStream:75 - [STDERR_REDIRECT] [Fatal Error] :1:1: Premature end of file.
2026-05-14 13:55:51,274 [ERROR] LogOutputStream:75 - [STDERR_REDIRECT] 
2026-05-14 13:55:52,274 [ERROR] LogOutputStream:75 - [STDERR_REDIRECT] [Fatal Error] :1:1: Premature end of file.
2026-05-14 13:55:52,274 [ERROR] LogOutputStream:75 - [STDERR_REDIRECT] 
2026-05-14 13:55:53,272 [ERROR] LogOutputStream:75 - [STDERR_REDIRECT] [Fatal Error] :1:1: Premature end of file.
2026-05-14 13:55:53,273 [ERROR] LogOutputStream:75 - [STDERR_REDIRECT] 
2026-05-14 13:55:54,275 [ERROR] LogOutputStream:75 - [STDERR_REDIRECT] [Fatal Error] :1:1: Premature end of file.
2026-05-14 13:55:54,275 [ERROR] LogOutputStream:75 - [STDERR_REDIRECT] 
2026-05-14 13:55:55,273 [ERROR] LogOutputStream:75 - [STDERR_REDIRECT] [Fatal Error] :1:1: Premature end of file.
2026-05-14 13:55:55,273 [ERROR] LogOutputStream:75 - [STDERR_REDIRECT] 
2026-05-14 13:55:56,272 [ERROR] LogOutputStream:75 - [STDERR_REDIRECT] [Fatal Error] :1:1: Premature end of file.
2026-05-14 13:55:56,273 [ERROR] LogOutputStream:75 - [STDERR_REDIRECT] 
2026-05-14 13:55:57,272 [ERROR] LogOutputStream:75 - [STDERR_REDIRECT] [Fatal Error] :1:1: Premature end of file.
2026-05-14 13:55:57,272 [ERROR] LogOutputStream:75 - [STDERR_REDIRECT] 
2026-05-14 13:55:58,272 [ERROR] LogOutputStream:75 - [STDERR_REDIRECT] [Fatal Error] :1:1: Premature end of file.
2026-05-14 13:55:58,272 [ERROR] LogOutputStream:75 - [STDERR_REDIRECT] 
2026-05-14 13:55:59,274 [ERROR] LogOutputStream:75 - [STDERR_REDIRECT] [Fatal Error] :1:1: Premature end of file.
2026-05-14 13:55:59,274 [ERROR] LogOutputStream:75 - [STDERR_REDIRECT] 
2026-05-14 13:56:00,273 [ERROR] LogOutputStream:75 - [STDERR_REDIRECT] [Fatal Error] :1:1: Premature end of file.
2026-05-14 13:56:00,273 [ERROR] LogOutputStream:75 - [STDERR_REDIRECT] 
2026-05-14 13:56:01,273 [ERROR] LogOutputStream:75 - [STDERR_REDIRECT] [Fatal Error] :1:1: Premature end of file.
2026-05-14 13:56:01,273 [ERROR] LogOutputStream:75 - [STDERR_REDIRECT] 
2026-05-14 13:56:02,273 [ERROR] LogOutputStream:75 - [STDERR_REDIRECT] [Fatal Error] :1:1: Premature end of file.
2026-05-14 13:56:02,273 [ERROR] LogOutputStream:75 - [STDERR_REDIRECT] 
2026-05-14 13:56:03,274 [ERROR] LogOutputStream:75 - [STDERR_REDIRECT] [Fatal Error] :1:1: Premature end of file.
2026-05-14 13:56:03,274 [ERROR] LogOutputStream:75 - [STDERR_REDIRECT] 
2026-05-14 13:56:04,273 [ERROR] LogOutputStream:75 - [STDERR_REDIRECT] [Fatal Error] :1:1: Premature end of file.
2026-05-14 13:56:04,274 [ERROR] LogOutputStream:75 - [STDERR_REDIRECT] 
2026-05-14 13:56:05,273 [ERROR] LogOutputStream:75 - [STDERR_REDIRECT] [Fatal Error] :1:1: Premature end of file.
2026-05-14 13:56:05,273 [ERROR] LogOutputStream:75 - [STDERR_REDIRECT] 
2026-05-14 13:56:06,273 [ERROR] LogOutputStream:75 - [STDERR_REDIRECT] [Fatal Error] :1:1: Premature end of file.
2026-05-14 13:56:06,274 [ERROR] LogOutputStream:75 - [STDERR_REDIRECT] 
2026-05-14 13:56:07,273 [ERROR] LogOutputStream:75 - [STDERR_REDIRECT] [Fatal Error] :1:1: Premature end of file.
2026-05-14 13:56:07,273 [ERROR] LogOutputStream:75 - [STDERR_REDIRECT] 
2026-05-14 13:56:08,274 [ERROR] LogOutputStream:75 - [STDERR_REDIRECT] [Fatal Error] :1:1: Premature end of file.
2026-05-14 13:56:08,274 [ERROR] LogOutputStream:75 - [STDERR_REDIRECT] 
2026-05-14 13:56:09,273 [ERROR] LogOutputStream:75 - [STDERR_REDIRECT] [Fatal Error] :1:1: Premature end of file.
2026-05-14 13:56:09,274 [ERROR] LogOutputStream:75 - [STDERR_REDIRECT] 
2026-05-14 13:56:10,273 [ERROR] LogOutputStream:75 - [STDERR_REDIRECT] [Fatal Error] :1:1: Premature end of file.
2026-05-14 13:56:10,273 [ERROR] LogOutputStream:75 - [STDERR_REDIRECT] 
2026-05-14 13:56:11,272 [ERROR] LogOutputStream:75 - [STDERR_REDIRECT] [Fatal Error] :1:1: Premature end of file.
2026-05-14 13:56:11,272 [ERROR] LogOutputStream:75 - [STDERR_REDIRECT] 
2026-05-14 13:56:12,272 [ERROR] LogOutputStream:75 - [STDERR_REDIRECT] [Fatal Error] :1:1: Premature end of file.
2026-05-14 13:56:12,272 [ERROR] LogOutputStream:75 - [STDERR_REDIRECT] 
2026-05-14 13:56:13,272 [ERROR] LogOutputStream:75 - [STDERR_REDIRECT] [Fatal Error] :1:1: Premature end of file.
2026-05-14 13:56:13,273 [ERROR] LogOutputStream:75 - [STDERR_REDIRECT] 
2026-05-14 13:56:14,271 [ERROR] LogOutputStream:75 - [STDERR_REDIRECT] [Fatal Error] :1:1: Premature end of file.
2026-05-14 13:56:14,272 [ERROR] LogOutputStream:75 - [STDERR_REDIRECT] 
2026-05-14 13:56:15,272 [ERROR] LogOutputStream:75 - [STDERR_REDIRECT] [Fatal Error] :1:1: Premature end of file.
2026-05-14 13:56:15,272 [ERROR] LogOutputStream:75 - [STDERR_REDIRECT] 
2026-05-14 13:56:16,273 [ERROR] LogOutputStream:75 - [STDERR_REDIRECT] [Fatal Error] :1:1: Premature end of file.
2026-05-14 13:56:16,273 [ERROR] LogOutputStream:75 - [STDERR_REDIRECT] 
2026-05-14 13:56:17,273 [ERROR] LogOutputStream:75 - [STDERR_REDIRECT] [Fatal Error] :1:1: Premature end of file.
2026-05-14 13:56:17,274 [ERROR] LogOutputStream:75 - [STDERR_REDIRECT] 
2026-05-14 13:56:18,272 [ERROR] LogOutputStream:75 - [STDERR_REDIRECT] [Fatal Error] :1:1: Premature end of file.
2026-05-14 13:56:18,272 [ERROR] LogOutputStream:75 - [STDERR_REDIRECT] 
2026-05-14 13:56:19,273 [ERROR] LogOutputStream:75 - [STDERR_REDIRECT] [Fatal Error] :1:1: Premature end of file.
2026-05-14 13:56:19,273 [ERROR] LogOutputStream:75 - [STDERR_REDIRECT] 
2026-05-14 13:56:20,271 [ERROR] LogOutputStream:75 - [STDERR_REDIRECT] [Fatal Error] :1:1: Premature end of file.
2026-05-14 13:56:20,271 [ERROR] LogOutputStream:75 - [STDERR_REDIRECT] 
2026-05-14 13:56:21,273 [ERROR] LogOutputStream:75 - [STDERR_REDIRECT] [Fatal Error] :1:1: Premature end of file.
2026-05-14 13:56:21,273 [ERROR] LogOutputStream:75 - [STDERR_REDIRECT] 
2026-05-14 13:56:22,273 [ERROR] LogOutputStream:75 - [STDERR_REDIRECT] [Fatal Error] :1:1: Premature end of file.
2026-05-14 13:56:22,273 [ERROR] LogOutputStream:75 - [STDERR_REDIRECT] 
2026-05-14 13:56:23,272 [ERROR] LogOutputStream:75 - [STDERR_REDIRECT] [Fatal Error] :1:1: Premature end of file.
2026-05-14 13:56:23,272 [ERROR] LogOutputStream:75 - [STDERR_REDIRECT] 
2026-05-14 13:56:24,273 [ERROR] LogOutputStream:75 - [STDERR_REDIRECT] [Fatal Error] :1:1: Premature end of file.
2026-05-14 13:56:24,273 [ERROR] LogOutputStream:75 - [STDERR_REDIRECT] 
2026-05-14 13:56:25,272 [ERROR] LogOutputStream:75 - [STDERR_REDIRECT] [Fatal Error] :1:1: Premature end of file.
2026-05-14 13:56:25,272 [ERROR] LogOutputStream:75 - [STDERR_REDIRECT] 
2026-05-14 13:56:26,272 [ERROR] LogOutputStream:75 - [STDERR_REDIRECT] [Fatal Error] :1:1: Premature end of file.
2026-05-14 13:56:26,272 [ERROR] LogOutputStream:75 - [STDERR_REDIRECT] 
2026-05-14 13:56:27,276 [ERROR] LogOutputStream:75 - [STDERR_REDIRECT] [Fatal Error] :1:1: Premature end of file.
2026-05-14 13:56:27,276 [ERROR] LogOutputStream:75 - [STDERR_REDIRECT] 
2026-05-14 13:56:28,273 [ERROR] LogOutputStream:75 - [STDERR_REDIRECT] [Fatal Error] :1:1: Premature end of file.
2026-05-14 13:56:28,273 [ERROR] LogOutputStream:75 - [STDERR_REDIRECT] 
2026-05-14 13:56:29,272 [ERROR] LogOutputStream:75 - [STDERR_REDIRECT] [Fatal Error] :1:1: Premature end of file.
2026-05-14 13:56:29,272 [ERROR] LogOutputStream:75 - [STDERR_REDIRECT] 
2026-05-14 13:56:30,273 [ERROR] LogOutputStream:75 - [STDERR_REDIRECT] [Fatal Error] :1:1: Premature end of file.
2026-05-14 13:56:30,273 [ERROR] LogOutputStream:75 - [STDERR_REDIRECT] 
2026-05-14 13:56:31,271 [ERROR] LogOutputStream:75 - [STDERR_REDIRECT] [Fatal Error] :1:1: Premature end of file.
2026-05-14 13:56:31,272 [ERROR] LogOutputStream:75 - [STDERR_REDIRECT] 
2026-05-14 13:56:32,272 [ERROR] LogOutputStream:75 - [STDERR_REDIRECT] [Fatal Error] :1:1: Premature end of file.
2026-05-14 13:56:32,273 [ERROR] LogOutputStream:75 - [STDERR_REDIRECT] 
2026-05-14 13:56:33,272 [ERROR] LogOutputStream:75 - [STDERR_REDIRECT] [Fatal Error] :1:1: Premature end of file.
2026-05-14 13:56:33,272 [ERROR] LogOutputStream:75 - [STDERR_REDIRECT] 
2026-05-14 13:56:34,272 [ERROR] LogOutputStream:75 - [STDERR_REDIRECT] [Fatal Error] :1:1: Premature end of file.
2026-05-14 13:56:34,272 [ERROR] LogOutputStream:75 - [STDERR_REDIRECT] 
2026-05-14 13:56:35,272 [ERROR] LogOutputStream:75 - [STDERR_REDIRECT] [Fatal Error] :1:1: Premature end of file.
2026-05-14 13:56:35,272 [ERROR] LogOutputStream:75 - [STDERR_REDIRECT] 
2026-05-14 13:56:36,273 [ERROR] LogOutputStream:75 - [STDERR_REDIRECT] [Fatal Error] :1:1: Premature end of file.
2026-05-14 13:56:36,273 [ERROR] LogOutputStream:75 - [STDERR_REDIRECT] 
2026-05-14 13:56:37,272 [ERROR] LogOutputStream:75 - [STDERR_REDIRECT] [Fatal Error] :1:1: Premature end of file.
2026-05-14 13:56:37,272 [ERROR] LogOutputStream:75 - [STDERR_REDIRECT] 
2026-05-14 13:56:38,273 [ERROR] LogOutputStream:75 - [STDERR_REDIRECT] [Fatal Error] :1:1: Premature end of file.
2026-05-14 13:56:38,273 [ERROR] LogOutputStream:75 - [STDERR_REDIRECT] 
2026-05-14 13:56:39,272 [ERROR] LogOutputStream:75 - [STDERR_REDIRECT] [Fatal Error] :1:1: Premature end of file.
2026-05-14 13:56:39,272 [ERROR] LogOutputStream:75 - [STDERR_REDIRECT] 
2026-05-14 13:56:40,272 [ERROR] LogOutputStream:75 - [STDERR_REDIRECT] [Fatal Error] :1:1: Premature end of file.
2026-05-14 13:56:40,272 [ERROR] LogOutputStream:75 - [STDERR_REDIRECT] 
2026-05-14 13:56:41,272 [ERROR] LogOutputStream:75 - [STDERR_REDIRECT] [Fatal Error] :1:1: Premature end of file.
2026-05-14 13:56:41,272 [ERROR] LogOutputStream:75 - [STDERR_REDIRECT] 
2026-05-14 13:56:42,274 [ERROR] LogOutputStream:75 - [STDERR_REDIRECT] [Fatal Error] :1:1: Premature end of file.
2026-05-14 13:56:42,274 [ERROR] LogOutputStream:75 - [STDERR_REDIRECT] 
2026-05-14 13:56:43,272 [ERROR] LogOutputStream:75 - [STDERR_REDIRECT] [Fatal Error] :1:1: Premature end of file.
2026-05-14 13:56:43,272 [ERROR] LogOutputStream:75 - [STDERR_REDIRECT] 
2026-05-14 13:56:44,271 [ERROR] LogOutputStream:75 - [STDERR_REDIRECT] [Fatal Error] :1:1: Premature end of file.
2026-05-14 13:56:44,272 [ERROR] LogOutputStream:75 - [STDERR_REDIRECT] 
2026-05-14 13:56:45,274 [ERROR] LogOutputStream:75 - [STDERR_REDIRECT] [Fatal Error] :1:1: Premature end of file.
2026-05-14 13:56:45,274 [ERROR] LogOutputStream:75 - [STDERR_REDIRECT] 
2026-05-14 13:56:46,271 [ERROR] LogOutputStream:75 - [STDERR_REDIRECT] [Fatal Error] :1:1: Premature end of file.
2026-05-14 13:56:46,272 [ERROR] LogOutputStream:75 - [STDERR_REDIRECT] 
2026-05-14 13:56:47,274 [ERROR] LogOutputStream:75 - [STDERR_REDIRECT] [Fatal Error] :1:1: Premature end of file.
2026-05-14 13:56:47,274 [ERROR] LogOutputStream:75 - [STDERR_REDIRECT] 
2026-05-14 13:56:48,272 [ERROR] LogOutputStream:75 - [STDERR_REDIRECT] [Fatal Error] :1:1: Premature end of file.
2026-05-14 13:56:48,272 [ERROR] LogOutputStream:75 - [STDERR_REDIRECT] 
2026-05-14 13:56:49,273 [ERROR] LogOutputStream:75 - [STDERR_REDIRECT] [Fatal Error] :1:1: Premature end of file.
2026-05-14 13:56:49,273 [ERROR] LogOutputStream:75 - [STDERR_REDIRECT] 
2026-05-14 13:56:50,272 [ERROR] LogOutputStream:75 - [STDERR_REDIRECT] [Fatal Error] :1:1: Premature end of file.
2026-05-14 13:56:50,272 [ERROR] LogOutputStream:75 - [STDERR_REDIRECT] 
2026-05-14 13:56:51,273 [ERROR] LogOutputStream:75 - [STDERR_REDIRECT] [Fatal Error] :1:1: Premature end of file.
2026-05-14 13:56:51,273 [ERROR] LogOutputStream:75 - [STDERR_REDIRECT] 
2026-05-14 13:56:52,271 [ERROR] LogOutputStream:75 - [STDERR_REDIRECT] [Fatal Error] :1:1: Premature end of file.
2026-05-14 13:56:52,271 [ERROR] LogOutputStream:75 - [STDERR_REDIRECT] 
2026-05-14 13:56:53,273 [ERROR] LogOutputStream:75 - [STDERR_REDIRECT] [Fatal Error] :1:1: Premature end of file.
2026-05-14 13:56:53,273 [ERROR] LogOutputStream:75 - [STDERR_REDIRECT] 
2026-05-14 13:56:54,271 [ERROR] LogOutputStream:75 - [STDERR_REDIRECT] [Fatal Error] :1:1: Premature end of file.
2026-05-14 13:56:54,272 [ERROR] LogOutputStream:75 - [STDERR_REDIRECT] 
2026-05-14 13:56:55,271 [ERROR] LogOutputStream:75 - [STDERR_REDIRECT] [Fatal Error] :1:1: Premature end of file.
2026-05-14 13:56:55,271 [ERROR] LogOutputStream:75 - [STDERR_REDIRECT] 
2026-05-14 13:56:56,271 [ERROR] LogOutputStream:75 - [STDERR_REDIRECT] [Fatal Error] :1:1: Premature end of file.
2026-05-14 13:56:56,272 [ERROR] LogOutputStream:75 - [STDERR_REDIRECT] 
2026-05-14 13:56:57,271 [ERROR] LogOutputStream:75 - [STDERR_REDIRECT] [Fatal Error] :1:1: Premature end of file.
2026-05-14 13:56:57,273 [ERROR] LogOutputStream:75 - [STDERR_REDIRECT] 
2026-05-14 13:56:58,271 [ERROR] LogOutputStream:75 - [STDERR_REDIRECT] [Fatal Error] :1:1: Premature end of file.
2026-05-14 13:56:58,272 [ERROR] LogOutputStream:75 - [STDERR_REDIRECT] 
2026-05-14 13:56:59,272 [ERROR] LogOutputStream:75 - [STDERR_REDIRECT] [Fatal Error] :1:1: Premature end of file.
2026-05-14 13:56:59,272 [ERROR] LogOutputStream:75 - [STDERR_REDIRECT] 
2026-05-14 13:57:00,272 [ERROR] LogOutputStream:75 - [STDERR_REDIRECT] [Fatal Error] :1:1: Premature end of file.
2026-05-14 13:57:00,273 [ERROR] LogOutputStream:75 - [STDERR_REDIRECT] 
2026-05-14 13:57:01,273 [ERROR] LogOutputStream:75 - [STDERR_REDIRECT] [Fatal Error] :1:1: Premature end of file.
2026-05-14 13:57:01,273 [ERROR] LogOutputStream:75 - [STDERR_REDIRECT] 
2026-05-14 13:57:02,273 [ERROR] LogOutputStream:75 - [STDERR_REDIRECT] [Fatal Error] :1:1: Premature end of file.
2026-05-14 13:57:02,273 [ERROR] LogOutputStream:75 - [STDERR_REDIRECT] 
2026-05-14 13:57:03,271 [ERROR] LogOutputStream:75 - [STDERR_REDIRECT] [Fatal Error] :1:1: Premature end of file.
2026-05-14 13:57:03,271 [ERROR] LogOutputStream:75 - [STDERR_REDIRECT] 
2026-05-14 13:57:04,273 [ERROR] LogOutputStream:75 - [STDERR_REDIRECT] [Fatal Error] :1:1: Premature end of file.
2026-05-14 13:57:04,273 [ERROR] LogOutputStream:75 - [STDERR_REDIRECT] 
2026-05-14 13:57:05,273 [ERROR] LogOutputStream:75 - [STDERR_REDIRECT] [Fatal Error] :1:1: Premature end of file.
2026-05-14 13:57:05,273 [ERROR] LogOutputStream:75 - [STDERR_REDIRECT] 
2026-05-14 13:57:06,272 [ERROR] LogOutputStream:75 - [STDERR_REDIRECT] [Fatal Error] :1:1: Premature end of file.
2026-05-14 13:57:06,272 [ERROR] LogOutputStream:75 - [STDERR_REDIRECT] 
2026-05-14 13:57:07,272 [ERROR] LogOutputStream:75 - [STDERR_REDIRECT] [Fatal Error] :1:1: Premature end of file.
2026-05-14 13:57:07,272 [ERROR] LogOutputStream:75 - [STDERR_REDIRECT] 
2026-05-14 13:57:08,271 [ERROR] LogOutputStream:75 - [STDERR_REDIRECT] [Fatal Error] :1:1: Premature end of file.
2026-05-14 13:57:08,272 [ERROR] LogOutputStream:75 - [STDERR_REDIRECT] 
2026-05-14 13:57:09,272 [ERROR] LogOutputStream:75 - [STDERR_REDIRECT] [Fatal Error] :1:1: Premature end of file.
2026-05-14 13:57:09,272 [ERROR] LogOutputStream:75 - [STDERR_REDIRECT] 
2026-05-14 13:57:10,272 [ERROR] LogOutputStream:75 - [STDERR_REDIRECT] [Fatal Error] :1:1: Premature end of file.
2026-05-14 13:57:10,273 [ERROR] LogOutputStream:75 - [STDERR_REDIRECT] 
2026-05-14 13:57:11,272 [ERROR] LogOutputStream:75 - [STDERR_REDIRECT] [Fatal Error] :1:1: Premature end of file.
2026-05-14 13:57:11,272 [ERROR] LogOutputStream:75 - [STDERR_REDIRECT] 
2026-05-14 13:57:12,272 [ERROR] LogOutputStream:75 - [STDERR_REDIRECT] [Fatal Error] :1:1: Premature end of file.
2026-05-14 13:57:12,273 [ERROR] LogOutputStream:75 - [STDERR_REDIRECT] 
2026-05-14 13:57:13,272 [ERROR] LogOutputStream:75 - [STDERR_REDIRECT] [Fatal Error] :1:1: Premature end of file.
2026-05-14 13:57:13,272 [ERROR] LogOutputStream:75 - [STDERR_REDIRECT] 
2026-05-14 13:57:14,272 [ERROR] LogOutputStream:75 - [STDERR_REDIRECT] [Fatal Error] :1:1: Premature end of file.
2026-05-14 13:57:14,273 [ERROR] LogOutputStream:75 - [STDERR_REDIRECT] 
2026-05-14 13:57:15,272 [ERROR] LogOutputStream:75 - [STDERR_REDIRECT] [Fatal Error] :1:1: Premature end of file.
2026-05-14 13:57:15,272 [ERROR] LogOutputStream:75 - [STDERR_REDIRECT] 
2026-05-14 13:57:16,272 [ERROR] LogOutputStream:75 - [STDERR_REDIRECT] [Fatal Error] :1:1: Premature end of file.
2026-05-14 13:57:16,272 [ERROR] LogOutputStream:75 - [STDERR_REDIRECT] 
2026-05-14 13:57:17,271 [ERROR] LogOutputStream:75 - [STDERR_REDIRECT] [Fatal Error] :1:1: Premature end of file.
2026-05-14 13:57:17,272 [ERROR] LogOutputStream:75 - [STDERR_REDIRECT] 
2026-05-14 13:57:18,274 [ERROR] LogOutputStream:75 - [STDERR_REDIRECT] [Fatal Error] :1:1: Premature end of file.
2026-05-14 13:57:18,274 [ERROR] LogOutputStream:75 - [STDERR_REDIRECT] 
2026-05-14 13:57:19,272 [ERROR] LogOutputStream:75 - [STDERR_REDIRECT] [Fatal Error] :1:1: Premature end of file.
2026-05-14 13:57:19,272 [ERROR] LogOutputStream:75 - [STDERR_REDIRECT] 
2026-05-14 13:57:20,273 [ERROR] LogOutputStream:75 - [STDERR_REDIRECT] [Fatal Error] :1:1: Premature end of file.
2026-05-14 13:57:20,273 [ERROR] LogOutputStream:75 - [STDERR_REDIRECT] 
2026-05-14 13:57:21,272 [ERROR] LogOutputStream:75 - [STDERR_REDIRECT] [Fatal Error] :1:1: Premature end of file.
2026-05-14 13:57:21,272 [ERROR] LogOutputStream:75 - [STDERR_REDIRECT] 
2026-05-14 13:57:22,272 [ERROR] LogOutputStream:75 - [STDERR_REDIRECT] [Fatal Error] :1:1: Premature end of file.
2026-05-14 13:57:22,273 [ERROR] LogOutputStream:75 - [STDERR_REDIRECT] 
2026-05-14 13:57:23,272 [ERROR] LogOutputStream:75 - [STDERR_REDIRECT] [Fatal Error] :1:1: Premature end of file.
2026-05-14 13:57:23,272 [ERROR] LogOutputStream:75 - [STDERR_REDIRECT] 
2026-05-14 13:57:24,272 [ERROR] LogOutputStream:75 - [STDERR_REDIRECT] [Fatal Error] :1:1: Premature end of file.
2026-05-14 13:57:24,272 [ERROR] LogOutputStream:75 - [STDERR_REDIRECT] 
2026-05-14 13:57:25,272 [ERROR] LogOutputStream:75 - [STDERR_REDIRECT] [Fatal Error] :1:1: Premature end of file.
2026-05-14 13:57:25,272 [ERROR] LogOutputStream:75 - [STDERR_REDIRECT] 
2026-05-14 13:57:26,272 [ERROR] LogOutputStream:75 - [STDERR_REDIRECT] [Fatal Error] :1:1: Premature end of file.
2026-05-14 13:57:26,272 [ERROR] LogOutputStream:75 - [STDERR_REDIRECT] 
2026-05-14 13:57:27,272 [ERROR] LogOutputStream:75 - [STDERR_REDIRECT] [Fatal Error] :1:1: Premature end of file.
2026-05-14 13:57:27,272 [ERROR] LogOutputStream:75 - [STDERR_REDIRECT] 
2026-05-14 13:57:28,276 [ERROR] LogOutputStream:75 - [STDERR_REDIRECT] [Fatal Error] :1:1: Premature end of file.
2026-05-14 13:57:28,276 [ERROR] LogOutputStream:75 - [STDERR_REDIRECT] 
2026-05-14 13:57:29,273 [ERROR] LogOutputStream:75 - [STDERR_REDIRECT] [Fatal Error] :1:1: Premature end of file.
2026-05-14 13:57:29,274 [ERROR] LogOutputStream:75 - [STDERR_REDIRECT] 
2026-05-14 13:57:30,273 [ERROR] LogOutputStream:75 - [STDERR_REDIRECT] [Fatal Error] :1:1: Premature end of file.
2026-05-14 13:57:30,273 [ERROR] LogOutputStream:75 - [STDERR_REDIRECT] 
2026-05-14 13:57:31,272 [ERROR] LogOutputStream:75 - [STDERR_REDIRECT] [Fatal Error] :1:1: Premature end of file.
2026-05-14 13:57:31,272 [ERROR] LogOutputStream:75 - [STDERR_REDIRECT] 
2026-05-14 13:57:32,272 [ERROR] LogOutputStream:75 - [STDERR_REDIRECT] [Fatal Error] :1:1: Premature end of file.
2026-05-14 13:57:32,272 [ERROR] LogOutputStream:75 - [STDERR_REDIRECT] 
2026-05-14 13:57:33,271 [ERROR] LogOutputStream:75 - [STDERR_REDIRECT] [Fatal Error] :1:1: Premature end of file.
2026-05-14 13:57:33,273 [ERROR] LogOutputStream:75 - [STDERR_REDIRECT] 
2026-05-14 13:57:34,271 [ERROR] LogOutputStream:75 - [STDERR_REDIRECT] [Fatal Error] :1:1: Premature end of file.
2026-05-14 13:57:34,272 [ERROR] LogOutputStream:75 - [STDERR_REDIRECT] 
2026-05-14 13:57:35,272 [ERROR] LogOutputStream:75 - [STDERR_REDIRECT] [Fatal Error] :1:1: Premature end of file.
2026-05-14 13:57:35,272 [ERROR] LogOutputStream:75 - [STDERR_REDIRECT] 
2026-05-14 13:57:36,272 [ERROR] LogOutputStream:75 - [STDERR_REDIRECT] [Fatal Error] :1:1: Premature end of file.
2026-05-14 13:57:36,272 [ERROR] LogOutputStream:75 - [STDERR_REDIRECT] 
2026-05-14 13:57:37,272 [ERROR] LogOutputStream:75 - [STDERR_REDIRECT] [Fatal Error] :1:1: Premature end of file.
2026-05-14 13:57:37,273 [ERROR] LogOutputStream:75 - [STDERR_REDIRECT] 
2026-05-14 13:57:38,273 [ERROR] LogOutputStream:75 - [STDERR_REDIRECT] [Fatal Error] :1:1: Premature end of file.
2026-05-14 13:57:38,273 [ERROR] LogOutputStream:75 - [STDERR_REDIRECT] 
2026-05-14 13:57:39,273 [ERROR] LogOutputStream:75 - [STDERR_REDIRECT] [Fatal Error] :1:1: Premature end of file.
2026-05-14 13:57:39,273 [ERROR] LogOutputStream:75 - [STDERR_REDIRECT] 
2026-05-14 13:57:40,272 [ERROR] LogOutputStream:75 - [STDERR_REDIRECT] [Fatal Error] :1:1: Premature end of file.
2026-05-14 13:57:40,272 [ERROR] LogOutputStream:75 - [STDERR_REDIRECT] 
2026-05-14 13:57:41,272 [ERROR] LogOutputStream:75 - [STDERR_REDIRECT] [Fatal Error] :1:1: Premature end of file.
2026-05-14 13:57:41,272 [ERROR] LogOutputStream:75 - [STDERR_REDIRECT] 
2026-05-14 13:57:42,275 [ERROR] LogOutputStream:75 - [STDERR_REDIRECT] [Fatal Error] :1:1: Premature end of file.
2026-05-14 13:57:42,275 [ERROR] LogOutputStream:75 - [STDERR_REDIRECT] 
2026-05-14 13:57:43,271 [ERROR] LogOutputStream:75 - [STDERR_REDIRECT] [Fatal Error] :1:1: Premature end of file.
2026-05-14 13:57:43,272 [ERROR] LogOutputStream:75 - [STDERR_REDIRECT] 
2026-05-14 13:57:44,272 [ERROR] LogOutputStream:75 - [STDERR_REDIRECT] [Fatal Error] :1:1: Premature end of file.
2026-05-14 13:57:44,273 [ERROR] LogOutputStream:75 - [STDERR_REDIRECT] 
2026-05-14 13:57:45,272 [ERROR] LogOutputStream:75 - [STDERR_REDIRECT] [Fatal Error] :1:1: Premature end of file.
2026-05-14 13:57:45,273 [ERROR] LogOutputStream:75 - [STDERR_REDIRECT] 
2026-05-14 13:57:46,272 [ERROR] LogOutputStream:75 - [STDERR_REDIRECT] [Fatal Error] :1:1: Premature end of file.
2026-05-14 13:57:46,272 [ERROR] LogOutputStream:75 - [STDERR_REDIRECT] 
2026-05-14 13:57:47,273 [ERROR] LogOutputStream:75 - [STDERR_REDIRECT] [Fatal Error] :1:1: Premature end of file.
2026-05-14 13:57:47,273 [ERROR] LogOutputStream:75 - [STDERR_REDIRECT] 
2026-05-14 13:57:48,273 [ERROR] LogOutputStream:75 - [STDERR_REDIRECT] [Fatal Error] :1:1: Premature end of file.
2026-05-14 13:57:48,273 [ERROR] LogOutputStream:75 - [STDERR_REDIRECT] 
2026-05-14 13:57:49,272 [ERROR] LogOutputStream:75 - [STDERR_REDIRECT] [Fatal Error] :1:1: Premature end of file.
2026-05-14 13:57:49,273 [ERROR] LogOutputStream:75 - [STDERR_REDIRECT] 
2026-05-14 13:57:50,273 [ERROR] LogOutputStream:75 - [STDERR_REDIRECT] [Fatal Error] :1:1: Premature end of file.
2026-05-14 13:57:50,273 [ERROR] LogOutputStream:75 - [STDERR_REDIRECT] 
2026-05-14 13:57:51,272 [ERROR] LogOutputStream:75 - [STDERR_REDIRECT] [Fatal Error] :1:1: Premature end of file.
2026-05-14 13:57:51,272 [ERROR] LogOutputStream:75 - [STDERR_REDIRECT] 
2026-05-14 13:57:52,272 [ERROR] LogOutputStream:75 - [STDERR_REDIRECT] [Fatal Error] :1:1: Premature end of file.
2026-05-14 13:57:52,272 [ERROR] LogOutputStream:75 - [STDERR_REDIRECT] 
2026-05-14 13:57:53,273 [ERROR] LogOutputStream:75 - [STDERR_REDIRECT] [Fatal Error] :1:1: Premature end of file.
2026-05-14 13:57:53,273 [ERROR] LogOutputStream:75 - [STDERR_REDIRECT] 
2026-05-14 13:57:54,272 [ERROR] LogOutputStream:75 - [STDERR_REDIRECT] [Fatal Error] :1:1: Premature end of file.
2026-05-14 13:57:54,272 [ERROR] LogOutputStream:75 - [STDERR_REDIRECT] 
2026-05-14 13:57:55,272 [ERROR] LogOutputStream:75 - [STDERR_REDIRECT] [Fatal Error] :1:1: Premature end of file.
2026-05-14 13:57:55,272 [ERROR] LogOutputStream:75 - [STDERR_REDIRECT] 
2026-05-14 13:57:56,271 [ERROR] LogOutputStream:75 - [STDERR_REDIRECT] [Fatal Error] :1:1: Premature end of file.
2026-05-14 13:57:56,272 [ERROR] LogOutputStream:75 - [STDERR_REDIRECT] 
2026-05-14 13:57:57,273 [ERROR] LogOutputStream:75 - [STDERR_REDIRECT] [Fatal Error] :1:1: Premature end of file.
2026-05-14 13:57:57,273 [ERROR] LogOutputStream:75 - [STDERR_REDIRECT] 
2026-05-14 13:57:58,273 [ERROR] LogOutputStream:75 - [STDERR_REDIRECT] [Fatal Error] :1:1: Premature end of file.
2026-05-14 13:57:58,273 [ERROR] LogOutputStream:75 - [STDERR_REDIRECT] 
2026-05-14 13:57:59,272 [ERROR] LogOutputStream:75 - [STDERR_REDIRECT] [Fatal Error] :1:1: Premature end of file.
2026-05-14 13:57:59,272 [ERROR] LogOutputStream:75 - [STDERR_REDIRECT] 
2026-05-14 13:58:00,273 [ERROR] LogOutputStream:75 - [STDERR_REDIRECT] [Fatal Error] :1:1: Premature end of file.
2026-05-14 13:58:00,273 [ERROR] LogOutputStream:75 - [STDERR_REDIRECT] 
2026-05-14 13:58:01,272 [ERROR] LogOutputStream:75 - [STDERR_REDIRECT] [Fatal Error] :1:1: Premature end of file.
2026-05-14 13:58:01,273 [ERROR] LogOutputStream:75 - [STDERR_REDIRECT] 
2026-05-14 13:58:02,272 [ERROR] LogOutputStream:75 - [STDERR_REDIRECT] [Fatal Error] :1:1: Premature end of file.
2026-05-14 13:58:02,272 [ERROR] LogOutputStream:75 - [STDERR_REDIRECT] 
2026-05-14 13:58:03,273 [ERROR] LogOutputStream:75 - [STDERR_REDIRECT] [Fatal Error] :1:1: Premature end of file.
2026-05-14 13:58:03,273 [ERROR] LogOutputStream:75 - [STDERR_REDIRECT] 
2026-05-14 13:58:04,272 [ERROR] LogOutputStream:75 - [STDERR_REDIRECT] [Fatal Error] :1:1: Premature end of file.
2026-05-14 13:58:04,272 [ERROR] LogOutputStream:75 - [STDERR_REDIRECT] 
2026-05-14 13:58:05,271 [ERROR] LogOutputStream:75 - [STDERR_REDIRECT] [Fatal Error] :1:1: Premature end of file.
2026-05-14 13:58:05,271 [ERROR] LogOutputStream:75 - [STDERR_REDIRECT] 
2026-05-14 13:58:06,271 [ERROR] LogOutputStream:75 - [STDERR_REDIRECT] [Fatal Error] :1:1: Premature end of file.
2026-05-14 13:58:06,271 [ERROR] LogOutputStream:75 - [STDERR_REDIRECT] 
2026-05-14 13:58:07,272 [ERROR] LogOutputStream:75 - [STDERR_REDIRECT] [Fatal Error] :1:1: Premature end of file.
2026-05-14 13:58:07,272 [ERROR] LogOutputStream:75 - [STDERR_REDIRECT] 
2026-05-14 13:58:08,272 [ERROR] LogOutputStream:75 - [STDERR_REDIRECT] [Fatal Error] :1:1: Premature end of file.
2026-05-14 13:58:08,273 [ERROR] LogOutputStream:75 - [STDERR_REDIRECT] 
2026-05-14 13:58:09,272 [ERROR] LogOutputStream:75 - [STDERR_REDIRECT] [Fatal Error] :1:1: Premature end of file.
2026-05-14 13:58:09,272 [ERROR] LogOutputStream:75 - [STDERR_REDIRECT] 
2026-05-14 13:58:10,273 [ERROR] LogOutputStream:75 - [STDERR_REDIRECT] [Fatal Error] :1:1: Premature end of file.
2026-05-14 13:58:10,273 [ERROR] LogOutputStream:75 - [STDERR_REDIRECT] 
2026-05-14 13:58:11,272 [ERROR] LogOutputStream:75 - [STDERR_REDIRECT] [Fatal Error] :1:1: Premature end of file.
2026-05-14 13:58:11,272 [ERROR] LogOutputStream:75 - [STDERR_REDIRECT] 
2026-05-14 13:58:12,272 [ERROR] LogOutputStream:75 - [STDERR_REDIRECT] [Fatal Error] :1:1: Premature end of file.
2026-05-14 13:58:12,272 [ERROR] LogOutputStream:75 - [STDERR_REDIRECT] 
2026-05-14 13:58:13,272 [ERROR] LogOutputStream:75 - [STDERR_REDIRECT] [Fatal Error] :1:1: Premature end of file.
2026-05-14 13:58:13,272 [ERROR] LogOutputStream:75 - [STDERR_REDIRECT] 
2026-05-14 13:58:14,271 [ERROR] LogOutputStream:75 - [STDERR_REDIRECT] [Fatal Error] :1:1: Premature end of file.
2026-05-14 13:58:14,272 [ERROR] LogOutputStream:75 - [STDERR_REDIRECT] 
2026-05-14 13:58:15,275 [ERROR] LogOutputStream:75 - [STDERR_REDIRECT] [Fatal Error] :1:1: Premature end of file.
2026-05-14 13:58:15,276 [ERROR] LogOutputStream:75 - [STDERR_REDIRECT] 
2026-05-14 13:58:16,272 [ERROR] LogOutputStream:75 - [STDERR_REDIRECT] [Fatal Error] :1:1: Premature end of file.
2026-05-14 13:58:16,272 [ERROR] LogOutputStream:75 - [STDERR_REDIRECT] 
2026-05-14 13:58:17,273 [ERROR] LogOutputStream:75 - [STDERR_REDIRECT] [Fatal Error] :1:1: Premature end of file.
2026-05-14 13:58:17,273 [ERROR] LogOutputStream:75 - [STDERR_REDIRECT] 
2026-05-14 13:58:18,272 [ERROR] LogOutputStream:75 - [STDERR_REDIRECT] [Fatal Error] :1:1: Premature end of file.
2026-05-14 13:58:18,273 [ERROR] LogOutputStream:75 - [STDERR_REDIRECT] 
2026-05-14 13:58:19,274 [ERROR] LogOutputStream:75 - [STDERR_REDIRECT] [Fatal Error] :1:1: Premature end of file.
2026-05-14 13:58:19,274 [ERROR] LogOutputStream:75 - [STDERR_REDIRECT] 
2026-05-14 13:58:20,273 [ERROR] LogOutputStream:75 - [STDERR_REDIRECT] [Fatal Error] :1:1: Premature end of file.
2026-05-14 13:58:20,273 [ERROR] LogOutputStream:75 - [STDERR_REDIRECT] 
2026-05-14 13:58:21,273 [ERROR] LogOutputStream:75 - [STDERR_REDIRECT] [Fatal Error] :1:1: Premature end of file.
2026-05-14 13:58:21,273 [ERROR] LogOutputStream:75 - [STDERR_REDIRECT] 
2026-05-14 13:58:22,273 [ERROR] LogOutputStream:75 - [STDERR_REDIRECT] [Fatal Error] :1:1: Premature end of file.
2026-05-14 13:58:22,273 [ERROR] LogOutputStream:75 - [STDERR_REDIRECT] 
2026-05-14 13:58:23,273 [ERROR] LogOutputStream:75 - [STDERR_REDIRECT] [Fatal Error] :1:1: Premature end of file.
2026-05-14 13:58:23,273 [ERROR] LogOutputStream:75 - [STDERR_REDIRECT] 
2026-05-14 13:58:24,273 [ERROR] LogOutputStream:75 - [STDERR_REDIRECT] [Fatal Error] :1:1: Premature end of file.
2026-05-14 13:58:24,273 [ERROR] LogOutputStream:75 - [STDERR_REDIRECT] 
2026-05-14 13:58:25,273 [ERROR] LogOutputStream:75 - [STDERR_REDIRECT] [Fatal Error] :1:1: Premature end of file.
2026-05-14 13:58:25,273 [ERROR] LogOutputStream:75 - [STDERR_REDIRECT] 
2026-05-14 13:58:26,273 [ERROR] LogOutputStream:75 - [STDERR_REDIRECT] [Fatal Error] :1:1: Premature end of file.
2026-05-14 13:58:26,273 [ERROR] LogOutputStream:75 - [STDERR_REDIRECT] 
2026-05-14 13:58:27,274 [ERROR] LogOutputStream:75 - [STDERR_REDIRECT] [Fatal Error] :1:1: Premature end of file.
2026-05-14 13:58:27,274 [ERROR] LogOutputStream:75 - [STDERR_REDIRECT] 
2026-05-14 13:58:28,279 [ERROR] LogOutputStream:75 - [STDERR_REDIRECT] [Fatal Error] :1:1: Premature end of file.
2026-05-14 13:58:28,279 [ERROR] LogOutputStream:75 - [STDERR_REDIRECT] 
2026-05-14 13:58:29,273 [ERROR] LogOutputStream:75 - [STDERR_REDIRECT] [Fatal Error] :1:1: Premature end of file.
2026-05-14 13:58:29,273 [ERROR] LogOutputStream:75 - [STDERR_REDIRECT] 
2026-05-14 13:58:30,273 [ERROR] LogOutputStream:75 - [STDERR_REDIRECT] [Fatal Error] :1:1: Premature end of file.
2026-05-14 13:58:30,273 [ERROR] LogOutputStream:75 - [STDERR_REDIRECT] 
2026-05-14 13:58:31,272 [ERROR] LogOutputStream:75 - [STDERR_REDIRECT] [Fatal Error] :1:1: Premature end of file.
2026-05-14 13:58:31,272 [ERROR] LogOutputStream:75 - [STDERR_REDIRECT] 
2026-05-14 13:58:32,273 [ERROR] LogOutputStream:75 - [STDERR_REDIRECT] [Fatal Error] :1:1: Premature end of file.
2026-05-14 13:58:32,274 [ERROR] LogOutputStream:75 - [STDERR_REDIRECT] 
2026-05-14 13:58:33,276 [ERROR] LogOutputStream:75 - [STDERR_REDIRECT] [Fatal Error] :1:1: Premature end of file.
2026-05-14 13:58:33,276 [ERROR] LogOutputStream:75 - [STDERR_REDIRECT] 
2026-05-14 13:58:34,271 [ERROR] LogOutputStream:75 - [STDERR_REDIRECT] [Fatal Error] :1:1: Premature end of file.
2026-05-14 13:58:34,271 [ERROR] LogOutputStream:75 - [STDERR_REDIRECT] 
2026-05-14 13:58:35,272 [ERROR] LogOutputStream:75 - [STDERR_REDIRECT] [Fatal Error] :1:1: Premature end of file.
2026-05-14 13:58:35,272 [ERROR] LogOutputStream:75 - [STDERR_REDIRECT] 
2026-05-14 13:58:36,271 [ERROR] LogOutputStream:75 - [STDERR_REDIRECT] [Fatal Error] :1:1: Premature end of file.
2026-05-14 13:58:36,272 [ERROR] LogOutputStream:75 - [STDERR_REDIRECT] 
2026-05-14 13:58:37,271 [ERROR] LogOutputStream:75 - [STDERR_REDIRECT] [Fatal Error] :1:1: Premature end of file.
2026-05-14 13:58:37,272 [ERROR] LogOutputStream:75 - [STDERR_REDIRECT] 
2026-05-14 13:58:38,272 [ERROR] LogOutputStream:75 - [STDERR_REDIRECT] [Fatal Error] :1:1: Premature end of file.
2026-05-14 13:58:38,272 [ERROR] LogOutputStream:75 - [STDERR_REDIRECT] 
2026-05-14 13:58:39,271 [ERROR] LogOutputStream:75 - [STDERR_REDIRECT] [Fatal Error] :1:1: Premature end of file.
2026-05-14 13:58:39,273 [ERROR] LogOutputStream:75 - [STDERR_REDIRECT] 
2026-05-14 13:58:40,273 [ERROR] LogOutputStream:75 - [STDERR_REDIRECT] [Fatal Error] :1:1: Premature end of file.
2026-05-14 13:58:40,273 [ERROR] LogOutputStream:75 - [STDERR_REDIRECT] 
2026-05-14 13:58:41,272 [ERROR] LogOutputStream:75 - [STDERR_REDIRECT] [Fatal Error] :1:1: Premature end of file.
2026-05-14 13:58:41,272 [ERROR] LogOutputStream:75 - [STDERR_REDIRECT] 
2026-05-14 13:58:42,273 [ERROR] LogOutputStream:75 - [STDERR_REDIRECT] [Fatal Error] :1:1: Premature end of file.
2026-05-14 13:58:42,273 [ERROR] LogOutputStream:75 - [STDERR_REDIRECT] 
2026-05-14 13:58:43,273 [ERROR] LogOutputStream:75 - [STDERR_REDIRECT] [Fatal Error] :1:1: Premature end of file.
2026-05-14 13:58:43,273 [ERROR] LogOutputStream:75 - [STDERR_REDIRECT] 
2026-05-14 13:58:44,272 [ERROR] LogOutputStream:75 - [STDERR_REDIRECT] [Fatal Error] :1:1: Premature end of file.
2026-05-14 13:58:44,273 [ERROR] LogOutputStream:75 - [STDERR_REDIRECT] 
2026-05-14 13:58:45,272 [ERROR] LogOutputStream:75 - [STDERR_REDIRECT] [Fatal Error] :1:1: Premature end of file.
2026-05-14 13:58:45,272 [ERROR] LogOutputStream:75 - [STDERR_REDIRECT] 
2026-05-14 13:58:46,273 [ERROR] LogOutputStream:75 - [STDERR_REDIRECT] [Fatal Error] :1:1: Premature end of file.
2026-05-14 13:58:46,273 [ERROR] LogOutputStream:75 - [STDERR_REDIRECT] 
2026-05-14 13:58:47,273 [ERROR] LogOutputStream:75 - [STDERR_REDIRECT] [Fatal Error] :1:1: Premature end of file.
2026-05-14 13:58:47,273 [ERROR] LogOutputStream:75 - [STDERR_REDIRECT] 
2026-05-14 13:58:48,272 [ERROR] LogOutputStream:75 - [STDERR_REDIRECT] [Fatal Error] :1:1: Premature end of file.
2026-05-14 13:58:48,272 [ERROR] LogOutputStream:75 - [STDERR_REDIRECT] 
2026-05-14 13:58:49,273 [ERROR] LogOutputStream:75 - [STDERR_REDIRECT] [Fatal Error] :1:1: Premature end of file.
2026-05-14 13:58:49,273 [ERROR] LogOutputStream:75 - [STDERR_REDIRECT] 
2026-05-14 13:58:50,273 [ERROR] LogOutputStream:75 - [STDERR_REDIRECT] [Fatal Error] :1:1: Premature end of file.
2026-05-14 13:58:50,273 [ERROR] LogOutputStream:75 - [STDERR_REDIRECT] 
2026-05-14 13:58:51,272 [ERROR] LogOutputStream:75 - [STDERR_REDIRECT] [Fatal Error] :1:1: Premature end of file.
2026-05-14 13:58:51,272 [ERROR] LogOutputStream:75 - [STDERR_REDIRECT] 
2026-05-14 13:58:52,272 [ERROR] LogOutputStream:75 - [STDERR_REDIRECT] [Fatal Error] :1:1: Premature end of file.
2026-05-14 13:58:52,272 [ERROR] LogOutputStream:75 - [STDERR_REDIRECT] 
2026-05-14 13:58:53,272 [ERROR] LogOutputStream:75 - [STDERR_REDIRECT] [Fatal Error] :1:1: Premature end of file.
2026-05-14 13:58:53,272 [ERROR] LogOutputStream:75 - [STDERR_REDIRECT] 
2026-05-14 13:58:54,273 [ERROR] LogOutputStream:75 - [STDERR_REDIRECT] [Fatal Error] :1:1: Premature end of file.
2026-05-14 13:58:54,273 [ERROR] LogOutputStream:75 - [STDERR_REDIRECT] 
2026-05-14 13:58:55,273 [ERROR] LogOutputStream:75 - [STDERR_REDIRECT] [Fatal Error] :1:1: Premature end of file.
2026-05-14 13:58:55,273 [ERROR] LogOutputStream:75 - [STDERR_REDIRECT] 
2026-05-14 13:58:56,273 [ERROR] LogOutputStream:75 - [STDERR_REDIRECT] [Fatal Error] :1:1: Premature end of file.
2026-05-14 13:58:56,273 [ERROR] LogOutputStream:75 - [STDERR_REDIRECT] 
2026-05-14 13:58:57,272 [ERROR] LogOutputStream:75 - [STDERR_REDIRECT] [Fatal Error] :1:1: Premature end of file.
2026-05-14 13:58:57,272 [ERROR] LogOutputStream:75 - [STDERR_REDIRECT] 
2026-05-14 13:58:58,271 [ERROR] LogOutputStream:75 - [STDERR_REDIRECT] [Fatal Error] :1:1: Premature end of file.
2026-05-14 13:58:58,271 [ERROR] LogOutputStream:75 - [STDERR_REDIRECT] 
2026-05-14 13:58:59,272 [ERROR] LogOutputStream:75 - [STDERR_REDIRECT] [Fatal Error] :1:1: Premature end of file.
2026-05-14 13:58:59,273 [ERROR] LogOutputStream:75 - [STDERR_REDIRECT] 
2026-05-14 13:59:00,274 [ERROR] LogOutputStream:75 - [STDERR_REDIRECT] [Fatal Error] :1:1: Premature end of file.
2026-05-14 13:59:00,274 [ERROR] LogOutputStream:75 - [STDERR_REDIRECT] 
2026-05-14 13:59:01,274 [ERROR] LogOutputStream:75 - [STDERR_REDIRECT] [Fatal Error] :1:1: Premature end of file.
2026-05-14 13:59:01,274 [ERROR] LogOutputStream:75 - [STDERR_REDIRECT] 
2026-05-14 13:59:02,273 [ERROR] LogOutputStream:75 - [STDERR_REDIRECT] [Fatal Error] :1:1: Premature end of file.
2026-05-14 13:59:02,273 [ERROR] LogOutputStream:75 - [STDERR_REDIRECT] 
2026-05-14 13:59:03,273 [ERROR] LogOutputStream:75 - [STDERR_REDIRECT] [Fatal Error] :1:1: Premature end of file.
2026-05-14 13:59:03,273 [ERROR] LogOutputStream:75 - [STDERR_REDIRECT] 
2026-05-14 13:59:04,271 [ERROR] LogOutputStream:75 - [STDERR_REDIRECT] [Fatal Error] :1:1: Premature end of file.
2026-05-14 13:59:04,272 [ERROR] LogOutputStream:75 - [STDERR_REDIRECT] 
2026-05-14 13:59:05,272 [ERROR] LogOutputStream:75 - [STDERR_REDIRECT] [Fatal Error] :1:1: Premature end of file.
2026-05-14 13:59:05,272 [ERROR] LogOutputStream:75 - [STDERR_REDIRECT] 
2026-05-14 13:59:06,273 [ERROR] LogOutputStream:75 - [STDERR_REDIRECT] [Fatal Error] :1:1: Premature end of file.
2026-05-14 13:59:06,273 [ERROR] LogOutputStream:75 - [STDERR_REDIRECT] 
2026-05-14 13:59:07,271 [ERROR] LogOutputStream:75 - [STDERR_REDIRECT] [Fatal Error] :1:1: Premature end of file.
2026-05-14 13:59:07,271 [ERROR] LogOutputStream:75 - [STDERR_REDIRECT] 
2026-05-14 13:59:08,276 [ERROR] LogOutputStream:75 - [STDERR_REDIRECT] [Fatal Error] :1:1: Premature end of file.
2026-05-14 13:59:08,276 [ERROR] LogOutputStream:75 - [STDERR_REDIRECT] 
2026-05-14 13:59:09,273 [ERROR] LogOutputStream:75 - [STDERR_REDIRECT] [Fatal Error] :1:1: Premature end of file.
2026-05-14 13:59:09,273 [ERROR] LogOutputStream:75 - [STDERR_REDIRECT] 
2026-05-14 13:59:10,272 [ERROR] LogOutputStream:75 - [STDERR_REDIRECT] [Fatal Error] :1:1: Premature end of file.
2026-05-14 13:59:10,272 [ERROR] LogOutputStream:75 - [STDERR_REDIRECT] 
2026-05-14 13:59:11,273 [ERROR] LogOutputStream:75 - [STDERR_REDIRECT] [Fatal Error] :1:1: Premature end of file.
2026-05-14 13:59:11,273 [ERROR] LogOutputStream:75 - [STDERR_REDIRECT] 
2026-05-14 13:59:12,271 [ERROR] LogOutputStream:75 - [STDERR_REDIRECT] [Fatal Error] :1:1: Premature end of file.
2026-05-14 13:59:12,272 [ERROR] LogOutputStream:75 - [STDERR_REDIRECT] 
2026-05-14 13:59:13,272 [ERROR] LogOutputStream:75 - [STDERR_REDIRECT] [Fatal Error] :1:1: Premature end of file.
2026-05-14 13:59:13,272 [ERROR] LogOutputStream:75 - [STDERR_REDIRECT] 
2026-05-14 13:59:14,272 [ERROR] LogOutputStream:75 - [STDERR_REDIRECT] [Fatal Error] :1:1: Premature end of file.
2026-05-14 13:59:14,273 [ERROR] LogOutputStream:75 - [STDERR_REDIRECT] 
2026-05-14 13:59:15,273 [ERROR] LogOutputStream:75 - [STDERR_REDIRECT] [Fatal Error] :1:1: Premature end of file.
2026-05-14 13:59:15,273 [ERROR] LogOutputStream:75 - [STDERR_REDIRECT] 
2026-05-14 13:59:16,270 [ERROR] LogOutputStream:75 - [STDERR_REDIRECT] [Fatal Error] :1:1: Premature end of file.
2026-05-14 13:59:16,271 [ERROR] LogOutputStream:75 - [STDERR_REDIRECT] 
2026-05-14 13:59:17,271 [ERROR] LogOutputStream:75 - [STDERR_REDIRECT] [Fatal Error] :1:1: Premature end of file.
2026-05-14 13:59:17,272 [ERROR] LogOutputStream:75 - [STDERR_REDIRECT] 
2026-05-14 13:59:18,272 [ERROR] LogOutputStream:75 - [STDERR_REDIRECT] [Fatal Error] :1:1: Premature end of file.
2026-05-14 13:59:18,272 [ERROR] LogOutputStream:75 - [STDERR_REDIRECT] 
2026-05-14 13:59:19,272 [ERROR] LogOutputStream:75 - [STDERR_REDIRECT] [Fatal Error] :1:1: Premature end of file.
2026-05-14 13:59:19,273 [ERROR] LogOutputStream:75 - [STDERR_REDIRECT] 
2026-05-14 13:59:20,273 [ERROR] LogOutputStream:75 - [STDERR_REDIRECT] [Fatal Error] :1:1: Premature end of file.
2026-05-14 13:59:20,273 [ERROR] LogOutputStream:75 - [STDERR_REDIRECT] 
2026-05-14 13:59:21,272 [ERROR] LogOutputStream:75 - [STDERR_REDIRECT] [Fatal Error] :1:1: Premature end of file.
2026-05-14 13:59:21,272 [ERROR] LogOutputStream:75 - [STDERR_REDIRECT] 
2026-05-14 13:59:22,273 [ERROR] LogOutputStream:75 - [STDERR_REDIRECT] [Fatal Error] :1:1: Premature end of file.
2026-05-14 13:59:22,273 [ERROR] LogOutputStream:75 - [STDERR_REDIRECT] 
2026-05-14 13:59:23,274 [ERROR] LogOutputStream:75 - [STDERR_REDIRECT] [Fatal Error] :1:1: Premature end of file.
2026-05-14 13:59:23,274 [ERROR] LogOutputStream:75 - [STDERR_REDIRECT] 
2026-05-14 13:59:24,272 [ERROR] LogOutputStream:75 - [STDERR_REDIRECT] [Fatal Error] :1:1: Premature end of file.
2026-05-14 13:59:24,273 [ERROR] LogOutputStream:75 - [STDERR_REDIRECT] 
2026-05-14 13:59:25,273 [ERROR] LogOutputStream:75 - [STDERR_REDIRECT] [Fatal Error] :1:1: Premature end of file.
2026-05-14 13:59:25,273 [ERROR] LogOutputStream:75 - [STDERR_REDIRECT] 
2026-05-14 13:59:26,271 [ERROR] LogOutputStream:75 - [STDERR_REDIRECT] [Fatal Error] :1:1: Premature end of file.
2026-05-14 13:59:26,271 [ERROR] LogOutputStream:75 - [STDERR_REDIRECT] 
2026-05-14 13:59:27,271 [ERROR] LogOutputStream:75 - [STDERR_REDIRECT] [Fatal Error] :1:1: Premature end of file.
2026-05-14 13:59:27,272 [ERROR] LogOutputStream:75 - [STDERR_REDIRECT] 
2026-05-14 13:59:28,279 [ERROR] LogOutputStream:75 - [STDERR_REDIRECT] [Fatal Error] :1:1: Premature end of file.
2026-05-14 13:59:28,279 [ERROR] LogOutputStream:75 - [STDERR_REDIRECT] 
2026-05-14 13:59:29,272 [ERROR] LogOutputStream:75 - [STDERR_REDIRECT] [Fatal Error] :1:1: Premature end of file.
2026-05-14 13:59:29,273 [ERROR] LogOutputStream:75 - [STDERR_REDIRECT] 
2026-05-14 13:59:30,273 [ERROR] LogOutputStream:75 - [STDERR_REDIRECT] [Fatal Error] :1:1: Premature end of file.
2026-05-14 13:59:30,275 [ERROR] LogOutputStream:75 - [STDERR_REDIRECT] 
2026-05-14 13:59:31,271 [ERROR] LogOutputStream:75 - [STDERR_REDIRECT] [Fatal Error] :1:1: Premature end of file.
2026-05-14 13:59:31,272 [ERROR] LogOutputStream:75 - [STDERR_REDIRECT] 
2026-05-14 13:59:32,273 [ERROR] LogOutputStream:75 - [STDERR_REDIRECT] [Fatal Error] :1:1: Premature end of file.
2026-05-14 13:59:32,273 [ERROR] LogOutputStream:75 - [STDERR_REDIRECT] 
2026-05-14 13:59:33,273 [ERROR] LogOutputStream:75 - [STDERR_REDIRECT] [Fatal Error] :1:1: Premature end of file.
2026-05-14 13:59:33,273 [ERROR] LogOutputStream:75 - [STDERR_REDIRECT] 
2026-05-14 13:59:34,272 [ERROR] LogOutputStream:75 - [STDERR_REDIRECT] [Fatal Error] :1:1: Premature end of file.
2026-05-14 13:59:34,273 [ERROR] LogOutputStream:75 - [STDERR_REDIRECT] 
2026-05-14 13:59:35,272 [ERROR] LogOutputStream:75 - [STDERR_REDIRECT] [Fatal Error] :1:1: Premature end of file.
2026-05-14 13:59:35,272 [ERROR] LogOutputStream:75 - [STDERR_REDIRECT] 
2026-05-14 13:59:36,272 [ERROR] LogOutputStream:75 - [STDERR_REDIRECT] [Fatal Error] :1:1: Premature end of file.
2026-05-14 13:59:36,272 [ERROR] LogOutputStream:75 - [STDERR_REDIRECT] 
2026-05-14 13:59:37,272 [ERROR] LogOutputStream:75 - [STDERR_REDIRECT] [Fatal Error] :1:1: Premature end of file.
2026-05-14 13:59:37,273 [ERROR] LogOutputStream:75 - [STDERR_REDIRECT] 
2026-05-14 13:59:38,273 [ERROR] LogOutputStream:75 - [STDERR_REDIRECT] [Fatal Error] :1:1: Premature end of file.
2026-05-14 13:59:38,273 [ERROR] LogOutputStream:75 - [STDERR_REDIRECT] 
2026-05-14 13:59:39,273 [ERROR] LogOutputStream:75 - [STDERR_REDIRECT] [Fatal Error] :1:1: Premature end of file.
2026-05-14 13:59:39,273 [ERROR] LogOutputStream:75 - [STDERR_REDIRECT] 
2026-05-14 13:59:40,273 [ERROR] LogOutputStream:75 - [STDERR_REDIRECT] [Fatal Error] :1:1: Premature end of file.
2026-05-14 13:59:40,273 [ERROR] LogOutputStream:75 - [STDERR_REDIRECT] 
2026-05-14 13:59:41,273 [ERROR] LogOutputStream:75 - [STDERR_REDIRECT] [Fatal Error] :1:1: Premature end of file.
2026-05-14 13:59:41,273 [ERROR] LogOutputStream:75 - [STDERR_REDIRECT] 
2026-05-14 13:59:42,272 [ERROR] LogOutputStream:75 - [STDERR_REDIRECT] [Fatal Error] :1:1: Premature end of file.
2026-05-14 13:59:42,272 [ERROR] LogOutputStream:75 - [STDERR_REDIRECT] 
2026-05-14 13:59:43,273 [ERROR] LogOutputStream:75 - [STDERR_REDIRECT] [Fatal Error] :1:1: Premature end of file.
2026-05-14 13:59:43,273 [ERROR] LogOutputStream:75 - [STDERR_REDIRECT] 
2026-05-14 13:59:44,273 [ERROR] LogOutputStream:75 - [STDERR_REDIRECT] [Fatal Error] :1:1: Premature end of file.
2026-05-14 13:59:44,273 [ERROR] LogOutputStream:75 - [STDERR_REDIRECT] 
2026-05-14 13:59:45,272 [ERROR] LogOutputStream:75 - [STDERR_REDIRECT] [Fatal Error] :1:1: Premature end of file.
2026-05-14 13:59:45,272 [ERROR] LogOutputStream:75 - [STDERR_REDIRECT] 
2026-05-14 13:59:46,271 [ERROR] LogOutputStream:75 - [STDERR_REDIRECT] [Fatal Error] :1:1: Premature end of file.
2026-05-14 13:59:46,271 [ERROR] LogOutputStream:75 - [STDERR_REDIRECT] 
2026-05-14 13:59:47,273 [ERROR] LogOutputStream:75 - [STDERR_REDIRECT] [Fatal Error] :1:1: Premature end of file.
2026-05-14 13:59:47,273 [ERROR] LogOutputStream:75 - [STDERR_REDIRECT] 
2026-05-14 13:59:48,272 [ERROR] LogOutputStream:75 - [STDERR_REDIRECT] [Fatal Error] :1:1: Premature end of file.
2026-05-14 13:59:48,272 [ERROR] LogOutputStream:75 - [STDERR_REDIRECT] 
2026-05-14 13:59:49,272 [ERROR] LogOutputStream:75 - [STDERR_REDIRECT] [Fatal Error] :1:1: Premature end of file.
2026-05-14 13:59:49,272 [ERROR] LogOutputStream:75 - [STDERR_REDIRECT] 
2026-05-14 13:59:50,274 [ERROR] LogOutputStream:75 - [STDERR_REDIRECT] [Fatal Error] :1:1: Premature end of file.
2026-05-14 13:59:50,274 [ERROR] LogOutputStream:75 - [STDERR_REDIRECT] 
2026-05-14 13:59:51,274 [ERROR] LogOutputStream:75 - [STDERR_REDIRECT] [Fatal Error] :1:1: Premature end of file.
2026-05-14 13:59:51,274 [ERROR] LogOutputStream:75 - [STDERR_REDIRECT] 
2026-05-14 13:59:52,274 [ERROR] LogOutputStream:75 - [STDERR_REDIRECT] [Fatal Error] :1:1: Premature end of file.
2026-05-14 13:59:52,274 [ERROR] LogOutputStream:75 - [STDERR_REDIRECT] 
2026-05-14 13:59:53,271 [ERROR] LogOutputStream:75 - [STDERR_REDIRECT] [Fatal Error] :1:1: Premature end of file.
2026-05-14 13:59:53,271 [ERROR] LogOutputStream:75 - [STDERR_REDIRECT] 
2026-05-14 13:59:54,272 [ERROR] LogOutputStream:75 - [STDERR_REDIRECT] [Fatal Error] :1:1: Premature end of file.
2026-05-14 13:59:54,272 [ERROR] LogOutputStream:75 - [STDERR_REDIRECT] 
2026-05-14 13:59:55,273 [ERROR] LogOutputStream:75 - [STDERR_REDIRECT] [Fatal Error] :1:1: Premature end of file.
2026-05-14 13:59:55,274 [ERROR] LogOutputStream:75 - [STDERR_REDIRECT] 
2026-05-14 13:59:56,271 [ERROR] LogOutputStream:75 - [STDERR_REDIRECT] [Fatal Error] :1:1: Premature end of file.
2026-05-14 13:59:56,272 [ERROR] LogOutputStream:75 - [STDERR_REDIRECT] 
2026-05-14 13:59:57,272 [ERROR] LogOutputStream:75 - [STDERR_REDIRECT] [Fatal Error] :1:1: Premature end of file.
2026-05-14 13:59:57,273 [ERROR] LogOutputStream:75 - [STDERR_REDIRECT] 
2026-05-14 13:59:58,272 [ERROR] LogOutputStream:75 - [STDERR_REDIRECT] [Fatal Error] :1:1: Premature end of file.
2026-05-14 13:59:58,272 [ERROR] LogOutputStream:75 - [STDERR_REDIRECT] 
2026-05-14 13:59:59,273 [ERROR] LogOutputStream:75 - [STDERR_REDIRECT] [Fatal Error] :1:1: Premature end of file.
2026-05-14 13:59:59,273 [ERROR] LogOutputStream:75 - [STDERR_REDIRECT] 
2026-05-14 14:00:00,270 [ERROR] LogOutputStream:75 - [STDERR_REDIRECT] [Fatal Error] :1:1: Premature end of file.
2026-05-14 14:00:00,271 [ERROR] LogOutputStream:75 - [STDERR_REDIRECT] 
2026-05-14 14:00:01,272 [ERROR] LogOutputStream:75 - [STDERR_REDIRECT] [Fatal Error] :1:1: Premature end of file.
2026-05-14 14:00:01,272 [ERROR] LogOutputStream:75 - [STDERR_REDIRECT] 
2026-05-14 14:00:02,273 [ERROR] LogOutputStream:75 - [STDERR_REDIRECT] [Fatal Error] :1:1: Premature end of file.
2026-05-14 14:00:02,273 [ERROR] LogOutputStream:75 - [STDERR_REDIRECT] 
2026-05-14 14:00:03,272 [ERROR] LogOutputStream:75 - [STDERR_REDIRECT] [Fatal Error] :1:1: Premature end of file.
2026-05-14 14:00:03,272 [ERROR] LogOutputStream:75 - [STDERR_REDIRECT] 
2026-05-14 14:00:04,270 [ERROR] LogOutputStream:75 - [STDERR_REDIRECT] [Fatal Error] :1:1: Premature end of file.
2026-05-14 14:00:04,272 [ERROR] LogOutputStream:75 - [STDERR_REDIRECT] 
2026-05-14 14:00:05,271 [ERROR] LogOutputStream:75 - [STDERR_REDIRECT] [Fatal Error] :1:1: Premature end of file.
2026-05-14 14:00:05,272 [ERROR] LogOutputStream:75 - [STDERR_REDIRECT] 
2026-05-14 14:00:06,272 [ERROR] LogOutputStream:75 - [STDERR_REDIRECT] [Fatal Error] :1:1: Premature end of file.
2026-05-14 14:00:06,272 [ERROR] LogOutputStream:75 - [STDERR_REDIRECT] 
2026-05-14 14:00:07,272 [ERROR] LogOutputStream:75 - [STDERR_REDIRECT] [Fatal Error] :1:1: Premature end of file.
2026-05-14 14:00:07,272 [ERROR] LogOutputStream:75 - [STDERR_REDIRECT] 
2026-05-14 14:00:08,272 [ERROR] LogOutputStream:75 - [STDERR_REDIRECT] [Fatal Error] :1:1: Premature end of file.
2026-05-14 14:00:08,273 [ERROR] LogOutputStream:75 - [STDERR_REDIRECT] 
2026-05-14 14:00:09,271 [ERROR] LogOutputStream:75 - [STDERR_REDIRECT] [Fatal Error] :1:1: Premature end of file.
2026-05-14 14:00:09,272 [ERROR] LogOutputStream:75 - [STDERR_REDIRECT] 
2026-05-14 14:00:10,271 [ERROR] LogOutputStream:75 - [STDERR_REDIRECT] [Fatal Error] :1:1: Premature end of file.
2026-05-14 14:00:10,272 [ERROR] LogOutputStream:75 - [STDERR_REDIRECT] 
2026-05-14 14:00:11,272 [ERROR] LogOutputStream:75 - [STDERR_REDIRECT] [Fatal Error] :1:1: Premature end of file.
2026-05-14 14:00:11,273 [ERROR] LogOutputStream:75 - [STDERR_REDIRECT] 
2026-05-14 14:00:12,272 [ERROR] LogOutputStream:75 - [STDERR_REDIRECT] [Fatal Error] :1:1: Premature end of file.
2026-05-14 14:00:12,272 [ERROR] LogOutputStream:75 - [STDERR_REDIRECT] 
2026-05-14 14:00:13,273 [ERROR] LogOutputStream:75 - [STDERR_REDIRECT] [Fatal Error] :1:1: Premature end of file.
2026-05-14 14:00:13,273 [ERROR] LogOutputStream:75 - [STDERR_REDIRECT] 
2026-05-14 14:00:14,272 [ERROR] LogOutputStream:75 - [STDERR_REDIRECT] [Fatal Error] :1:1: Premature end of file.
2026-05-14 14:00:14,272 [ERROR] LogOutputStream:75 - [STDERR_REDIRECT] 
2026-05-14 14:00:15,274 [ERROR] LogOutputStream:75 - [STDERR_REDIRECT] [Fatal Error] :1:1: Premature end of file.
2026-05-14 14:00:15,274 [ERROR] LogOutputStream:75 - [STDERR_REDIRECT] 
2026-05-14 14:00:16,272 [ERROR] LogOutputStream:75 - [STDERR_REDIRECT] [Fatal Error] :1:1: Premature end of file.
2026-05-14 14:00:16,272 [ERROR] LogOutputStream:75 - [STDERR_REDIRECT] 
2026-05-14 14:00:17,272 [ERROR] LogOutputStream:75 - [STDERR_REDIRECT] [Fatal Error] :1:1: Premature end of file.
2026-05-14 14:00:17,272 [ERROR] LogOutputStream:75 - [STDERR_REDIRECT] 
2026-05-14 14:00:18,273 [ERROR] LogOutputStream:75 - [STDERR_REDIRECT] [Fatal Error] :1:1: Premature end of file.
2026-05-14 14:00:18,273 [ERROR] LogOutputStream:75 - [STDERR_REDIRECT] 
2026-05-14 14:00:19,272 [ERROR] LogOutputStream:75 - [STDERR_REDIRECT] [Fatal Error] :1:1: Premature end of file.
2026-05-14 14:00:19,272 [ERROR] LogOutputStream:75 - [STDERR_REDIRECT] 
2026-05-14 14:00:20,273 [ERROR] LogOutputStream:75 - [STDERR_REDIRECT] [Fatal Error] :1:1: Premature end of file.
2026-05-14 14:00:20,273 [ERROR] LogOutputStream:75 - [STDERR_REDIRECT] 
2026-05-14 14:00:21,273 [ERROR] LogOutputStream:75 - [STDERR_REDIRECT] [Fatal Error] :1:1: Premature end of file.
2026-05-14 14:00:21,274 [ERROR] LogOutputStream:75 - [STDERR_REDIRECT] 
2026-05-14 14:00:22,273 [ERROR] LogOutputStream:75 - [STDERR_REDIRECT] [Fatal Error] :1:1: Premature end of file.
2026-05-14 14:00:22,274 [ERROR] LogOutputStream:75 - [STDERR_REDIRECT] 
2026-05-14 14:00:23,273 [ERROR] LogOutputStream:75 - [STDERR_REDIRECT] [Fatal Error] :1:1: Premature end of file.
2026-05-14 14:00:23,273 [ERROR] LogOutputStream:75 - [STDERR_REDIRECT] 
2026-05-14 14:00:24,274 [ERROR] LogOutputStream:75 - [STDERR_REDIRECT] [Fatal Error] :1:1: Premature end of file.
2026-05-14 14:00:24,274 [ERROR] LogOutputStream:75 - [STDERR_REDIRECT] 
2026-05-14 14:00:25,273 [ERROR] LogOutputStream:75 - [STDERR_REDIRECT] [Fatal Error] :1:1: Premature end of file.
2026-05-14 14:00:25,273 [ERROR] LogOutputStream:75 - [STDERR_REDIRECT] 
2026-05-14 14:00:26,272 [ERROR] LogOutputStream:75 - [STDERR_REDIRECT] [Fatal Error] :1:1: Premature end of file.
2026-05-14 14:00:26,273 [ERROR] LogOutputStream:75 - [STDERR_REDIRECT] 
2026-05-14 14:00:27,272 [ERROR] LogOutputStream:75 - [STDERR_REDIRECT] [Fatal Error] :1:1: Premature end of file.
2026-05-14 14:00:27,272 [ERROR] LogOutputStream:75 - [STDERR_REDIRECT] 
2026-05-14 14:00:28,272 [ERROR] LogOutputStream:75 - [STDERR_REDIRECT] [Fatal Error] :1:1: Premature end of file.
2026-05-14 14:00:28,272 [ERROR] LogOutputStream:75 - [STDERR_REDIRECT] 
2026-05-14 14:00:29,275 [ERROR] LogOutputStream:75 - [STDERR_REDIRECT] [Fatal Error] :1:1: Premature end of file.
2026-05-14 14:00:29,275 [ERROR] LogOutputStream:75 - [STDERR_REDIRECT] 
2026-05-14 14:00:30,273 [ERROR] LogOutputStream:75 - [STDERR_REDIRECT] [Fatal Error] :1:1: Premature end of file.
2026-05-14 14:00:30,273 [ERROR] LogOutputStream:75 - [STDERR_REDIRECT] 
2026-05-14 14:00:31,272 [ERROR] LogOutputStream:75 - [STDERR_REDIRECT] [Fatal Error] :1:1: Premature end of file.
2026-05-14 14:00:31,272 [ERROR] LogOutputStream:75 - [STDERR_REDIRECT] 
2026-05-14 14:00:32,272 [ERROR] LogOutputStream:75 - [STDERR_REDIRECT] [Fatal Error] :1:1: Premature end of file.
2026-05-14 14:00:32,272 [ERROR] LogOutputStream:75 - [STDERR_REDIRECT] 
2026-05-14 14:00:33,271 [ERROR] LogOutputStream:75 - [STDERR_REDIRECT] [Fatal Error] :1:1: Premature end of file.
2026-05-14 14:00:33,272 [ERROR] LogOutputStream:75 - [STDERR_REDIRECT] 
2026-05-14 14:00:34,273 [ERROR] LogOutputStream:75 - [STDERR_REDIRECT] [Fatal Error] :1:1: Premature end of file.
2026-05-14 14:00:34,273 [ERROR] LogOutputStream:75 - [STDERR_REDIRECT] 
2026-05-14 14:00:35,272 [ERROR] LogOutputStream:75 - [STDERR_REDIRECT] [Fatal Error] :1:1: Premature end of file.
2026-05-14 14:00:35,272 [ERROR] LogOutputStream:75 - [STDERR_REDIRECT] 
2026-05-14 14:00:36,273 [ERROR] LogOutputStream:75 - [STDERR_REDIRECT] [Fatal Error] :1:1: Premature end of file.
2026-05-14 14:00:36,273 [ERROR] LogOutputStream:75 - [STDERR_REDIRECT] 
2026-05-14 14:00:37,271 [ERROR] LogOutputStream:75 - [STDERR_REDIRECT] [Fatal Error] :1:1: Premature end of file.
2026-05-14 14:00:37,271 [ERROR] LogOutputStream:75 - [STDERR_REDIRECT] 
2026-05-14 14:00:38,272 [ERROR] LogOutputStream:75 - [STDERR_REDIRECT] [Fatal Error] :1:1: Premature end of file.
2026-05-14 14:00:38,272 [ERROR] LogOutputStream:75 - [STDERR_REDIRECT] 
2026-05-14 14:00:39,271 [ERROR] LogOutputStream:75 - [STDERR_REDIRECT] [Fatal Error] :1:1: Premature end of file.
2026-05-14 14:00:39,271 [ERROR] LogOutputStream:75 - [STDERR_REDIRECT] 
2026-05-14 14:00:40,272 [ERROR] LogOutputStream:75 - [STDERR_REDIRECT] [Fatal Error] :1:1: Premature end of file.
2026-05-14 14:00:40,272 [ERROR] LogOutputStream:75 - [STDERR_REDIRECT] 
2026-05-14 14:00:41,272 [ERROR] LogOutputStream:75 - [STDERR_REDIRECT] [Fatal Error] :1:1: Premature end of file.
2026-05-14 14:00:41,272 [ERROR] LogOutputStream:75 - [STDERR_REDIRECT] 
2026-05-14 14:00:42,271 [ERROR] LogOutputStream:75 - [STDERR_REDIRECT] [Fatal Error] :1:1: Premature end of file.
2026-05-14 14:00:42,273 [ERROR] LogOutputStream:75 - [STDERR_REDIRECT] 
2026-05-14 14:00:43,272 [ERROR] LogOutputStream:75 - [STDERR_REDIRECT] [Fatal Error] :1:1: Premature end of file.
2026-05-14 14:00:43,272 [ERROR] LogOutputStream:75 - [STDERR_REDIRECT] 
2026-05-14 14:00:44,273 [ERROR] LogOutputStream:75 - [STDERR_REDIRECT] [Fatal Error] :1:1: Premature end of file.
2026-05-14 14:00:44,273 [ERROR] LogOutputStream:75 - [STDERR_REDIRECT] 
2026-05-14 14:00:45,272 [ERROR] LogOutputStream:75 - [STDERR_REDIRECT] [Fatal Error] :1:1: Premature end of file.
2026-05-14 14:00:45,272 [ERROR] LogOutputStream:75 - [STDERR_REDIRECT] 
2026-05-14 14:00:46,272 [ERROR] LogOutputStream:75 - [STDERR_REDIRECT] [Fatal Error] :1:1: Premature end of file.
2026-05-14 14:00:46,273 [ERROR] LogOutputStream:75 - [STDERR_REDIRECT] 
2026-05-14 14:00:47,272 [ERROR] LogOutputStream:75 - [STDERR_REDIRECT] [Fatal Error] :1:1: Premature end of file.
2026-05-14 14:00:47,272 [ERROR] LogOutputStream:75 - [STDERR_REDIRECT] 
2026-05-14 14:00:48,273 [ERROR] LogOutputStream:75 - [STDERR_REDIRECT] [Fatal Error] :1:1: Premature end of file.
2026-05-14 14:00:48,273 [ERROR] LogOutputStream:75 - [STDERR_REDIRECT] 
2026-05-14 14:00:49,272 [ERROR] LogOutputStream:75 - [STDERR_REDIRECT] [Fatal Error] :1:1: Premature end of file.
2026-05-14 14:00:49,272 [ERROR] LogOutputStream:75 - [STDERR_REDIRECT] 
2026-05-14 14:00:50,272 [ERROR] LogOutputStream:75 - [STDERR_REDIRECT] [Fatal Error] :1:1: Premature end of file.
2026-05-14 14:00:50,272 [ERROR] LogOutputStream:75 - [STDERR_REDIRECT] 
2026-05-14 14:00:51,272 [ERROR] LogOutputStream:75 - [STDERR_REDIRECT] [Fatal Error] :1:1: Premature end of file.
2026-05-14 14:00:51,273 [ERROR] LogOutputStream:75 - [STDERR_REDIRECT] 
2026-05-14 14:00:52,272 [ERROR] LogOutputStream:75 - [STDERR_REDIRECT] [Fatal Error] :1:1: Premature end of file.
2026-05-14 14:00:52,272 [ERROR] LogOutputStream:75 - [STDERR_REDIRECT] 
2026-05-14 14:00:53,272 [ERROR] LogOutputStream:75 - [STDERR_REDIRECT] [Fatal Error] :1:1: Premature end of file.
2026-05-14 14:00:53,272 [ERROR] LogOutputStream:75 - [STDERR_REDIRECT] 
2026-05-14 14:00:54,271 [ERROR] LogOutputStream:75 - [STDERR_REDIRECT] [Fatal Error] :1:1: Premature end of file.
2026-05-14 14:00:54,272 [ERROR] LogOutputStream:75 - [STDERR_REDIRECT] 
2026-05-14 14:00:55,273 [ERROR] LogOutputStream:75 - [STDERR_REDIRECT] [Fatal Error] :1:1: Premature end of file.
2026-05-14 14:00:55,273 [ERROR] LogOutputStream:75 - [STDERR_REDIRECT] 
2026-05-14 14:00:56,272 [ERROR] LogOutputStream:75 - [STDERR_REDIRECT] [Fatal Error] :1:1: Premature end of file.
2026-05-14 14:00:56,272 [ERROR] LogOutputStream:75 - [STDERR_REDIRECT] 
2026-05-14 14:00:57,274 [ERROR] LogOutputStream:75 - [STDERR_REDIRECT] [Fatal Error] :1:1: Premature end of file.
2026-05-14 14:00:57,274 [ERROR] LogOutputStream:75 - [STDERR_REDIRECT] 
2026-05-14 14:00:58,273 [ERROR] LogOutputStream:75 - [STDERR_REDIRECT] [Fatal Error] :1:1: Premature end of file.
2026-05-14 14:00:58,273 [ERROR] LogOutputStream:75 - [STDERR_REDIRECT] 
2026-05-14 14:00:59,273 [ERROR] LogOutputStream:75 - [STDERR_REDIRECT] [Fatal Error] :1:1: Premature end of file.
2026-05-14 14:00:59,273 [ERROR] LogOutputStream:75 - [STDERR_REDIRECT] 
2026-05-14 14:01:00,273 [ERROR] LogOutputStream:75 - [STDERR_REDIRECT] [Fatal Error] :1:1: Premature end of file.
2026-05-14 14:01:00,273 [ERROR] LogOutputStream:75 - [STDERR_REDIRECT] 
2026-05-14 14:01:01,273 [ERROR] LogOutputStream:75 - [STDERR_REDIRECT] [Fatal Error] :1:1: Premature end of file.
2026-05-14 14:01:01,273 [ERROR] LogOutputStream:75 - [STDERR_REDIRECT] 
2026-05-14 14:01:02,274 [ERROR] LogOutputStream:75 - [STDERR_REDIRECT] [Fatal Error] :1:1: Premature end of file.
2026-05-14 14:01:02,274 [ERROR] LogOutputStream:75 - [STDERR_REDIRECT] 
2026-05-14 14:01:03,274 [ERROR] LogOutputStream:75 - [STDERR_REDIRECT] [Fatal Error] :1:1: Premature end of file.
2026-05-14 14:01:03,274 [ERROR] LogOutputStream:75 - [STDERR_REDIRECT] 
2026-05-14 14:01:04,274 [ERROR] LogOutputStream:75 - [STDERR_REDIRECT] [Fatal Error] :1:1: Premature end of file.
2026-05-14 14:01:04,274 [ERROR] LogOutputStream:75 - [STDERR_REDIRECT] 
2026-05-14 14:01:05,273 [ERROR] LogOutputStream:75 - [STDERR_REDIRECT] [Fatal Error] :1:1: Premature end of file.
2026-05-14 14:01:05,274 [ERROR] LogOutputStream:75 - [STDERR_REDIRECT] 
2026-05-14 14:01:06,272 [ERROR] LogOutputStream:75 - [STDERR_REDIRECT] [Fatal Error] :1:1: Premature end of file.
2026-05-14 14:01:06,272 [ERROR] LogOutputStream:75 - [STDERR_REDIRECT] 
2026-05-14 14:01:07,274 [ERROR] LogOutputStream:75 - [STDERR_REDIRECT] [Fatal Error] :1:1: Premature end of file.
2026-05-14 14:01:07,274 [ERROR] LogOutputStream:75 - [STDERR_REDIRECT] 
2026-05-14 14:01:08,273 [ERROR] LogOutputStream:75 - [STDERR_REDIRECT] [Fatal Error] :1:1: Premature end of file.
2026-05-14 14:01:08,273 [ERROR] LogOutputStream:75 - [STDERR_REDIRECT] 
2026-05-14 14:01:09,271 [ERROR] LogOutputStream:75 - [STDERR_REDIRECT] [Fatal Error] :1:1: Premature end of file.
2026-05-14 14:01:09,273 [ERROR] LogOutputStream:75 - [STDERR_REDIRECT] 
2026-05-14 14:01:10,272 [ERROR] LogOutputStream:75 - [STDERR_REDIRECT] [Fatal Error] :1:1: Premature end of file.
2026-05-14 14:01:10,272 [ERROR] LogOutputStream:75 - [STDERR_REDIRECT] 
2026-05-14 14:01:11,272 [ERROR] LogOutputStream:75 - [STDERR_REDIRECT] [Fatal Error] :1:1: Premature end of file.
2026-05-14 14:01:11,272 [ERROR] LogOutputStream:75 - [STDERR_REDIRECT] 
2026-05-14 14:01:12,273 [ERROR] LogOutputStream:75 - [STDERR_REDIRECT] [Fatal Error] :1:1: Premature end of file.
2026-05-14 14:01:12,273 [ERROR] LogOutputStream:75 - [STDERR_REDIRECT] 
2026-05-14 14:01:13,273 [ERROR] LogOutputStream:75 - [STDERR_REDIRECT] [Fatal Error] :1:1: Premature end of file.
2026-05-14 14:01:13,273 [ERROR] LogOutputStream:75 - [STDERR_REDIRECT] 
2026-05-14 14:01:14,273 [ERROR] LogOutputStream:75 - [STDERR_REDIRECT] [Fatal Error] :1:1: Premature end of file.
2026-05-14 14:01:14,274 [ERROR] LogOutputStream:75 - [STDERR_REDIRECT] 
2026-05-14 14:01:15,272 [ERROR] LogOutputStream:75 - [STDERR_REDIRECT] [Fatal Error] :1:1: Premature end of file.
2026-05-14 14:01:15,273 [ERROR] LogOutputStream:75 - [STDERR_REDIRECT] 
2026-05-14 14:01:16,272 [ERROR] LogOutputStream:75 - [STDERR_REDIRECT] [Fatal Error] :1:1: Premature end of file.
2026-05-14 14:01:16,272 [ERROR] LogOutputStream:75 - [STDERR_REDIRECT] 
2026-05-14 14:01:17,273 [ERROR] LogOutputStream:75 - [STDERR_REDIRECT] [Fatal Error] :1:1: Premature end of file.
2026-05-14 14:01:17,273 [ERROR] LogOutputStream:75 - [STDERR_REDIRECT] 
2026-05-14 14:01:18,273 [ERROR] LogOutputStream:75 - [STDERR_REDIRECT] [Fatal Error] :1:1: Premature end of file.
2026-05-14 14:01:18,273 [ERROR] LogOutputStream:75 - [STDERR_REDIRECT] 
2026-05-14 14:01:19,272 [ERROR] LogOutputStream:75 - [STDERR_REDIRECT] [Fatal Error] :1:1: Premature end of file.
2026-05-14 14:01:19,272 [ERROR] LogOutputStream:75 - [STDERR_REDIRECT] 
2026-05-14 14:01:20,273 [ERROR] LogOutputStream:75 - [STDERR_REDIRECT] [Fatal Error] :1:1: Premature end of file.
2026-05-14 14:01:20,273 [ERROR] LogOutputStream:75 - [STDERR_REDIRECT] 
2026-05-14 14:01:21,273 [ERROR] LogOutputStream:75 - [STDERR_REDIRECT] [Fatal Error] :1:1: Premature end of file.
2026-05-14 14:01:21,273 [ERROR] LogOutputStream:75 - [STDERR_REDIRECT] 
2026-05-14 14:01:22,273 [ERROR] LogOutputStream:75 - [STDERR_REDIRECT] [Fatal Error] :1:1: Premature end of file.
2026-05-14 14:01:22,273 [ERROR] LogOutputStream:75 - [STDERR_REDIRECT] 
2026-05-14 14:01:23,272 [ERROR] LogOutputStream:75 - [STDERR_REDIRECT] [Fatal Error] :1:1: Premature end of file.
2026-05-14 14:01:23,272 [ERROR] LogOutputStream:75 - [STDERR_REDIRECT] 
2026-05-14 14:01:24,273 [ERROR] LogOutputStream:75 - [STDERR_REDIRECT] [Fatal Error] :1:1: Premature end of file.
2026-05-14 14:01:24,273 [ERROR] LogOutputStream:75 - [STDERR_REDIRECT] 
2026-05-14 14:01:25,273 [ERROR] LogOutputStream:75 - [STDERR_REDIRECT] [Fatal Error] :1:1: Premature end of file.
2026-05-14 14:01:25,274 [ERROR] LogOutputStream:75 - [STDERR_REDIRECT] 
2026-05-14 14:01:26,272 [ERROR] LogOutputStream:75 - [STDERR_REDIRECT] [Fatal Error] :1:1: Premature end of file.
2026-05-14 14:01:26,272 [ERROR] LogOutputStream:75 - [STDERR_REDIRECT] 
2026-05-14 14:01:27,273 [ERROR] LogOutputStream:75 - [STDERR_REDIRECT] [Fatal Error] :1:1: Premature end of file.
2026-05-14 14:01:27,273 [ERROR] LogOutputStream:75 - [STDERR_REDIRECT] 
2026-05-14 14:01:28,274 [ERROR] LogOutputStream:75 - [STDERR_REDIRECT] [Fatal Error] :1:1: Premature end of file.
2026-05-14 14:01:28,274 [ERROR] LogOutputStream:75 - [STDERR_REDIRECT] 
2026-05-14 14:01:29,277 [ERROR] LogOutputStream:75 - [STDERR_REDIRECT] [Fatal Error] :1:1: Premature end of file.
2026-05-14 14:01:29,277 [ERROR] LogOutputStream:75 - [STDERR_REDIRECT] 
2026-05-14 14:01:30,272 [ERROR] LogOutputStream:75 - [STDERR_REDIRECT] [Fatal Error] :1:1: Premature end of file.
2026-05-14 14:01:30,272 [ERROR] LogOutputStream:75 - [STDERR_REDIRECT] 
2026-05-14 14:01:31,272 [ERROR] LogOutputStream:75 - [STDERR_REDIRECT] [Fatal Error] :1:1: Premature end of file.
2026-05-14 14:01:31,272 [ERROR] LogOutputStream:75 - [STDERR_REDIRECT] 
2026-05-14 14:01:32,273 [ERROR] LogOutputStream:75 - [STDERR_REDIRECT] [Fatal Error] :1:1: Premature end of file.
2026-05-14 14:01:32,273 [ERROR] LogOutputStream:75 - [STDERR_REDIRECT] 
2026-05-14 14:01:33,273 [ERROR] LogOutputStream:75 - [STDERR_REDIRECT] [Fatal Error] :1:1: Premature end of file.
2026-05-14 14:01:33,273 [ERROR] LogOutputStream:75 - [STDERR_REDIRECT] 
2026-05-14 14:01:34,273 [ERROR] LogOutputStream:75 - [STDERR_REDIRECT] [Fatal Error] :1:1: Premature end of file.
2026-05-14 14:01:34,273 [ERROR] LogOutputStream:75 - [STDERR_REDIRECT] 
2026-05-14 14:01:35,272 [ERROR] LogOutputStream:75 - [STDERR_REDIRECT] [Fatal Error] :1:1: Premature end of file.
2026-05-14 14:01:35,272 [ERROR] LogOutputStream:75 - [STDERR_REDIRECT] 
2026-05-14 14:01:36,273 [ERROR] LogOutputStream:75 - [STDERR_REDIRECT] [Fatal Error] :1:1: Premature end of file.
2026-05-14 14:01:36,273 [ERROR] LogOutputStream:75 - [STDERR_REDIRECT] 
2026-05-14 14:01:37,273 [ERROR] LogOutputStream:75 - [STDERR_REDIRECT] [Fatal Error] :1:1: Premature end of file.
2026-05-14 14:01:37,273 [ERROR] LogOutputStream:75 - [STDERR_REDIRECT] 
2026-05-14 14:01:38,273 [ERROR] LogOutputStream:75 - [STDERR_REDIRECT] [Fatal Error] :1:1: Premature end of file.
2026-05-14 14:01:38,273 [ERROR] LogOutputStream:75 - [STDERR_REDIRECT] 
2026-05-14 14:01:39,272 [ERROR] LogOutputStream:75 - [STDERR_REDIRECT] [Fatal Error] :1:1: Premature end of file.
2026-05-14 14:01:39,273 [ERROR] LogOutputStream:75 - [STDERR_REDIRECT] 
2026-05-14 14:01:40,273 [ERROR] LogOutputStream:75 - [STDERR_REDIRECT] [Fatal Error] :1:1: Premature end of file.
2026-05-14 14:01:40,273 [ERROR] LogOutputStream:75 - [STDERR_REDIRECT] 
2026-05-14 14:01:41,272 [ERROR] LogOutputStream:75 - [STDERR_REDIRECT] [Fatal Error] :1:1: Premature end of file.
2026-05-14 14:01:41,272 [ERROR] LogOutputStream:75 - [STDERR_REDIRECT] 
2026-05-14 14:01:42,274 [ERROR] LogOutputStream:75 - [STDERR_REDIRECT] [Fatal Error] :1:1: Premature end of file.
2026-05-14 14:01:42,274 [ERROR] LogOutputStream:75 - [STDERR_REDIRECT] 
2026-05-14 14:01:43,272 [ERROR] LogOutputStream:75 - [STDERR_REDIRECT] [Fatal Error] :1:1: Premature end of file.
2026-05-14 14:01:43,272 [ERROR] LogOutputStream:75 - [STDERR_REDIRECT] 
2026-05-14 14:01:44,272 [ERROR] LogOutputStream:75 - [STDERR_REDIRECT] [Fatal Error] :1:1: Premature end of file.
2026-05-14 14:01:44,272 [ERROR] LogOutputStream:75 - [STDERR_REDIRECT] 
2026-05-14 14:01:45,273 [ERROR] LogOutputStream:75 - [STDERR_REDIRECT] [Fatal Error] :1:1: Premature end of file.
2026-05-14 14:01:45,273 [ERROR] LogOutputStream:75 - [STDERR_REDIRECT] 
2026-05-14 14:01:46,272 [ERROR] LogOutputStream:75 - [STDERR_REDIRECT] [Fatal Error] :1:1: Premature end of file.
2026-05-14 14:01:46,273 [ERROR] LogOutputStream:75 - [STDERR_REDIRECT] 
2026-05-14 14:01:47,273 [ERROR] LogOutputStream:75 - [STDERR_REDIRECT] [Fatal Error] :1:1: Premature end of file.
2026-05-14 14:01:47,273 [ERROR] LogOutputStream:75 - [STDERR_REDIRECT] 
2026-05-14 14:01:48,273 [ERROR] LogOutputStream:75 - [STDERR_REDIRECT] [Fatal Error] :1:1: Premature end of file.
2026-05-14 14:01:48,273 [ERROR] LogOutputStream:75 - [STDERR_REDIRECT] 
2026-05-14 14:01:49,272 [ERROR] LogOutputStream:75 - [STDERR_REDIRECT] [Fatal Error] :1:1: Premature end of file.
2026-05-14 14:01:49,272 [ERROR] LogOutputStream:75 - [STDERR_REDIRECT] 
2026-05-14 14:01:50,273 [ERROR] LogOutputStream:75 - [STDERR_REDIRECT] [Fatal Error] :1:1: Premature end of file.
2026-05-14 14:01:50,273 [ERROR] LogOutputStream:75 - [STDERR_REDIRECT] 
2026-05-14 14:01:51,273 [ERROR] LogOutputStream:75 - [STDERR_REDIRECT] [Fatal Error] :1:1: Premature end of file.
2026-05-14 14:01:51,273 [ERROR] LogOutputStream:75 - [STDERR_REDIRECT] 
2026-05-14 14:01:52,273 [ERROR] LogOutputStream:75 - [STDERR_REDIRECT] [Fatal Error] :1:1: Premature end of file.
2026-05-14 14:01:52,273 [ERROR] LogOutputStream:75 - [STDERR_REDIRECT] 
2026-05-14 14:01:53,273 [ERROR] LogOutputStream:75 - [STDERR_REDIRECT] [Fatal Error] :1:1: Premature end of file.
2026-05-14 14:01:53,273 [ERROR] LogOutputStream:75 - [STDERR_REDIRECT] 
2026-05-14 14:01:54,274 [ERROR] LogOutputStream:75 - [STDERR_REDIRECT] [Fatal Error] :1:1: Premature end of file.
2026-05-14 14:01:54,274 [ERROR] LogOutputStream:75 - [STDERR_REDIRECT] 
2026-05-14 14:01:55,272 [ERROR] LogOutputStream:75 - [STDERR_REDIRECT] [Fatal Error] :1:1: Premature end of file.
2026-05-14 14:01:55,273 [ERROR] LogOutputStream:75 - [STDERR_REDIRECT] 
2026-05-14 14:01:56,272 [ERROR] LogOutputStream:75 - [STDERR_REDIRECT] [Fatal Error] :1:1: Premature end of file.
2026-05-14 14:01:56,272 [ERROR] LogOutputStream:75 - [STDERR_REDIRECT] 
2026-05-14 14:01:57,272 [ERROR] LogOutputStream:75 - [STDERR_REDIRECT] [Fatal Error] :1:1: Premature end of file.
2026-05-14 14:01:57,272 [ERROR] LogOutputStream:75 - [STDERR_REDIRECT] 
2026-05-14 14:01:58,272 [ERROR] LogOutputStream:75 - [STDERR_REDIRECT] [Fatal Error] :1:1: Premature end of file.
2026-05-14 14:01:58,272 [ERROR] LogOutputStream:75 - [STDERR_REDIRECT] 
2026-05-14 14:01:59,272 [ERROR] LogOutputStream:75 - [STDERR_REDIRECT] [Fatal Error] :1:1: Premature end of file.
2026-05-14 14:01:59,272 [ERROR] LogOutputStream:75 - [STDERR_REDIRECT] 
2026-05-14 14:02:00,273 [ERROR] LogOutputStream:75 - [STDERR_REDIRECT] [Fatal Error] :1:1: Premature end of file.
2026-05-14 14:02:00,273 [ERROR] LogOutputStream:75 - [STDERR_REDIRECT] 
2026-05-14 14:02:01,272 [ERROR] LogOutputStream:75 - [STDERR_REDIRECT] [Fatal Error] :1:1: Premature end of file.
2026-05-14 14:02:01,272 [ERROR] LogOutputStream:75 - [STDERR_REDIRECT] 
2026-05-14 14:02:02,271 [ERROR] LogOutputStream:75 - [STDERR_REDIRECT] [Fatal Error] :1:1: Premature end of file.
2026-05-14 14:02:02,271 [ERROR] LogOutputStream:75 - [STDERR_REDIRECT] 
2026-05-14 14:02:03,273 [ERROR] LogOutputStream:75 - [STDERR_REDIRECT] [Fatal Error] :1:1: Premature end of file.
2026-05-14 14:02:03,273 [ERROR] LogOutputStream:75 - [STDERR_REDIRECT] 
2026-05-14 14:02:04,271 [ERROR] LogOutputStream:75 - [STDERR_REDIRECT] [Fatal Error] :1:1: Premature end of file.
2026-05-14 14:02:04,271 [ERROR] LogOutputStream:75 - [STDERR_REDIRECT] 
2026-05-14 14:02:05,272 [ERROR] LogOutputStream:75 - [STDERR_REDIRECT] [Fatal Error] :1:1: Premature end of file.
2026-05-14 14:02:05,273 [ERROR] LogOutputStream:75 - [STDERR_REDIRECT] 
2026-05-14 14:02:06,272 [ERROR] LogOutputStream:75 - [STDERR_REDIRECT] [Fatal Error] :1:1: Premature end of file.
2026-05-14 14:02:06,272 [ERROR] LogOutputStream:75 - [STDERR_REDIRECT] 
2026-05-14 14:02:07,272 [ERROR] LogOutputStream:75 - [STDERR_REDIRECT] [Fatal Error] :1:1: Premature end of file.
2026-05-14 14:02:07,273 [ERROR] LogOutputStream:75 - [STDERR_REDIRECT] 
2026-05-14 14:02:08,271 [ERROR] LogOutputStream:75 - [STDERR_REDIRECT] [Fatal Error] :1:1: Premature end of file.
2026-05-14 14:02:08,271 [ERROR] LogOutputStream:75 - [STDERR_REDIRECT] 
2026-05-14 14:02:09,274 [ERROR] LogOutputStream:75 - [STDERR_REDIRECT] [Fatal Error] :1:1: Premature end of file.
2026-05-14 14:02:09,274 [ERROR] LogOutputStream:75 - [STDERR_REDIRECT] 
2026-05-14 14:02:10,272 [ERROR] LogOutputStream:75 - [STDERR_REDIRECT] [Fatal Error] :1:1: Premature end of file.
2026-05-14 14:02:10,272 [ERROR] LogOutputStream:75 - [STDERR_REDIRECT] 
2026-05-14 14:02:11,272 [ERROR] LogOutputStream:75 - [STDERR_REDIRECT] [Fatal Error] :1:1: Premature end of file.
2026-05-14 14:02:11,272 [ERROR] LogOutputStream:75 - [STDERR_REDIRECT] 
2026-05-14 14:02:12,273 [ERROR] LogOutputStream:75 - [STDERR_REDIRECT] [Fatal Error] :1:1: Premature end of file.
2026-05-14 14:02:12,273 [ERROR] LogOutputStream:75 - [STDERR_REDIRECT] 
2026-05-14 14:02:13,271 [ERROR] LogOutputStream:75 - [STDERR_REDIRECT] [Fatal Error] :1:1: Premature end of file.
2026-05-14 14:02:13,272 [ERROR] LogOutputStream:75 - [STDERR_REDIRECT] 
2026-05-14 14:02:14,273 [ERROR] LogOutputStream:75 - [STDERR_REDIRECT] [Fatal Error] :1:1: Premature end of file.
2026-05-14 14:02:14,273 [ERROR] LogOutputStream:75 - [STDERR_REDIRECT] 
2026-05-14 14:02:15,272 [ERROR] LogOutputStream:75 - [STDERR_REDIRECT] [Fatal Error] :1:1: Premature end of file.
2026-05-14 14:02:15,272 [ERROR] LogOutputStream:75 - [STDERR_REDIRECT] 
2026-05-14 14:02:16,273 [ERROR] LogOutputStream:75 - [STDERR_REDIRECT] [Fatal Error] :1:1: Premature end of file.
2026-05-14 14:02:16,273 [ERROR] LogOutputStream:75 - [STDERR_REDIRECT] 
2026-05-14 14:02:17,271 [ERROR] LogOutputStream:75 - [STDERR_REDIRECT] [Fatal Error] :1:1: Premature end of file.
2026-05-14 14:02:17,271 [ERROR] LogOutputStream:75 - [STDERR_REDIRECT] 
2026-05-14 14:02:18,272 [ERROR] LogOutputStream:75 - [STDERR_REDIRECT] [Fatal Error] :1:1: Premature end of file.
2026-05-14 14:02:18,272 [ERROR] LogOutputStream:75 - [STDERR_REDIRECT] 
2026-05-14 14:02:19,271 [ERROR] LogOutputStream:75 - [STDERR_REDIRECT] [Fatal Error] :1:1: Premature end of file.
2026-05-14 14:02:19,271 [ERROR] LogOutputStream:75 - [STDERR_REDIRECT] 
2026-05-14 14:02:20,273 [ERROR] LogOutputStream:75 - [STDERR_REDIRECT] [Fatal Error] :1:1: Premature end of file.
2026-05-14 14:02:20,273 [ERROR] LogOutputStream:75 - [STDERR_REDIRECT] 
2026-05-14 14:02:21,273 [ERROR] LogOutputStream:75 - [STDERR_REDIRECT] [Fatal Error] :1:1: Premature end of file.
2026-05-14 14:02:21,273 [ERROR] LogOutputStream:75 - [STDERR_REDIRECT] 
2026-05-14 14:02:22,273 [ERROR] LogOutputStream:75 - [STDERR_REDIRECT] [Fatal Error] :1:1: Premature end of file.
2026-05-14 14:02:22,273 [ERROR] LogOutputStream:75 - [STDERR_REDIRECT] 
2026-05-14 14:02:23,271 [ERROR] LogOutputStream:75 - [STDERR_REDIRECT] [Fatal Error] :1:1: Premature end of file.
2026-05-14 14:02:23,271 [ERROR] LogOutputStream:75 - [STDERR_REDIRECT] 
2026-05-14 14:02:24,272 [ERROR] LogOutputStream:75 - [STDERR_REDIRECT] [Fatal Error] :1:1: Premature end of file.
2026-05-14 14:02:24,273 [ERROR] LogOutputStream:75 - [STDERR_REDIRECT] 
2026-05-14 14:02:25,272 [ERROR] LogOutputStream:75 - [STDERR_REDIRECT] [Fatal Error] :1:1: Premature end of file.
2026-05-14 14:02:25,272 [ERROR] LogOutputStream:75 - [STDERR_REDIRECT] 
2026-05-14 14:02:26,273 [ERROR] LogOutputStream:75 - [STDERR_REDIRECT] [Fatal Error] :1:1: Premature end of file.
2026-05-14 14:02:26,274 [ERROR] LogOutputStream:75 - [STDERR_REDIRECT] 
2026-05-14 14:02:27,272 [ERROR] LogOutputStream:75 - [STDERR_REDIRECT] [Fatal Error] :1:1: Premature end of file.
2026-05-14 14:02:27,272 [ERROR] LogOutputStream:75 - [STDERR_REDIRECT] 
2026-05-14 14:02:28,271 [ERROR] LogOutputStream:75 - [STDERR_REDIRECT] [Fatal Error] :1:1: Premature end of file.
2026-05-14 14:02:28,272 [ERROR] LogOutputStream:75 - [STDERR_REDIRECT] 
2026-05-14 14:02:29,272 [ERROR] LogOutputStream:75 - [STDERR_REDIRECT] [Fatal Error] :1:1: Premature end of file.
2026-05-14 14:02:29,272 [ERROR] LogOutputStream:75 - [STDERR_REDIRECT] 
2026-05-14 14:02:30,275 [ERROR] LogOutputStream:75 - [STDERR_REDIRECT] [Fatal Error] :1:1: Premature end of file.
2026-05-14 14:02:30,275 [ERROR] LogOutputStream:75 - [STDERR_REDIRECT] 
2026-05-14 14:02:31,272 [ERROR] LogOutputStream:75 - [STDERR_REDIRECT] [Fatal Error] :1:1: Premature end of file.
2026-05-14 14:02:31,272 [ERROR] LogOutputStream:75 - [STDERR_REDIRECT] 
2026-05-14 14:02:32,271 [ERROR] LogOutputStream:75 - [STDERR_REDIRECT] [Fatal Error] :1:1: Premature end of file.
2026-05-14 14:02:32,271 [ERROR] LogOutputStream:75 - [STDERR_REDIRECT] 
2026-05-14 14:02:33,272 [ERROR] LogOutputStream:75 - [STDERR_REDIRECT] [Fatal Error] :1:1: Premature end of file.
2026-05-14 14:02:33,272 [ERROR] LogOutputStream:75 - [STDERR_REDIRECT] 
2026-05-14 14:02:34,271 [ERROR] LogOutputStream:75 - [STDERR_REDIRECT] [Fatal Error] :1:1: Premature end of file.
2026-05-14 14:02:34,272 [ERROR] LogOutputStream:75 - [STDERR_REDIRECT] 
2026-05-14 14:02:35,271 [ERROR] LogOutputStream:75 - [STDERR_REDIRECT] [Fatal Error] :1:1: Premature end of file.
2026-05-14 14:02:35,271 [ERROR] LogOutputStream:75 - [STDERR_REDIRECT] 
2026-05-14 14:02:36,273 [ERROR] LogOutputStream:75 - [STDERR_REDIRECT] [Fatal Error] :1:1: Premature end of file.
2026-05-14 14:02:36,273 [ERROR] LogOutputStream:75 - [STDERR_REDIRECT] 
2026-05-14 14:02:37,272 [ERROR] LogOutputStream:75 - [STDERR_REDIRECT] [Fatal Error] :1:1: Premature end of file.
2026-05-14 14:02:37,273 [ERROR] LogOutputStream:75 - [STDERR_REDIRECT] 
2026-05-14 14:02:38,271 [ERROR] LogOutputStream:75 - [STDERR_REDIRECT] [Fatal Error] :1:1: Premature end of file.
2026-05-14 14:02:38,271 [ERROR] LogOutputStream:75 - [STDERR_REDIRECT] 
2026-05-14 14:02:39,272 [ERROR] LogOutputStream:75 - [STDERR_REDIRECT] [Fatal Error] :1:1: Premature end of file.
2026-05-14 14:02:39,272 [ERROR] LogOutputStream:75 - [STDERR_REDIRECT] 
2026-05-14 14:02:40,272 [ERROR] LogOutputStream:75 - [STDERR_REDIRECT] [Fatal Error] :1:1: Premature end of file.
2026-05-14 14:02:40,273 [ERROR] LogOutputStream:75 - [STDERR_REDIRECT] 
2026-05-14 14:02:41,271 [ERROR] LogOutputStream:75 - [STDERR_REDIRECT] [Fatal Error] :1:1: Premature end of file.
2026-05-14 14:02:41,272 [ERROR] LogOutputStream:75 - [STDERR_REDIRECT] 
2026-05-14 14:02:42,271 [ERROR] LogOutputStream:75 - [STDERR_REDIRECT] [Fatal Error] :1:1: Premature end of file.
2026-05-14 14:02:42,272 [ERROR] LogOutputStream:75 - [STDERR_REDIRECT] 
2026-05-14 14:02:43,272 [ERROR] LogOutputStream:75 - [STDERR_REDIRECT] [Fatal Error] :1:1: Premature end of file.
2026-05-14 14:02:43,272 [ERROR] LogOutputStream:75 - [STDERR_REDIRECT] 
2026-05-14 14:02:44,271 [ERROR] LogOutputStream:75 - [STDERR_REDIRECT] [Fatal Error] :1:1: Premature end of file.
2026-05-14 14:02:44,271 [ERROR] LogOutputStream:75 - [STDERR_REDIRECT] 
2026-05-14 14:02:45,272 [ERROR] LogOutputStream:75 - [STDERR_REDIRECT] [Fatal Error] :1:1: Premature end of file.
2026-05-14 14:02:45,273 [ERROR] LogOutputStream:75 - [STDERR_REDIRECT] 
2026-05-14 14:02:46,272 [ERROR] LogOutputStream:75 - [STDERR_REDIRECT] [Fatal Error] :1:1: Premature end of file.
2026-05-14 14:02:46,273 [ERROR] LogOutputStream:75 - [STDERR_REDIRECT] 
2026-05-14 14:02:47,272 [ERROR] LogOutputStream:75 - [STDERR_REDIRECT] [Fatal Error] :1:1: Premature end of file.
2026-05-14 14:02:47,272 [ERROR] LogOutputStream:75 - [STDERR_REDIRECT] 
2026-05-14 14:02:48,271 [ERROR] LogOutputStream:75 - [STDERR_REDIRECT] [Fatal Error] :1:1: Premature end of file.
2026-05-14 14:02:48,271 [ERROR] LogOutputStream:75 - [STDERR_REDIRECT] 
2026-05-14 14:02:49,272 [ERROR] LogOutputStream:75 - [STDERR_REDIRECT] [Fatal Error] :1:1: Premature end of file.
2026-05-14 14:02:49,273 [ERROR] LogOutputStream:75 - [STDERR_REDIRECT] 
2026-05-14 14:02:50,272 [ERROR] LogOutputStream:75 - [STDERR_REDIRECT] [Fatal Error] :1:1: Premature end of file.
2026-05-14 14:02:50,273 [ERROR] LogOutputStream:75 - [STDERR_REDIRECT] 
2026-05-14 14:02:51,272 [ERROR] LogOutputStream:75 - [STDERR_REDIRECT] [Fatal Error] :1:1: Premature end of file.
2026-05-14 14:02:51,272 [ERROR] LogOutputStream:75 - [STDERR_REDIRECT] 
2026-05-14 14:02:52,272 [ERROR] LogOutputStream:75 - [STDERR_REDIRECT] [Fatal Error] :1:1: Premature end of file.
2026-05-14 14:02:52,272 [ERROR] LogOutputStream:75 - [STDERR_REDIRECT] 
2026-05-14 14:02:53,272 [ERROR] LogOutputStream:75 - [STDERR_REDIRECT] [Fatal Error] :1:1: Premature end of file.
2026-05-14 14:02:53,272 [ERROR] LogOutputStream:75 - [STDERR_REDIRECT] 
2026-05-14 14:02:54,272 [ERROR] LogOutputStream:75 - [STDERR_REDIRECT] [Fatal Error] :1:1: Premature end of file.
2026-05-14 14:02:54,272 [ERROR] LogOutputStream:75 - [STDERR_REDIRECT] 
2026-05-14 14:02:55,272 [ERROR] LogOutputStream:75 - [STDERR_REDIRECT] [Fatal Error] :1:1: Premature end of file.
2026-05-14 14:02:55,272 [ERROR] LogOutputStream:75 - [STDERR_REDIRECT] 
2026-05-14 14:02:56,272 [ERROR] LogOutputStream:75 - [STDERR_REDIRECT] [Fatal Error] :1:1: Premature end of file.
2026-05-14 14:02:56,272 [ERROR] LogOutputStream:75 - [STDERR_REDIRECT] 
2026-05-14 14:02:57,271 [ERROR] LogOutputStream:75 - [STDERR_REDIRECT] [Fatal Error] :1:1: Premature end of file.
2026-05-14 14:02:57,272 [ERROR] LogOutputStream:75 - [STDERR_REDIRECT] 
2026-05-14 14:02:58,271 [ERROR] LogOutputStream:75 - [STDERR_REDIRECT] [Fatal Error] :1:1: Premature end of file.
2026-05-14 14:02:58,271 [ERROR] LogOutputStream:75 - [STDERR_REDIRECT] 
2026-05-14 14:02:59,273 [ERROR] LogOutputStream:75 - [STDERR_REDIRECT] [Fatal Error] :1:1: Premature end of file.
2026-05-14 14:02:59,274 [ERROR] LogOutputStream:75 - [STDERR_REDIRECT] 
2026-05-14 14:03:00,272 [ERROR] LogOutputStream:75 - [STDERR_REDIRECT] [Fatal Error] :1:1: Premature end of file.
2026-05-14 14:03:00,272 [ERROR] LogOutputStream:75 - [STDERR_REDIRECT] 
2026-05-14 14:03:01,272 [ERROR] LogOutputStream:75 - [STDERR_REDIRECT] [Fatal Error] :1:1: Premature end of file.
2026-05-14 14:03:01,273 [ERROR] LogOutputStream:75 - [STDERR_REDIRECT] 
2026-05-14 14:03:02,273 [ERROR] LogOutputStream:75 - [STDERR_REDIRECT] [Fatal Error] :1:1: Premature end of file.
2026-05-14 14:03:02,273 [ERROR] LogOutputStream:75 - [STDERR_REDIRECT] 
2026-05-14 14:03:03,271 [ERROR] LogOutputStream:75 - [STDERR_REDIRECT] [Fatal Error] :1:1: Premature end of file.
2026-05-14 14:03:03,271 [ERROR] LogOutputStream:75 - [STDERR_REDIRECT] 
2026-05-14 14:03:04,271 [ERROR] LogOutputStream:75 - [STDERR_REDIRECT] [Fatal Error] :1:1: Premature end of file.
2026-05-14 14:03:04,271 [ERROR] LogOutputStream:75 - [STDERR_REDIRECT] 
2026-05-14 14:03:05,271 [ERROR] LogOutputStream:75 - [STDERR_REDIRECT] [Fatal Error] :1:1: Premature end of file.
2026-05-14 14:03:05,273 [ERROR] LogOutputStream:75 - [STDERR_REDIRECT] 
2026-05-14 14:03:06,272 [ERROR] LogOutputStream:75 - [STDERR_REDIRECT] [Fatal Error] :1:1: Premature end of file.
2026-05-14 14:03:06,273 [ERROR] LogOutputStream:75 - [STDERR_REDIRECT] 
2026-05-14 14:03:07,272 [ERROR] LogOutputStream:75 - [STDERR_REDIRECT] [Fatal Error] :1:1: Premature end of file.
2026-05-14 14:03:07,272 [ERROR] LogOutputStream:75 - [STDERR_REDIRECT] 
2026-05-14 14:03:08,272 [ERROR] LogOutputStream:75 - [STDERR_REDIRECT] [Fatal Error] :1:1: Premature end of file.
2026-05-14 14:03:08,272 [ERROR] LogOutputStream:75 - [STDERR_REDIRECT] 
2026-05-14 14:03:09,270 [ERROR] LogOutputStream:75 - [STDERR_REDIRECT] [Fatal Error] :1:1: Premature end of file.
2026-05-14 14:03:09,272 [ERROR] LogOutputStream:75 - [STDERR_REDIRECT] 
2026-05-14 14:03:10,271 [ERROR] LogOutputStream:75 - [STDERR_REDIRECT] [Fatal Error] :1:1: Premature end of file.
2026-05-14 14:03:10,272 [ERROR] LogOutputStream:75 - [STDERR_REDIRECT] 
2026-05-14 14:03:11,272 [ERROR] LogOutputStream:75 - [STDERR_REDIRECT] [Fatal Error] :1:1: Premature end of file.
2026-05-14 14:03:11,273 [ERROR] LogOutputStream:75 - [STDERR_REDIRECT] 
2026-05-14 14:03:12,271 [ERROR] LogOutputStream:75 - [STDERR_REDIRECT] [Fatal Error] :1:1: Premature end of file.
2026-05-14 14:03:12,272 [ERROR] LogOutputStream:75 - [STDERR_REDIRECT] 
2026-05-14 14:03:13,272 [ERROR] LogOutputStream:75 - [STDERR_REDIRECT] [Fatal Error] :1:1: Premature end of file.
2026-05-14 14:03:13,272 [ERROR] LogOutputStream:75 - [STDERR_REDIRECT] 
2026-05-14 14:03:14,271 [ERROR] LogOutputStream:75 - [STDERR_REDIRECT] [Fatal Error] :1:1: Premature end of file.
2026-05-14 14:03:14,272 [ERROR] LogOutputStream:75 - [STDERR_REDIRECT] 
2026-05-14 14:03:15,271 [ERROR] LogOutputStream:75 - [STDERR_REDIRECT] [Fatal Error] :1:1: Premature end of file.
2026-05-14 14:03:15,271 [ERROR] LogOutputStream:75 - [STDERR_REDIRECT] 
2026-05-14 14:03:16,272 [ERROR] LogOutputStream:75 - [STDERR_REDIRECT] [Fatal Error] :1:1: Premature end of file.
2026-05-14 14:03:16,272 [ERROR] LogOutputStream:75 - [STDERR_REDIRECT] 
2026-05-14 14:03:17,272 [ERROR] LogOutputStream:75 - [STDERR_REDIRECT] [Fatal Error] :1:1: Premature end of file.
2026-05-14 14:03:17,272 [ERROR] LogOutputStream:75 - [STDERR_REDIRECT] 
2026-05-14 14:03:18,272 [ERROR] LogOutputStream:75 - [STDERR_REDIRECT] [Fatal Error] :1:1: Premature end of file.
2026-05-14 14:03:18,273 [ERROR] LogOutputStream:75 - [STDERR_REDIRECT] 
2026-05-14 14:03:19,271 [ERROR] LogOutputStream:75 - [STDERR_REDIRECT] [Fatal Error] :1:1: Premature end of file.
2026-05-14 14:03:19,271 [ERROR] LogOutputStream:75 - [STDERR_REDIRECT] 
2026-05-14 14:03:20,272 [ERROR] LogOutputStream:75 - [STDERR_REDIRECT] [Fatal Error] :1:1: Premature end of file.
2026-05-14 14:03:20,273 [ERROR] LogOutputStream:75 - [STDERR_REDIRECT] 
2026-05-14 14:03:21,271 [ERROR] LogOutputStream:75 - [STDERR_REDIRECT] [Fatal Error] :1:1: Premature end of file.
2026-05-14 14:03:21,272 [ERROR] LogOutputStream:75 - [STDERR_REDIRECT] 
2026-05-14 14:03:22,271 [ERROR] LogOutputStream:75 - [STDERR_REDIRECT] [Fatal Error] :1:1: Premature end of file.
2026-05-14 14:03:22,271 [ERROR] LogOutputStream:75 - [STDERR_REDIRECT] 
2026-05-14 14:03:23,271 [ERROR] LogOutputStream:75 - [STDERR_REDIRECT] [Fatal Error] :1:1: Premature end of file.
2026-05-14 14:03:23,272 [ERROR] LogOutputStream:75 - [STDERR_REDIRECT] 
2026-05-14 14:03:24,272 [ERROR] LogOutputStream:75 - [STDERR_REDIRECT] [Fatal Error] :1:1: Premature end of file.
2026-05-14 14:03:24,272 [ERROR] LogOutputStream:75 - [STDERR_REDIRECT] 
2026-05-14 14:03:25,272 [ERROR] LogOutputStream:75 - [STDERR_REDIRECT] [Fatal Error] :1:1: Premature end of file.
2026-05-14 14:03:25,272 [ERROR] LogOutputStream:75 - [STDERR_REDIRECT] 
2026-05-14 14:03:26,272 [ERROR] LogOutputStream:75 - [STDERR_REDIRECT] [Fatal Error] :1:1: Premature end of file.
2026-05-14 14:03:26,272 [ERROR] LogOutputStream:75 - [STDERR_REDIRECT] 
2026-05-14 14:03:27,272 [ERROR] LogOutputStream:75 - [STDERR_REDIRECT] [Fatal Error] :1:1: Premature end of file.
2026-05-14 14:03:27,273 [ERROR] LogOutputStream:75 - [STDERR_REDIRECT] 
2026-05-14 14:03:28,271 [ERROR] LogOutputStream:75 - [STDERR_REDIRECT] [Fatal Error] :1:1: Premature end of file.
2026-05-14 14:03:28,272 [ERROR] LogOutputStream:75 - [STDERR_REDIRECT] 
2026-05-14 14:03:29,272 [ERROR] LogOutputStream:75 - [STDERR_REDIRECT] [Fatal Error] :1:1: Premature end of file.
2026-05-14 14:03:29,272 [ERROR] LogOutputStream:75 - [STDERR_REDIRECT] 
2026-05-14 14:03:30,272 [ERROR] LogOutputStream:75 - [STDERR_REDIRECT] [Fatal Error] :1:1: Premature end of file.
2026-05-14 14:03:30,272 [ERROR] LogOutputStream:75 - [STDERR_REDIRECT] 
2026-05-14 14:03:31,275 [ERROR] LogOutputStream:75 - [STDERR_REDIRECT] [Fatal Error] :1:1: Premature end of file.
2026-05-14 14:03:31,275 [ERROR] LogOutputStream:75 - [STDERR_REDIRECT] 
2026-05-14 14:03:32,272 [ERROR] LogOutputStream:75 - [STDERR_REDIRECT] [Fatal Error] :1:1: Premature end of file.
2026-05-14 14:03:32,273 [ERROR] LogOutputStream:75 - [STDERR_REDIRECT] 
2026-05-14 14:03:33,273 [ERROR] LogOutputStream:75 - [STDERR_REDIRECT] [Fatal Error] :1:1: Premature end of file.
2026-05-14 14:03:33,273 [ERROR] LogOutputStream:75 - [STDERR_REDIRECT] 
2026-05-14 14:03:34,273 [ERROR] LogOutputStream:75 - [STDERR_REDIRECT] [Fatal Error] :1:1: Premature end of file.
2026-05-14 14:03:34,273 [ERROR] LogOutputStream:75 - [STDERR_REDIRECT] 
2026-05-14 14:03:35,271 [ERROR] LogOutputStream:75 - [STDERR_REDIRECT] [Fatal Error] :1:1: Premature end of file.
2026-05-14 14:03:35,272 [ERROR] LogOutputStream:75 - [STDERR_REDIRECT] 
2026-05-14 14:03:36,273 [ERROR] LogOutputStream:75 - [STDERR_REDIRECT] [Fatal Error] :1:1: Premature end of file.
2026-05-14 14:03:36,273 [ERROR] LogOutputStream:75 - [STDERR_REDIRECT] 
2026-05-14 14:03:37,271 [ERROR] LogOutputStream:75 - [STDERR_REDIRECT] [Fatal Error] :1:1: Premature end of file.
2026-05-14 14:03:37,271 [ERROR] LogOutputStream:75 - [STDERR_REDIRECT] 
2026-05-14 14:03:38,272 [ERROR] LogOutputStream:75 - [STDERR_REDIRECT] [Fatal Error] :1:1: Premature end of file.
2026-05-14 14:03:38,272 [ERROR] LogOutputStream:75 - [STDERR_REDIRECT] 
2026-05-14 14:03:39,271 [ERROR] LogOutputStream:75 - [STDERR_REDIRECT] [Fatal Error] :1:1: Premature end of file.
2026-05-14 14:03:39,271 [ERROR] LogOutputStream:75 - [STDERR_REDIRECT] 
2026-05-14 14:03:40,271 [ERROR] LogOutputStream:75 - [STDERR_REDIRECT] [Fatal Error] :1:1: Premature end of file.
2026-05-14 14:03:40,272 [ERROR] LogOutputStream:75 - [STDERR_REDIRECT] 
2026-05-14 14:03:41,273 [ERROR] LogOutputStream:75 - [STDERR_REDIRECT] [Fatal Error] :1:1: Premature end of file.
2026-05-14 14:03:41,274 [ERROR] LogOutputStream:75 - [STDERR_REDIRECT] 
2026-05-14 14:03:42,272 [ERROR] LogOutputStream:75 - [STDERR_REDIRECT] [Fatal Error] :1:1: Premature end of file.
2026-05-14 14:03:42,272 [ERROR] LogOutputStream:75 - [STDERR_REDIRECT] 
2026-05-14 14:03:43,272 [ERROR] LogOutputStream:75 - [STDERR_REDIRECT] [Fatal Error] :1:1: Premature end of file.
2026-05-14 14:03:43,273 [ERROR] LogOutputStream:75 - [STDERR_REDIRECT] 
2026-05-14 14:03:44,271 [ERROR] LogOutputStream:75 - [STDERR_REDIRECT] [Fatal Error] :1:1: Premature end of file.
2026-05-14 14:03:44,271 [ERROR] LogOutputStream:75 - [STDERR_REDIRECT] 
2026-05-14 14:03:45,272 [ERROR] LogOutputStream:75 - [STDERR_REDIRECT] [Fatal Error] :1:1: Premature end of file.
2026-05-14 14:03:45,272 [ERROR] LogOutputStream:75 - [STDERR_REDIRECT] 
2026-05-14 14:03:46,272 [ERROR] LogOutputStream:75 - [STDERR_REDIRECT] [Fatal Error] :1:1: Premature end of file.
2026-05-14 14:03:46,272 [ERROR] LogOutputStream:75 - [STDERR_REDIRECT] 
2026-05-14 14:03:47,271 [ERROR] LogOutputStream:75 - [STDERR_REDIRECT] [Fatal Error] :1:1: Premature end of file.
2026-05-14 14:03:47,272 [ERROR] LogOutputStream:75 - [STDERR_REDIRECT] 
2026-05-14 14:03:48,272 [ERROR] LogOutputStream:75 - [STDERR_REDIRECT] [Fatal Error] :1:1: Premature end of file.
2026-05-14 14:03:48,272 [ERROR] LogOutputStream:75 - [STDERR_REDIRECT] 
2026-05-14 14:03:49,272 [ERROR] LogOutputStream:75 - [STDERR_REDIRECT] [Fatal Error] :1:1: Premature end of file.
2026-05-14 14:03:49,272 [ERROR] LogOutputStream:75 - [STDERR_REDIRECT] 
2026-05-14 14:03:50,272 [ERROR] LogOutputStream:75 - [STDERR_REDIRECT] [Fatal Error] :1:1: Premature end of file.
2026-05-14 14:03:50,272 [ERROR] LogOutputStream:75 - [STDERR_REDIRECT] 
2026-05-14 14:03:51,272 [ERROR] LogOutputStream:75 - [STDERR_REDIRECT] [Fatal Error] :1:1: Premature end of file.
2026-05-14 14:03:51,273 [ERROR] LogOutputStream:75 - [STDERR_REDIRECT] 
2026-05-14 14:03:52,273 [ERROR] LogOutputStream:75 - [STDERR_REDIRECT] [Fatal Error] :1:1: Premature end of file.
2026-05-14 14:03:52,273 [ERROR] LogOutputStream:75 - [STDERR_REDIRECT] 
2026-05-14 14:03:53,271 [ERROR] LogOutputStream:75 - [STDERR_REDIRECT] [Fatal Error] :1:1: Premature end of file.
2026-05-14 14:03:53,272 [ERROR] LogOutputStream:75 - [STDERR_REDIRECT] 
2026-05-14 14:03:54,273 [ERROR] LogOutputStream:75 - [STDERR_REDIRECT] [Fatal Error] :1:1: Premature end of file.
2026-05-14 14:03:54,273 [ERROR] LogOutputStream:75 - [STDERR_REDIRECT] 
2026-05-14 14:03:55,271 [ERROR] LogOutputStream:75 - [STDERR_REDIRECT] [Fatal Error] :1:1: Premature end of file.
2026-05-14 14:03:55,272 [ERROR] LogOutputStream:75 - [STDERR_REDIRECT] 
2026-05-14 14:03:56,273 [ERROR] LogOutputStream:75 - [STDERR_REDIRECT] [Fatal Error] :1:1: Premature end of file.
2026-05-14 14:03:56,273 [ERROR] LogOutputStream:75 - [STDERR_REDIRECT] 
2026-05-14 14:03:57,272 [ERROR] LogOutputStream:75 - [STDERR_REDIRECT] [Fatal Error] :1:1: Premature end of file.
2026-05-14 14:03:57,272 [ERROR] LogOutputStream:75 - [STDERR_REDIRECT] 
2026-05-14 14:03:58,272 [ERROR] LogOutputStream:75 - [STDERR_REDIRECT] [Fatal Error] :1:1: Premature end of file.
2026-05-14 14:03:58,273 [ERROR] LogOutputStream:75 - [STDERR_REDIRECT] 
2026-05-14 14:03:59,271 [ERROR] LogOutputStream:75 - [STDERR_REDIRECT] [Fatal Error] :1:1: Premature end of file.
2026-05-14 14:03:59,272 [ERROR] LogOutputStream:75 - [STDERR_REDIRECT] 
2026-05-14 14:04:00,273 [ERROR] LogOutputStream:75 - [STDERR_REDIRECT] [Fatal Error] :1:1: Premature end of file.
2026-05-14 14:04:00,273 [ERROR] LogOutputStream:75 - [STDERR_REDIRECT] 
2026-05-14 14:04:01,272 [ERROR] LogOutputStream:75 - [STDERR_REDIRECT] [Fatal Error] :1:1: Premature end of file.
2026-05-14 14:04:01,272 [ERROR] LogOutputStream:75 - [STDERR_REDIRECT] 
2026-05-14 14:04:02,272 [ERROR] LogOutputStream:75 - [STDERR_REDIRECT] [Fatal Error] :1:1: Premature end of file.
2026-05-14 14:04:02,272 [ERROR] LogOutputStream:75 - [STDERR_REDIRECT] 
2026-05-14 14:04:03,272 [ERROR] LogOutputStream:75 - [STDERR_REDIRECT] [Fatal Error] :1:1: Premature end of file.
2026-05-14 14:04:03,272 [ERROR] LogOutputStream:75 - [STDERR_REDIRECT] 
2026-05-14 14:04:04,273 [ERROR] LogOutputStream:75 - [STDERR_REDIRECT] [Fatal Error] :1:1: Premature end of file.
2026-05-14 14:04:04,273 [ERROR] LogOutputStream:75 - [STDERR_REDIRECT] 
2026-05-14 14:04:05,271 [ERROR] LogOutputStream:75 - [STDERR_REDIRECT] [Fatal Error] :1:1: Premature end of file.
2026-05-14 14:04:05,271 [ERROR] LogOutputStream:75 - [STDERR_REDIRECT] 
2026-05-14 14:04:06,272 [ERROR] LogOutputStream:75 - [STDERR_REDIRECT] [Fatal Error] :1:1: Premature end of file.
2026-05-14 14:04:06,272 [ERROR] LogOutputStream:75 - [STDERR_REDIRECT] 
2026-05-14 14:04:07,272 [ERROR] LogOutputStream:75 - [STDERR_REDIRECT] [Fatal Error] :1:1: Premature end of file.
2026-05-14 14:04:07,272 [ERROR] LogOutputStream:75 - [STDERR_REDIRECT] 
2026-05-14 14:04:08,272 [ERROR] LogOutputStream:75 - [STDERR_REDIRECT] [Fatal Error] :1:1: Premature end of file.
2026-05-14 14:04:08,272 [ERROR] LogOutputStream:75 - [STDERR_REDIRECT] 
2026-05-14 14:04:09,273 [ERROR] LogOutputStream:75 - [STDERR_REDIRECT] [Fatal Error] :1:1: Premature end of file.
2026-05-14 14:04:09,273 [ERROR] LogOutputStream:75 - [STDERR_REDIRECT] 
2026-05-14 14:04:10,272 [ERROR] LogOutputStream:75 - [STDERR_REDIRECT] [Fatal Error] :1:1: Premature end of file.
2026-05-14 14:04:10,272 [ERROR] LogOutputStream:75 - [STDERR_REDIRECT] 
2026-05-14 14:04:11,272 [ERROR] LogOutputStream:75 - [STDERR_REDIRECT] [Fatal Error] :1:1: Premature end of file.
2026-05-14 14:04:11,273 [ERROR] LogOutputStream:75 - [STDERR_REDIRECT] 
2026-05-14 14:04:12,272 [ERROR] LogOutputStream:75 - [STDERR_REDIRECT] [Fatal Error] :1:1: Premature end of file.
2026-05-14 14:04:12,272 [ERROR] LogOutputStream:75 - [STDERR_REDIRECT] 
2026-05-14 14:04:13,272 [ERROR] LogOutputStream:75 - [STDERR_REDIRECT] [Fatal Error] :1:1: Premature end of file.
2026-05-14 14:04:13,272 [ERROR] LogOutputStream:75 - [STDERR_REDIRECT] 
2026-05-14 14:04:14,273 [ERROR] LogOutputStream:75 - [STDERR_REDIRECT] [Fatal Error] :1:1: Premature end of file.
2026-05-14 14:04:14,273 [ERROR] LogOutputStream:75 - [STDERR_REDIRECT] 
2026-05-14 14:04:15,271 [ERROR] LogOutputStream:75 - [STDERR_REDIRECT] [Fatal Error] :1:1: Premature end of file.
2026-05-14 14:04:15,272 [ERROR] LogOutputStream:75 - [STDERR_REDIRECT] 
2026-05-14 14:04:16,271 [ERROR] LogOutputStream:75 - [STDERR_REDIRECT] [Fatal Error] :1:1: Premature end of file.
2026-05-14 14:04:16,272 [ERROR] LogOutputStream:75 - [STDERR_REDIRECT] 
2026-05-14 14:04:17,271 [ERROR] LogOutputStream:75 - [STDERR_REDIRECT] [Fatal Error] :1:1: Premature end of file.
2026-05-14 14:04:17,272 [ERROR] LogOutputStream:75 - [STDERR_REDIRECT] 
2026-05-14 14:04:18,272 [ERROR] LogOutputStream:75 - [STDERR_REDIRECT] [Fatal Error] :1:1: Premature end of file.
2026-05-14 14:04:18,272 [ERROR] LogOutputStream:75 - [STDERR_REDIRECT] 
2026-05-14 14:04:19,273 [ERROR] LogOutputStream:75 - [STDERR_REDIRECT] [Fatal Error] :1:1: Premature end of file.
2026-05-14 14:04:19,273 [ERROR] LogOutputStream:75 - [STDERR_REDIRECT] 
2026-05-14 14:04:20,272 [ERROR] LogOutputStream:75 - [STDERR_REDIRECT] [Fatal Error] :1:1: Premature end of file.
2026-05-14 14:04:20,273 [ERROR] LogOutputStream:75 - [STDERR_REDIRECT] 
2026-05-14 14:04:21,272 [ERROR] LogOutputStream:75 - [STDERR_REDIRECT] [Fatal Error] :1:1: Premature end of file.
2026-05-14 14:04:21,272 [ERROR] LogOutputStream:75 - [STDERR_REDIRECT] 
2026-05-14 14:04:22,271 [ERROR] LogOutputStream:75 - [STDERR_REDIRECT] [Fatal Error] :1:1: Premature end of file.
2026-05-14 14:04:22,273 [ERROR] LogOutputStream:75 - [STDERR_REDIRECT] 
2026-05-14 14:04:23,272 [ERROR] LogOutputStream:75 - [STDERR_REDIRECT] [Fatal Error] :1:1: Premature end of file.
2026-05-14 14:04:23,272 [ERROR] LogOutputStream:75 - [STDERR_REDIRECT] 
2026-05-14 14:04:24,271 [ERROR] LogOutputStream:75 - [STDERR_REDIRECT] [Fatal Error] :1:1: Premature end of file.
2026-05-14 14:04:24,271 [ERROR] LogOutputStream:75 - [STDERR_REDIRECT] 
2026-05-14 14:04:25,271 [ERROR] LogOutputStream:75 - [STDERR_REDIRECT] [Fatal Error] :1:1: Premature end of file.
2026-05-14 14:04:25,271 [ERROR] LogOutputStream:75 - [STDERR_REDIRECT] 
2026-05-14 14:04:26,272 [ERROR] LogOutputStream:75 - [STDERR_REDIRECT] [Fatal Error] :1:1: Premature end of file.
2026-05-14 14:04:26,272 [ERROR] LogOutputStream:75 - [STDERR_REDIRECT] 
2026-05-14 14:04:27,272 [ERROR] LogOutputStream:75 - [STDERR_REDIRECT] [Fatal Error] :1:1: Premature end of file.
2026-05-14 14:04:27,272 [ERROR] LogOutputStream:75 - [STDERR_REDIRECT] 
2026-05-14 14:04:28,271 [ERROR] LogOutputStream:75 - [STDERR_REDIRECT] [Fatal Error] :1:1: Premature end of file.
2026-05-14 14:04:28,272 [ERROR] LogOutputStream:75 - [STDERR_REDIRECT] 
2026-05-14 14:04:29,272 [ERROR] LogOutputStream:75 - [STDERR_REDIRECT] [Fatal Error] :1:1: Premature end of file.
2026-05-14 14:04:29,273 [ERROR] LogOutputStream:75 - [STDERR_REDIRECT] 
2026-05-14 14:04:30,272 [ERROR] LogOutputStream:75 - [STDERR_REDIRECT] [Fatal Error] :1:1: Premature end of file.
2026-05-14 14:04:30,272 [ERROR] LogOutputStream:75 - [STDERR_REDIRECT] 
2026-05-14 14:04:31,275 [ERROR] LogOutputStream:75 - [STDERR_REDIRECT] [Fatal Error] :1:1: Premature end of file.
2026-05-14 14:04:31,275 [ERROR] LogOutputStream:75 - [STDERR_REDIRECT] 
2026-05-14 14:04:32,273 [ERROR] LogOutputStream:75 - [STDERR_REDIRECT] [Fatal Error] :1:1: Premature end of file.
2026-05-14 14:04:32,273 [ERROR] LogOutputStream:75 - [STDERR_REDIRECT] 
2026-05-14 14:04:33,272 [ERROR] LogOutputStream:75 - [STDERR_REDIRECT] [Fatal Error] :1:1: Premature end of file.
2026-05-14 14:04:33,273 [ERROR] LogOutputStream:75 - [STDERR_REDIRECT] 
2026-05-14 14:04:34,272 [ERROR] LogOutputStream:75 - [STDERR_REDIRECT] [Fatal Error] :1:1: Premature end of file.
2026-05-14 14:04:34,272 [ERROR] LogOutputStream:75 - [STDERR_REDIRECT] 
2026-05-14 14:04:35,271 [ERROR] LogOutputStream:75 - [STDERR_REDIRECT] [Fatal Error] :1:1: Premature end of file.
2026-05-14 14:04:35,272 [ERROR] LogOutputStream:75 - [STDERR_REDIRECT] 
2026-05-14 14:04:36,272 [ERROR] LogOutputStream:75 - [STDERR_REDIRECT] [Fatal Error] :1:1: Premature end of file.
2026-05-14 14:04:36,272 [ERROR] LogOutputStream:75 - [STDERR_REDIRECT] 
2026-05-14 14:04:37,271 [ERROR] LogOutputStream:75 - [STDERR_REDIRECT] [Fatal Error] :1:1: Premature end of file.
2026-05-14 14:04:37,272 [ERROR] LogOutputStream:75 - [STDERR_REDIRECT] 
2026-05-14 14:04:38,273 [ERROR] LogOutputStream:75 - [STDERR_REDIRECT] [Fatal Error] :1:1: Premature end of file.
2026-05-14 14:04:38,273 [ERROR] LogOutputStream:75 - [STDERR_REDIRECT] 
2026-05-14 14:04:39,271 [ERROR] LogOutputStream:75 - [STDERR_REDIRECT] [Fatal Error] :1:1: Premature end of file.
2026-05-14 14:04:39,272 [ERROR] LogOutputStream:75 - [STDERR_REDIRECT] 
2026-05-14 14:04:40,272 [ERROR] LogOutputStream:75 - [STDERR_REDIRECT] [Fatal Error] :1:1: Premature end of file.
2026-05-14 14:04:40,272 [ERROR] LogOutputStream:75 - [STDERR_REDIRECT] 
2026-05-14 14:04:41,273 [ERROR] LogOutputStream:75 - [STDERR_REDIRECT] [Fatal Error] :1:1: Premature end of file.
2026-05-14 14:04:41,273 [ERROR] LogOutputStream:75 - [STDERR_REDIRECT] 
2026-05-14 14:04:42,271 [ERROR] LogOutputStream:75 - [STDERR_REDIRECT] [Fatal Error] :1:1: Premature end of file.
2026-05-14 14:04:42,272 [ERROR] LogOutputStream:75 - [STDERR_REDIRECT] 
2026-05-14 14:04:43,271 [ERROR] LogOutputStream:75 - [STDERR_REDIRECT] [Fatal Error] :1:1: Premature end of file.
2026-05-14 14:04:43,273 [ERROR] LogOutputStream:75 - [STDERR_REDIRECT] 
2026-05-14 14:04:44,272 [ERROR] LogOutputStream:75 - [STDERR_REDIRECT] [Fatal Error] :1:1: Premature end of file.
2026-05-14 14:04:44,272 [ERROR] LogOutputStream:75 - [STDERR_REDIRECT] 
2026-05-14 14:04:45,271 [ERROR] LogOutputStream:75 - [STDERR_REDIRECT] [Fatal Error] :1:1: Premature end of file.
2026-05-14 14:04:45,271 [ERROR] LogOutputStream:75 - [STDERR_REDIRECT] 
2026-05-14 14:04:46,272 [ERROR] LogOutputStream:75 - [STDERR_REDIRECT] [Fatal Error] :1:1: Premature end of file.
2026-05-14 14:04:46,272 [ERROR] LogOutputStream:75 - [STDERR_REDIRECT] 
2026-05-14 14:04:47,272 [ERROR] LogOutputStream:75 - [STDERR_REDIRECT] [Fatal Error] :1:1: Premature end of file.
2026-05-14 14:04:47,272 [ERROR] LogOutputStream:75 - [STDERR_REDIRECT] 
2026-05-14 14:04:48,272 [ERROR] LogOutputStream:75 - [STDERR_REDIRECT] [Fatal Error] :1:1: Premature end of file.
2026-05-14 14:04:48,272 [ERROR] LogOutputStream:75 - [STDERR_REDIRECT] 
2026-05-14 14:04:49,272 [ERROR] LogOutputStream:75 - [STDERR_REDIRECT] [Fatal Error] :1:1: Premature end of file.
2026-05-14 14:04:49,272 [ERROR] LogOutputStream:75 - [STDERR_REDIRECT] 
2026-05-14 14:04:50,273 [ERROR] LogOutputStream:75 - [STDERR_REDIRECT] [Fatal Error] :1:1: Premature end of file.
2026-05-14 14:04:50,273 [ERROR] LogOutputStream:75 - [STDERR_REDIRECT] 
2026-05-14 14:04:51,271 [ERROR] LogOutputStream:75 - [STDERR_REDIRECT] [Fatal Error] :1:1: Premature end of file.
2026-05-14 14:04:51,272 [ERROR] LogOutputStream:75 - [STDERR_REDIRECT] 
2026-05-14 14:04:52,272 [ERROR] LogOutputStream:75 - [STDERR_REDIRECT] [Fatal Error] :1:1: Premature end of file.
2026-05-14 14:04:52,273 [ERROR] LogOutputStream:75 - [STDERR_REDIRECT] 
2026-05-14 14:04:53,272 [ERROR] LogOutputStream:75 - [STDERR_REDIRECT] [Fatal Error] :1:1: Premature end of file.
2026-05-14 14:04:53,272 [ERROR] LogOutputStream:75 - [STDERR_REDIRECT] 
2026-05-14 14:04:54,273 [ERROR] LogOutputStream:75 - [STDERR_REDIRECT] [Fatal Error] :1:1: Premature end of file.
2026-05-14 14:04:54,273 [ERROR] LogOutputStream:75 - [STDERR_REDIRECT] 
2026-05-14 14:04:55,271 [ERROR] LogOutputStream:75 - [STDERR_REDIRECT] [Fatal Error] :1:1: Premature end of file.
2026-05-14 14:04:55,271 [ERROR] LogOutputStream:75 - [STDERR_REDIRECT] 
2026-05-14 14:04:56,271 [ERROR] LogOutputStream:75 - [STDERR_REDIRECT] [Fatal Error] :1:1: Premature end of file.
2026-05-14 14:04:56,272 [ERROR] LogOutputStream:75 - [STDERR_REDIRECT] 
2026-05-14 14:04:57,272 [ERROR] LogOutputStream:75 - [STDERR_REDIRECT] [Fatal Error] :1:1: Premature end of file.
2026-05-14 14:04:57,272 [ERROR] LogOutputStream:75 - [STDERR_REDIRECT] 
2026-05-14 14:04:58,272 [ERROR] LogOutputStream:75 - [STDERR_REDIRECT] [Fatal Error] :1:1: Premature end of file.
2026-05-14 14:04:58,272 [ERROR] LogOutputStream:75 - [STDERR_REDIRECT] 
2026-05-14 14:04:59,271 [ERROR] LogOutputStream:75 - [STDERR_REDIRECT] [Fatal Error] :1:1: Premature end of file.
2026-05-14 14:04:59,271 [ERROR] LogOutputStream:75 - [STDERR_REDIRECT] 
2026-05-14 14:05:00,273 [ERROR] LogOutputStream:75 - [STDERR_REDIRECT] [Fatal Error] :1:1: Premature end of file.
2026-05-14 14:05:00,273 [ERROR] LogOutputStream:75 - [STDERR_REDIRECT] 
2026-05-14 14:05:01,272 [ERROR] LogOutputStream:75 - [STDERR_REDIRECT] [Fatal Error] :1:1: Premature end of file.
2026-05-14 14:05:01,273 [ERROR] LogOutputStream:75 - [STDERR_REDIRECT] 
2026-05-14 14:05:02,271 [ERROR] LogOutputStream:75 - [STDERR_REDIRECT] [Fatal Error] :1:1: Premature end of file.
2026-05-14 14:05:02,272 [ERROR] LogOutputStream:75 - [STDERR_REDIRECT] 
2026-05-14 14:05:03,272 [ERROR] LogOutputStream:75 - [STDERR_REDIRECT] [Fatal Error] :1:1: Premature end of file.
2026-05-14 14:05:03,273 [ERROR] LogOutputStream:75 - [STDERR_REDIRECT] 
2026-05-14 14:05:04,272 [ERROR] LogOutputStream:75 - [STDERR_REDIRECT] [Fatal Error] :1:1: Premature end of file.
2026-05-14 14:05:04,272 [ERROR] LogOutputStream:75 - [STDERR_REDIRECT] 
2026-05-14 14:05:05,272 [ERROR] LogOutputStream:75 - [STDERR_REDIRECT] [Fatal Error] :1:1: Premature end of file.
2026-05-14 14:05:05,272 [ERROR] LogOutputStream:75 - [STDERR_REDIRECT] 
2026-05-14 14:05:06,273 [ERROR] LogOutputStream:75 - [STDERR_REDIRECT] [Fatal Error] :1:1: Premature end of file.
2026-05-14 14:05:06,273 [ERROR] LogOutputStream:75 - [STDERR_REDIRECT] 
2026-05-14 14:05:07,270 [ERROR] LogOutputStream:75 - [STDERR_REDIRECT] [Fatal Error] :1:1: Premature end of file.
2026-05-14 14:05:07,272 [ERROR] LogOutputStream:75 - [STDERR_REDIRECT] 
2026-05-14 14:05:08,272 [ERROR] LogOutputStream:75 - [STDERR_REDIRECT] [Fatal Error] :1:1: Premature end of file.
2026-05-14 14:05:08,272 [ERROR] LogOutputStream:75 - [STDERR_REDIRECT] 
2026-05-14 14:05:09,271 [ERROR] LogOutputStream:75 - [STDERR_REDIRECT] [Fatal Error] :1:1: Premature end of file.
2026-05-14 14:05:09,272 [ERROR] LogOutputStream:75 - [STDERR_REDIRECT] 
2026-05-14 14:05:10,272 [ERROR] LogOutputStream:75 - [STDERR_REDIRECT] [Fatal Error] :1:1: Premature end of file.
2026-05-14 14:05:10,272 [ERROR] LogOutputStream:75 - [STDERR_REDIRECT] 
2026-05-14 14:05:11,273 [ERROR] LogOutputStream:75 - [STDERR_REDIRECT] [Fatal Error] :1:1: Premature end of file.
2026-05-14 14:05:11,273 [ERROR] LogOutputStream:75 - [STDERR_REDIRECT] 
2026-05-14 14:05:12,271 [ERROR] LogOutputStream:75 - [STDERR_REDIRECT] [Fatal Error] :1:1: Premature end of file.
2026-05-14 14:05:12,271 [ERROR] LogOutputStream:75 - [STDERR_REDIRECT] 
2026-05-14 14:05:13,272 [ERROR] LogOutputStream:75 - [STDERR_REDIRECT] [Fatal Error] :1:1: Premature end of file.
2026-05-14 14:05:13,273 [ERROR] LogOutputStream:75 - [STDERR_REDIRECT] 
2026-05-14 14:05:14,272 [ERROR] LogOutputStream:75 - [STDERR_REDIRECT] [Fatal Error] :1:1: Premature end of file.
2026-05-14 14:05:14,272 [ERROR] LogOutputStream:75 - [STDERR_REDIRECT] 
2026-05-14 14:05:15,271 [ERROR] LogOutputStream:75 - [STDERR_REDIRECT] [Fatal Error] :1:1: Premature end of file.
2026-05-14 14:05:15,271 [ERROR] LogOutputStream:75 - [STDERR_REDIRECT] 
2026-05-14 14:05:16,272 [ERROR] LogOutputStream:75 - [STDERR_REDIRECT] [Fatal Error] :1:1: Premature end of file.
2026-05-14 14:05:16,272 [ERROR] LogOutputStream:75 - [STDERR_REDIRECT] 
2026-05-14 14:05:17,270 [ERROR] LogOutputStream:75 - [STDERR_REDIRECT] [Fatal Error] :1:1: Premature end of file.
2026-05-14 14:05:17,271 [ERROR] LogOutputStream:75 - [STDERR_REDIRECT] 
2026-05-14 14:05:18,273 [ERROR] LogOutputStream:75 - [STDERR_REDIRECT] [Fatal Error] :1:1: Premature end of file.
2026-05-14 14:05:18,273 [ERROR] LogOutputStream:75 - [STDERR_REDIRECT] 
2026-05-14 14:05:19,271 [ERROR] LogOutputStream:75 - [STDERR_REDIRECT] [Fatal Error] :1:1: Premature end of file.
2026-05-14 14:05:19,272 [ERROR] LogOutputStream:75 - [STDERR_REDIRECT] 
2026-05-14 14:05:20,272 [ERROR] LogOutputStream:75 - [STDERR_REDIRECT] [Fatal Error] :1:1: Premature end of file.
2026-05-14 14:05:20,272 [ERROR] LogOutputStream:75 - [STDERR_REDIRECT] 
2026-05-14 14:05:21,272 [ERROR] LogOutputStream:75 - [STDERR_REDIRECT] [Fatal Error] :1:1: Premature end of file.
2026-05-14 14:05:21,273 [ERROR] LogOutputStream:75 - [STDERR_REDIRECT] 
2026-05-14 14:05:22,272 [ERROR] LogOutputStream:75 - [STDERR_REDIRECT] [Fatal Error] :1:1: Premature end of file.
2026-05-14 14:05:22,272 [ERROR] LogOutputStream:75 - [STDERR_REDIRECT] 
2026-05-14 14:05:23,272 [ERROR] LogOutputStream:75 - [STDERR_REDIRECT] [Fatal Error] :1:1: Premature end of file.
2026-05-14 14:05:23,272 [ERROR] LogOutputStream:75 - [STDERR_REDIRECT] 
2026-05-14 14:05:24,272 [ERROR] LogOutputStream:75 - [STDERR_REDIRECT] [Fatal Error] :1:1: Premature end of file.
2026-05-14 14:05:24,272 [ERROR] LogOutputStream:75 - [STDERR_REDIRECT] 
2026-05-14 14:05:25,272 [ERROR] LogOutputStream:75 - [STDERR_REDIRECT] [Fatal Error] :1:1: Premature end of file.
2026-05-14 14:05:25,272 [ERROR] LogOutputStream:75 - [STDERR_REDIRECT] 
2026-05-14 14:05:26,273 [ERROR] LogOutputStream:75 - [STDERR_REDIRECT] [Fatal Error] :1:1: Premature end of file.
2026-05-14 14:05:26,273 [ERROR] LogOutputStream:75 - [STDERR_REDIRECT] 
2026-05-14 14:05:27,271 [ERROR] LogOutputStream:75 - [STDERR_REDIRECT] [Fatal Error] :1:1: Premature end of file.
2026-05-14 14:05:27,271 [ERROR] LogOutputStream:75 - [STDERR_REDIRECT] 
2026-05-14 14:05:28,271 [ERROR] LogOutputStream:75 - [STDERR_REDIRECT] [Fatal Error] :1:1: Premature end of file.
2026-05-14 14:05:28,271 [ERROR] LogOutputStream:75 - [STDERR_REDIRECT] 
2026-05-14 14:05:29,274 [ERROR] LogOutputStream:75 - [STDERR_REDIRECT] [Fatal Error] :1:1: Premature end of file.
2026-05-14 14:05:29,274 [ERROR] LogOutputStream:75 - [STDERR_REDIRECT] 
2026-05-14 14:05:30,272 [ERROR] LogOutputStream:75 - [STDERR_REDIRECT] [Fatal Error] :1:1: Premature end of file.
2026-05-14 14:05:30,273 [ERROR] LogOutputStream:75 - [STDERR_REDIRECT] 
2026-05-14 14:05:31,271 [ERROR] LogOutputStream:75 - [STDERR_REDIRECT] [Fatal Error] :1:1: Premature end of file.
2026-05-14 14:05:31,272 [ERROR] LogOutputStream:75 - [STDERR_REDIRECT] 
2026-05-14 14:05:32,276 [ERROR] LogOutputStream:75 - [STDERR_REDIRECT] [Fatal Error] :1:1: Premature end of file.
2026-05-14 14:05:32,276 [ERROR] LogOutputStream:75 - [STDERR_REDIRECT] 
2026-05-14 14:05:33,272 [ERROR] LogOutputStream:75 - [STDERR_REDIRECT] [Fatal Error] :1:1: Premature end of file.
2026-05-14 14:05:33,272 [ERROR] LogOutputStream:75 - [STDERR_REDIRECT] 
2026-05-14 14:05:34,272 [ERROR] LogOutputStream:75 - [STDERR_REDIRECT] [Fatal Error] :1:1: Premature end of file.
2026-05-14 14:05:34,272 [ERROR] LogOutputStream:75 - [STDERR_REDIRECT] 
2026-05-14 14:05:35,271 [ERROR] LogOutputStream:75 - [STDERR_REDIRECT] [Fatal Error] :1:1: Premature end of file.
2026-05-14 14:05:35,272 [ERROR] LogOutputStream:75 - [STDERR_REDIRECT] 
2026-05-14 14:05:36,272 [ERROR] LogOutputStream:75 - [STDERR_REDIRECT] [Fatal Error] :1:1: Premature end of file.
2026-05-14 14:05:36,272 [ERROR] LogOutputStream:75 - [STDERR_REDIRECT] 
2026-05-14 14:05:37,271 [ERROR] LogOutputStream:75 - [STDERR_REDIRECT] [Fatal Error] :1:1: Premature end of file.
2026-05-14 14:05:37,271 [ERROR] LogOutputStream:75 - [STDERR_REDIRECT] 
2026-05-14 14:05:38,272 [ERROR] LogOutputStream:75 - [STDERR_REDIRECT] [Fatal Error] :1:1: Premature end of file.
2026-05-14 14:05:38,273 [ERROR] LogOutputStream:75 - [STDERR_REDIRECT] 
2026-05-14 14:05:39,272 [ERROR] LogOutputStream:75 - [STDERR_REDIRECT] [Fatal Error] :1:1: Premature end of file.
2026-05-14 14:05:39,272 [ERROR] LogOutputStream:75 - [STDERR_REDIRECT] 
2026-05-14 14:05:40,272 [ERROR] LogOutputStream:75 - [STDERR_REDIRECT] [Fatal Error] :1:1: Premature end of file.
2026-05-14 14:05:40,273 [ERROR] LogOutputStream:75 - [STDERR_REDIRECT] 
2026-05-14 14:05:41,271 [ERROR] LogOutputStream:75 - [STDERR_REDIRECT] [Fatal Error] :1:1: Premature end of file.
2026-05-14 14:05:41,271 [ERROR] LogOutputStream:75 - [STDERR_REDIRECT] 
2026-05-14 14:05:42,273 [ERROR] LogOutputStream:75 - [STDERR_REDIRECT] [Fatal Error] :1:1: Premature end of file.
2026-05-14 14:05:42,273 [ERROR] LogOutputStream:75 - [STDERR_REDIRECT] 
2026-05-14 14:05:43,272 [ERROR] LogOutputStream:75 - [STDERR_REDIRECT] [Fatal Error] :1:1: Premature end of file.
2026-05-14 14:05:43,272 [ERROR] LogOutputStream:75 - [STDERR_REDIRECT] 
2026-05-14 14:05:44,271 [ERROR] LogOutputStream:75 - [STDERR_REDIRECT] [Fatal Error] :1:1: Premature end of file.
2026-05-14 14:05:44,271 [ERROR] LogOutputStream:75 - [STDERR_REDIRECT] 
2026-05-14 14:05:45,273 [ERROR] LogOutputStream:75 - [STDERR_REDIRECT] [Fatal Error] :1:1: Premature end of file.
2026-05-14 14:05:45,273 [ERROR] LogOutputStream:75 - [STDERR_REDIRECT] 
2026-05-14 14:05:46,271 [ERROR] LogOutputStream:75 - [STDERR_REDIRECT] [Fatal Error] :1:1: Premature end of file.
2026-05-14 14:05:46,272 [ERROR] LogOutputStream:75 - [STDERR_REDIRECT] 
2026-05-14 14:05:47,274 [ERROR] LogOutputStream:75 - [STDERR_REDIRECT] [Fatal Error] :1:1: Premature end of file.
2026-05-14 14:05:47,274 [ERROR] LogOutputStream:75 - [STDERR_REDIRECT] 
2026-05-14 14:05:48,273 [ERROR] LogOutputStream:75 - [STDERR_REDIRECT] [Fatal Error] :1:1: Premature end of file.
2026-05-14 14:05:48,273 [ERROR] LogOutputStream:75 - [STDERR_REDIRECT] 
2026-05-14 14:05:49,271 [ERROR] LogOutputStream:75 - [STDERR_REDIRECT] [Fatal Error] :1:1: Premature end of file.
2026-05-14 14:05:49,271 [ERROR] LogOutputStream:75 - [STDERR_REDIRECT] 
2026-05-14 14:05:50,272 [ERROR] LogOutputStream:75 - [STDERR_REDIRECT] [Fatal Error] :1:1: Premature end of file.
2026-05-14 14:05:50,273 [ERROR] LogOutputStream:75 - [STDERR_REDIRECT] 
2026-05-14 14:05:51,273 [ERROR] LogOutputStream:75 - [STDERR_REDIRECT] [Fatal Error] :1:1: Premature end of file.
2026-05-14 14:05:51,273 [ERROR] LogOutputStream:75 - [STDERR_REDIRECT] 
2026-05-14 14:05:52,273 [ERROR] LogOutputStream:75 - [STDERR_REDIRECT] [Fatal Error] :1:1: Premature end of file.
2026-05-14 14:05:52,274 [ERROR] LogOutputStream:75 - [STDERR_REDIRECT] 
2026-05-14 14:05:53,273 [ERROR] LogOutputStream:75 - [STDERR_REDIRECT] [Fatal Error] :1:1: Premature end of file.
2026-05-14 14:05:53,273 [ERROR] LogOutputStream:75 - [STDERR_REDIRECT] 
2026-05-14 14:05:54,273 [ERROR] LogOutputStream:75 - [STDERR_REDIRECT] [Fatal Error] :1:1: Premature end of file.
2026-05-14 14:05:54,273 [ERROR] LogOutputStream:75 - [STDERR_REDIRECT] 
2026-05-14 14:05:55,273 [ERROR] LogOutputStream:75 - [STDERR_REDIRECT] [Fatal Error] :1:1: Premature end of file.
2026-05-14 14:05:55,273 [ERROR] LogOutputStream:75 - [STDERR_REDIRECT] 
2026-05-14 14:05:56,273 [ERROR] LogOutputStream:75 - [STDERR_REDIRECT] [Fatal Error] :1:1: Premature end of file.
2026-05-14 14:05:56,273 [ERROR] LogOutputStream:75 - [STDERR_REDIRECT] 
2026-05-14 14:05:57,273 [ERROR] LogOutputStream:75 - [STDERR_REDIRECT] [Fatal Error] :1:1: Premature end of file.
2026-05-14 14:05:57,273 [ERROR] LogOutputStream:75 - [STDERR_REDIRECT] 
2026-05-14 14:05:58,273 [ERROR] LogOutputStream:75 - [STDERR_REDIRECT] [Fatal Error] :1:1: Premature end of file.
2026-05-14 14:05:58,273 [ERROR] LogOutputStream:75 - [STDERR_REDIRECT] 
2026-05-14 14:05:59,273 [ERROR] LogOutputStream:75 - [STDERR_REDIRECT] [Fatal Error] :1:1: Premature end of file.
2026-05-14 14:05:59,273 [ERROR] LogOutputStream:75 - [STDERR_REDIRECT] 
2026-05-14 14:06:00,272 [ERROR] LogOutputStream:75 - [STDERR_REDIRECT] [Fatal Error] :1:1: Premature end of file.
2026-05-14 14:06:00,272 [ERROR] LogOutputStream:75 - [STDERR_REDIRECT] 
2026-05-14 14:06:01,274 [ERROR] LogOutputStream:75 - [STDERR_REDIRECT] [Fatal Error] :1:1: Premature end of file.
2026-05-14 14:06:01,274 [ERROR] LogOutputStream:75 - [STDERR_REDIRECT] 
2026-05-14 14:06:02,276 [ERROR] LogOutputStream:75 - [STDERR_REDIRECT] [Fatal Error] :1:1: Premature end of file.
2026-05-14 14:06:02,276 [ERROR] LogOutputStream:75 - [STDERR_REDIRECT] 
2026-05-14 14:06:03,275 [ERROR] LogOutputStream:75 - [STDERR_REDIRECT] [Fatal Error] :1:1: Premature end of file.
2026-05-14 14:06:03,275 [ERROR] LogOutputStream:75 - [STDERR_REDIRECT] 
2026-05-14 14:06:04,273 [ERROR] LogOutputStream:75 - [STDERR_REDIRECT] [Fatal Error] :1:1: Premature end of file.
2026-05-14 14:06:04,273 [ERROR] LogOutputStream:75 - [STDERR_REDIRECT] 
2026-05-14 14:06:05,272 [ERROR] LogOutputStream:75 - [STDERR_REDIRECT] [Fatal Error] :1:1: Premature end of file.
2026-05-14 14:06:05,273 [ERROR] LogOutputStream:75 - [STDERR_REDIRECT] 
2026-05-14 14:06:06,272 [ERROR] LogOutputStream:75 - [STDERR_REDIRECT] [Fatal Error] :1:1: Premature end of file.
2026-05-14 14:06:06,272 [ERROR] LogOutputStream:75 - [STDERR_REDIRECT] 
2026-05-14 14:06:07,272 [ERROR] LogOutputStream:75 - [STDERR_REDIRECT] [Fatal Error] :1:1: Premature end of file.
2026-05-14 14:06:07,272 [ERROR] LogOutputStream:75 - [STDERR_REDIRECT] 
2026-05-14 14:06:08,272 [ERROR] LogOutputStream:75 - [STDERR_REDIRECT] [Fatal Error] :1:1: Premature end of file.
2026-05-14 14:06:08,272 [ERROR] LogOutputStream:75 - [STDERR_REDIRECT] 
2026-05-14 14:06:09,272 [ERROR] LogOutputStream:75 - [STDERR_REDIRECT] [Fatal Error] :1:1: Premature end of file.
2026-05-14 14:06:09,272 [ERROR] LogOutputStream:75 - [STDERR_REDIRECT] 
2026-05-14 14:06:10,273 [ERROR] LogOutputStream:75 - [STDERR_REDIRECT] [Fatal Error] :1:1: Premature end of file.
2026-05-14 14:06:10,273 [ERROR] LogOutputStream:75 - [STDERR_REDIRECT] 
2026-05-14 14:06:11,272 [ERROR] LogOutputStream:75 - [STDERR_REDIRECT] [Fatal Error] :1:1: Premature end of file.
2026-05-14 14:06:11,272 [ERROR] LogOutputStream:75 - [STDERR_REDIRECT] 
2026-05-14 14:06:12,272 [ERROR] LogOutputStream:75 - [STDERR_REDIRECT] [Fatal Error] :1:1: Premature end of file.
2026-05-14 14:06:12,272 [ERROR] LogOutputStream:75 - [STDERR_REDIRECT] 
2026-05-14 14:06:13,273 [ERROR] LogOutputStream:75 - [STDERR_REDIRECT] [Fatal Error] :1:1: Premature end of file.
2026-05-14 14:06:13,273 [ERROR] LogOutputStream:75 - [STDERR_REDIRECT] 
2026-05-14 14:06:14,273 [ERROR] LogOutputStream:75 - [STDERR_REDIRECT] [Fatal Error] :1:1: Premature end of file.
2026-05-14 14:06:14,273 [ERROR] LogOutputStream:75 - [STDERR_REDIRECT] 
2026-05-14 14:06:15,272 [ERROR] LogOutputStream:75 - [STDERR_REDIRECT] [Fatal Error] :1:1: Premature end of file.
2026-05-14 14:06:15,272 [ERROR] LogOutputStream:75 - [STDERR_REDIRECT] 
2026-05-14 14:06:16,273 [ERROR] LogOutputStream:75 - [STDERR_REDIRECT] [Fatal Error] :1:1: Premature end of file.
2026-05-14 14:06:16,273 [ERROR] LogOutputStream:75 - [STDERR_REDIRECT] 
2026-05-14 14:06:17,272 [ERROR] LogOutputStream:75 - [STDERR_REDIRECT] [Fatal Error] :1:1: Premature end of file.
2026-05-14 14:06:17,272 [ERROR] LogOutputStream:75 - [STDERR_REDIRECT] 
2026-05-14 14:06:18,271 [ERROR] LogOutputStream:75 - [STDERR_REDIRECT] [Fatal Error] :1:1: Premature end of file.
2026-05-14 14:06:18,272 [ERROR] LogOutputStream:75 - [STDERR_REDIRECT] 
2026-05-14 14:06:19,273 [ERROR] LogOutputStream:75 - [STDERR_REDIRECT] [Fatal Error] :1:1: Premature end of file.
2026-05-14 14:06:19,273 [ERROR] LogOutputStream:75 - [STDERR_REDIRECT] 
2026-05-14 14:06:20,272 [ERROR] LogOutputStream:75 - [STDERR_REDIRECT] [Fatal Error] :1:1: Premature end of file.
2026-05-14 14:06:20,272 [ERROR] LogOutputStream:75 - [STDERR_REDIRECT] 
2026-05-14 14:06:21,272 [ERROR] LogOutputStream:75 - [STDERR_REDIRECT] [Fatal Error] :1:1: Premature end of file.
2026-05-14 14:06:21,273 [ERROR] LogOutputStream:75 - [STDERR_REDIRECT] 
2026-05-14 14:06:22,272 [ERROR] LogOutputStream:75 - [STDERR_REDIRECT] [Fatal Error] :1:1: Premature end of file.
2026-05-14 14:06:22,272 [ERROR] LogOutputStream:75 - [STDERR_REDIRECT] 
2026-05-14 14:06:23,272 [ERROR] LogOutputStream:75 - [STDERR_REDIRECT] [Fatal Error] :1:1: Premature end of file.
2026-05-14 14:06:23,273 [ERROR] LogOutputStream:75 - [STDERR_REDIRECT] 
2026-05-14 14:06:24,272 [ERROR] LogOutputStream:75 - [STDERR_REDIRECT] [Fatal Error] :1:1: Premature end of file.
2026-05-14 14:06:24,272 [ERROR] LogOutputStream:75 - [STDERR_REDIRECT] 
2026-05-14 14:06:25,272 [ERROR] LogOutputStream:75 - [STDERR_REDIRECT] [Fatal Error] :1:1: Premature end of file.
2026-05-14 14:06:25,272 [ERROR] LogOutputStream:75 - [STDERR_REDIRECT] 
2026-05-14 14:06:26,272 [ERROR] LogOutputStream:75 - [STDERR_REDIRECT] [Fatal Error] :1:1: Premature end of file.
2026-05-14 14:06:26,272 [ERROR] LogOutputStream:75 - [STDERR_REDIRECT] 
2026-05-14 14:06:27,271 [ERROR] LogOutputStream:75 - [STDERR_REDIRECT] [Fatal Error] :1:1: Premature end of file.
2026-05-14 14:06:27,271 [ERROR] LogOutputStream:75 - [STDERR_REDIRECT] 
2026-05-14 14:06:28,273 [ERROR] LogOutputStream:75 - [STDERR_REDIRECT] [Fatal Error] :1:1: Premature end of file.
2026-05-14 14:06:28,273 [ERROR] LogOutputStream:75 - [STDERR_REDIRECT] 
2026-05-14 14:06:29,271 [ERROR] LogOutputStream:75 - [STDERR_REDIRECT] [Fatal Error] :1:1: Premature end of file.
2026-05-14 14:06:29,271 [ERROR] LogOutputStream:75 - [STDERR_REDIRECT] 
2026-05-14 14:06:30,272 [ERROR] LogOutputStream:75 - [STDERR_REDIRECT] [Fatal Error] :1:1: Premature end of file.
2026-05-14 14:06:30,272 [ERROR] LogOutputStream:75 - [STDERR_REDIRECT] 
2026-05-14 14:06:31,273 [ERROR] LogOutputStream:75 - [STDERR_REDIRECT] [Fatal Error] :1:1: Premature end of file.
2026-05-14 14:06:31,273 [ERROR] LogOutputStream:75 - [STDERR_REDIRECT] 
2026-05-14 14:06:32,272 [ERROR] LogOutputStream:75 - [STDERR_REDIRECT] [Fatal Error] :1:1: Premature end of file.
2026-05-14 14:06:32,272 [ERROR] LogOutputStream:75 - [STDERR_REDIRECT] 
2026-05-14 14:06:33,276 [ERROR] LogOutputStream:75 - [STDERR_REDIRECT] [Fatal Error] :1:1: Premature end of file.
2026-05-14 14:06:33,277 [ERROR] LogOutputStream:75 - [STDERR_REDIRECT] 
2026-05-14 14:06:34,272 [ERROR] LogOutputStream:75 - [STDERR_REDIRECT] [Fatal Error] :1:1: Premature end of file.
2026-05-14 14:06:34,272 [ERROR] LogOutputStream:75 - [STDERR_REDIRECT] 
2026-05-14 14:06:35,272 [ERROR] LogOutputStream:75 - [STDERR_REDIRECT] [Fatal Error] :1:1: Premature end of file.
2026-05-14 14:06:35,273 [ERROR] LogOutputStream:75 - [STDERR_REDIRECT] 
2026-05-14 14:06:36,274 [ERROR] LogOutputStream:75 - [STDERR_REDIRECT] [Fatal Error] :1:1: Premature end of file.
2026-05-14 14:06:36,274 [ERROR] LogOutputStream:75 - [STDERR_REDIRECT] 
2026-05-14 14:06:37,274 [ERROR] LogOutputStream:75 - [STDERR_REDIRECT] [Fatal Error] :1:1: Premature end of file.
2026-05-14 14:06:37,274 [ERROR] LogOutputStream:75 - [STDERR_REDIRECT] 
2026-05-14 14:06:38,286 [ERROR] LogOutputStream:75 - [STDERR_REDIRECT] [Fatal Error] :1:1: Premature end of file.
2026-05-14 14:06:38,286 [ERROR] LogOutputStream:75 - [STDERR_REDIRECT] 
2026-05-14 14:06:39,280 [ERROR] LogOutputStream:75 - [STDERR_REDIRECT] [Fatal Error] :1:1: Premature end of file.
2026-05-14 14:06:39,280 [ERROR] LogOutputStream:75 - [STDERR_REDIRECT] 
2026-05-14 14:06:40,278 [ERROR] LogOutputStream:75 - [STDERR_REDIRECT] [Fatal Error] :1:1: Premature end of file.
2026-05-14 14:06:40,278 [ERROR] LogOutputStream:75 - [STDERR_REDIRECT] 
2026-05-14 14:06:41,280 [ERROR] LogOutputStream:75 - [STDERR_REDIRECT] [Fatal Error] :1:1: Premature end of file.
2026-05-14 14:06:41,280 [ERROR] LogOutputStream:75 - [STDERR_REDIRECT] 
2026-05-14 14:06:42,276 [ERROR] LogOutputStream:75 - [STDERR_REDIRECT] [Fatal Error] :1:1: Premature end of file.
2026-05-14 14:06:42,276 [ERROR] LogOutputStream:75 - [STDERR_REDIRECT] 
2026-05-14 14:06:43,265 [ERROR] LogOutputStream:75 - [STDERR_REDIRECT] [Fatal Error] :1:1: Premature end of file.
2026-05-14 14:06:43,265 [ERROR] LogOutputStream:75 - [STDERR_REDIRECT] 
2026-05-14 14:06:44,274 [ERROR] LogOutputStream:75 - [STDERR_REDIRECT] [Fatal Error] :1:1: Premature end of file.
2026-05-14 14:06:44,274 [ERROR] LogOutputStream:75 - [STDERR_REDIRECT] 
2026-05-14 14:06:45,278 [ERROR] LogOutputStream:75 - [STDERR_REDIRECT] [Fatal Error] :1:1: Premature end of file.
2026-05-14 14:06:45,278 [ERROR] LogOutputStream:75 - [STDERR_REDIRECT] 
2026-05-14 14:06:46,283 [ERROR] LogOutputStream:75 - [STDERR_REDIRECT] [Fatal Error] :1:1: Premature end of file.
2026-05-14 14:06:46,283 [ERROR] LogOutputStream:75 - [STDERR_REDIRECT] 
2026-05-14 14:06:47,273 [ERROR] LogOutputStream:75 - [STDERR_REDIRECT] [Fatal Error] :1:1: Premature end of file.
2026-05-14 14:06:47,273 [ERROR] LogOutputStream:75 - [STDERR_REDIRECT] 
2026-05-14 14:06:48,276 [ERROR] LogOutputStream:75 - [STDERR_REDIRECT] [Fatal Error] :1:1: Premature end of file.
2026-05-14 14:06:48,276 [ERROR] LogOutputStream:75 - [STDERR_REDIRECT] 
2026-05-14 14:06:49,280 [ERROR] LogOutputStream:75 - [STDERR_REDIRECT] [Fatal Error] :1:1: Premature end of file.
2026-05-14 14:06:49,280 [ERROR] LogOutputStream:75 - [STDERR_REDIRECT] 
2026-05-14 14:06:50,280 [ERROR] LogOutputStream:75 - [STDERR_REDIRECT] [Fatal Error] :1:1: Premature end of file.
2026-05-14 14:06:50,280 [ERROR] LogOutputStream:75 - [STDERR_REDIRECT] 
2026-05-14 14:06:51,283 [ERROR] LogOutputStream:75 - [STDERR_REDIRECT] [Fatal Error] :1:1: Premature end of file.
2026-05-14 14:06:51,283 [ERROR] LogOutputStream:75 - [STDERR_REDIRECT] 
2026-05-14 14:06:52,274 [ERROR] LogOutputStream:75 - [STDERR_REDIRECT] [Fatal Error] :1:1: Premature end of file.
2026-05-14 14:06:52,274 [ERROR] LogOutputStream:75 - [STDERR_REDIRECT] 
2026-05-14 14:06:53,274 [ERROR] LogOutputStream:75 - [STDERR_REDIRECT] [Fatal Error] :1:1: Premature end of file.
2026-05-14 14:06:53,274 [ERROR] LogOutputStream:75 - [STDERR_REDIRECT] 
2026-05-14 14:06:54,287 [ERROR] LogOutputStream:75 - [STDERR_REDIRECT] [Fatal Error] :1:1: Premature end of file.
2026-05-14 14:06:54,287 [ERROR] LogOutputStream:75 - [STDERR_REDIRECT] 
2026-05-14 14:06:55,274 [ERROR] LogOutputStream:75 - [STDERR_REDIRECT] [Fatal Error] :1:1: Premature end of file.
2026-05-14 14:06:55,274 [ERROR] LogOutputStream:75 - [STDERR_REDIRECT] 
2026-05-14 14:06:56,269 [ERROR] LogOutputStream:75 - [STDERR_REDIRECT] [Fatal Error] :1:1: Premature end of file.
2026-05-14 14:06:56,269 [ERROR] LogOutputStream:75 - [STDERR_REDIRECT] 
2026-05-14 14:06:57,286 [ERROR] LogOutputStream:75 - [STDERR_REDIRECT] [Fatal Error] :1:1: Premature end of file.
2026-05-14 14:06:57,286 [ERROR] LogOutputStream:75 - [STDERR_REDIRECT] 
2026-05-14 14:06:58,274 [ERROR] LogOutputStream:75 - [STDERR_REDIRECT] [Fatal Error] :1:1: Premature end of file.
2026-05-14 14:06:58,274 [ERROR] LogOutputStream:75 - [STDERR_REDIRECT] 
2026-05-14 14:06:59,282 [ERROR] LogOutputStream:75 - [STDERR_REDIRECT] [Fatal Error] :1:1: Premature end of file.
2026-05-14 14:06:59,282 [ERROR] LogOutputStream:75 - [STDERR_REDIRECT] 
2026-05-14 14:07:00,276 [ERROR] LogOutputStream:75 - [STDERR_REDIRECT] [Fatal Error] :1:1: Premature end of file.
2026-05-14 14:07:00,276 [ERROR] LogOutputStream:75 - [STDERR_REDIRECT] 
2026-05-14 14:07:01,279 [ERROR] LogOutputStream:75 - [STDERR_REDIRECT] [Fatal Error] :1:1: Premature end of file.
2026-05-14 14:07:01,279 [ERROR] LogOutputStream:75 - [STDERR_REDIRECT] 
2026-05-14 14:07:02,277 [ERROR] LogOutputStream:75 - [STDERR_REDIRECT] [Fatal Error] :1:1: Premature end of file.
2026-05-14 14:07:02,277 [ERROR] LogOutputStream:75 - [STDERR_REDIRECT] 
2026-05-14 14:07:03,264 [ERROR] LogOutputStream:75 - [STDERR_REDIRECT] [Fatal Error] :1:1: Premature end of file.
2026-05-14 14:07:03,264 [ERROR] LogOutputStream:75 - [STDERR_REDIRECT] 
2026-05-14 14:07:04,284 [ERROR] LogOutputStream:75 - [STDERR_REDIRECT] [Fatal Error] :1:1: Premature end of file.
2026-05-14 14:07:04,284 [ERROR] LogOutputStream:75 - [STDERR_REDIRECT] 
2026-05-14 14:07:05,274 [ERROR] LogOutputStream:75 - [STDERR_REDIRECT] [Fatal Error] :1:1: Premature end of file.
2026-05-14 14:07:05,274 [ERROR] LogOutputStream:75 - [STDERR_REDIRECT] 
2026-05-14 14:07:06,277 [ERROR] LogOutputStream:75 - [STDERR_REDIRECT] [Fatal Error] :1:1: Premature end of file.
2026-05-14 14:07:06,277 [ERROR] LogOutputStream:75 - [STDERR_REDIRECT] 
2026-05-14 14:07:07,283 [ERROR] LogOutputStream:75 - [STDERR_REDIRECT] [Fatal Error] :1:1: Premature end of file.
2026-05-14 14:07:07,284 [ERROR] LogOutputStream:75 - [STDERR_REDIRECT] 
2026-05-14 14:07:08,283 [ERROR] LogOutputStream:75 - [STDERR_REDIRECT] [Fatal Error] :1:1: Premature end of file.
2026-05-14 14:07:08,283 [ERROR] LogOutputStream:75 - [STDERR_REDIRECT] 
2026-05-14 14:07:09,273 [ERROR] LogOutputStream:75 - [STDERR_REDIRECT] [Fatal Error] :1:1: Premature end of file.
2026-05-14 14:07:09,273 [ERROR] LogOutputStream:75 - [STDERR_REDIRECT] 
2026-05-14 14:07:10,281 [ERROR] LogOutputStream:75 - [STDERR_REDIRECT] [Fatal Error] :1:1: Premature end of file.
2026-05-14 14:07:10,281 [ERROR] LogOutputStream:75 - [STDERR_REDIRECT] 
2026-05-14 14:07:11,270 [ERROR] LogOutputStream:75 - [STDERR_REDIRECT] [Fatal Error] :1:1: Premature end of file.
2026-05-14 14:07:11,270 [ERROR] LogOutputStream:75 - [STDERR_REDIRECT] 
2026-05-14 14:07:12,277 [ERROR] LogOutputStream:75 - [STDERR_REDIRECT] [Fatal Error] :1:1: Premature end of file.
2026-05-14 14:07:12,277 [ERROR] LogOutputStream:75 - [STDERR_REDIRECT] 
2026-05-14 14:07:13,278 [ERROR] LogOutputStream:75 - [STDERR_REDIRECT] [Fatal Error] :1:1: Premature end of file.
2026-05-14 14:07:13,278 [ERROR] LogOutputStream:75 - [STDERR_REDIRECT] 
2026-05-14 14:07:14,281 [ERROR] LogOutputStream:75 - [STDERR_REDIRECT] [Fatal Error] :1:1: Premature end of file.
2026-05-14 14:07:14,281 [ERROR] LogOutputStream:75 - [STDERR_REDIRECT] 
2026-05-14 14:07:15,284 [ERROR] LogOutputStream:75 - [STDERR_REDIRECT] [Fatal Error] :1:1: Premature end of file.
2026-05-14 14:07:15,285 [ERROR] LogOutputStream:75 - [STDERR_REDIRECT] 
2026-05-14 14:07:16,274 [ERROR] LogOutputStream:75 - [STDERR_REDIRECT] [Fatal Error] :1:1: Premature end of file.
2026-05-14 14:07:16,276 [ERROR] LogOutputStream:75 - [STDERR_REDIRECT] 
2026-05-14 14:07:17,277 [ERROR] LogOutputStream:75 - [STDERR_REDIRECT] [Fatal Error] :1:1: Premature end of file.
2026-05-14 14:07:17,277 [ERROR] LogOutputStream:75 - [STDERR_REDIRECT] 
2026-05-14 14:07:18,279 [ERROR] LogOutputStream:75 - [STDERR_REDIRECT] [Fatal Error] :1:1: Premature end of file.
2026-05-14 14:07:18,279 [ERROR] LogOutputStream:75 - [STDERR_REDIRECT] 
2026-05-14 14:07:19,280 [ERROR] LogOutputStream:75 - [STDERR_REDIRECT] [Fatal Error] :1:1: Premature end of file.
2026-05-14 14:07:19,280 [ERROR] LogOutputStream:75 - [STDERR_REDIRECT] 
2026-05-14 14:07:20,280 [ERROR] LogOutputStream:75 - [STDERR_REDIRECT] [Fatal Error] :1:1: Premature end of file.
2026-05-14 14:07:20,280 [ERROR] LogOutputStream:75 - [STDERR_REDIRECT] 
2026-05-14 14:07:21,283 [ERROR] LogOutputStream:75 - [STDERR_REDIRECT] [Fatal Error] :1:1: Premature end of file.
2026-05-14 14:07:21,283 [ERROR] LogOutputStream:75 - [STDERR_REDIRECT] 
2026-05-14 14:07:22,286 [ERROR] LogOutputStream:75 - [STDERR_REDIRECT] [Fatal Error] :1:1: Premature end of file.
2026-05-14 14:07:22,286 [ERROR] LogOutputStream:75 - [STDERR_REDIRECT] 
2026-05-14 14:07:23,272 [ERROR] LogOutputStream:75 - [STDERR_REDIRECT] [Fatal Error] :1:1: Premature end of file.
2026-05-14 14:07:23,272 [ERROR] LogOutputStream:75 - [STDERR_REDIRECT] 
2026-05-14 14:07:24,274 [ERROR] LogOutputStream:75 - [STDERR_REDIRECT] [Fatal Error] :1:1: Premature end of file.
2026-05-14 14:07:24,274 [ERROR] LogOutputStream:75 - [STDERR_REDIRECT] 
2026-05-14 14:07:25,278 [ERROR] LogOutputStream:75 - [STDERR_REDIRECT] [Fatal Error] :1:1: Premature end of file.
2026-05-14 14:07:25,278 [ERROR] LogOutputStream:75 - [STDERR_REDIRECT] 
2026-05-14 14:07:26,279 [ERROR] LogOutputStream:75 - [STDERR_REDIRECT] [Fatal Error] :1:1: Premature end of file.
2026-05-14 14:07:26,279 [ERROR] LogOutputStream:75 - [STDERR_REDIRECT] 
2026-05-14 14:07:27,282 [ERROR] LogOutputStream:75 - [STDERR_REDIRECT] [Fatal Error] :1:1: Premature end of file.
2026-05-14 14:07:27,282 [ERROR] LogOutputStream:75 - [STDERR_REDIRECT] 
2026-05-14 14:07:28,284 [ERROR] LogOutputStream:75 - [STDERR_REDIRECT] [Fatal Error] :1:1: Premature end of file.
2026-05-14 14:07:28,284 [ERROR] LogOutputStream:75 - [STDERR_REDIRECT] 
2026-05-14 14:07:29,287 [ERROR] LogOutputStream:75 - [STDERR_REDIRECT] [Fatal Error] :1:1: Premature end of file.
2026-05-14 14:07:29,287 [ERROR] LogOutputStream:75 - [STDERR_REDIRECT] 
2026-05-14 14:07:30,272 [ERROR] LogOutputStream:75 - [STDERR_REDIRECT] [Fatal Error] :1:1: Premature end of file.
2026-05-14 14:07:30,272 [ERROR] LogOutputStream:75 - [STDERR_REDIRECT] 
2026-05-14 14:07:31,272 [ERROR] LogOutputStream:75 - [STDERR_REDIRECT] [Fatal Error] :1:1: Premature end of file.
2026-05-14 14:07:31,272 [ERROR] LogOutputStream:75 - [STDERR_REDIRECT] 
2026-05-14 14:07:32,274 [ERROR] LogOutputStream:75 - [STDERR_REDIRECT] [Fatal Error] :1:1: Premature end of file.
2026-05-14 14:07:32,274 [ERROR] LogOutputStream:75 - [STDERR_REDIRECT] 
2026-05-14 14:07:33,274 [ERROR] LogOutputStream:75 - [STDERR_REDIRECT] [Fatal Error] :1:1: Premature end of file.
2026-05-14 14:07:33,274 [ERROR] LogOutputStream:75 - [STDERR_REDIRECT] 
2026-05-14 14:07:34,281 [ERROR] LogOutputStream:75 - [STDERR_REDIRECT] [Fatal Error] :1:1: Premature end of file.
2026-05-14 14:07:34,281 [ERROR] LogOutputStream:75 - [STDERR_REDIRECT] 
2026-05-14 14:07:35,277 [ERROR] LogOutputStream:75 - [STDERR_REDIRECT] [Fatal Error] :1:1: Premature end of file.
2026-05-14 14:07:35,277 [ERROR] LogOutputStream:75 - [STDERR_REDIRECT] 
2026-05-14 14:07:36,278 [ERROR] LogOutputStream:75 - [STDERR_REDIRECT] [Fatal Error] :1:1: Premature end of file.
2026-05-14 14:07:36,278 [ERROR] LogOutputStream:75 - [STDERR_REDIRECT] 
2026-05-14 14:07:37,280 [ERROR] LogOutputStream:75 - [STDERR_REDIRECT] [Fatal Error] :1:1: Premature end of file.
2026-05-14 14:07:37,280 [ERROR] LogOutputStream:75 - [STDERR_REDIRECT] 
2026-05-14 14:07:38,281 [ERROR] LogOutputStream:75 - [STDERR_REDIRECT] [Fatal Error] :1:1: Premature end of file.
2026-05-14 14:07:38,281 [ERROR] LogOutputStream:75 - [STDERR_REDIRECT] 
2026-05-14 14:07:39,282 [ERROR] LogOutputStream:75 - [STDERR_REDIRECT] [Fatal Error] :1:1: Premature end of file.
2026-05-14 14:07:39,282 [ERROR] LogOutputStream:75 - [STDERR_REDIRECT] 
2026-05-14 14:07:40,283 [ERROR] LogOutputStream:75 - [STDERR_REDIRECT] [Fatal Error] :1:1: Premature end of file.
2026-05-14 14:07:40,283 [ERROR] LogOutputStream:75 - [STDERR_REDIRECT] 
2026-05-14 14:07:41,284 [ERROR] LogOutputStream:75 - [STDERR_REDIRECT] [Fatal Error] :1:1: Premature end of file.
2026-05-14 14:07:41,284 [ERROR] LogOutputStream:75 - [STDERR_REDIRECT] 
2026-05-14 14:07:42,285 [ERROR] LogOutputStream:75 - [STDERR_REDIRECT] [Fatal Error] :1:1: Premature end of file.
2026-05-14 14:07:42,285 [ERROR] LogOutputStream:75 - [STDERR_REDIRECT] 
2026-05-14 14:07:43,286 [ERROR] LogOutputStream:75 - [STDERR_REDIRECT] [Fatal Error] :1:1: Premature end of file.
2026-05-14 14:07:43,286 [ERROR] LogOutputStream:75 - [STDERR_REDIRECT] 
2026-05-14 14:07:44,272 [ERROR] LogOutputStream:75 - [STDERR_REDIRECT] [Fatal Error] :1:1: Premature end of file.
2026-05-14 14:07:44,272 [ERROR] LogOutputStream:75 - [STDERR_REDIRECT] 
2026-05-14 14:07:45,285 [ERROR] LogOutputStream:75 - [STDERR_REDIRECT] [Fatal Error] :1:1: Premature end of file.
2026-05-14 14:07:45,285 [ERROR] LogOutputStream:75 - [STDERR_REDIRECT] 
2026-05-14 14:07:46,284 [ERROR] LogOutputStream:75 - [STDERR_REDIRECT] [Fatal Error] :1:1: Premature end of file.
2026-05-14 14:07:46,284 [ERROR] LogOutputStream:75 - [STDERR_REDIRECT] 
2026-05-14 14:07:47,288 [ERROR] LogOutputStream:75 - [STDERR_REDIRECT] [Fatal Error] :1:1: Premature end of file.
2026-05-14 14:07:47,288 [ERROR] LogOutputStream:75 - [STDERR_REDIRECT] 
2026-05-14 14:07:48,273 [ERROR] LogOutputStream:75 - [STDERR_REDIRECT] [Fatal Error] :1:1: Premature end of file.
2026-05-14 14:07:48,273 [ERROR] LogOutputStream:75 - [STDERR_REDIRECT] 
2026-05-14 14:07:49,275 [ERROR] LogOutputStream:75 - [STDERR_REDIRECT] [Fatal Error] :1:1: Premature end of file.
2026-05-14 14:07:49,275 [ERROR] LogOutputStream:75 - [STDERR_REDIRECT] 
2026-05-14 14:07:50,278 [ERROR] LogOutputStream:75 - [STDERR_REDIRECT] [Fatal Error] :1:1: Premature end of file.
2026-05-14 14:07:50,278 [ERROR] LogOutputStream:75 - [STDERR_REDIRECT] 
2026-05-14 14:07:51,279 [ERROR] LogOutputStream:75 - [STDERR_REDIRECT] [Fatal Error] :1:1: Premature end of file.
2026-05-14 14:07:51,279 [ERROR] LogOutputStream:75 - [STDERR_REDIRECT] 
2026-05-14 14:07:52,279 [ERROR] LogOutputStream:75 - [STDERR_REDIRECT] [Fatal Error] :1:1: Premature end of file.
2026-05-14 14:07:52,279 [ERROR] LogOutputStream:75 - [STDERR_REDIRECT] 
2026-05-14 14:07:53,280 [ERROR] LogOutputStream:75 - [STDERR_REDIRECT] [Fatal Error] :1:1: Premature end of file.
2026-05-14 14:07:53,280 [ERROR] LogOutputStream:75 - [STDERR_REDIRECT] 
2026-05-14 14:07:54,281 [ERROR] LogOutputStream:75 - [STDERR_REDIRECT] [Fatal Error] :1:1: Premature end of file.
2026-05-14 14:07:54,281 [ERROR] LogOutputStream:75 - [STDERR_REDIRECT] 
2026-05-14 14:07:55,284 [ERROR] LogOutputStream:75 - [STDERR_REDIRECT] [Fatal Error] :1:1: Premature end of file.
2026-05-14 14:07:55,284 [ERROR] LogOutputStream:75 - [STDERR_REDIRECT] 
2026-05-14 14:07:56,285 [ERROR] LogOutputStream:75 - [STDERR_REDIRECT] [Fatal Error] :1:1: Premature end of file.
2026-05-14 14:07:56,285 [ERROR] LogOutputStream:75 - [STDERR_REDIRECT] 
2026-05-14 14:07:57,287 [ERROR] LogOutputStream:75 - [STDERR_REDIRECT] [Fatal Error] :1:1: Premature end of file.
2026-05-14 14:07:57,287 [ERROR] LogOutputStream:75 - [STDERR_REDIRECT] 
2026-05-14 14:07:58,273 [ERROR] LogOutputStream:75 - [STDERR_REDIRECT] [Fatal Error] :1:1: Premature end of file.
2026-05-14 14:07:58,273 [ERROR] LogOutputStream:75 - [STDERR_REDIRECT] 
2026-05-14 14:07:59,274 [ERROR] LogOutputStream:75 - [STDERR_REDIRECT] [Fatal Error] :1:1: Premature end of file.
2026-05-14 14:07:59,274 [ERROR] LogOutputStream:75 - [STDERR_REDIRECT] 
2026-05-14 14:08:00,275 [ERROR] LogOutputStream:75 - [STDERR_REDIRECT] [Fatal Error] :1:1: Premature end of file.
2026-05-14 14:08:00,275 [ERROR] LogOutputStream:75 - [STDERR_REDIRECT] 
2026-05-14 14:08:01,276 [ERROR] LogOutputStream:75 - [STDERR_REDIRECT] [Fatal Error] :1:1: Premature end of file.
2026-05-14 14:08:01,276 [ERROR] LogOutputStream:75 - [STDERR_REDIRECT] 
2026-05-14 14:08:02,277 [ERROR] LogOutputStream:75 - [STDERR_REDIRECT] [Fatal Error] :1:1: Premature end of file.
2026-05-14 14:08:02,277 [ERROR] LogOutputStream:75 - [STDERR_REDIRECT] 
2026-05-14 14:08:03,279 [ERROR] LogOutputStream:75 - [STDERR_REDIRECT] [Fatal Error] :1:1: Premature end of file.
2026-05-14 14:08:03,279 [ERROR] LogOutputStream:75 - [STDERR_REDIRECT] 
2026-05-14 14:08:04,281 [ERROR] LogOutputStream:75 - [STDERR_REDIRECT] [Fatal Error] :1:1: Premature end of file.
2026-05-14 14:08:04,281 [ERROR] LogOutputStream:75 - [STDERR_REDIRECT] 
2026-05-14 14:08:05,282 [ERROR] LogOutputStream:75 - [STDERR_REDIRECT] [Fatal Error] :1:1: Premature end of file.
2026-05-14 14:08:05,282 [ERROR] LogOutputStream:75 - [STDERR_REDIRECT] 
2026-05-14 14:08:06,284 [ERROR] LogOutputStream:75 - [STDERR_REDIRECT] [Fatal Error] :1:1: Premature end of file.
2026-05-14 14:08:06,284 [ERROR] LogOutputStream:75 - [STDERR_REDIRECT] 
2026-05-14 14:08:07,285 [ERROR] LogOutputStream:75 - [STDERR_REDIRECT] [Fatal Error] :1:1: Premature end of file.
2026-05-14 14:08:07,285 [ERROR] LogOutputStream:75 - [STDERR_REDIRECT] 
2026-05-14 14:08:08,285 [ERROR] LogOutputStream:75 - [STDERR_REDIRECT] [Fatal Error] :1:1: Premature end of file.
2026-05-14 14:08:08,285 [ERROR] LogOutputStream:75 - [STDERR_REDIRECT] 
2026-05-14 14:08:09,275 [ERROR] LogOutputStream:75 - [STDERR_REDIRECT] [Fatal Error] :1:1: Premature end of file.
2026-05-14 14:08:09,275 [ERROR] LogOutputStream:75 - [STDERR_REDIRECT] 
2026-05-14 14:08:10,276 [ERROR] LogOutputStream:75 - [STDERR_REDIRECT] [Fatal Error] :1:1: Premature end of file.
2026-05-14 14:08:10,276 [ERROR] LogOutputStream:75 - [STDERR_REDIRECT] 
2026-05-14 14:08:11,279 [ERROR] LogOutputStream:75 - [STDERR_REDIRECT] [Fatal Error] :1:1: Premature end of file.
2026-05-14 14:08:11,279 [ERROR] LogOutputStream:75 - [STDERR_REDIRECT] 
2026-05-14 14:08:12,282 [ERROR] LogOutputStream:75 - [STDERR_REDIRECT] [Fatal Error] :1:1: Premature end of file.
2026-05-14 14:08:12,282 [ERROR] LogOutputStream:75 - [STDERR_REDIRECT] 
2026-05-14 14:08:13,282 [ERROR] LogOutputStream:75 - [STDERR_REDIRECT] [Fatal Error] :1:1: Premature end of file.
2026-05-14 14:08:13,282 [ERROR] LogOutputStream:75 - [STDERR_REDIRECT] 
2026-05-14 14:08:14,283 [ERROR] LogOutputStream:75 - [STDERR_REDIRECT] [Fatal Error] :1:1: Premature end of file.
2026-05-14 14:08:14,283 [ERROR] LogOutputStream:75 - [STDERR_REDIRECT] 
2026-05-14 14:08:15,286 [ERROR] LogOutputStream:75 - [STDERR_REDIRECT] [Fatal Error] :1:1: Premature end of file.
2026-05-14 14:08:15,286 [ERROR] LogOutputStream:75 - [STDERR_REDIRECT] 
2026-05-14 14:08:16,272 [ERROR] LogOutputStream:75 - [STDERR_REDIRECT] [Fatal Error] :1:1: Premature end of file.
2026-05-14 14:08:16,272 [ERROR] LogOutputStream:75 - [STDERR_REDIRECT] 
2026-05-14 14:08:17,274 [ERROR] LogOutputStream:75 - [STDERR_REDIRECT] [Fatal Error] :1:1: Premature end of file.
2026-05-14 14:08:17,274 [ERROR] LogOutputStream:75 - [STDERR_REDIRECT] 
2026-05-14 14:08:18,274 [ERROR] LogOutputStream:75 - [STDERR_REDIRECT] [Fatal Error] :1:1: Premature end of file.
2026-05-14 14:08:18,274 [ERROR] LogOutputStream:75 - [STDERR_REDIRECT] 
2026-05-14 14:08:19,276 [ERROR] LogOutputStream:75 - [STDERR_REDIRECT] [Fatal Error] :1:1: Premature end of file.
2026-05-14 14:08:19,276 [ERROR] LogOutputStream:75 - [STDERR_REDIRECT] 
2026-05-14 14:08:20,276 [ERROR] LogOutputStream:75 - [STDERR_REDIRECT] [Fatal Error] :1:1: Premature end of file.
2026-05-14 14:08:20,276 [ERROR] LogOutputStream:75 - [STDERR_REDIRECT] 
2026-05-14 14:08:21,281 [ERROR] LogOutputStream:75 - [STDERR_REDIRECT] [Fatal Error] :1:1: Premature end of file.
2026-05-14 14:08:21,281 [ERROR] LogOutputStream:75 - [STDERR_REDIRECT] 
2026-05-14 14:08:22,285 [ERROR] LogOutputStream:75 - [STDERR_REDIRECT] [Fatal Error] :1:1: Premature end of file.
2026-05-14 14:08:22,285 [ERROR] LogOutputStream:75 - [STDERR_REDIRECT] 
2026-05-14 14:08:23,288 [ERROR] LogOutputStream:75 - [STDERR_REDIRECT] [Fatal Error] :1:1: Premature end of file.
2026-05-14 14:08:23,288 [ERROR] LogOutputStream:75 - [STDERR_REDIRECT] 
2026-05-14 14:08:24,272 [ERROR] LogOutputStream:75 - [STDERR_REDIRECT] [Fatal Error] :1:1: Premature end of file.
2026-05-14 14:08:24,272 [ERROR] LogOutputStream:75 - [STDERR_REDIRECT] 
2026-05-14 14:08:25,286 [ERROR] LogOutputStream:75 - [STDERR_REDIRECT] [Fatal Error] :1:1: Premature end of file.
2026-05-14 14:08:25,286 [ERROR] LogOutputStream:75 - [STDERR_REDIRECT] 
2026-05-14 14:08:26,276 [ERROR] LogOutputStream:75 - [STDERR_REDIRECT] [Fatal Error] :1:1: Premature end of file.
2026-05-14 14:08:26,276 [ERROR] LogOutputStream:75 - [STDERR_REDIRECT] 
2026-05-14 14:08:27,276 [ERROR] LogOutputStream:75 - [STDERR_REDIRECT] [Fatal Error] :1:1: Premature end of file.
2026-05-14 14:08:27,276 [ERROR] LogOutputStream:75 - [STDERR_REDIRECT] 
2026-05-14 14:08:28,274 [ERROR] LogOutputStream:75 - [STDERR_REDIRECT] [Fatal Error] :1:1: Premature end of file.
2026-05-14 14:08:28,274 [ERROR] LogOutputStream:75 - [STDERR_REDIRECT] 
2026-05-14 14:08:29,277 [ERROR] LogOutputStream:75 - [STDERR_REDIRECT] [Fatal Error] :1:1: Premature end of file.
2026-05-14 14:08:29,277 [ERROR] LogOutputStream:75 - [STDERR_REDIRECT] 
2026-05-14 14:08:30,276 [ERROR] LogOutputStream:75 - [STDERR_REDIRECT] [Fatal Error] :1:1: Premature end of file.
2026-05-14 14:08:30,276 [ERROR] LogOutputStream:75 - [STDERR_REDIRECT] 
2026-05-14 14:08:31,279 [ERROR] LogOutputStream:75 - [STDERR_REDIRECT] [Fatal Error] :1:1: Premature end of file.
2026-05-14 14:08:31,279 [ERROR] LogOutputStream:75 - [STDERR_REDIRECT] 
2026-05-14 14:08:32,282 [ERROR] LogOutputStream:75 - [STDERR_REDIRECT] [Fatal Error] :1:1: Premature end of file.
2026-05-14 14:08:32,282 [ERROR] LogOutputStream:75 - [STDERR_REDIRECT] 
2026-05-14 14:08:33,283 [ERROR] LogOutputStream:75 - [STDERR_REDIRECT] [Fatal Error] :1:1: Premature end of file.
2026-05-14 14:08:33,283 [ERROR] LogOutputStream:75 - [STDERR_REDIRECT] 
2026-05-14 14:08:34,284 [ERROR] LogOutputStream:75 - [STDERR_REDIRECT] [Fatal Error] :1:1: Premature end of file.
2026-05-14 14:08:34,284 [ERROR] LogOutputStream:75 - [STDERR_REDIRECT] 
2026-05-14 14:08:35,284 [ERROR] LogOutputStream:75 - [STDERR_REDIRECT] [Fatal Error] :1:1: Premature end of file.
2026-05-14 14:08:35,284 [ERROR] LogOutputStream:75 - [STDERR_REDIRECT] 
2026-05-14 14:08:36,286 [ERROR] LogOutputStream:75 - [STDERR_REDIRECT] [Fatal Error] :1:1: Premature end of file.
2026-05-14 14:08:36,286 [ERROR] LogOutputStream:75 - [STDERR_REDIRECT] 
2026-05-14 14:08:37,273 [ERROR] LogOutputStream:75 - [STDERR_REDIRECT] [Fatal Error] :1:1: Premature end of file.
2026-05-14 14:08:37,273 [ERROR] LogOutputStream:75 - [STDERR_REDIRECT] 
2026-05-14 14:08:38,274 [ERROR] LogOutputStream:75 - [STDERR_REDIRECT] [Fatal Error] :1:1: Premature end of file.
2026-05-14 14:08:38,274 [ERROR] LogOutputStream:75 - [STDERR_REDIRECT] 
2026-05-14 14:08:39,278 [ERROR] LogOutputStream:75 - [STDERR_REDIRECT] [Fatal Error] :1:1: Premature end of file.
2026-05-14 14:08:39,278 [ERROR] LogOutputStream:75 - [STDERR_REDIRECT] 
2026-05-14 14:08:40,280 [ERROR] LogOutputStream:75 - [STDERR_REDIRECT] [Fatal Error] :1:1: Premature end of file.
2026-05-14 14:08:40,280 [ERROR] LogOutputStream:75 - [STDERR_REDIRECT] 
2026-05-14 14:08:41,281 [ERROR] LogOutputStream:75 - [STDERR_REDIRECT] [Fatal Error] :1:1: Premature end of file.
2026-05-14 14:08:41,281 [ERROR] LogOutputStream:75 - [STDERR_REDIRECT] 
2026-05-14 14:08:42,282 [ERROR] LogOutputStream:75 - [STDERR_REDIRECT] [Fatal Error] :1:1: Premature end of file.
2026-05-14 14:08:42,282 [ERROR] LogOutputStream:75 - [STDERR_REDIRECT] 
2026-05-14 14:08:43,285 [ERROR] LogOutputStream:75 - [STDERR_REDIRECT] [Fatal Error] :1:1: Premature end of file.
2026-05-14 14:08:43,285 [ERROR] LogOutputStream:75 - [STDERR_REDIRECT] 
2026-05-14 14:08:44,288 [ERROR] LogOutputStream:75 - [STDERR_REDIRECT] [Fatal Error] :1:1: Premature end of file.
2026-05-14 14:08:44,288 [ERROR] LogOutputStream:75 - [STDERR_REDIRECT] 
2026-05-14 14:08:45,273 [ERROR] LogOutputStream:75 - [STDERR_REDIRECT] [Fatal Error] :1:1: Premature end of file.
2026-05-14 14:08:45,273 [ERROR] LogOutputStream:75 - [STDERR_REDIRECT] 
2026-05-14 14:08:46,276 [ERROR] LogOutputStream:75 - [STDERR_REDIRECT] [Fatal Error] :1:1: Premature end of file.
2026-05-14 14:08:46,276 [ERROR] LogOutputStream:75 - [STDERR_REDIRECT] 
2026-05-14 14:08:47,277 [ERROR] LogOutputStream:75 - [STDERR_REDIRECT] [Fatal Error] :1:1: Premature end of file.
2026-05-14 14:08:47,277 [ERROR] LogOutputStream:75 - [STDERR_REDIRECT] 
2026-05-14 14:08:48,276 [ERROR] LogOutputStream:75 - [STDERR_REDIRECT] [Fatal Error] :1:1: Premature end of file.
2026-05-14 14:08:48,276 [ERROR] LogOutputStream:75 - [STDERR_REDIRECT] 
2026-05-14 14:08:49,278 [ERROR] LogOutputStream:75 - [STDERR_REDIRECT] [Fatal Error] :1:1: Premature end of file.
2026-05-14 14:08:49,278 [ERROR] LogOutputStream:75 - [STDERR_REDIRECT] 
2026-05-14 14:08:50,279 [ERROR] LogOutputStream:75 - [STDERR_REDIRECT] [Fatal Error] :1:1: Premature end of file.
2026-05-14 14:08:50,279 [ERROR] LogOutputStream:75 - [STDERR_REDIRECT] 
2026-05-14 14:08:51,279 [ERROR] LogOutputStream:75 - [STDERR_REDIRECT] [Fatal Error] :1:1: Premature end of file.
2026-05-14 14:08:51,279 [ERROR] LogOutputStream:75 - [STDERR_REDIRECT] 
2026-05-14 14:08:52,280 [ERROR] LogOutputStream:75 - [STDERR_REDIRECT] [Fatal Error] :1:1: Premature end of file.
2026-05-14 14:08:52,280 [ERROR] LogOutputStream:75 - [STDERR_REDIRECT] 
2026-05-14 14:08:53,281 [ERROR] LogOutputStream:75 - [STDERR_REDIRECT] [Fatal Error] :1:1: Premature end of file.
2026-05-14 14:08:53,281 [ERROR] LogOutputStream:75 - [STDERR_REDIRECT] 
2026-05-14 14:08:54,285 [ERROR] LogOutputStream:75 - [STDERR_REDIRECT] [Fatal Error] :1:1: Premature end of file.
2026-05-14 14:08:54,285 [ERROR] LogOutputStream:75 - [STDERR_REDIRECT] 
2026-05-14 14:08:55,285 [ERROR] LogOutputStream:75 - [STDERR_REDIRECT] [Fatal Error] :1:1: Premature end of file.
2026-05-14 14:08:55,285 [ERROR] LogOutputStream:75 - [STDERR_REDIRECT] 
2026-05-14 14:08:56,272 [ERROR] LogOutputStream:75 - [STDERR_REDIRECT] [Fatal Error] :1:1: Premature end of file.
2026-05-14 14:08:56,272 [ERROR] LogOutputStream:75 - [STDERR_REDIRECT] 
2026-05-14 14:08:57,275 [ERROR] LogOutputStream:75 - [STDERR_REDIRECT] [Fatal Error] :1:1: Premature end of file.
2026-05-14 14:08:57,275 [ERROR] LogOutputStream:75 - [STDERR_REDIRECT] 
2026-05-14 14:08:58,276 [ERROR] LogOutputStream:75 - [STDERR_REDIRECT] [Fatal Error] :1:1: Premature end of file.
2026-05-14 14:08:58,276 [ERROR] LogOutputStream:75 - [STDERR_REDIRECT] 
2026-05-14 14:08:59,280 [ERROR] LogOutputStream:75 - [STDERR_REDIRECT] [Fatal Error] :1:1: Premature end of file.
2026-05-14 14:08:59,280 [ERROR] LogOutputStream:75 - [STDERR_REDIRECT] 
2026-05-14 14:09:00,282 [ERROR] LogOutputStream:75 - [STDERR_REDIRECT] [Fatal Error] :1:1: Premature end of file.
2026-05-14 14:09:00,282 [ERROR] LogOutputStream:75 - [STDERR_REDIRECT] 
2026-05-14 14:09:01,282 [ERROR] LogOutputStream:75 - [STDERR_REDIRECT] [Fatal Error] :1:1: Premature end of file.
2026-05-14 14:09:01,282 [ERROR] LogOutputStream:75 - [STDERR_REDIRECT] 
2026-05-14 14:09:02,284 [ERROR] LogOutputStream:75 - [STDERR_REDIRECT] [Fatal Error] :1:1: Premature end of file.
2026-05-14 14:09:02,284 [ERROR] LogOutputStream:75 - [STDERR_REDIRECT] 
2026-05-14 14:09:03,288 [ERROR] LogOutputStream:75 - [STDERR_REDIRECT] [Fatal Error] :1:1: Premature end of file.
2026-05-14 14:09:03,288 [ERROR] LogOutputStream:75 - [STDERR_REDIRECT] 
2026-05-14 14:09:04,276 [ERROR] LogOutputStream:75 - [STDERR_REDIRECT] [Fatal Error] :1:1: Premature end of file.
2026-05-14 14:09:04,276 [ERROR] LogOutputStream:75 - [STDERR_REDIRECT] 
2026-05-14 14:09:05,277 [ERROR] LogOutputStream:75 - [STDERR_REDIRECT] [Fatal Error] :1:1: Premature end of file.
2026-05-14 14:09:05,277 [ERROR] LogOutputStream:75 - [STDERR_REDIRECT] 
2026-05-14 14:09:06,281 [ERROR] LogOutputStream:75 - [STDERR_REDIRECT] [Fatal Error] :1:1: Premature end of file.
2026-05-14 14:09:06,281 [ERROR] LogOutputStream:75 - [STDERR_REDIRECT] 
2026-05-14 14:09:07,284 [ERROR] LogOutputStream:75 - [STDERR_REDIRECT] [Fatal Error] :1:1: Premature end of file.
2026-05-14 14:09:07,284 [ERROR] LogOutputStream:75 - [STDERR_REDIRECT] 
2026-05-14 14:09:08,287 [ERROR] LogOutputStream:75 - [STDERR_REDIRECT] [Fatal Error] :1:1: Premature end of file.
2026-05-14 14:09:08,287 [ERROR] LogOutputStream:75 - [STDERR_REDIRECT] 
2026-05-14 14:09:09,272 [ERROR] LogOutputStream:75 - [STDERR_REDIRECT] [Fatal Error] :1:1: Premature end of file.
2026-05-14 14:09:09,272 [ERROR] LogOutputStream:75 - [STDERR_REDIRECT] 
2026-05-14 14:09:10,287 [ERROR] LogOutputStream:75 - [STDERR_REDIRECT] [Fatal Error] :1:1: Premature end of file.
2026-05-14 14:09:10,287 [ERROR] LogOutputStream:75 - [STDERR_REDIRECT] 
2026-05-14 14:09:11,273 [ERROR] LogOutputStream:75 - [STDERR_REDIRECT] [Fatal Error] :1:1: Premature end of file.
2026-05-14 14:09:11,273 [ERROR] LogOutputStream:75 - [STDERR_REDIRECT] 
2026-05-14 14:09:12,275 [ERROR] LogOutputStream:75 - [STDERR_REDIRECT] [Fatal Error] :1:1: Premature end of file.
2026-05-14 14:09:12,275 [ERROR] LogOutputStream:75 - [STDERR_REDIRECT] 
2026-05-14 14:09:13,278 [ERROR] LogOutputStream:75 - [STDERR_REDIRECT] [Fatal Error] :1:1: Premature end of file.
2026-05-14 14:09:13,278 [ERROR] LogOutputStream:75 - [STDERR_REDIRECT] 
2026-05-14 14:09:14,279 [ERROR] LogOutputStream:75 - [STDERR_REDIRECT] [Fatal Error] :1:1: Premature end of file.
2026-05-14 14:09:14,279 [ERROR] LogOutputStream:75 - [STDERR_REDIRECT] 
2026-05-14 14:09:15,283 [ERROR] LogOutputStream:75 - [STDERR_REDIRECT] [Fatal Error] :1:1: Premature end of file.
2026-05-14 14:09:15,283 [ERROR] LogOutputStream:75 - [STDERR_REDIRECT] 
2026-05-14 14:09:16,285 [ERROR] LogOutputStream:75 - [STDERR_REDIRECT] [Fatal Error] :1:1: Premature end of file.
2026-05-14 14:09:16,285 [ERROR] LogOutputStream:75 - [STDERR_REDIRECT] 
2026-05-14 14:09:17,287 [ERROR] LogOutputStream:75 - [STDERR_REDIRECT] [Fatal Error] :1:1: Premature end of file.
2026-05-14 14:09:17,287 [ERROR] LogOutputStream:75 - [STDERR_REDIRECT] 
2026-05-14 14:09:18,274 [ERROR] LogOutputStream:75 - [STDERR_REDIRECT] [Fatal Error] :1:1: Premature end of file.
2026-05-14 14:09:18,274 [ERROR] LogOutputStream:75 - [STDERR_REDIRECT] 
2026-05-14 14:09:19,276 [ERROR] LogOutputStream:75 - [STDERR_REDIRECT] [Fatal Error] :1:1: Premature end of file.
2026-05-14 14:09:19,276 [ERROR] LogOutputStream:75 - [STDERR_REDIRECT] 
2026-05-14 14:09:20,275 [ERROR] LogOutputStream:75 - [STDERR_REDIRECT] [Fatal Error] :1:1: Premature end of file.
2026-05-14 14:09:20,275 [ERROR] LogOutputStream:75 - [STDERR_REDIRECT] 
2026-05-14 14:09:21,277 [ERROR] LogOutputStream:75 - [STDERR_REDIRECT] [Fatal Error] :1:1: Premature end of file.
2026-05-14 14:09:21,277 [ERROR] LogOutputStream:75 - [STDERR_REDIRECT] 
2026-05-14 14:09:22,275 [ERROR] LogOutputStream:75 - [STDERR_REDIRECT] [Fatal Error] :1:1: Premature end of file.
2026-05-14 14:09:22,275 [ERROR] LogOutputStream:75 - [STDERR_REDIRECT] 
2026-05-14 14:09:23,277 [ERROR] LogOutputStream:75 - [STDERR_REDIRECT] [Fatal Error] :1:1: Premature end of file.
2026-05-14 14:09:23,277 [ERROR] LogOutputStream:75 - [STDERR_REDIRECT] 
2026-05-14 14:09:24,280 [ERROR] LogOutputStream:75 - [STDERR_REDIRECT] [Fatal Error] :1:1: Premature end of file.
2026-05-14 14:09:24,280 [ERROR] LogOutputStream:75 - [STDERR_REDIRECT] 
2026-05-14 14:09:25,282 [ERROR] LogOutputStream:75 - [STDERR_REDIRECT] [Fatal Error] :1:1: Premature end of file.
2026-05-14 14:09:25,282 [ERROR] LogOutputStream:75 - [STDERR_REDIRECT] 
2026-05-14 14:09:26,286 [ERROR] LogOutputStream:75 - [STDERR_REDIRECT] [Fatal Error] :1:1: Premature end of file.
2026-05-14 14:09:26,286 [ERROR] LogOutputStream:75 - [STDERR_REDIRECT] 
2026-05-14 14:09:27,287 [ERROR] LogOutputStream:75 - [STDERR_REDIRECT] [Fatal Error] :1:1: Premature end of file.
2026-05-14 14:09:27,287 [ERROR] LogOutputStream:75 - [STDERR_REDIRECT] 
2026-05-14 14:09:28,274 [ERROR] LogOutputStream:75 - [STDERR_REDIRECT] [Fatal Error] :1:1: Premature end of file.
2026-05-14 14:09:28,274 [ERROR] LogOutputStream:75 - [STDERR_REDIRECT] 
2026-05-14 14:09:29,276 [ERROR] LogOutputStream:75 - [STDERR_REDIRECT] [Fatal Error] :1:1: Premature end of file.
2026-05-14 14:09:29,276 [ERROR] LogOutputStream:75 - [STDERR_REDIRECT] 
2026-05-14 14:09:30,278 [ERROR] LogOutputStream:75 - [STDERR_REDIRECT] [Fatal Error] :1:1: Premature end of file.
2026-05-14 14:09:30,278 [ERROR] LogOutputStream:75 - [STDERR_REDIRECT] 
2026-05-14 14:09:31,277 [ERROR] LogOutputStream:75 - [STDERR_REDIRECT] [Fatal Error] :1:1: Premature end of file.
2026-05-14 14:09:31,277 [ERROR] LogOutputStream:75 - [STDERR_REDIRECT] 
2026-05-14 14:09:32,280 [ERROR] LogOutputStream:75 - [STDERR_REDIRECT] [Fatal Error] :1:1: Premature end of file.
2026-05-14 14:09:32,280 [ERROR] LogOutputStream:75 - [STDERR_REDIRECT] 
2026-05-14 14:09:33,283 [ERROR] LogOutputStream:75 - [STDERR_REDIRECT] [Fatal Error] :1:1: Premature end of file.
2026-05-14 14:09:33,283 [ERROR] LogOutputStream:75 - [STDERR_REDIRECT] 
2026-05-14 14:09:34,286 [ERROR] LogOutputStream:75 - [STDERR_REDIRECT] [Fatal Error] :1:1: Premature end of file.
2026-05-14 14:09:34,286 [ERROR] LogOutputStream:75 - [STDERR_REDIRECT] 
2026-05-14 14:09:35,273 [ERROR] LogOutputStream:75 - [STDERR_REDIRECT] [Fatal Error] :1:1: Premature end of file.
2026-05-14 14:09:35,273 [ERROR] LogOutputStream:75 - [STDERR_REDIRECT] 
2026-05-14 14:09:36,276 [ERROR] LogOutputStream:75 - [STDERR_REDIRECT] [Fatal Error] :1:1: Premature end of file.
2026-05-14 14:09:36,276 [ERROR] LogOutputStream:75 - [STDERR_REDIRECT] 
2026-05-14 14:09:37,277 [ERROR] LogOutputStream:75 - [STDERR_REDIRECT] [Fatal Error] :1:1: Premature end of file.
2026-05-14 14:09:37,277 [ERROR] LogOutputStream:75 - [STDERR_REDIRECT] 
2026-05-14 14:09:38,277 [ERROR] LogOutputStream:75 - [STDERR_REDIRECT] [Fatal Error] :1:1: Premature end of file.
2026-05-14 14:09:38,277 [ERROR] LogOutputStream:75 - [STDERR_REDIRECT] 
2026-05-14 14:09:39,275 [ERROR] LogOutputStream:75 - [STDERR_REDIRECT] [Fatal Error] :1:1: Premature end of file.
2026-05-14 14:09:39,275 [ERROR] LogOutputStream:75 - [STDERR_REDIRECT] 
2026-05-14 14:09:40,279 [ERROR] LogOutputStream:75 - [STDERR_REDIRECT] [Fatal Error] :1:1: Premature end of file.
2026-05-14 14:09:40,279 [ERROR] LogOutputStream:75 - [STDERR_REDIRECT] 
2026-05-14 14:09:41,282 [ERROR] LogOutputStream:75 - [STDERR_REDIRECT] [Fatal Error] :1:1: Premature end of file.
2026-05-14 14:09:41,282 [ERROR] LogOutputStream:75 - [STDERR_REDIRECT] 
2026-05-14 14:09:42,284 [ERROR] LogOutputStream:75 - [STDERR_REDIRECT] [Fatal Error] :1:1: Premature end of file.
2026-05-14 14:09:42,284 [ERROR] LogOutputStream:75 - [STDERR_REDIRECT] 
2026-05-14 14:09:43,286 [ERROR] LogOutputStream:75 - [STDERR_REDIRECT] [Fatal Error] :1:1: Premature end of file.
2026-05-14 14:09:43,286 [ERROR] LogOutputStream:75 - [STDERR_REDIRECT] 
2026-05-14 14:09:44,274 [ERROR] LogOutputStream:75 - [STDERR_REDIRECT] [Fatal Error] :1:1: Premature end of file.
2026-05-14 14:09:44,274 [ERROR] LogOutputStream:75 - [STDERR_REDIRECT] 
2026-05-14 14:09:45,274 [ERROR] LogOutputStream:75 - [STDERR_REDIRECT] [Fatal Error] :1:1: Premature end of file.
2026-05-14 14:09:45,274 [ERROR] LogOutputStream:75 - [STDERR_REDIRECT] 
2026-05-14 14:09:46,274 [ERROR] LogOutputStream:75 - [STDERR_REDIRECT] [Fatal Error] :1:1: Premature end of file.
2026-05-14 14:09:46,274 [ERROR] LogOutputStream:75 - [STDERR_REDIRECT] 
2026-05-14 14:09:47,277 [ERROR] LogOutputStream:75 - [STDERR_REDIRECT] [Fatal Error] :1:1: Premature end of file.
2026-05-14 14:09:47,277 [ERROR] LogOutputStream:75 - [STDERR_REDIRECT] 
2026-05-14 14:09:48,280 [ERROR] LogOutputStream:75 - [STDERR_REDIRECT] [Fatal Error] :1:1: Premature end of file.
2026-05-14 14:09:48,280 [ERROR] LogOutputStream:75 - [STDERR_REDIRECT] 
2026-05-14 14:09:49,284 [ERROR] LogOutputStream:75 - [STDERR_REDIRECT] [Fatal Error] :1:1: Premature end of file.
2026-05-14 14:09:49,284 [ERROR] LogOutputStream:75 - [STDERR_REDIRECT] 
2026-05-14 14:09:50,286 [ERROR] LogOutputStream:75 - [STDERR_REDIRECT] [Fatal Error] :1:1: Premature end of file.
2026-05-14 14:09:50,286 [ERROR] LogOutputStream:75 - [STDERR_REDIRECT] 
2026-05-14 14:09:51,286 [ERROR] LogOutputStream:75 - [STDERR_REDIRECT] [Fatal Error] :1:1: Premature end of file.
2026-05-14 14:09:51,286 [ERROR] LogOutputStream:75 - [STDERR_REDIRECT] 
2026-05-14 14:09:52,272 [ERROR] LogOutputStream:75 - [STDERR_REDIRECT] [Fatal Error] :1:1: Premature end of file.
2026-05-14 14:09:52,272 [ERROR] LogOutputStream:75 - [STDERR_REDIRECT] 
2026-05-14 14:09:53,275 [ERROR] LogOutputStream:75 - [STDERR_REDIRECT] [Fatal Error] :1:1: Premature end of file.
2026-05-14 14:09:53,275 [ERROR] LogOutputStream:75 - [STDERR_REDIRECT] 
2026-05-14 14:09:54,278 [ERROR] LogOutputStream:75 - [STDERR_REDIRECT] [Fatal Error] :1:1: Premature end of file.
2026-05-14 14:09:54,278 [ERROR] LogOutputStream:75 - [STDERR_REDIRECT] 
2026-05-14 14:09:55,280 [ERROR] LogOutputStream:75 - [STDERR_REDIRECT] [Fatal Error] :1:1: Premature end of file.
2026-05-14 14:09:55,280 [ERROR] LogOutputStream:75 - [STDERR_REDIRECT] 
2026-05-14 14:09:56,281 [ERROR] LogOutputStream:75 - [STDERR_REDIRECT] [Fatal Error] :1:1: Premature end of file.
2026-05-14 14:09:56,281 [ERROR] LogOutputStream:75 - [STDERR_REDIRECT] 
2026-05-14 14:09:57,281 [ERROR] LogOutputStream:75 - [STDERR_REDIRECT] [Fatal Error] :1:1: Premature end of file.
2026-05-14 14:09:57,281 [ERROR] LogOutputStream:75 - [STDERR_REDIRECT] 
2026-05-14 14:09:58,284 [ERROR] LogOutputStream:75 - [STDERR_REDIRECT] [Fatal Error] :1:1: Premature end of file.
2026-05-14 14:09:58,284 [ERROR] LogOutputStream:75 - [STDERR_REDIRECT] 
2026-05-14 14:09:59,285 [ERROR] LogOutputStream:75 - [STDERR_REDIRECT] [Fatal Error] :1:1: Premature end of file.
2026-05-14 14:09:59,285 [ERROR] LogOutputStream:75 - [STDERR_REDIRECT] 
2026-05-14 14:10:00,273 [ERROR] LogOutputStream:75 - [STDERR_REDIRECT] [Fatal Error] :1:1: Premature end of file.
2026-05-14 14:10:00,273 [ERROR] LogOutputStream:75 - [STDERR_REDIRECT] 
2026-05-14 14:10:01,276 [ERROR] LogOutputStream:75 - [STDERR_REDIRECT] [Fatal Error] :1:1: Premature end of file.
2026-05-14 14:10:01,276 [ERROR] LogOutputStream:75 - [STDERR_REDIRECT] 
2026-05-14 14:10:02,278 [ERROR] LogOutputStream:75 - [STDERR_REDIRECT] [Fatal Error] :1:1: Premature end of file.
2026-05-14 14:10:02,278 [ERROR] LogOutputStream:75 - [STDERR_REDIRECT] 
2026-05-14 14:10:03,280 [ERROR] LogOutputStream:75 - [STDERR_REDIRECT] [Fatal Error] :1:1: Premature end of file.
2026-05-14 14:10:03,280 [ERROR] LogOutputStream:75 - [STDERR_REDIRECT] 
2026-05-14 14:10:04,280 [ERROR] LogOutputStream:75 - [STDERR_REDIRECT] [Fatal Error] :1:1: Premature end of file.
2026-05-14 14:10:04,280 [ERROR] LogOutputStream:75 - [STDERR_REDIRECT] 
2026-05-14 14:10:05,284 [ERROR] LogOutputStream:75 - [STDERR_REDIRECT] [Fatal Error] :1:1: Premature end of file.
2026-05-14 14:10:05,284 [ERROR] LogOutputStream:75 - [STDERR_REDIRECT] 
2026-05-14 14:10:06,285 [ERROR] LogOutputStream:75 - [STDERR_REDIRECT] [Fatal Error] :1:1: Premature end of file.
2026-05-14 14:10:06,285 [ERROR] LogOutputStream:75 - [STDERR_REDIRECT] 
2026-05-14 14:10:07,286 [ERROR] LogOutputStream:75 - [STDERR_REDIRECT] [Fatal Error] :1:1: Premature end of file.
2026-05-14 14:10:07,286 [ERROR] LogOutputStream:75 - [STDERR_REDIRECT] 
2026-05-14 14:10:08,287 [ERROR] LogOutputStream:75 - [STDERR_REDIRECT] [Fatal Error] :1:1: Premature end of file.
2026-05-14 14:10:08,287 [ERROR] LogOutputStream:75 - [STDERR_REDIRECT] 
2026-05-14 14:10:09,273 [ERROR] LogOutputStream:75 - [STDERR_REDIRECT] [Fatal Error] :1:1: Premature end of file.
2026-05-14 14:10:09,273 [ERROR] LogOutputStream:75 - [STDERR_REDIRECT] 
2026-05-14 14:10:10,277 [ERROR] LogOutputStream:75 - [STDERR_REDIRECT] [Fatal Error] :1:1: Premature end of file.
2026-05-14 14:10:10,277 [ERROR] LogOutputStream:75 - [STDERR_REDIRECT] 
2026-05-14 14:10:11,278 [ERROR] LogOutputStream:75 - [STDERR_REDIRECT] [Fatal Error] :1:1: Premature end of file.
2026-05-14 14:10:11,278 [ERROR] LogOutputStream:75 - [STDERR_REDIRECT] 
2026-05-14 14:10:12,282 [ERROR] LogOutputStream:75 - [STDERR_REDIRECT] [Fatal Error] :1:1: Premature end of file.
2026-05-14 14:10:12,282 [ERROR] LogOutputStream:75 - [STDERR_REDIRECT] 
2026-05-14 14:10:13,285 [ERROR] LogOutputStream:75 - [STDERR_REDIRECT] [Fatal Error] :1:1: Premature end of file.
2026-05-14 14:10:13,285 [ERROR] LogOutputStream:75 - [STDERR_REDIRECT] 
2026-05-14 14:10:14,272 [ERROR] LogOutputStream:75 - [STDERR_REDIRECT] [Fatal Error] :1:1: Premature end of file.
2026-05-14 14:10:14,272 [ERROR] LogOutputStream:75 - [STDERR_REDIRECT] 
2026-05-14 14:10:15,274 [ERROR] LogOutputStream:75 - [STDERR_REDIRECT] [Fatal Error] :1:1: Premature end of file.
2026-05-14 14:10:15,274 [ERROR] LogOutputStream:75 - [STDERR_REDIRECT] 
2026-05-14 14:10:16,275 [ERROR] LogOutputStream:75 - [STDERR_REDIRECT] [Fatal Error] :1:1: Premature end of file.
2026-05-14 14:10:16,275 [ERROR] LogOutputStream:75 - [STDERR_REDIRECT] 
2026-05-14 14:10:17,279 [ERROR] LogOutputStream:75 - [STDERR_REDIRECT] [Fatal Error] :1:1: Premature end of file.
2026-05-14 14:10:17,279 [ERROR] LogOutputStream:75 - [STDERR_REDIRECT] 
2026-05-14 14:10:18,281 [ERROR] LogOutputStream:75 - [STDERR_REDIRECT] [Fatal Error] :1:1: Premature end of file.
2026-05-14 14:10:18,281 [ERROR] LogOutputStream:75 - [STDERR_REDIRECT] 
2026-05-14 14:10:19,282 [ERROR] LogOutputStream:75 - [STDERR_REDIRECT] [Fatal Error] :1:1: Premature end of file.
2026-05-14 14:10:19,282 [ERROR] LogOutputStream:75 - [STDERR_REDIRECT] 
2026-05-14 14:10:20,284 [ERROR] LogOutputStream:75 - [STDERR_REDIRECT] [Fatal Error] :1:1: Premature end of file.
2026-05-14 14:10:20,284 [ERROR] LogOutputStream:75 - [STDERR_REDIRECT] 
2026-05-14 14:10:21,285 [ERROR] LogOutputStream:75 - [STDERR_REDIRECT] [Fatal Error] :1:1: Premature end of file.
2026-05-14 14:10:21,285 [ERROR] LogOutputStream:75 - [STDERR_REDIRECT] 
2026-05-14 14:10:22,285 [ERROR] LogOutputStream:75 - [STDERR_REDIRECT] [Fatal Error] :1:1: Premature end of file.
2026-05-14 14:10:22,285 [ERROR] LogOutputStream:75 - [STDERR_REDIRECT] 
2026-05-14 14:10:23,272 [ERROR] LogOutputStream:75 - [STDERR_REDIRECT] [Fatal Error] :1:1: Premature end of file.
2026-05-14 14:10:23,272 [ERROR] LogOutputStream:75 - [STDERR_REDIRECT] 
2026-05-14 14:10:24,277 [ERROR] LogOutputStream:75 - [STDERR_REDIRECT] [Fatal Error] :1:1: Premature end of file.
2026-05-14 14:10:24,277 [ERROR] LogOutputStream:75 - [STDERR_REDIRECT] 
2026-05-14 14:10:25,278 [ERROR] LogOutputStream:75 - [STDERR_REDIRECT] [Fatal Error] :1:1: Premature end of file.
2026-05-14 14:10:25,278 [ERROR] LogOutputStream:75 - [STDERR_REDIRECT] 
2026-05-14 14:10:26,280 [ERROR] LogOutputStream:75 - [STDERR_REDIRECT] [Fatal Error] :1:1: Premature end of file.
2026-05-14 14:10:26,280 [ERROR] LogOutputStream:75 - [STDERR_REDIRECT] 
2026-05-14 14:10:27,283 [ERROR] LogOutputStream:75 - [STDERR_REDIRECT] [Fatal Error] :1:1: Premature end of file.
2026-05-14 14:10:27,283 [ERROR] LogOutputStream:75 - [STDERR_REDIRECT] 
2026-05-14 14:10:28,286 [ERROR] LogOutputStream:75 - [STDERR_REDIRECT] [Fatal Error] :1:1: Premature end of file.
2026-05-14 14:10:28,286 [ERROR] LogOutputStream:75 - [STDERR_REDIRECT] 
2026-05-14 14:10:29,274 [ERROR] LogOutputStream:75 - [STDERR_REDIRECT] [Fatal Error] :1:1: Premature end of file.
2026-05-14 14:10:29,274 [ERROR] LogOutputStream:75 - [STDERR_REDIRECT] 
2026-05-14 14:10:30,277 [ERROR] LogOutputStream:75 - [STDERR_REDIRECT] [Fatal Error] :1:1: Premature end of file.
2026-05-14 14:10:30,277 [ERROR] LogOutputStream:75 - [STDERR_REDIRECT] 
2026-05-14 14:10:31,278 [ERROR] LogOutputStream:75 - [STDERR_REDIRECT] [Fatal Error] :1:1: Premature end of file.
2026-05-14 14:10:31,278 [ERROR] LogOutputStream:75 - [STDERR_REDIRECT] 
2026-05-14 14:10:32,281 [ERROR] LogOutputStream:75 - [STDERR_REDIRECT] [Fatal Error] :1:1: Premature end of file.
2026-05-14 14:10:32,281 [ERROR] LogOutputStream:75 - [STDERR_REDIRECT] 
2026-05-14 14:10:33,281 [ERROR] LogOutputStream:75 - [STDERR_REDIRECT] [Fatal Error] :1:1: Premature end of file.
2026-05-14 14:10:33,281 [ERROR] LogOutputStream:75 - [STDERR_REDIRECT] 
2026-05-14 14:10:34,282 [ERROR] LogOutputStream:75 - [STDERR_REDIRECT] [Fatal Error] :1:1: Premature end of file.
2026-05-14 14:10:34,282 [ERROR] LogOutputStream:75 - [STDERR_REDIRECT] 
2026-05-14 14:10:35,283 [ERROR] LogOutputStream:75 - [STDERR_REDIRECT] [Fatal Error] :1:1: Premature end of file.
2026-05-14 14:10:35,283 [ERROR] LogOutputStream:75 - [STDERR_REDIRECT] 
2026-05-14 14:10:36,285 [ERROR] LogOutputStream:75 - [STDERR_REDIRECT] [Fatal Error] :1:1: Premature end of file.
2026-05-14 14:10:36,285 [ERROR] LogOutputStream:75 - [STDERR_REDIRECT] 
2026-05-14 14:10:37,286 [ERROR] LogOutputStream:75 - [STDERR_REDIRECT] [Fatal Error] :1:1: Premature end of file.
2026-05-14 14:10:37,286 [ERROR] LogOutputStream:75 - [STDERR_REDIRECT] 
2026-05-14 14:10:38,271 [ERROR] LogOutputStream:75 - [STDERR_REDIRECT] [Fatal Error] :1:1: Premature end of file.
2026-05-14 14:10:38,271 [ERROR] LogOutputStream:75 - [STDERR_REDIRECT] 
2026-05-14 14:10:39,273 [ERROR] LogOutputStream:75 - [STDERR_REDIRECT] [Fatal Error] :1:1: Premature end of file.
2026-05-14 14:10:39,273 [ERROR] LogOutputStream:75 - [STDERR_REDIRECT] 
2026-05-14 14:10:40,275 [ERROR] LogOutputStream:75 - [STDERR_REDIRECT] [Fatal Error] :1:1: Premature end of file.
2026-05-14 14:10:40,275 [ERROR] LogOutputStream:75 - [STDERR_REDIRECT] 
2026-05-14 14:10:41,275 [ERROR] LogOutputStream:75 - [STDERR_REDIRECT] [Fatal Error] :1:1: Premature end of file.
2026-05-14 14:10:41,275 [ERROR] LogOutputStream:75 - [STDERR_REDIRECT] 
2026-05-14 14:10:42,277 [ERROR] LogOutputStream:75 - [STDERR_REDIRECT] [Fatal Error] :1:1: Premature end of file.
2026-05-14 14:10:42,277 [ERROR] LogOutputStream:75 - [STDERR_REDIRECT] 
2026-05-14 14:10:43,279 [ERROR] LogOutputStream:75 - [STDERR_REDIRECT] [Fatal Error] :1:1: Premature end of file.
2026-05-14 14:10:43,279 [ERROR] LogOutputStream:75 - [STDERR_REDIRECT] 
2026-05-14 14:10:44,275 [ERROR] LogOutputStream:75 - [STDERR_REDIRECT] [Fatal Error] :1:1: Premature end of file.
2026-05-14 14:10:44,275 [ERROR] LogOutputStream:75 - [STDERR_REDIRECT] 
2026-05-14 14:10:45,277 [ERROR] LogOutputStream:75 - [STDERR_REDIRECT] [Fatal Error] :1:1: Premature end of file.
2026-05-14 14:10:45,277 [ERROR] LogOutputStream:75 - [STDERR_REDIRECT] 
2026-05-14 14:10:46,276 [ERROR] LogOutputStream:75 - [STDERR_REDIRECT] [Fatal Error] :1:1: Premature end of file.
2026-05-14 14:10:46,276 [ERROR] LogOutputStream:75 - [STDERR_REDIRECT] 
2026-05-14 14:10:47,278 [ERROR] LogOutputStream:75 - [STDERR_REDIRECT] [Fatal Error] :1:1: Premature end of file.
2026-05-14 14:10:47,278 [ERROR] LogOutputStream:75 - [STDERR_REDIRECT] 
2026-05-14 14:10:48,281 [ERROR] LogOutputStream:75 - [STDERR_REDIRECT] [Fatal Error] :1:1: Premature end of file.
2026-05-14 14:10:48,281 [ERROR] LogOutputStream:75 - [STDERR_REDIRECT] 
2026-05-14 14:10:49,282 [ERROR] LogOutputStream:75 - [STDERR_REDIRECT] [Fatal Error] :1:1: Premature end of file.
2026-05-14 14:10:49,282 [ERROR] LogOutputStream:75 - [STDERR_REDIRECT] 
2026-05-14 14:10:50,285 [ERROR] LogOutputStream:75 - [STDERR_REDIRECT] [Fatal Error] :1:1: Premature end of file.
2026-05-14 14:10:50,285 [ERROR] LogOutputStream:75 - [STDERR_REDIRECT] 
2026-05-14 14:10:51,286 [ERROR] LogOutputStream:75 - [STDERR_REDIRECT] [Fatal Error] :1:1: Premature end of file.
2026-05-14 14:10:51,286 [ERROR] LogOutputStream:75 - [STDERR_REDIRECT] 
2026-05-14 14:10:52,286 [ERROR] LogOutputStream:75 - [STDERR_REDIRECT] [Fatal Error] :1:1: Premature end of file.
2026-05-14 14:10:52,286 [ERROR] LogOutputStream:75 - [STDERR_REDIRECT] 
2026-05-14 14:10:53,272 [ERROR] LogOutputStream:75 - [STDERR_REDIRECT] [Fatal Error] :1:1: Premature end of file.
2026-05-14 14:10:53,272 [ERROR] LogOutputStream:75 - [STDERR_REDIRECT] 
2026-05-14 14:10:54,275 [ERROR] LogOutputStream:75 - [STDERR_REDIRECT] [Fatal Error] :1:1: Premature end of file.
2026-05-14 14:10:54,275 [ERROR] LogOutputStream:75 - [STDERR_REDIRECT] 
2026-05-14 14:10:55,278 [ERROR] LogOutputStream:75 - [STDERR_REDIRECT] [Fatal Error] :1:1: Premature end of file.
2026-05-14 14:10:55,278 [ERROR] LogOutputStream:75 - [STDERR_REDIRECT] 
2026-05-14 14:10:56,279 [ERROR] LogOutputStream:75 - [STDERR_REDIRECT] [Fatal Error] :1:1: Premature end of file.
2026-05-14 14:10:56,279 [ERROR] LogOutputStream:75 - [STDERR_REDIRECT] 
2026-05-14 14:10:57,282 [ERROR] LogOutputStream:75 - [STDERR_REDIRECT] [Fatal Error] :1:1: Premature end of file.
2026-05-14 14:10:57,282 [ERROR] LogOutputStream:75 - [STDERR_REDIRECT] 
2026-05-14 14:10:58,286 [ERROR] LogOutputStream:75 - [STDERR_REDIRECT] [Fatal Error] :1:1: Premature end of file.
2026-05-14 14:10:58,286 [ERROR] LogOutputStream:75 - [STDERR_REDIRECT] 
2026-05-14 14:10:59,287 [ERROR] LogOutputStream:75 - [STDERR_REDIRECT] [Fatal Error] :1:1: Premature end of file.
2026-05-14 14:10:59,287 [ERROR] LogOutputStream:75 - [STDERR_REDIRECT] 
2026-05-14 14:11:00,274 [ERROR] LogOutputStream:75 - [STDERR_REDIRECT] [Fatal Error] :1:1: Premature end of file.
2026-05-14 14:11:00,274 [ERROR] LogOutputStream:75 - [STDERR_REDIRECT] 
2026-05-14 14:11:01,278 [ERROR] LogOutputStream:75 - [STDERR_REDIRECT] [Fatal Error] :1:1: Premature end of file.
2026-05-14 14:11:01,278 [ERROR] LogOutputStream:75 - [STDERR_REDIRECT] 
2026-05-14 14:11:02,280 [ERROR] LogOutputStream:75 - [STDERR_REDIRECT] [Fatal Error] :1:1: Premature end of file.
2026-05-14 14:11:02,280 [ERROR] LogOutputStream:75 - [STDERR_REDIRECT] 
2026-05-14 14:11:03,283 [ERROR] LogOutputStream:75 - [STDERR_REDIRECT] [Fatal Error] :1:1: Premature end of file.
2026-05-14 14:11:03,283 [ERROR] LogOutputStream:75 - [STDERR_REDIRECT] 
2026-05-14 14:11:04,284 [ERROR] LogOutputStream:75 - [STDERR_REDIRECT] [Fatal Error] :1:1: Premature end of file.
2026-05-14 14:11:04,284 [ERROR] LogOutputStream:75 - [STDERR_REDIRECT] 
2026-05-14 14:11:05,285 [ERROR] LogOutputStream:75 - [STDERR_REDIRECT] [Fatal Error] :1:1: Premature end of file.
2026-05-14 14:11:05,285 [ERROR] LogOutputStream:75 - [STDERR_REDIRECT] 
2026-05-14 14:11:06,287 [ERROR] LogOutputStream:75 - [STDERR_REDIRECT] [Fatal Error] :1:1: Premature end of file.
2026-05-14 14:11:06,287 [ERROR] LogOutputStream:75 - [STDERR_REDIRECT] 
2026-05-14 14:11:07,274 [ERROR] LogOutputStream:75 - [STDERR_REDIRECT] [Fatal Error] :1:1: Premature end of file.
2026-05-14 14:11:07,274 [ERROR] LogOutputStream:75 - [STDERR_REDIRECT] 
2026-05-14 14:11:08,277 [ERROR] LogOutputStream:75 - [STDERR_REDIRECT] [Fatal Error] :1:1: Premature end of file.
2026-05-14 14:11:08,277 [ERROR] LogOutputStream:75 - [STDERR_REDIRECT] 
2026-05-14 14:11:09,277 [ERROR] LogOutputStream:75 - [STDERR_REDIRECT] [Fatal Error] :1:1: Premature end of file.
2026-05-14 14:11:09,277 [ERROR] LogOutputStream:75 - [STDERR_REDIRECT] 
2026-05-14 14:11:10,279 [ERROR] LogOutputStream:75 - [STDERR_REDIRECT] [Fatal Error] :1:1: Premature end of file.
2026-05-14 14:11:10,279 [ERROR] LogOutputStream:75 - [STDERR_REDIRECT] 
2026-05-14 14:11:11,282 [ERROR] LogOutputStream:75 - [STDERR_REDIRECT] [Fatal Error] :1:1: Premature end of file.
2026-05-14 14:11:11,282 [ERROR] LogOutputStream:75 - [STDERR_REDIRECT] 
2026-05-14 14:11:12,285 [ERROR] LogOutputStream:75 - [STDERR_REDIRECT] [Fatal Error] :1:1: Premature end of file.
2026-05-14 14:11:12,285 [ERROR] LogOutputStream:75 - [STDERR_REDIRECT] 
2026-05-14 14:11:13,287 [ERROR] LogOutputStream:75 - [STDERR_REDIRECT] [Fatal Error] :1:1: Premature end of file.
2026-05-14 14:11:13,287 [ERROR] LogOutputStream:75 - [STDERR_REDIRECT] 
2026-05-14 14:11:14,276 [ERROR] LogOutputStream:75 - [STDERR_REDIRECT] [Fatal Error] :1:1: Premature end of file.
2026-05-14 14:11:14,276 [ERROR] LogOutputStream:75 - [STDERR_REDIRECT] 
2026-05-14 14:11:15,278 [ERROR] LogOutputStream:75 - [STDERR_REDIRECT] [Fatal Error] :1:1: Premature end of file.
2026-05-14 14:11:15,278 [ERROR] LogOutputStream:75 - [STDERR_REDIRECT] 
2026-05-14 14:11:16,276 [ERROR] LogOutputStream:75 - [STDERR_REDIRECT] [Fatal Error] :1:1: Premature end of file.
2026-05-14 14:11:16,276 [ERROR] LogOutputStream:75 - [STDERR_REDIRECT] 
2026-05-14 14:11:17,275 [ERROR] LogOutputStream:75 - [STDERR_REDIRECT] [Fatal Error] :1:1: Premature end of file.
2026-05-14 14:11:17,275 [ERROR] LogOutputStream:75 - [STDERR_REDIRECT] 
2026-05-14 14:11:18,272 [ERROR] LogOutputStream:75 - [STDERR_REDIRECT] [Fatal Error] :1:1: Premature end of file.
2026-05-14 14:11:18,272 [ERROR] LogOutputStream:75 - [STDERR_REDIRECT] 
2026-05-14 14:11:19,272 [ERROR] LogOutputStream:75 - [STDERR_REDIRECT] [Fatal Error] :1:1: Premature end of file.
2026-05-14 14:11:19,272 [ERROR] LogOutputStream:75 - [STDERR_REDIRECT] 
2026-05-14 14:11:20,288 [ERROR] LogOutputStream:75 - [STDERR_REDIRECT] [Fatal Error] :1:1: Premature end of file.
2026-05-14 14:11:20,288 [ERROR] LogOutputStream:75 - [STDERR_REDIRECT] 
2026-05-14 14:11:21,286 [ERROR] LogOutputStream:75 - [STDERR_REDIRECT] [Fatal Error] :1:1: Premature end of file.
2026-05-14 14:11:21,286 [ERROR] LogOutputStream:75 - [STDERR_REDIRECT] 
2026-05-14 14:11:22,285 [ERROR] LogOutputStream:75 - [STDERR_REDIRECT] [Fatal Error] :1:1: Premature end of file.
2026-05-14 14:11:22,285 [ERROR] LogOutputStream:75 - [STDERR_REDIRECT] 
2026-05-14 14:11:23,283 [ERROR] LogOutputStream:75 - [STDERR_REDIRECT] [Fatal Error] :1:1: Premature end of file.
2026-05-14 14:11:23,283 [ERROR] LogOutputStream:75 - [STDERR_REDIRECT] 
2026-05-14 14:11:24,281 [ERROR] LogOutputStream:75 - [STDERR_REDIRECT] [Fatal Error] :1:1: Premature end of file.
2026-05-14 14:11:24,281 [ERROR] LogOutputStream:75 - [STDERR_REDIRECT] 
2026-05-14 14:11:25,278 [ERROR] LogOutputStream:75 - [STDERR_REDIRECT] [Fatal Error] :1:1: Premature end of file.
2026-05-14 14:11:25,278 [ERROR] LogOutputStream:75 - [STDERR_REDIRECT] 
2026-05-14 14:11:26,276 [ERROR] LogOutputStream:75 - [STDERR_REDIRECT] [Fatal Error] :1:1: Premature end of file.
2026-05-14 14:11:26,276 [ERROR] LogOutputStream:75 - [STDERR_REDIRECT] 
2026-05-14 14:11:27,272 [ERROR] LogOutputStream:75 - [STDERR_REDIRECT] [Fatal Error] :1:1: Premature end of file.
2026-05-14 14:11:27,272 [ERROR] LogOutputStream:75 - [STDERR_REDIRECT] 
2026-05-14 14:11:28,286 [ERROR] LogOutputStream:75 - [STDERR_REDIRECT] [Fatal Error] :1:1: Premature end of file.
2026-05-14 14:11:28,286 [ERROR] LogOutputStream:75 - [STDERR_REDIRECT] 
2026-05-14 14:11:29,288 [ERROR] LogOutputStream:75 - [STDERR_REDIRECT] [Fatal Error] :1:1: Premature end of file.
2026-05-14 14:11:29,288 [ERROR] LogOutputStream:75 - [STDERR_REDIRECT] 
2026-05-14 14:11:30,275 [ERROR] LogOutputStream:75 - [STDERR_REDIRECT] [Fatal Error] :1:1: Premature end of file.
2026-05-14 14:11:30,275 [ERROR] LogOutputStream:75 - [STDERR_REDIRECT] 
2026-05-14 14:11:31,277 [ERROR] LogOutputStream:75 - [STDERR_REDIRECT] [Fatal Error] :1:1: Premature end of file.
2026-05-14 14:11:31,277 [ERROR] LogOutputStream:75 - [STDERR_REDIRECT] 
2026-05-14 14:11:32,276 [ERROR] LogOutputStream:75 - [STDERR_REDIRECT] [Fatal Error] :1:1: Premature end of file.
2026-05-14 14:11:32,276 [ERROR] LogOutputStream:75 - [STDERR_REDIRECT] 
2026-05-14 14:11:33,278 [ERROR] LogOutputStream:75 - [STDERR_REDIRECT] [Fatal Error] :1:1: Premature end of file.
2026-05-14 14:11:33,278 [ERROR] LogOutputStream:75 - [STDERR_REDIRECT] 
2026-05-14 14:11:34,282 [ERROR] LogOutputStream:75 - [STDERR_REDIRECT] [Fatal Error] :1:1: Premature end of file.
2026-05-14 14:11:34,282 [ERROR] LogOutputStream:75 - [STDERR_REDIRECT] 
2026-05-14 14:11:35,285 [ERROR] LogOutputStream:75 - [STDERR_REDIRECT] [Fatal Error] :1:1: Premature end of file.
2026-05-14 14:11:35,285 [ERROR] LogOutputStream:75 - [STDERR_REDIRECT] 
2026-05-14 14:11:36,286 [ERROR] LogOutputStream:75 - [STDERR_REDIRECT] [Fatal Error] :1:1: Premature end of file.
2026-05-14 14:11:36,286 [ERROR] LogOutputStream:75 - [STDERR_REDIRECT] 
2026-05-14 14:11:37,288 [ERROR] LogOutputStream:75 - [STDERR_REDIRECT] [Fatal Error] :1:1: Premature end of file.
2026-05-14 14:11:37,288 [ERROR] LogOutputStream:75 - [STDERR_REDIRECT] 
2026-05-14 14:11:38,273 [ERROR] LogOutputStream:75 - [STDERR_REDIRECT] [Fatal Error] :1:1: Premature end of file.
2026-05-14 14:11:38,273 [ERROR] LogOutputStream:75 - [STDERR_REDIRECT] 
2026-05-14 14:11:39,276 [ERROR] LogOutputStream:75 - [STDERR_REDIRECT] [Fatal Error] :1:1: Premature end of file.
2026-05-14 14:11:39,276 [ERROR] LogOutputStream:75 - [STDERR_REDIRECT] 
2026-05-14 14:11:40,276 [ERROR] LogOutputStream:75 - [STDERR_REDIRECT] [Fatal Error] :1:1: Premature end of file.
2026-05-14 14:11:40,276 [ERROR] LogOutputStream:75 - [STDERR_REDIRECT] 
2026-05-14 14:11:41,277 [ERROR] LogOutputStream:75 - [STDERR_REDIRECT] [Fatal Error] :1:1: Premature end of file.
2026-05-14 14:11:41,277 [ERROR] LogOutputStream:75 - [STDERR_REDIRECT] 
2026-05-14 14:11:42,277 [ERROR] LogOutputStream:75 - [STDERR_REDIRECT] [Fatal Error] :1:1: Premature end of file.
2026-05-14 14:11:42,277 [ERROR] LogOutputStream:75 - [STDERR_REDIRECT] 
2026-05-14 14:11:43,279 [ERROR] LogOutputStream:75 - [STDERR_REDIRECT] [Fatal Error] :1:1: Premature end of file.
2026-05-14 14:11:43,279 [ERROR] LogOutputStream:75 - [STDERR_REDIRECT] 
2026-05-14 14:11:44,279 [ERROR] LogOutputStream:75 - [STDERR_REDIRECT] [Fatal Error] :1:1: Premature end of file.
2026-05-14 14:11:44,279 [ERROR] LogOutputStream:75 - [STDERR_REDIRECT] 
2026-05-14 14:11:45,279 [ERROR] LogOutputStream:75 - [STDERR_REDIRECT] [Fatal Error] :1:1: Premature end of file.
2026-05-14 14:11:45,279 [ERROR] LogOutputStream:75 - [STDERR_REDIRECT] 
2026-05-14 14:11:46,275 [ERROR] LogOutputStream:75 - [STDERR_REDIRECT] [Fatal Error] :1:1: Premature end of file.
2026-05-14 14:11:46,275 [ERROR] LogOutputStream:75 - [STDERR_REDIRECT] 
2026-05-14 14:11:47,273 [ERROR] LogOutputStream:75 - [STDERR_REDIRECT] [Fatal Error] :1:1: Premature end of file.
2026-05-14 14:11:47,273 [ERROR] LogOutputStream:75 - [STDERR_REDIRECT] 
2026-05-14 14:11:48,284 [ERROR] LogOutputStream:75 - [STDERR_REDIRECT] [Fatal Error] :1:1: Premature end of file.
2026-05-14 14:11:48,284 [ERROR] LogOutputStream:75 - [STDERR_REDIRECT] 
2026-05-14 14:11:49,281 [ERROR] LogOutputStream:75 - [STDERR_REDIRECT] [Fatal Error] :1:1: Premature end of file.
2026-05-14 14:11:49,281 [ERROR] LogOutputStream:75 - [STDERR_REDIRECT] 
2026-05-14 14:11:50,276 [ERROR] LogOutputStream:75 - [STDERR_REDIRECT] [Fatal Error] :1:1: Premature end of file.
2026-05-14 14:11:50,276 [ERROR] LogOutputStream:75 - [STDERR_REDIRECT] 
2026-05-14 14:11:51,286 [ERROR] LogOutputStream:75 - [STDERR_REDIRECT] [Fatal Error] :1:1: Premature end of file.
2026-05-14 14:11:51,286 [ERROR] LogOutputStream:75 - [STDERR_REDIRECT] 
2026-05-14 14:11:52,280 [ERROR] LogOutputStream:75 - [STDERR_REDIRECT] [Fatal Error] :1:1: Premature end of file.
2026-05-14 14:11:52,280 [ERROR] LogOutputStream:75 - [STDERR_REDIRECT] 
2026-05-14 14:11:53,275 [ERROR] LogOutputStream:75 - [STDERR_REDIRECT] [Fatal Error] :1:1: Premature end of file.
2026-05-14 14:11:53,275 [ERROR] LogOutputStream:75 - [STDERR_REDIRECT] 
2026-05-14 14:11:54,287 [ERROR] LogOutputStream:75 - [STDERR_REDIRECT] [Fatal Error] :1:1: Premature end of file.
2026-05-14 14:11:54,287 [ERROR] LogOutputStream:75 - [STDERR_REDIRECT] 
2026-05-14 14:11:55,283 [ERROR] LogOutputStream:75 - [STDERR_REDIRECT] [Fatal Error] :1:1: Premature end of file.
2026-05-14 14:11:55,283 [ERROR] LogOutputStream:75 - [STDERR_REDIRECT] 
2026-05-14 14:11:56,279 [ERROR] LogOutputStream:75 - [STDERR_REDIRECT] [Fatal Error] :1:1: Premature end of file.
2026-05-14 14:11:56,279 [ERROR] LogOutputStream:75 - [STDERR_REDIRECT] 
2026-05-14 14:11:57,277 [ERROR] LogOutputStream:75 - [STDERR_REDIRECT] [Fatal Error] :1:1: Premature end of file.
2026-05-14 14:11:57,277 [ERROR] LogOutputStream:75 - [STDERR_REDIRECT] 
2026-05-14 14:11:58,277 [ERROR] LogOutputStream:75 - [STDERR_REDIRECT] [Fatal Error] :1:1: Premature end of file.
2026-05-14 14:11:58,277 [ERROR] LogOutputStream:75 - [STDERR_REDIRECT] 
2026-05-14 14:11:59,259 [ERROR] LogOutputStream:75 - [STDERR_REDIRECT] [Fatal Error] :1:1: Premature end of file.
2026-05-14 14:11:59,275 [ERROR] LogOutputStream:75 - [STDERR_REDIRECT] 
2026-05-14 14:12:00,273 [ERROR] LogOutputStream:75 - [STDERR_REDIRECT] [Fatal Error] :1:1: Premature end of file.
2026-05-14 14:12:00,273 [ERROR] LogOutputStream:75 - [STDERR_REDIRECT] 
2026-05-14 14:12:01,286 [ERROR] LogOutputStream:75 - [STDERR_REDIRECT] [Fatal Error] :1:1: Premature end of file.
2026-05-14 14:12:01,286 [ERROR] LogOutputStream:75 - [STDERR_REDIRECT] 
2026-05-14 14:12:02,273 [ERROR] LogOutputStream:75 - [STDERR_REDIRECT] [Fatal Error] :1:1: Premature end of file.
2026-05-14 14:12:02,273 [ERROR] LogOutputStream:75 - [STDERR_REDIRECT] 
2026-05-14 14:12:03,275 [ERROR] LogOutputStream:75 - [STDERR_REDIRECT] [Fatal Error] :1:1: Premature end of file.
2026-05-14 14:12:03,275 [ERROR] LogOutputStream:75 - [STDERR_REDIRECT] 
2026-05-14 14:12:04,278 [ERROR] LogOutputStream:75 - [STDERR_REDIRECT] [Fatal Error] :1:1: Premature end of file.
2026-05-14 14:12:04,278 [ERROR] LogOutputStream:75 - [STDERR_REDIRECT] 
2026-05-14 14:12:05,277 [ERROR] LogOutputStream:75 - [STDERR_REDIRECT] [Fatal Error] :1:1: Premature end of file.
2026-05-14 14:12:05,277 [ERROR] LogOutputStream:75 - [STDERR_REDIRECT] 
2026-05-14 14:12:06,278 [ERROR] LogOutputStream:75 - [STDERR_REDIRECT] [Fatal Error] :1:1: Premature end of file.
2026-05-14 14:12:06,278 [ERROR] LogOutputStream:75 - [STDERR_REDIRECT] 
2026-05-14 14:12:07,280 [ERROR] LogOutputStream:75 - [STDERR_REDIRECT] [Fatal Error] :1:1: Premature end of file.
2026-05-14 14:12:07,280 [ERROR] LogOutputStream:75 - [STDERR_REDIRECT] 
2026-05-14 14:12:08,276 [ERROR] LogOutputStream:75 - [STDERR_REDIRECT] [Fatal Error] :1:1: Premature end of file.
2026-05-14 14:12:08,276 [ERROR] LogOutputStream:75 - [STDERR_REDIRECT] 
2026-05-14 14:12:09,275 [ERROR] LogOutputStream:75 - [STDERR_REDIRECT] [Fatal Error] :1:1: Premature end of file.
2026-05-14 14:12:09,275 [ERROR] LogOutputStream:75 - [STDERR_REDIRECT] 
2026-05-14 14:12:10,276 [ERROR] LogOutputStream:75 - [STDERR_REDIRECT] [Fatal Error] :1:1: Premature end of file.
2026-05-14 14:12:10,276 [ERROR] LogOutputStream:75 - [STDERR_REDIRECT] 
2026-05-14 14:12:11,276 [ERROR] LogOutputStream:75 - [STDERR_REDIRECT] [Fatal Error] :1:1: Premature end of file.
2026-05-14 14:12:11,276 [ERROR] LogOutputStream:75 - [STDERR_REDIRECT] 
2026-05-14 14:12:12,279 [ERROR] LogOutputStream:75 - [STDERR_REDIRECT] [Fatal Error] :1:1: Premature end of file.
2026-05-14 14:12:12,279 [ERROR] LogOutputStream:75 - [STDERR_REDIRECT] 
2026-05-14 14:12:13,281 [ERROR] LogOutputStream:75 - [STDERR_REDIRECT] [Fatal Error] :1:1: Premature end of file.
2026-05-14 14:12:13,281 [ERROR] LogOutputStream:75 - [STDERR_REDIRECT] 
2026-05-14 14:12:14,283 [ERROR] LogOutputStream:75 - [STDERR_REDIRECT] [Fatal Error] :1:1: Premature end of file.
2026-05-14 14:12:14,283 [ERROR] LogOutputStream:75 - [STDERR_REDIRECT] 
2026-05-14 14:12:15,284 [ERROR] LogOutputStream:75 - [STDERR_REDIRECT] [Fatal Error] :1:1: Premature end of file.
2026-05-14 14:12:15,284 [ERROR] LogOutputStream:75 - [STDERR_REDIRECT] 
2026-05-14 14:12:16,285 [ERROR] LogOutputStream:75 - [STDERR_REDIRECT] [Fatal Error] :1:1: Premature end of file.
2026-05-14 14:12:16,285 [ERROR] LogOutputStream:75 - [STDERR_REDIRECT] 
2026-05-14 14:12:17,288 [ERROR] LogOutputStream:75 - [STDERR_REDIRECT] [Fatal Error] :1:1: Premature end of file.
2026-05-14 14:12:17,288 [ERROR] LogOutputStream:75 - [STDERR_REDIRECT] 
2026-05-14 14:12:18,274 [ERROR] LogOutputStream:75 - [STDERR_REDIRECT] [Fatal Error] :1:1: Premature end of file.
2026-05-14 14:12:18,274 [ERROR] LogOutputStream:75 - [STDERR_REDIRECT] 
2026-05-14 14:12:19,276 [ERROR] LogOutputStream:75 - [STDERR_REDIRECT] [Fatal Error] :1:1: Premature end of file.
2026-05-14 14:12:19,276 [ERROR] LogOutputStream:75 - [STDERR_REDIRECT] 
2026-05-14 14:12:20,277 [ERROR] LogOutputStream:75 - [STDERR_REDIRECT] [Fatal Error] :1:1: Premature end of file.
2026-05-14 14:12:20,277 [ERROR] LogOutputStream:75 - [STDERR_REDIRECT] 
2026-05-14 14:12:21,281 [ERROR] LogOutputStream:75 - [STDERR_REDIRECT] [Fatal Error] :1:1: Premature end of file.
2026-05-14 14:12:21,281 [ERROR] LogOutputStream:75 - [STDERR_REDIRECT] 
2026-05-14 14:12:22,283 [ERROR] LogOutputStream:75 - [STDERR_REDIRECT] [Fatal Error] :1:1: Premature end of file.
2026-05-14 14:12:22,283 [ERROR] LogOutputStream:75 - [STDERR_REDIRECT] 
2026-05-14 14:12:23,285 [ERROR] LogOutputStream:75 - [STDERR_REDIRECT] [Fatal Error] :1:1: Premature end of file.
2026-05-14 14:12:23,285 [ERROR] LogOutputStream:75 - [STDERR_REDIRECT] 
2026-05-14 14:12:24,272 [ERROR] LogOutputStream:75 - [STDERR_REDIRECT] [Fatal Error] :1:1: Premature end of file.
2026-05-14 14:12:24,272 [ERROR] LogOutputStream:75 - [STDERR_REDIRECT] 
2026-05-14 14:12:25,274 [ERROR] LogOutputStream:75 - [STDERR_REDIRECT] [Fatal Error] :1:1: Premature end of file.
2026-05-14 14:12:25,274 [ERROR] LogOutputStream:75 - [STDERR_REDIRECT] 
2026-05-14 14:12:26,275 [ERROR] LogOutputStream:75 - [STDERR_REDIRECT] [Fatal Error] :1:1: Premature end of file.
2026-05-14 14:12:26,275 [ERROR] LogOutputStream:75 - [STDERR_REDIRECT] 
2026-05-14 14:12:27,277 [ERROR] LogOutputStream:75 - [STDERR_REDIRECT] [Fatal Error] :1:1: Premature end of file.
2026-05-14 14:12:27,277 [ERROR] LogOutputStream:75 - [STDERR_REDIRECT] 
2026-05-14 14:12:28,278 [ERROR] LogOutputStream:75 - [STDERR_REDIRECT] [Fatal Error] :1:1: Premature end of file.
2026-05-14 14:12:28,278 [ERROR] LogOutputStream:75 - [STDERR_REDIRECT] 
2026-05-14 14:12:29,280 [ERROR] LogOutputStream:75 - [STDERR_REDIRECT] [Fatal Error] :1:1: Premature end of file.
2026-05-14 14:12:29,280 [ERROR] LogOutputStream:75 - [STDERR_REDIRECT] 
2026-05-14 14:12:30,284 [ERROR] LogOutputStream:75 - [STDERR_REDIRECT] [Fatal Error] :1:1: Premature end of file.
2026-05-14 14:12:30,284 [ERROR] LogOutputStream:75 - [STDERR_REDIRECT] 
2026-05-14 14:12:31,287 [ERROR] LogOutputStream:75 - [STDERR_REDIRECT] [Fatal Error] :1:1: Premature end of file.
2026-05-14 14:12:31,287 [ERROR] LogOutputStream:75 - [STDERR_REDIRECT] 
2026-05-14 14:12:32,273 [ERROR] LogOutputStream:75 - [STDERR_REDIRECT] [Fatal Error] :1:1: Premature end of file.
2026-05-14 14:12:32,273 [ERROR] LogOutputStream:75 - [STDERR_REDIRECT] 
2026-05-14 14:12:33,275 [ERROR] LogOutputStream:75 - [STDERR_REDIRECT] [Fatal Error] :1:1: Premature end of file.
2026-05-14 14:12:33,275 [ERROR] LogOutputStream:75 - [STDERR_REDIRECT] 
2026-05-14 14:12:34,278 [ERROR] LogOutputStream:75 - [STDERR_REDIRECT] [Fatal Error] :1:1: Premature end of file.
2026-05-14 14:12:34,278 [ERROR] LogOutputStream:75 - [STDERR_REDIRECT] 
2026-05-14 14:12:35,284 [ERROR] LogOutputStream:75 - [STDERR_REDIRECT] [Fatal Error] :1:1: Premature end of file.
2026-05-14 14:12:35,284 [ERROR] LogOutputStream:75 - [STDERR_REDIRECT] 
2026-05-14 14:12:36,287 [ERROR] LogOutputStream:75 - [STDERR_REDIRECT] [Fatal Error] :1:1: Premature end of file.
2026-05-14 14:12:36,287 [ERROR] LogOutputStream:75 - [STDERR_REDIRECT] 
2026-05-14 14:12:37,273 [ERROR] LogOutputStream:75 - [STDERR_REDIRECT] [Fatal Error] :1:1: Premature end of file.
2026-05-14 14:12:37,273 [ERROR] LogOutputStream:75 - [STDERR_REDIRECT] 
2026-05-14 14:12:38,273 [ERROR] LogOutputStream:75 - [STDERR_REDIRECT] [Fatal Error] :1:1: Premature end of file.
2026-05-14 14:12:38,273 [ERROR] LogOutputStream:75 - [STDERR_REDIRECT] 
2026-05-14 14:12:39,275 [ERROR] LogOutputStream:75 - [STDERR_REDIRECT] [Fatal Error] :1:1: Premature end of file.
2026-05-14 14:12:39,275 [ERROR] LogOutputStream:75 - [STDERR_REDIRECT] 
2026-05-14 14:12:40,277 [ERROR] LogOutputStream:75 - [STDERR_REDIRECT] [Fatal Error] :1:1: Premature end of file.
2026-05-14 14:12:40,277 [ERROR] LogOutputStream:75 - [STDERR_REDIRECT] 
2026-05-14 14:12:41,277 [ERROR] LogOutputStream:75 - [STDERR_REDIRECT] [Fatal Error] :1:1: Premature end of file.
2026-05-14 14:12:41,277 [ERROR] LogOutputStream:75 - [STDERR_REDIRECT] 
2026-05-14 14:12:42,280 [ERROR] LogOutputStream:75 - [STDERR_REDIRECT] [Fatal Error] :1:1: Premature end of file.
2026-05-14 14:12:42,280 [ERROR] LogOutputStream:75 - [STDERR_REDIRECT] 
2026-05-14 14:12:43,282 [ERROR] LogOutputStream:75 - [STDERR_REDIRECT] [Fatal Error] :1:1: Premature end of file.
2026-05-14 14:12:43,282 [ERROR] LogOutputStream:75 - [STDERR_REDIRECT] 
2026-05-14 14:12:44,285 [ERROR] LogOutputStream:75 - [STDERR_REDIRECT] [Fatal Error] :1:1: Premature end of file.
2026-05-14 14:12:44,285 [ERROR] LogOutputStream:75 - [STDERR_REDIRECT] 
2026-05-14 14:12:45,287 [ERROR] LogOutputStream:75 - [STDERR_REDIRECT] [Fatal Error] :1:1: Premature end of file.
2026-05-14 14:12:45,287 [ERROR] LogOutputStream:75 - [STDERR_REDIRECT] 
2026-05-14 14:12:46,274 [ERROR] LogOutputStream:75 - [STDERR_REDIRECT] [Fatal Error] :1:1: Premature end of file.
2026-05-14 14:12:46,274 [ERROR] LogOutputStream:75 - [STDERR_REDIRECT] 
2026-05-14 14:12:47,274 [ERROR] LogOutputStream:75 - [STDERR_REDIRECT] [Fatal Error] :1:1: Premature end of file.
2026-05-14 14:12:47,274 [ERROR] LogOutputStream:75 - [STDERR_REDIRECT] 
2026-05-14 14:12:48,275 [ERROR] LogOutputStream:75 - [STDERR_REDIRECT] [Fatal Error] :1:1: Premature end of file.
2026-05-14 14:12:48,275 [ERROR] LogOutputStream:75 - [STDERR_REDIRECT] 
2026-05-14 14:12:49,277 [ERROR] LogOutputStream:75 - [STDERR_REDIRECT] [Fatal Error] :1:1: Premature end of file.
2026-05-14 14:12:49,277 [ERROR] LogOutputStream:75 - [STDERR_REDIRECT] 
2026-05-14 14:12:50,276 [ERROR] LogOutputStream:75 - [STDERR_REDIRECT] [Fatal Error] :1:1: Premature end of file.
2026-05-14 14:12:50,278 [ERROR] LogOutputStream:75 - [STDERR_REDIRECT] 
2026-05-14 14:12:51,279 [ERROR] LogOutputStream:75 - [STDERR_REDIRECT] [Fatal Error] :1:1: Premature end of file.
2026-05-14 14:12:51,279 [ERROR] LogOutputStream:75 - [STDERR_REDIRECT] 
2026-05-14 14:12:52,283 [ERROR] LogOutputStream:75 - [STDERR_REDIRECT] [Fatal Error] :1:1: Premature end of file.
2026-05-14 14:12:52,283 [ERROR] LogOutputStream:75 - [STDERR_REDIRECT] 
2026-05-14 14:12:53,285 [ERROR] LogOutputStream:75 - [STDERR_REDIRECT] [Fatal Error] :1:1: Premature end of file.
2026-05-14 14:12:53,286 [ERROR] LogOutputStream:75 - [STDERR_REDIRECT] 
2026-05-14 14:12:54,272 [ERROR] LogOutputStream:75 - [STDERR_REDIRECT] [Fatal Error] :1:1: Premature end of file.
2026-05-14 14:12:54,272 [ERROR] LogOutputStream:75 - [STDERR_REDIRECT] 
2026-05-14 14:12:55,275 [ERROR] LogOutputStream:75 - [STDERR_REDIRECT] [Fatal Error] :1:1: Premature end of file.
2026-05-14 14:12:55,275 [ERROR] LogOutputStream:75 - [STDERR_REDIRECT] 
2026-05-14 14:12:56,278 [ERROR] LogOutputStream:75 - [STDERR_REDIRECT] [Fatal Error] :1:1: Premature end of file.
2026-05-14 14:12:56,278 [ERROR] LogOutputStream:75 - [STDERR_REDIRECT] 
2026-05-14 14:12:57,282 [ERROR] LogOutputStream:75 - [STDERR_REDIRECT] [Fatal Error] :1:1: Premature end of file.
2026-05-14 14:12:57,282 [ERROR] LogOutputStream:75 - [STDERR_REDIRECT] 
2026-05-14 14:12:58,285 [ERROR] LogOutputStream:75 - [STDERR_REDIRECT] [Fatal Error] :1:1: Premature end of file.
2026-05-14 14:12:58,285 [ERROR] LogOutputStream:75 - [STDERR_REDIRECT] 
2026-05-14 14:12:59,285 [ERROR] LogOutputStream:75 - [STDERR_REDIRECT] [Fatal Error] :1:1: Premature end of file.
2026-05-14 14:12:59,286 [ERROR] LogOutputStream:75 - [STDERR_REDIRECT] 
2026-05-14 14:13:00,274 [ERROR] LogOutputStream:75 - [STDERR_REDIRECT] [Fatal Error] :1:1: Premature end of file.
2026-05-14 14:13:00,274 [ERROR] LogOutputStream:75 - [STDERR_REDIRECT] 
2026-05-14 14:13:01,275 [ERROR] LogOutputStream:75 - [STDERR_REDIRECT] [Fatal Error] :1:1: Premature end of file.
2026-05-14 14:13:01,275 [ERROR] LogOutputStream:75 - [STDERR_REDIRECT] 
2026-05-14 14:13:02,277 [ERROR] LogOutputStream:75 - [STDERR_REDIRECT] [Fatal Error] :1:1: Premature end of file.
2026-05-14 14:13:02,277 [ERROR] LogOutputStream:75 - [STDERR_REDIRECT] 
2026-05-14 14:13:03,280 [ERROR] LogOutputStream:75 - [STDERR_REDIRECT] [Fatal Error] :1:1: Premature end of file.
2026-05-14 14:13:03,280 [ERROR] LogOutputStream:75 - [STDERR_REDIRECT] 
2026-05-14 14:13:04,282 [ERROR] LogOutputStream:75 - [STDERR_REDIRECT] [Fatal Error] :1:1: Premature end of file.
2026-05-14 14:13:04,282 [ERROR] LogOutputStream:75 - [STDERR_REDIRECT] 
2026-05-14 14:13:05,284 [ERROR] LogOutputStream:75 - [STDERR_REDIRECT] [Fatal Error] :1:1: Premature end of file.
2026-05-14 14:13:05,284 [ERROR] LogOutputStream:75 - [STDERR_REDIRECT] 
2026-05-14 14:13:06,287 [ERROR] LogOutputStream:75 - [STDERR_REDIRECT] [Fatal Error] :1:1: Premature end of file.
2026-05-14 14:13:06,287 [ERROR] LogOutputStream:75 - [STDERR_REDIRECT] 
2026-05-14 14:13:07,274 [ERROR] LogOutputStream:75 - [STDERR_REDIRECT] [Fatal Error] :1:1: Premature end of file.
2026-05-14 14:13:07,274 [ERROR] LogOutputStream:75 - [STDERR_REDIRECT] 
2026-05-14 14:13:08,279 [ERROR] LogOutputStream:75 - [STDERR_REDIRECT] [Fatal Error] :1:1: Premature end of file.
2026-05-14 14:13:08,279 [ERROR] LogOutputStream:75 - [STDERR_REDIRECT] 
2026-05-14 14:13:09,280 [ERROR] LogOutputStream:75 - [STDERR_REDIRECT] [Fatal Error] :1:1: Premature end of file.
2026-05-14 14:13:09,280 [ERROR] LogOutputStream:75 - [STDERR_REDIRECT] 
2026-05-14 14:13:10,280 [ERROR] LogOutputStream:75 - [STDERR_REDIRECT] [Fatal Error] :1:1: Premature end of file.
2026-05-14 14:13:10,282 [ERROR] LogOutputStream:75 - [STDERR_REDIRECT] 
2026-05-14 14:13:11,282 [ERROR] LogOutputStream:75 - [STDERR_REDIRECT] [Fatal Error] :1:1: Premature end of file.
2026-05-14 14:13:11,282 [ERROR] LogOutputStream:75 - [STDERR_REDIRECT] 
2026-05-14 14:13:12,284 [ERROR] LogOutputStream:75 - [STDERR_REDIRECT] [Fatal Error] :1:1: Premature end of file.
2026-05-14 14:13:12,284 [ERROR] LogOutputStream:75 - [STDERR_REDIRECT] 
2026-05-14 14:13:13,287 [ERROR] LogOutputStream:75 - [STDERR_REDIRECT] [Fatal Error] :1:1: Premature end of file.
2026-05-14 14:13:13,287 [ERROR] LogOutputStream:75 - [STDERR_REDIRECT] 
2026-05-14 14:13:14,274 [ERROR] LogOutputStream:75 - [STDERR_REDIRECT] [Fatal Error] :1:1: Premature end of file.
2026-05-14 14:13:14,274 [ERROR] LogOutputStream:75 - [STDERR_REDIRECT] 
2026-05-14 14:13:15,276 [ERROR] LogOutputStream:75 - [STDERR_REDIRECT] [Fatal Error] :1:1: Premature end of file.
2026-05-14 14:13:15,278 [ERROR] LogOutputStream:75 - [STDERR_REDIRECT] 
2026-05-14 14:13:16,278 [ERROR] LogOutputStream:75 - [STDERR_REDIRECT] [Fatal Error] :1:1: Premature end of file.
2026-05-14 14:13:16,280 [ERROR] LogOutputStream:75 - [STDERR_REDIRECT] 
2026-05-14 14:13:17,279 [ERROR] LogOutputStream:75 - [STDERR_REDIRECT] [Fatal Error] :1:1: Premature end of file.
2026-05-14 14:13:17,279 [ERROR] LogOutputStream:75 - [STDERR_REDIRECT] 
2026-05-14 14:13:18,281 [ERROR] LogOutputStream:75 - [STDERR_REDIRECT] [Fatal Error] :1:1: Premature end of file.
2026-05-14 14:13:18,281 [ERROR] LogOutputStream:75 - [STDERR_REDIRECT] 
2026-05-14 14:13:19,284 [ERROR] LogOutputStream:75 - [STDERR_REDIRECT] [Fatal Error] :1:1: Premature end of file.
2026-05-14 14:13:19,284 [ERROR] LogOutputStream:75 - [STDERR_REDIRECT] 
2026-05-14 14:13:20,285 [ERROR] LogOutputStream:75 - [STDERR_REDIRECT] [Fatal Error] :1:1: Premature end of file.
2026-05-14 14:13:20,287 [ERROR] LogOutputStream:75 - [STDERR_REDIRECT] 
2026-05-14 14:13:21,272 [ERROR] LogOutputStream:75 - [STDERR_REDIRECT] [Fatal Error] :1:1: Premature end of file.
2026-05-14 14:13:21,274 [ERROR] LogOutputStream:75 - [STDERR_REDIRECT] 
2026-05-14 14:13:22,276 [ERROR] LogOutputStream:75 - [STDERR_REDIRECT] [Fatal Error] :1:1: Premature end of file.
2026-05-14 14:13:22,276 [ERROR] LogOutputStream:75 - [STDERR_REDIRECT] 
2026-05-14 14:13:23,276 [ERROR] LogOutputStream:75 - [STDERR_REDIRECT] [Fatal Error] :1:1: Premature end of file.
2026-05-14 14:13:23,276 [ERROR] LogOutputStream:75 - [STDERR_REDIRECT] 
2026-05-14 14:13:24,279 [ERROR] LogOutputStream:75 - [STDERR_REDIRECT] [Fatal Error] :1:1: Premature end of file.
2026-05-14 14:13:24,279 [ERROR] LogOutputStream:75 - [STDERR_REDIRECT] 
2026-05-14 14:13:25,281 [ERROR] LogOutputStream:75 - [STDERR_REDIRECT] [Fatal Error] :1:1: Premature end of file.
2026-05-14 14:13:25,281 [ERROR] LogOutputStream:75 - [STDERR_REDIRECT] 
2026-05-14 14:13:26,281 [ERROR] LogOutputStream:75 - [STDERR_REDIRECT] [Fatal Error] :1:1: Premature end of file.
2026-05-14 14:13:26,281 [ERROR] LogOutputStream:75 - [STDERR_REDIRECT] 
2026-05-14 14:13:27,283 [ERROR] LogOutputStream:75 - [STDERR_REDIRECT] [Fatal Error] :1:1: Premature end of file.
2026-05-14 14:13:27,285 [ERROR] LogOutputStream:75 - [STDERR_REDIRECT] 
2026-05-14 14:13:28,286 [ERROR] LogOutputStream:75 - [STDERR_REDIRECT] [Fatal Error] :1:1: Premature end of file.
2026-05-14 14:13:28,286 [ERROR] LogOutputStream:75 - [STDERR_REDIRECT] 
2026-05-14 14:13:29,271 [ERROR] LogOutputStream:75 - [STDERR_REDIRECT] [Fatal Error] :1:1: Premature end of file.
2026-05-14 14:13:29,272 [ERROR] LogOutputStream:75 - [STDERR_REDIRECT] 
2026-05-14 14:13:30,275 [ERROR] LogOutputStream:75 - [STDERR_REDIRECT] [Fatal Error] :1:1: Premature end of file.
2026-05-14 14:13:30,275 [ERROR] LogOutputStream:75 - [STDERR_REDIRECT] 
2026-05-14 14:13:31,276 [ERROR] LogOutputStream:75 - [STDERR_REDIRECT] [Fatal Error] :1:1: Premature end of file.
2026-05-14 14:13:31,276 [ERROR] LogOutputStream:75 - [STDERR_REDIRECT] 
2026-05-14 14:13:32,281 [ERROR] LogOutputStream:75 - [STDERR_REDIRECT] [Fatal Error] :1:1: Premature end of file.
2026-05-14 14:13:32,281 [ERROR] LogOutputStream:75 - [STDERR_REDIRECT] 
2026-05-14 14:13:33,283 [ERROR] LogOutputStream:75 - [STDERR_REDIRECT] [Fatal Error] :1:1: Premature end of file.
2026-05-14 14:13:33,283 [ERROR] LogOutputStream:75 - [STDERR_REDIRECT] 
2026-05-14 14:13:34,284 [ERROR] LogOutputStream:75 - [STDERR_REDIRECT] [Fatal Error] :1:1: Premature end of file.
2026-05-14 14:13:34,284 [ERROR] LogOutputStream:75 - [STDERR_REDIRECT] 
2026-05-14 14:13:35,285 [ERROR] LogOutputStream:75 - [STDERR_REDIRECT] [Fatal Error] :1:1: Premature end of file.
2026-05-14 14:13:35,285 [ERROR] LogOutputStream:75 - [STDERR_REDIRECT] 
2026-05-14 14:13:36,287 [ERROR] LogOutputStream:75 - [STDERR_REDIRECT] [Fatal Error] :1:1: Premature end of file.
2026-05-14 14:13:36,287 [ERROR] LogOutputStream:75 - [STDERR_REDIRECT] 
2026-05-14 14:13:37,274 [ERROR] LogOutputStream:75 - [STDERR_REDIRECT] [Fatal Error] :1:1: Premature end of file.
2026-05-14 14:13:37,274 [ERROR] LogOutputStream:75 - [STDERR_REDIRECT] 
2026-05-14 14:13:38,274 [ERROR] LogOutputStream:75 - [STDERR_REDIRECT] [Fatal Error] :1:1: Premature end of file.
2026-05-14 14:13:38,274 [ERROR] LogOutputStream:75 - [STDERR_REDIRECT] 
2026-05-14 14:13:39,275 [ERROR] LogOutputStream:75 - [STDERR_REDIRECT] [Fatal Error] :1:1: Premature end of file.
2026-05-14 14:13:39,275 [ERROR] LogOutputStream:75 - [STDERR_REDIRECT] 
2026-05-14 14:13:40,276 [ERROR] LogOutputStream:75 - [STDERR_REDIRECT] [Fatal Error] :1:1: Premature end of file.
2026-05-14 14:13:40,277 [ERROR] LogOutputStream:75 - [STDERR_REDIRECT] 
2026-05-14 14:13:41,277 [ERROR] LogOutputStream:75 - [STDERR_REDIRECT] [Fatal Error] :1:1: Premature end of file.
2026-05-14 14:13:41,279 [ERROR] LogOutputStream:75 - [STDERR_REDIRECT] 
2026-05-14 14:13:42,281 [ERROR] LogOutputStream:75 - [STDERR_REDIRECT] [Fatal Error] :1:1: Premature end of file.
2026-05-14 14:13:42,281 [ERROR] LogOutputStream:75 - [STDERR_REDIRECT] 
2026-05-14 14:13:43,281 [ERROR] LogOutputStream:75 - [STDERR_REDIRECT] [Fatal Error] :1:1: Premature end of file.
2026-05-14 14:13:43,282 [ERROR] LogOutputStream:75 - [STDERR_REDIRECT] 
2026-05-14 14:13:44,286 [ERROR] LogOutputStream:75 - [STDERR_REDIRECT] [Fatal Error] :1:1: Premature end of file.
2026-05-14 14:13:44,286 [ERROR] LogOutputStream:75 - [STDERR_REDIRECT] 
2026-05-14 14:13:45,271 [ERROR] LogOutputStream:75 - [STDERR_REDIRECT] [Fatal Error] :1:1: Premature end of file.
2026-05-14 14:13:45,273 [ERROR] LogOutputStream:75 - [STDERR_REDIRECT] 
2026-05-14 14:13:46,274 [ERROR] LogOutputStream:75 - [STDERR_REDIRECT] [Fatal Error] :1:1: Premature end of file.
2026-05-14 14:13:46,274 [ERROR] LogOutputStream:75 - [STDERR_REDIRECT] 
2026-05-14 14:13:47,275 [ERROR] LogOutputStream:75 - [STDERR_REDIRECT] [Fatal Error] :1:1: Premature end of file.
2026-05-14 14:13:47,275 [ERROR] LogOutputStream:75 - [STDERR_REDIRECT] 
2026-05-14 14:13:48,279 [ERROR] LogOutputStream:75 - [STDERR_REDIRECT] [Fatal Error] :1:1: Premature end of file.
2026-05-14 14:13:48,279 [ERROR] LogOutputStream:75 - [STDERR_REDIRECT] 
2026-05-14 14:13:49,280 [ERROR] LogOutputStream:75 - [STDERR_REDIRECT] [Fatal Error] :1:1: Premature end of file.
2026-05-14 14:13:49,280 [ERROR] LogOutputStream:75 - [STDERR_REDIRECT] 
2026-05-14 14:13:50,282 [ERROR] LogOutputStream:75 - [STDERR_REDIRECT] [Fatal Error] :1:1: Premature end of file.
2026-05-14 14:13:50,282 [ERROR] LogOutputStream:75 - [STDERR_REDIRECT] 
2026-05-14 14:13:51,283 [ERROR] LogOutputStream:75 - [STDERR_REDIRECT] [Fatal Error] :1:1: Premature end of file.
2026-05-14 14:13:51,283 [ERROR] LogOutputStream:75 - [STDERR_REDIRECT] 
2026-05-14 14:13:52,287 [ERROR] LogOutputStream:75 - [STDERR_REDIRECT] [Fatal Error] :1:1: Premature end of file.
2026-05-14 14:13:52,287 [ERROR] LogOutputStream:75 - [STDERR_REDIRECT] 
2026-05-14 14:13:53,275 [ERROR] LogOutputStream:75 - [STDERR_REDIRECT] [Fatal Error] :1:1: Premature end of file.
2026-05-14 14:13:53,275 [ERROR] LogOutputStream:75 - [STDERR_REDIRECT] 
2026-05-14 14:13:54,276 [ERROR] LogOutputStream:75 - [STDERR_REDIRECT] [Fatal Error] :1:1: Premature end of file.
2026-05-14 14:13:54,276 [ERROR] LogOutputStream:75 - [STDERR_REDIRECT] 
2026-05-14 14:13:55,279 [ERROR] LogOutputStream:75 - [STDERR_REDIRECT] [Fatal Error] :1:1: Premature end of file.
2026-05-14 14:13:55,279 [ERROR] LogOutputStream:75 - [STDERR_REDIRECT] 
2026-05-14 14:13:56,280 [ERROR] LogOutputStream:75 - [STDERR_REDIRECT] [Fatal Error] :1:1: Premature end of file.
2026-05-14 14:13:56,281 [ERROR] LogOutputStream:75 - [STDERR_REDIRECT] 
2026-05-14 14:13:57,281 [ERROR] LogOutputStream:75 - [STDERR_REDIRECT] [Fatal Error] :1:1: Premature end of file.
2026-05-14 14:13:57,283 [ERROR] LogOutputStream:75 - [STDERR_REDIRECT] 
2026-05-14 14:13:58,286 [ERROR] LogOutputStream:75 - [STDERR_REDIRECT] [Fatal Error] :1:1: Premature end of file.
2026-05-14 14:13:58,286 [ERROR] LogOutputStream:75 - [STDERR_REDIRECT] 
2026-05-14 14:13:59,275 [ERROR] LogOutputStream:75 - [STDERR_REDIRECT] [Fatal Error] :1:1: Premature end of file.
2026-05-14 14:13:59,275 [ERROR] LogOutputStream:75 - [STDERR_REDIRECT] 
2026-05-14 14:14:00,276 [ERROR] LogOutputStream:75 - [STDERR_REDIRECT] [Fatal Error] :1:1: Premature end of file.
2026-05-14 14:14:00,276 [ERROR] LogOutputStream:75 - [STDERR_REDIRECT] 
2026-05-14 14:14:01,279 [ERROR] LogOutputStream:75 - [STDERR_REDIRECT] [Fatal Error] :1:1: Premature end of file.
2026-05-14 14:14:01,280 [ERROR] LogOutputStream:75 - [STDERR_REDIRECT] 
2026-05-14 14:14:02,282 [ERROR] LogOutputStream:75 - [STDERR_REDIRECT] [Fatal Error] :1:1: Premature end of file.
2026-05-14 14:14:02,282 [ERROR] LogOutputStream:75 - [STDERR_REDIRECT] 
2026-05-14 14:14:03,283 [ERROR] LogOutputStream:75 - [STDERR_REDIRECT] [Fatal Error] :1:1: Premature end of file.
2026-05-14 14:14:03,283 [ERROR] LogOutputStream:75 - [STDERR_REDIRECT] 
2026-05-14 14:14:04,284 [ERROR] LogOutputStream:75 - [STDERR_REDIRECT] [Fatal Error] :1:1: Premature end of file.
2026-05-14 14:14:04,284 [ERROR] LogOutputStream:75 - [STDERR_REDIRECT] 
2026-05-14 14:14:05,286 [ERROR] LogOutputStream:75 - [STDERR_REDIRECT] [Fatal Error] :1:1: Premature end of file.
2026-05-14 14:14:05,286 [ERROR] LogOutputStream:75 - [STDERR_REDIRECT] 
2026-05-14 14:14:06,288 [ERROR] LogOutputStream:75 - [STDERR_REDIRECT] [Fatal Error] :1:1: Premature end of file.
2026-05-14 14:14:06,288 [ERROR] LogOutputStream:75 - [STDERR_REDIRECT] 
2026-05-14 14:14:07,273 [ERROR] LogOutputStream:75 - [STDERR_REDIRECT] [Fatal Error] :1:1: Premature end of file.
2026-05-14 14:14:07,274 [ERROR] LogOutputStream:75 - [STDERR_REDIRECT] 
2026-05-14 14:14:08,275 [ERROR] LogOutputStream:75 - [STDERR_REDIRECT] [Fatal Error] :1:1: Premature end of file.
2026-05-14 14:14:08,275 [ERROR] LogOutputStream:75 - [STDERR_REDIRECT] 
2026-05-14 14:14:09,280 [ERROR] LogOutputStream:75 - [STDERR_REDIRECT] [Fatal Error] :1:1: Premature end of file.
2026-05-14 14:14:09,280 [ERROR] LogOutputStream:75 - [STDERR_REDIRECT] 
2026-05-14 14:14:10,283 [ERROR] LogOutputStream:75 - [STDERR_REDIRECT] [Fatal Error] :1:1: Premature end of file.
2026-05-14 14:14:10,283 [ERROR] LogOutputStream:75 - [STDERR_REDIRECT] 
2026-05-14 14:14:11,286 [ERROR] LogOutputStream:75 - [STDERR_REDIRECT] [Fatal Error] :1:1: Premature end of file.
2026-05-14 14:14:11,286 [ERROR] LogOutputStream:75 - [STDERR_REDIRECT] 
2026-05-14 14:14:12,274 [ERROR] LogOutputStream:75 - [STDERR_REDIRECT] [Fatal Error] :1:1: Premature end of file.
2026-05-14 14:14:12,274 [ERROR] LogOutputStream:75 - [STDERR_REDIRECT] 
2026-05-14 14:14:13,279 [ERROR] LogOutputStream:75 - [STDERR_REDIRECT] [Fatal Error] :1:1: Premature end of file.
2026-05-14 14:14:13,279 [ERROR] LogOutputStream:75 - [STDERR_REDIRECT] 
2026-05-14 14:14:14,280 [ERROR] LogOutputStream:75 - [STDERR_REDIRECT] [Fatal Error] :1:1: Premature end of file.
2026-05-14 14:14:14,280 [ERROR] LogOutputStream:75 - [STDERR_REDIRECT] 
2026-05-14 14:14:15,279 [ERROR] LogOutputStream:75 - [STDERR_REDIRECT] [Fatal Error] :1:1: Premature end of file.
2026-05-14 14:14:15,279 [ERROR] LogOutputStream:75 - [STDERR_REDIRECT] 
2026-05-14 14:14:16,282 [ERROR] LogOutputStream:75 - [STDERR_REDIRECT] [Fatal Error] :1:1: Premature end of file.
2026-05-14 14:14:16,282 [ERROR] LogOutputStream:75 - [STDERR_REDIRECT] 
2026-05-14 14:14:17,284 [ERROR] LogOutputStream:75 - [STDERR_REDIRECT] [Fatal Error] :1:1: Premature end of file.
2026-05-14 14:14:17,284 [ERROR] LogOutputStream:75 - [STDERR_REDIRECT] 
2026-05-14 14:14:18,273 [ERROR] LogOutputStream:75 - [STDERR_REDIRECT] [Fatal Error] :1:1: Premature end of file.
2026-05-14 14:14:18,273 [ERROR] LogOutputStream:75 - [STDERR_REDIRECT] 
2026-05-14 14:14:19,276 [ERROR] LogOutputStream:75 - [STDERR_REDIRECT] [Fatal Error] :1:1: Premature end of file.
2026-05-14 14:14:19,276 [ERROR] LogOutputStream:75 - [STDERR_REDIRECT] 
2026-05-14 14:14:20,277 [ERROR] LogOutputStream:75 - [STDERR_REDIRECT] [Fatal Error] :1:1: Premature end of file.
2026-05-14 14:14:20,277 [ERROR] LogOutputStream:75 - [STDERR_REDIRECT] 
2026-05-14 14:14:21,280 [ERROR] LogOutputStream:75 - [STDERR_REDIRECT] [Fatal Error] :1:1: Premature end of file.
2026-05-14 14:14:21,282 [ERROR] LogOutputStream:75 - [STDERR_REDIRECT] 
2026-05-14 14:14:22,283 [ERROR] LogOutputStream:75 - [STDERR_REDIRECT] [Fatal Error] :1:1: Premature end of file.
2026-05-14 14:14:22,284 [ERROR] LogOutputStream:75 - [STDERR_REDIRECT] 
2026-05-14 14:14:23,285 [ERROR] LogOutputStream:75 - [STDERR_REDIRECT] [Fatal Error] :1:1: Premature end of file.
2026-05-14 14:14:23,285 [ERROR] LogOutputStream:75 - [STDERR_REDIRECT] 
2026-05-14 14:14:24,287 [ERROR] LogOutputStream:75 - [STDERR_REDIRECT] [Fatal Error] :1:1: Premature end of file.
2026-05-14 14:14:24,287 [ERROR] LogOutputStream:75 - [STDERR_REDIRECT] 
2026-05-14 14:14:25,273 [ERROR] LogOutputStream:75 - [STDERR_REDIRECT] [Fatal Error] :1:1: Premature end of file.
2026-05-14 14:14:25,273 [ERROR] LogOutputStream:75 - [STDERR_REDIRECT] 
2026-05-14 14:14:26,275 [ERROR] LogOutputStream:75 - [STDERR_REDIRECT] [Fatal Error] :1:1: Premature end of file.
2026-05-14 14:14:26,275 [ERROR] LogOutputStream:75 - [STDERR_REDIRECT] 
2026-05-14 14:14:27,276 [ERROR] LogOutputStream:75 - [STDERR_REDIRECT] [Fatal Error] :1:1: Premature end of file.
2026-05-14 14:14:27,276 [ERROR] LogOutputStream:75 - [STDERR_REDIRECT] 
2026-05-14 14:14:28,278 [ERROR] LogOutputStream:75 - [STDERR_REDIRECT] [Fatal Error] :1:1: Premature end of file.
2026-05-14 14:14:28,278 [ERROR] LogOutputStream:75 - [STDERR_REDIRECT] 
2026-05-14 14:14:29,281 [ERROR] LogOutputStream:75 - [STDERR_REDIRECT] [Fatal Error] :1:1: Premature end of file.
2026-05-14 14:14:29,281 [ERROR] LogOutputStream:75 - [STDERR_REDIRECT] 
2026-05-14 14:14:30,280 [ERROR] LogOutputStream:75 - [STDERR_REDIRECT] [Fatal Error] :1:1: Premature end of file.
2026-05-14 14:14:30,281 [ERROR] LogOutputStream:75 - [STDERR_REDIRECT] 
2026-05-14 14:14:31,284 [ERROR] LogOutputStream:75 - [STDERR_REDIRECT] [Fatal Error] :1:1: Premature end of file.
2026-05-14 14:14:31,284 [ERROR] LogOutputStream:75 - [STDERR_REDIRECT] 
2026-05-14 14:14:32,286 [ERROR] LogOutputStream:75 - [STDERR_REDIRECT] [Fatal Error] :1:1: Premature end of file.
2026-05-14 14:14:32,286 [ERROR] LogOutputStream:75 - [STDERR_REDIRECT] 
2026-05-14 14:14:33,273 [ERROR] LogOutputStream:75 - [STDERR_REDIRECT] [Fatal Error] :1:1: Premature end of file.
2026-05-14 14:14:33,273 [ERROR] LogOutputStream:75 - [STDERR_REDIRECT] 
2026-05-14 14:14:34,276 [ERROR] LogOutputStream:75 - [STDERR_REDIRECT] [Fatal Error] :1:1: Premature end of file.
2026-05-14 14:14:34,276 [ERROR] LogOutputStream:75 - [STDERR_REDIRECT] 
2026-05-14 14:14:35,278 [ERROR] LogOutputStream:75 - [STDERR_REDIRECT] [Fatal Error] :1:1: Premature end of file.
2026-05-14 14:14:35,278 [ERROR] LogOutputStream:75 - [STDERR_REDIRECT] 
2026-05-14 14:14:36,281 [ERROR] LogOutputStream:75 - [STDERR_REDIRECT] [Fatal Error] :1:1: Premature end of file.
2026-05-14 14:14:36,281 [ERROR] LogOutputStream:75 - [STDERR_REDIRECT] 
2026-05-14 14:14:37,285 [ERROR] LogOutputStream:75 - [STDERR_REDIRECT] [Fatal Error] :1:1: Premature end of file.
2026-05-14 14:14:37,285 [ERROR] LogOutputStream:75 - [STDERR_REDIRECT] 
2026-05-14 14:14:38,285 [ERROR] LogOutputStream:75 - [STDERR_REDIRECT] [Fatal Error] :1:1: Premature end of file.
2026-05-14 14:14:38,286 [ERROR] LogOutputStream:75 - [STDERR_REDIRECT] 
2026-05-14 14:14:39,287 [ERROR] LogOutputStream:75 - [STDERR_REDIRECT] [Fatal Error] :1:1: Premature end of file.
2026-05-14 14:14:39,287 [ERROR] LogOutputStream:75 - [STDERR_REDIRECT] 
2026-05-14 14:14:40,271 [ERROR] LogOutputStream:75 - [STDERR_REDIRECT] [Fatal Error] :1:1: Premature end of file.
2026-05-14 14:14:40,271 [ERROR] LogOutputStream:75 - [STDERR_REDIRECT] 
2026-05-14 14:14:41,275 [ERROR] LogOutputStream:75 - [STDERR_REDIRECT] [Fatal Error] :1:1: Premature end of file.
2026-05-14 14:14:41,275 [ERROR] LogOutputStream:75 - [STDERR_REDIRECT] 
2026-05-14 14:14:42,279 [ERROR] LogOutputStream:75 - [STDERR_REDIRECT] [Fatal Error] :1:1: Premature end of file.
2026-05-14 14:14:42,279 [ERROR] LogOutputStream:75 - [STDERR_REDIRECT] 
2026-05-14 14:14:43,283 [ERROR] LogOutputStream:75 - [STDERR_REDIRECT] [Fatal Error] :1:1: Premature end of file.
2026-05-14 14:14:43,283 [ERROR] LogOutputStream:75 - [STDERR_REDIRECT] 
2026-05-14 14:14:44,286 [ERROR] LogOutputStream:75 - [STDERR_REDIRECT] [Fatal Error] :1:1: Premature end of file.
2026-05-14 14:14:44,286 [ERROR] LogOutputStream:75 - [STDERR_REDIRECT] 
2026-05-14 14:14:45,287 [ERROR] LogOutputStream:75 - [STDERR_REDIRECT] [Fatal Error] :1:1: Premature end of file.
2026-05-14 14:14:45,287 [ERROR] LogOutputStream:75 - [STDERR_REDIRECT] 
2026-05-14 14:14:46,276 [ERROR] LogOutputStream:75 - [STDERR_REDIRECT] [Fatal Error] :1:1: Premature end of file.
2026-05-14 14:14:46,278 [ERROR] LogOutputStream:75 - [STDERR_REDIRECT] 
2026-05-14 14:14:47,276 [ERROR] LogOutputStream:75 - [STDERR_REDIRECT] [Fatal Error] :1:1: Premature end of file.
2026-05-14 14:14:47,278 [ERROR] LogOutputStream:75 - [STDERR_REDIRECT] 
2026-05-14 14:14:48,279 [ERROR] LogOutputStream:75 - [STDERR_REDIRECT] [Fatal Error] :1:1: Premature end of file.
2026-05-14 14:14:48,279 [ERROR] LogOutputStream:75 - [STDERR_REDIRECT] 
2026-05-14 14:14:49,280 [ERROR] LogOutputStream:75 - [STDERR_REDIRECT] [Fatal Error] :1:1: Premature end of file.
2026-05-14 14:14:49,280 [ERROR] LogOutputStream:75 - [STDERR_REDIRECT] 
2026-05-14 14:14:50,281 [ERROR] LogOutputStream:75 - [STDERR_REDIRECT] [Fatal Error] :1:1: Premature end of file.
2026-05-14 14:14:50,281 [ERROR] LogOutputStream:75 - [STDERR_REDIRECT] 
2026-05-14 14:14:51,282 [ERROR] LogOutputStream:75 - [STDERR_REDIRECT] [Fatal Error] :1:1: Premature end of file.
2026-05-14 14:14:51,282 [ERROR] LogOutputStream:75 - [STDERR_REDIRECT] 
2026-05-14 14:14:52,286 [ERROR] LogOutputStream:75 - [STDERR_REDIRECT] [Fatal Error] :1:1: Premature end of file.
2026-05-14 14:14:52,286 [ERROR] LogOutputStream:75 - [STDERR_REDIRECT] 
2026-05-14 14:14:53,287 [ERROR] LogOutputStream:75 - [STDERR_REDIRECT] [Fatal Error] :1:1: Premature end of file.
2026-05-14 14:14:53,287 [ERROR] LogOutputStream:75 - [STDERR_REDIRECT] 
2026-05-14 14:14:54,272 [ERROR] LogOutputStream:75 - [STDERR_REDIRECT] [Fatal Error] :1:1: Premature end of file.
2026-05-14 14:14:54,272 [ERROR] LogOutputStream:75 - [STDERR_REDIRECT] 
2026-05-14 14:14:55,274 [ERROR] LogOutputStream:75 - [STDERR_REDIRECT] [Fatal Error] :1:1: Premature end of file.
2026-05-14 14:14:55,274 [ERROR] LogOutputStream:75 - [STDERR_REDIRECT] 
2026-05-14 14:14:56,278 [ERROR] LogOutputStream:75 - [STDERR_REDIRECT] [Fatal Error] :1:1: Premature end of file.
2026-05-14 14:14:56,278 [ERROR] LogOutputStream:75 - [STDERR_REDIRECT] 
2026-05-14 14:14:57,280 [ERROR] LogOutputStream:75 - [STDERR_REDIRECT] [Fatal Error] :1:1: Premature end of file.
2026-05-14 14:14:57,280 [ERROR] LogOutputStream:75 - [STDERR_REDIRECT] 
2026-05-14 14:14:58,279 [ERROR] LogOutputStream:75 - [STDERR_REDIRECT] [Fatal Error] :1:1: Premature end of file.
2026-05-14 14:14:58,281 [ERROR] LogOutputStream:75 - [STDERR_REDIRECT] 
2026-05-14 14:14:59,281 [ERROR] LogOutputStream:75 - [STDERR_REDIRECT] [Fatal Error] :1:1: Premature end of file.
2026-05-14 14:14:59,283 [ERROR] LogOutputStream:75 - [STDERR_REDIRECT] 
2026-05-14 14:15:00,285 [ERROR] LogOutputStream:75 - [STDERR_REDIRECT] [Fatal Error] :1:1: Premature end of file.
2026-05-14 14:15:00,285 [ERROR] LogOutputStream:75 - [STDERR_REDIRECT] 
2026-05-14 14:15:01,287 [ERROR] LogOutputStream:75 - [STDERR_REDIRECT] [Fatal Error] :1:1: Premature end of file.
2026-05-14 14:15:01,287 [ERROR] LogOutputStream:75 - [STDERR_REDIRECT] 
2026-05-14 14:15:02,274 [ERROR] LogOutputStream:75 - [STDERR_REDIRECT] [Fatal Error] :1:1: Premature end of file.
2026-05-14 14:15:02,274 [ERROR] LogOutputStream:75 - [STDERR_REDIRECT] 
2026-05-14 14:15:03,276 [ERROR] LogOutputStream:75 - [STDERR_REDIRECT] [Fatal Error] :1:1: Premature end of file.
2026-05-14 14:15:03,276 [ERROR] LogOutputStream:75 - [STDERR_REDIRECT] 
2026-05-14 14:15:04,278 [ERROR] LogOutputStream:75 - [STDERR_REDIRECT] [Fatal Error] :1:1: Premature end of file.
2026-05-14 14:15:04,278 [ERROR] LogOutputStream:75 - [STDERR_REDIRECT] 
2026-05-14 14:15:05,279 [ERROR] LogOutputStream:75 - [STDERR_REDIRECT] [Fatal Error] :1:1: Premature end of file.
2026-05-14 14:15:05,279 [ERROR] LogOutputStream:75 - [STDERR_REDIRECT] 
2026-05-14 14:15:06,280 [ERROR] LogOutputStream:75 - [STDERR_REDIRECT] [Fatal Error] :1:1: Premature end of file.
2026-05-14 14:15:06,280 [ERROR] LogOutputStream:75 - [STDERR_REDIRECT] 
2026-05-14 14:15:07,282 [ERROR] LogOutputStream:75 - [STDERR_REDIRECT] [Fatal Error] :1:1: Premature end of file.
2026-05-14 14:15:07,282 [ERROR] LogOutputStream:75 - [STDERR_REDIRECT] 
2026-05-14 14:15:08,284 [ERROR] LogOutputStream:75 - [STDERR_REDIRECT] [Fatal Error] :1:1: Premature end of file.
2026-05-14 14:15:08,284 [ERROR] LogOutputStream:75 - [STDERR_REDIRECT] 
2026-05-14 14:15:09,287 [ERROR] LogOutputStream:75 - [STDERR_REDIRECT] [Fatal Error] :1:1: Premature end of file.
2026-05-14 14:15:09,287 [ERROR] LogOutputStream:75 - [STDERR_REDIRECT] 
2026-05-14 14:15:10,274 [ERROR] LogOutputStream:75 - [STDERR_REDIRECT] [Fatal Error] :1:1: Premature end of file.
2026-05-14 14:15:10,274 [ERROR] LogOutputStream:75 - [STDERR_REDIRECT] 
2026-05-14 14:15:11,276 [ERROR] LogOutputStream:75 - [STDERR_REDIRECT] [Fatal Error] :1:1: Premature end of file.
2026-05-14 14:15:11,276 [ERROR] LogOutputStream:75 - [STDERR_REDIRECT] 
2026-05-14 14:15:12,277 [ERROR] LogOutputStream:75 - [STDERR_REDIRECT] [Fatal Error] :1:1: Premature end of file.
2026-05-14 14:15:12,281 [ERROR] LogOutputStream:75 - [STDERR_REDIRECT] 
2026-05-14 14:15:13,283 [ERROR] LogOutputStream:75 - [STDERR_REDIRECT] [Fatal Error] :1:1: Premature end of file.
2026-05-14 14:15:13,283 [ERROR] LogOutputStream:75 - [STDERR_REDIRECT] 
2026-05-14 14:15:14,286 [ERROR] LogOutputStream:75 - [STDERR_REDIRECT] [Fatal Error] :1:1: Premature end of file.
2026-05-14 14:15:14,286 [ERROR] LogOutputStream:75 - [STDERR_REDIRECT] 
2026-05-14 14:15:15,286 [ERROR] LogOutputStream:75 - [STDERR_REDIRECT] [Fatal Error] :1:1: Premature end of file.
2026-05-14 14:15:15,286 [ERROR] LogOutputStream:75 - [STDERR_REDIRECT] 
2026-05-14 14:15:16,283 [ERROR] LogOutputStream:75 - [STDERR_REDIRECT] [Fatal Error] :1:1: Premature end of file.
2026-05-14 14:15:16,283 [ERROR] LogOutputStream:75 - [STDERR_REDIRECT] 
2026-05-14 14:15:17,275 [ERROR] LogOutputStream:75 - [STDERR_REDIRECT] [Fatal Error] :1:1: Premature end of file.
2026-05-14 14:15:17,275 [ERROR] LogOutputStream:75 - [STDERR_REDIRECT] 
2026-05-14 14:15:18,273 [ERROR] LogOutputStream:75 - [STDERR_REDIRECT] [Fatal Error] :1:1: Premature end of file.
2026-05-14 14:15:18,273 [ERROR] LogOutputStream:75 - [STDERR_REDIRECT] 
2026-05-14 14:15:19,283 [ERROR] LogOutputStream:75 - [STDERR_REDIRECT] [Fatal Error] :1:1: Premature end of file.
2026-05-14 14:15:19,283 [ERROR] LogOutputStream:75 - [STDERR_REDIRECT] 
2026-05-14 14:15:20,277 [ERROR] LogOutputStream:75 - [STDERR_REDIRECT] [Fatal Error] :1:1: Premature end of file.
2026-05-14 14:15:20,277 [ERROR] LogOutputStream:75 - [STDERR_REDIRECT] 
2026-05-14 14:15:21,277 [ERROR] LogOutputStream:75 - [STDERR_REDIRECT] [Fatal Error] :1:1: Premature end of file.
2026-05-14 14:15:21,277 [ERROR] LogOutputStream:75 - [STDERR_REDIRECT] 
2026-05-14 14:15:22,277 [ERROR] LogOutputStream:75 - [STDERR_REDIRECT] [Fatal Error] :1:1: Premature end of file.
2026-05-14 14:15:22,277 [ERROR] LogOutputStream:75 - [STDERR_REDIRECT] 
2026-05-14 14:15:23,277 [ERROR] LogOutputStream:75 - [STDERR_REDIRECT] [Fatal Error] :1:1: Premature end of file.
2026-05-14 14:15:23,277 [ERROR] LogOutputStream:75 - [STDERR_REDIRECT] 
2026-05-14 14:15:24,276 [ERROR] LogOutputStream:75 - [STDERR_REDIRECT] [Fatal Error] :1:1: Premature end of file.
2026-05-14 14:15:24,276 [ERROR] LogOutputStream:75 - [STDERR_REDIRECT] 
2026-05-14 14:15:25,277 [ERROR] LogOutputStream:75 - [STDERR_REDIRECT] [Fatal Error] :1:1: Premature end of file.
2026-05-14 14:15:25,277 [ERROR] LogOutputStream:75 - [STDERR_REDIRECT] 
2026-05-14 14:15:26,276 [ERROR] LogOutputStream:75 - [STDERR_REDIRECT] [Fatal Error] :1:1: Premature end of file.
2026-05-14 14:15:26,276 [ERROR] LogOutputStream:75 - [STDERR_REDIRECT] 
2026-05-14 14:15:27,276 [ERROR] LogOutputStream:75 - [STDERR_REDIRECT] [Fatal Error] :1:1: Premature end of file.
2026-05-14 14:15:27,276 [ERROR] LogOutputStream:75 - [STDERR_REDIRECT] 
2026-05-14 14:15:28,276 [ERROR] LogOutputStream:75 - [STDERR_REDIRECT] [Fatal Error] :1:1: Premature end of file.
2026-05-14 14:15:28,276 [ERROR] LogOutputStream:75 - [STDERR_REDIRECT] 
2026-05-14 14:15:29,286 [ERROR] LogOutputStream:75 - [STDERR_REDIRECT] [Fatal Error] :1:1: Premature end of file.
2026-05-14 14:15:29,286 [ERROR] LogOutputStream:75 - [STDERR_REDIRECT] 
2026-05-14 14:15:30,285 [ERROR] LogOutputStream:75 - [STDERR_REDIRECT] [Fatal Error] :1:1: Premature end of file.
2026-05-14 14:15:30,285 [ERROR] LogOutputStream:75 - [STDERR_REDIRECT] 
2026-05-14 14:15:31,283 [ERROR] LogOutputStream:75 - [STDERR_REDIRECT] [Fatal Error] :1:1: Premature end of file.
2026-05-14 14:15:31,283 [ERROR] LogOutputStream:75 - [STDERR_REDIRECT] 
2026-05-14 14:15:32,280 [ERROR] LogOutputStream:75 - [STDERR_REDIRECT] [Fatal Error] :1:1: Premature end of file.
2026-05-14 14:15:32,280 [ERROR] LogOutputStream:75 - [STDERR_REDIRECT] 
2026-05-14 14:15:33,278 [ERROR] LogOutputStream:75 - [STDERR_REDIRECT] [Fatal Error] :1:1: Premature end of file.
2026-05-14 14:15:33,278 [ERROR] LogOutputStream:75 - [STDERR_REDIRECT] 
2026-05-14 14:15:34,276 [ERROR] LogOutputStream:75 - [STDERR_REDIRECT] [Fatal Error] :1:1: Premature end of file.
2026-05-14 14:15:34,278 [ERROR] LogOutputStream:75 - [STDERR_REDIRECT] 
2026-05-14 14:15:35,278 [ERROR] LogOutputStream:75 - [STDERR_REDIRECT] [Fatal Error] :1:1: Premature end of file.
2026-05-14 14:15:35,278 [ERROR] LogOutputStream:75 - [STDERR_REDIRECT] 
2026-05-14 14:15:36,285 [ERROR] LogOutputStream:75 - [STDERR_REDIRECT] [Fatal Error] :1:1: Premature end of file.
2026-05-14 14:15:36,285 [ERROR] LogOutputStream:75 - [STDERR_REDIRECT] 
2026-05-14 14:15:37,281 [ERROR] LogOutputStream:75 - [STDERR_REDIRECT] [Fatal Error] :1:1: Premature end of file.
2026-05-14 14:15:37,281 [ERROR] LogOutputStream:75 - [STDERR_REDIRECT] 
2026-05-14 14:15:38,284 [ERROR] LogOutputStream:75 - [STDERR_REDIRECT] [Fatal Error] :1:1: Premature end of file.
2026-05-14 14:15:38,284 [ERROR] LogOutputStream:75 - [STDERR_REDIRECT] 
2026-05-14 14:15:39,282 [ERROR] LogOutputStream:75 - [STDERR_REDIRECT] [Fatal Error] :1:1: Premature end of file.
2026-05-14 14:15:39,282 [ERROR] LogOutputStream:75 - [STDERR_REDIRECT] 
2026-05-14 14:15:40,284 [ERROR] LogOutputStream:75 - [STDERR_REDIRECT] [Fatal Error] :1:1: Premature end of file.
2026-05-14 14:15:40,284 [ERROR] LogOutputStream:75 - [STDERR_REDIRECT] 
2026-05-14 14:15:41,283 [ERROR] LogOutputStream:75 - [STDERR_REDIRECT] [Fatal Error] :1:1: Premature end of file.
2026-05-14 14:15:41,285 [ERROR] LogOutputStream:75 - [STDERR_REDIRECT] 
2026-05-14 14:15:42,287 [ERROR] LogOutputStream:75 - [STDERR_REDIRECT] [Fatal Error] :1:1: Premature end of file.
2026-05-14 14:15:42,287 [ERROR] LogOutputStream:75 - [STDERR_REDIRECT] 
2026-05-14 14:15:43,273 [ERROR] LogOutputStream:75 - [STDERR_REDIRECT] [Fatal Error] :1:1: Premature end of file.
2026-05-14 14:15:43,275 [ERROR] LogOutputStream:75 - [STDERR_REDIRECT] 
2026-05-14 14:15:44,276 [ERROR] LogOutputStream:75 - [STDERR_REDIRECT] [Fatal Error] :1:1: Premature end of file.
2026-05-14 14:15:44,276 [ERROR] LogOutputStream:75 - [STDERR_REDIRECT] 
2026-05-14 14:15:45,278 [ERROR] LogOutputStream:75 - [STDERR_REDIRECT] [Fatal Error] :1:1: Premature end of file.
2026-05-14 14:15:45,278 [ERROR] LogOutputStream:75 - [STDERR_REDIRECT] 
2026-05-14 14:15:46,279 [ERROR] LogOutputStream:75 - [STDERR_REDIRECT] [Fatal Error] :1:1: Premature end of file.
2026-05-14 14:15:46,279 [ERROR] LogOutputStream:75 - [STDERR_REDIRECT] 
2026-05-14 14:15:47,281 [ERROR] LogOutputStream:75 - [STDERR_REDIRECT] [Fatal Error] :1:1: Premature end of file.
2026-05-14 14:15:47,281 [ERROR] LogOutputStream:75 - [STDERR_REDIRECT] 
2026-05-14 14:15:48,283 [ERROR] LogOutputStream:75 - [STDERR_REDIRECT] [Fatal Error] :1:1: Premature end of file.
2026-05-14 14:15:48,283 [ERROR] LogOutputStream:75 - [STDERR_REDIRECT] 
2026-05-14 14:15:49,286 [ERROR] LogOutputStream:75 - [STDERR_REDIRECT] [Fatal Error] :1:1: Premature end of file.
2026-05-14 14:15:49,286 [ERROR] LogOutputStream:75 - [STDERR_REDIRECT] 
2026-05-14 14:15:50,286 [ERROR] LogOutputStream:75 - [STDERR_REDIRECT] [Fatal Error] :1:1: Premature end of file.
2026-05-14 14:15:50,286 [ERROR] LogOutputStream:75 - [STDERR_REDIRECT] 
2026-05-14 14:15:51,272 [ERROR] LogOutputStream:75 - [STDERR_REDIRECT] [Fatal Error] :1:1: Premature end of file.
2026-05-14 14:15:51,273 [ERROR] LogOutputStream:75 - [STDERR_REDIRECT] 
2026-05-14 14:15:52,275 [ERROR] LogOutputStream:75 - [STDERR_REDIRECT] [Fatal Error] :1:1: Premature end of file.
2026-05-14 14:15:52,275 [ERROR] LogOutputStream:75 - [STDERR_REDIRECT] 
2026-05-14 14:15:53,280 [ERROR] LogOutputStream:75 - [STDERR_REDIRECT] [Fatal Error] :1:1: Premature end of file.
2026-05-14 14:15:53,280 [ERROR] LogOutputStream:75 - [STDERR_REDIRECT] 
2026-05-14 14:15:54,282 [ERROR] LogOutputStream:75 - [STDERR_REDIRECT] [Fatal Error] :1:1: Premature end of file.
2026-05-14 14:15:54,282 [ERROR] LogOutputStream:75 - [STDERR_REDIRECT] 
2026-05-14 14:15:55,287 [ERROR] LogOutputStream:75 - [STDERR_REDIRECT] [Fatal Error] :1:1: Premature end of file.
2026-05-14 14:15:55,287 [ERROR] LogOutputStream:75 - [STDERR_REDIRECT] 
2026-05-14 14:15:56,272 [ERROR] LogOutputStream:75 - [STDERR_REDIRECT] [Fatal Error] :1:1: Premature end of file.
2026-05-14 14:15:56,272 [ERROR] LogOutputStream:75 - [STDERR_REDIRECT] 
2026-05-14 14:15:57,274 [ERROR] LogOutputStream:75 - [STDERR_REDIRECT] [Fatal Error] :1:1: Premature end of file.
2026-05-14 14:15:57,274 [ERROR] LogOutputStream:75 - [STDERR_REDIRECT] 
2026-05-14 14:15:58,275 [ERROR] LogOutputStream:75 - [STDERR_REDIRECT] [Fatal Error] :1:1: Premature end of file.
2026-05-14 14:15:58,276 [ERROR] LogOutputStream:75 - [STDERR_REDIRECT] 
2026-05-14 14:15:59,278 [ERROR] LogOutputStream:75 - [STDERR_REDIRECT] [Fatal Error] :1:1: Premature end of file.
2026-05-14 14:15:59,278 [ERROR] LogOutputStream:75 - [STDERR_REDIRECT] 
2026-05-14 14:16:00,281 [ERROR] LogOutputStream:75 - [STDERR_REDIRECT] [Fatal Error] :1:1: Premature end of file.
2026-05-14 14:16:00,281 [ERROR] LogOutputStream:75 - [STDERR_REDIRECT] 
2026-05-14 14:16:01,284 [ERROR] LogOutputStream:75 - [STDERR_REDIRECT] [Fatal Error] :1:1: Premature end of file.
2026-05-14 14:16:01,284 [ERROR] LogOutputStream:75 - [STDERR_REDIRECT] 
2026-05-14 14:16:02,287 [ERROR] LogOutputStream:75 - [STDERR_REDIRECT] [Fatal Error] :1:1: Premature end of file.
2026-05-14 14:16:02,287 [ERROR] LogOutputStream:75 - [STDERR_REDIRECT] 
2026-05-14 14:16:03,287 [ERROR] LogOutputStream:75 - [STDERR_REDIRECT] [Fatal Error] :1:1: Premature end of file.
2026-05-14 14:16:03,287 [ERROR] LogOutputStream:75 - [STDERR_REDIRECT] 
2026-05-14 14:16:04,274 [ERROR] LogOutputStream:75 - [STDERR_REDIRECT] [Fatal Error] :1:1: Premature end of file.
2026-05-14 14:16:04,274 [ERROR] LogOutputStream:75 - [STDERR_REDIRECT] 
2026-05-14 14:16:05,283 [ERROR] LogOutputStream:75 - [STDERR_REDIRECT] [Fatal Error] :1:1: Premature end of file.
2026-05-14 14:16:05,283 [ERROR] LogOutputStream:75 - [STDERR_REDIRECT] 
2026-05-14 14:16:06,275 [ERROR] LogOutputStream:75 - [STDERR_REDIRECT] [Fatal Error] :1:1: Premature end of file.
2026-05-14 14:16:06,275 [ERROR] LogOutputStream:75 - [STDERR_REDIRECT] 
2026-05-14 14:16:07,275 [ERROR] LogOutputStream:75 - [STDERR_REDIRECT] [Fatal Error] :1:1: Premature end of file.
2026-05-14 14:16:07,275 [ERROR] LogOutputStream:75 - [STDERR_REDIRECT] 
2026-05-14 14:16:08,276 [ERROR] LogOutputStream:75 - [STDERR_REDIRECT] [Fatal Error] :1:1: Premature end of file.
2026-05-14 14:16:08,276 [ERROR] LogOutputStream:75 - [STDERR_REDIRECT] 
2026-05-14 14:16:09,278 [ERROR] LogOutputStream:75 - [STDERR_REDIRECT] [Fatal Error] :1:1: Premature end of file.
2026-05-14 14:16:09,278 [ERROR] LogOutputStream:75 - [STDERR_REDIRECT] 
2026-05-14 14:16:10,278 [ERROR] LogOutputStream:75 - [STDERR_REDIRECT] [Fatal Error] :1:1: Premature end of file.
2026-05-14 14:16:10,278 [ERROR] LogOutputStream:75 - [STDERR_REDIRECT] 
2026-05-14 14:16:11,281 [ERROR] LogOutputStream:75 - [STDERR_REDIRECT] [Fatal Error] :1:1: Premature end of file.
2026-05-14 14:16:11,281 [ERROR] LogOutputStream:75 - [STDERR_REDIRECT] 
2026-05-14 14:16:12,284 [ERROR] LogOutputStream:75 - [STDERR_REDIRECT] [Fatal Error] :1:1: Premature end of file.
2026-05-14 14:16:12,284 [ERROR] LogOutputStream:75 - [STDERR_REDIRECT] 
2026-05-14 14:16:13,286 [ERROR] LogOutputStream:75 - [STDERR_REDIRECT] [Fatal Error] :1:1: Premature end of file.
2026-05-14 14:16:13,286 [ERROR] LogOutputStream:75 - [STDERR_REDIRECT] 
2026-05-14 14:16:14,272 [ERROR] LogOutputStream:75 - [STDERR_REDIRECT] [Fatal Error] :1:1: Premature end of file.
2026-05-14 14:16:14,274 [ERROR] LogOutputStream:75 - [STDERR_REDIRECT] 
2026-05-14 14:16:15,277 [ERROR] LogOutputStream:75 - [STDERR_REDIRECT] [Fatal Error] :1:1: Premature end of file.
2026-05-14 14:16:15,277 [ERROR] LogOutputStream:75 - [STDERR_REDIRECT] 
2026-05-14 14:16:16,277 [ERROR] LogOutputStream:75 - [STDERR_REDIRECT] [Fatal Error] :1:1: Premature end of file.
2026-05-14 14:16:16,277 [ERROR] LogOutputStream:75 - [STDERR_REDIRECT] 
2026-05-14 14:16:17,281 [ERROR] LogOutputStream:75 - [STDERR_REDIRECT] [Fatal Error] :1:1: Premature end of file.
2026-05-14 14:16:17,281 [ERROR] LogOutputStream:75 - [STDERR_REDIRECT] 
2026-05-14 14:16:18,282 [ERROR] LogOutputStream:75 - [STDERR_REDIRECT] [Fatal Error] :1:1: Premature end of file.
2026-05-14 14:16:18,282 [ERROR] LogOutputStream:75 - [STDERR_REDIRECT] 
2026-05-14 14:16:19,286 [ERROR] LogOutputStream:75 - [STDERR_REDIRECT] [Fatal Error] :1:1: Premature end of file.
2026-05-14 14:16:19,286 [ERROR] LogOutputStream:75 - [STDERR_REDIRECT] 
2026-05-14 14:16:20,273 [ERROR] LogOutputStream:75 - [STDERR_REDIRECT] [Fatal Error] :1:1: Premature end of file.
2026-05-14 14:16:20,273 [ERROR] LogOutputStream:75 - [STDERR_REDIRECT] 
2026-05-14 14:16:21,275 [ERROR] LogOutputStream:75 - [STDERR_REDIRECT] [Fatal Error] :1:1: Premature end of file.
2026-05-14 14:16:21,275 [ERROR] LogOutputStream:75 - [STDERR_REDIRECT] 
2026-05-14 14:16:22,276 [ERROR] LogOutputStream:75 - [STDERR_REDIRECT] [Fatal Error] :1:1: Premature end of file.
2026-05-14 14:16:22,276 [ERROR] LogOutputStream:75 - [STDERR_REDIRECT] 
2026-05-14 14:16:23,278 [ERROR] LogOutputStream:75 - [STDERR_REDIRECT] [Fatal Error] :1:1: Premature end of file.
2026-05-14 14:16:23,278 [ERROR] LogOutputStream:75 - [STDERR_REDIRECT] 
2026-05-14 14:16:24,281 [ERROR] LogOutputStream:75 - [STDERR_REDIRECT] [Fatal Error] :1:1: Premature end of file.
2026-05-14 14:16:24,281 [ERROR] LogOutputStream:75 - [STDERR_REDIRECT] 
2026-05-14 14:16:25,283 [ERROR] LogOutputStream:75 - [STDERR_REDIRECT] [Fatal Error] :1:1: Premature end of file.
2026-05-14 14:16:25,283 [ERROR] LogOutputStream:75 - [STDERR_REDIRECT] 
2026-05-14 14:16:26,285 [ERROR] LogOutputStream:75 - [STDERR_REDIRECT] [Fatal Error] :1:1: Premature end of file.
2026-05-14 14:16:26,285 [ERROR] LogOutputStream:75 - [STDERR_REDIRECT] 
2026-05-14 14:16:27,284 [ERROR] LogOutputStream:75 - [STDERR_REDIRECT] [Fatal Error] :1:1: Premature end of file.
2026-05-14 14:16:27,284 [ERROR] LogOutputStream:75 - [STDERR_REDIRECT] 
2026-05-14 14:16:28,287 [ERROR] LogOutputStream:75 - [STDERR_REDIRECT] [Fatal Error] :1:1: Premature end of file.
2026-05-14 14:16:28,287 [ERROR] LogOutputStream:75 - [STDERR_REDIRECT] 
2026-05-14 14:16:29,273 [ERROR] LogOutputStream:75 - [STDERR_REDIRECT] [Fatal Error] :1:1: Premature end of file.
2026-05-14 14:16:29,273 [ERROR] LogOutputStream:75 - [STDERR_REDIRECT] 
2026-05-14 14:16:30,275 [ERROR] LogOutputStream:75 - [STDERR_REDIRECT] [Fatal Error] :1:1: Premature end of file.
2026-05-14 14:16:30,275 [ERROR] LogOutputStream:75 - [STDERR_REDIRECT] 
2026-05-14 14:16:31,278 [ERROR] LogOutputStream:75 - [STDERR_REDIRECT] [Fatal Error] :1:1: Premature end of file.
2026-05-14 14:16:31,278 [ERROR] LogOutputStream:75 - [STDERR_REDIRECT] 
2026-05-14 14:16:32,282 [ERROR] LogOutputStream:75 - [STDERR_REDIRECT] [Fatal Error] :1:1: Premature end of file.
2026-05-14 14:16:32,282 [ERROR] LogOutputStream:75 - [STDERR_REDIRECT] 
2026-05-14 14:16:33,284 [ERROR] LogOutputStream:75 - [STDERR_REDIRECT] [Fatal Error] :1:1: Premature end of file.
2026-05-14 14:16:33,284 [ERROR] LogOutputStream:75 - [STDERR_REDIRECT] 
2026-05-14 14:16:34,287 [ERROR] LogOutputStream:75 - [STDERR_REDIRECT] [Fatal Error] :1:1: Premature end of file.
2026-05-14 14:16:34,287 [ERROR] LogOutputStream:75 - [STDERR_REDIRECT] 
2026-05-14 14:16:35,274 [ERROR] LogOutputStream:75 - [STDERR_REDIRECT] [Fatal Error] :1:1: Premature end of file.
2026-05-14 14:16:35,274 [ERROR] LogOutputStream:75 - [STDERR_REDIRECT] 
2026-05-14 14:16:36,275 [ERROR] LogOutputStream:75 - [STDERR_REDIRECT] [Fatal Error] :1:1: Premature end of file.
2026-05-14 14:16:36,275 [ERROR] LogOutputStream:75 - [STDERR_REDIRECT] 
2026-05-14 14:16:37,279 [ERROR] LogOutputStream:75 - [STDERR_REDIRECT] [Fatal Error] :1:1: Premature end of file.
2026-05-14 14:16:37,279 [ERROR] LogOutputStream:75 - [STDERR_REDIRECT] 
2026-05-14 14:16:38,284 [ERROR] LogOutputStream:75 - [STDERR_REDIRECT] [Fatal Error] :1:1: Premature end of file.
2026-05-14 14:16:38,284 [ERROR] LogOutputStream:75 - [STDERR_REDIRECT] 
2026-05-14 14:16:39,282 [ERROR] LogOutputStream:75 - [STDERR_REDIRECT] [Fatal Error] :1:1: Premature end of file.
2026-05-14 14:16:39,282 [ERROR] LogOutputStream:75 - [STDERR_REDIRECT] 
2026-05-14 14:16:40,286 [ERROR] LogOutputStream:75 - [STDERR_REDIRECT] [Fatal Error] :1:1: Premature end of file.
2026-05-14 14:16:40,286 [ERROR] LogOutputStream:75 - [STDERR_REDIRECT] 
2026-05-14 14:16:41,287 [ERROR] LogOutputStream:75 - [STDERR_REDIRECT] [Fatal Error] :1:1: Premature end of file.
2026-05-14 14:16:41,287 [ERROR] LogOutputStream:75 - [STDERR_REDIRECT] 
2026-05-14 14:16:42,274 [ERROR] LogOutputStream:75 - [STDERR_REDIRECT] [Fatal Error] :1:1: Premature end of file.
2026-05-14 14:16:42,274 [ERROR] LogOutputStream:75 - [STDERR_REDIRECT] 
2026-05-14 14:16:43,276 [ERROR] LogOutputStream:75 - [STDERR_REDIRECT] [Fatal Error] :1:1: Premature end of file.
2026-05-14 14:16:43,276 [ERROR] LogOutputStream:75 - [STDERR_REDIRECT] 
2026-05-14 14:16:44,277 [ERROR] LogOutputStream:75 - [STDERR_REDIRECT] [Fatal Error] :1:1: Premature end of file.
2026-05-14 14:16:44,277 [ERROR] LogOutputStream:75 - [STDERR_REDIRECT] 
2026-05-14 14:16:45,278 [ERROR] LogOutputStream:75 - [STDERR_REDIRECT] [Fatal Error] :1:1: Premature end of file.
2026-05-14 14:16:45,278 [ERROR] LogOutputStream:75 - [STDERR_REDIRECT] 
2026-05-14 14:16:46,279 [ERROR] LogOutputStream:75 - [STDERR_REDIRECT] [Fatal Error] :1:1: Premature end of file.
2026-05-14 14:16:46,279 [ERROR] LogOutputStream:75 - [STDERR_REDIRECT] 
2026-05-14 14:16:47,280 [ERROR] LogOutputStream:75 - [STDERR_REDIRECT] [Fatal Error] :1:1: Premature end of file.
2026-05-14 14:16:47,280 [ERROR] LogOutputStream:75 - [STDERR_REDIRECT] 
2026-05-14 14:16:48,282 [ERROR] LogOutputStream:75 - [STDERR_REDIRECT] [Fatal Error] :1:1: Premature end of file.
2026-05-14 14:16:48,282 [ERROR] LogOutputStream:75 - [STDERR_REDIRECT] 
2026-05-14 14:16:49,283 [ERROR] LogOutputStream:75 - [STDERR_REDIRECT] [Fatal Error] :1:1: Premature end of file.
2026-05-14 14:16:49,283 [ERROR] LogOutputStream:75 - [STDERR_REDIRECT] 
2026-05-14 14:16:50,284 [ERROR] LogOutputStream:75 - [STDERR_REDIRECT] [Fatal Error] :1:1: Premature end of file.
2026-05-14 14:16:50,284 [ERROR] LogOutputStream:75 - [STDERR_REDIRECT] 
2026-05-14 14:16:51,286 [ERROR] LogOutputStream:75 - [STDERR_REDIRECT] [Fatal Error] :1:1: Premature end of file.
2026-05-14 14:16:51,286 [ERROR] LogOutputStream:75 - [STDERR_REDIRECT] 
2026-05-14 14:16:52,272 [ERROR] LogOutputStream:75 - [STDERR_REDIRECT] [Fatal Error] :1:1: Premature end of file.
2026-05-14 14:16:52,274 [ERROR] LogOutputStream:75 - [STDERR_REDIRECT] 
2026-05-14 14:16:53,274 [ERROR] LogOutputStream:75 - [STDERR_REDIRECT] [Fatal Error] :1:1: Premature end of file.
2026-05-14 14:16:53,274 [ERROR] LogOutputStream:75 - [STDERR_REDIRECT] 
2026-05-14 14:16:54,274 [ERROR] LogOutputStream:75 - [STDERR_REDIRECT] [Fatal Error] :1:1: Premature end of file.
2026-05-14 14:16:54,274 [ERROR] LogOutputStream:75 - [STDERR_REDIRECT] 
2026-05-14 14:16:55,276 [ERROR] LogOutputStream:75 - [STDERR_REDIRECT] [Fatal Error] :1:1: Premature end of file.
2026-05-14 14:16:55,276 [ERROR] LogOutputStream:75 - [STDERR_REDIRECT] 
2026-05-14 14:16:56,276 [ERROR] LogOutputStream:75 - [STDERR_REDIRECT] [Fatal Error] :1:1: Premature end of file.
2026-05-14 14:16:56,277 [ERROR] LogOutputStream:75 - [STDERR_REDIRECT] 
2026-05-14 14:16:57,277 [ERROR] LogOutputStream:75 - [STDERR_REDIRECT] [Fatal Error] :1:1: Premature end of file.
2026-05-14 14:16:57,277 [ERROR] LogOutputStream:75 - [STDERR_REDIRECT] 
2026-05-14 14:16:58,280 [ERROR] LogOutputStream:75 - [STDERR_REDIRECT] [Fatal Error] :1:1: Premature end of file.
2026-05-14 14:16:58,280 [ERROR] LogOutputStream:75 - [STDERR_REDIRECT] 
2026-05-14 14:16:59,282 [ERROR] LogOutputStream:75 - [STDERR_REDIRECT] [Fatal Error] :1:1: Premature end of file.
2026-05-14 14:16:59,282 [ERROR] LogOutputStream:75 - [STDERR_REDIRECT] 
2026-05-14 14:17:00,279 [ERROR] LogOutputStream:75 - [STDERR_REDIRECT] [Fatal Error] :1:1: Premature end of file.
2026-05-14 14:17:00,279 [ERROR] LogOutputStream:75 - [STDERR_REDIRECT] 
2026-05-14 14:17:01,284 [ERROR] LogOutputStream:75 - [STDERR_REDIRECT] [Fatal Error] :1:1: Premature end of file.
2026-05-14 14:17:01,284 [ERROR] LogOutputStream:75 - [STDERR_REDIRECT] 
2026-05-14 14:17:02,286 [ERROR] LogOutputStream:75 - [STDERR_REDIRECT] [Fatal Error] :1:1: Premature end of file.
2026-05-14 14:17:02,286 [ERROR] LogOutputStream:75 - [STDERR_REDIRECT] 
2026-05-14 14:17:03,287 [ERROR] LogOutputStream:75 - [STDERR_REDIRECT] [Fatal Error] :1:1: Premature end of file.
2026-05-14 14:17:03,287 [ERROR] LogOutputStream:75 - [STDERR_REDIRECT] 
2026-05-14 14:17:04,288 [ERROR] LogOutputStream:75 - [STDERR_REDIRECT] [Fatal Error] :1:1: Premature end of file.
2026-05-14 14:17:04,288 [ERROR] LogOutputStream:75 - [STDERR_REDIRECT] 
2026-05-14 14:17:05,272 [ERROR] LogOutputStream:75 - [STDERR_REDIRECT] [Fatal Error] :1:1: Premature end of file.
2026-05-14 14:17:05,272 [ERROR] LogOutputStream:75 - [STDERR_REDIRECT] 
2026-05-14 14:17:06,275 [ERROR] LogOutputStream:75 - [STDERR_REDIRECT] [Fatal Error] :1:1: Premature end of file.
2026-05-14 14:17:06,275 [ERROR] LogOutputStream:75 - [STDERR_REDIRECT] 
2026-05-14 14:17:07,277 [ERROR] LogOutputStream:75 - [STDERR_REDIRECT] [Fatal Error] :1:1: Premature end of file.
2026-05-14 14:17:07,277 [ERROR] LogOutputStream:75 - [STDERR_REDIRECT] 
2026-05-14 14:17:08,279 [ERROR] LogOutputStream:75 - [STDERR_REDIRECT] [Fatal Error] :1:1: Premature end of file.
2026-05-14 14:17:08,279 [ERROR] LogOutputStream:75 - [STDERR_REDIRECT] 
2026-05-14 14:17:09,281 [ERROR] LogOutputStream:75 - [STDERR_REDIRECT] [Fatal Error] :1:1: Premature end of file.
2026-05-14 14:17:09,281 [ERROR] LogOutputStream:75 - [STDERR_REDIRECT] 
2026-05-14 14:17:10,283 [ERROR] LogOutputStream:75 - [STDERR_REDIRECT] [Fatal Error] :1:1: Premature end of file.
2026-05-14 14:17:10,283 [ERROR] LogOutputStream:75 - [STDERR_REDIRECT] 
2026-05-14 14:17:11,285 [ERROR] LogOutputStream:75 - [STDERR_REDIRECT] [Fatal Error] :1:1: Premature end of file.
2026-05-14 14:17:11,285 [ERROR] LogOutputStream:75 - [STDERR_REDIRECT] 
2026-05-14 14:17:12,272 [ERROR] LogOutputStream:75 - [STDERR_REDIRECT] [Fatal Error] :1:1: Premature end of file.
2026-05-14 14:17:12,272 [ERROR] LogOutputStream:75 - [STDERR_REDIRECT] 
2026-05-14 14:17:13,274 [ERROR] LogOutputStream:75 - [STDERR_REDIRECT] [Fatal Error] :1:1: Premature end of file.
2026-05-14 14:17:13,274 [ERROR] LogOutputStream:75 - [STDERR_REDIRECT] 
2026-05-14 14:17:14,276 [ERROR] LogOutputStream:75 - [STDERR_REDIRECT] [Fatal Error] :1:1: Premature end of file.
2026-05-14 14:17:14,276 [ERROR] LogOutputStream:75 - [STDERR_REDIRECT] 
2026-05-14 14:17:15,279 [ERROR] LogOutputStream:75 - [STDERR_REDIRECT] [Fatal Error] :1:1: Premature end of file.
2026-05-14 14:17:15,279 [ERROR] LogOutputStream:75 - [STDERR_REDIRECT] 
2026-05-14 14:17:16,280 [ERROR] LogOutputStream:75 - [STDERR_REDIRECT] [Fatal Error] :1:1: Premature end of file.
2026-05-14 14:17:16,280 [ERROR] LogOutputStream:75 - [STDERR_REDIRECT] 
2026-05-14 14:17:17,281 [ERROR] LogOutputStream:75 - [STDERR_REDIRECT] [Fatal Error] :1:1: Premature end of file.
2026-05-14 14:17:17,281 [ERROR] LogOutputStream:75 - [STDERR_REDIRECT] 
2026-05-14 14:17:18,283 [ERROR] LogOutputStream:75 - [STDERR_REDIRECT] [Fatal Error] :1:1: Premature end of file.
2026-05-14 14:17:18,283 [ERROR] LogOutputStream:75 - [STDERR_REDIRECT] 
2026-05-14 14:17:19,272 [ERROR] LogOutputStream:75 - [STDERR_REDIRECT] [Fatal Error] :1:1: Premature end of file.
2026-05-14 14:17:19,272 [ERROR] LogOutputStream:75 - [STDERR_REDIRECT] 
2026-05-14 14:17:20,273 [ERROR] LogOutputStream:75 - [STDERR_REDIRECT] [Fatal Error] :1:1: Premature end of file.
2026-05-14 14:17:20,273 [ERROR] LogOutputStream:75 - [STDERR_REDIRECT] 
2026-05-14 14:17:21,274 [ERROR] LogOutputStream:75 - [STDERR_REDIRECT] [Fatal Error] :1:1: Premature end of file.
2026-05-14 14:17:21,274 [ERROR] LogOutputStream:75 - [STDERR_REDIRECT] 
2026-05-14 14:17:22,278 [ERROR] LogOutputStream:75 - [STDERR_REDIRECT] [Fatal Error] :1:1: Premature end of file.
2026-05-14 14:17:22,278 [ERROR] LogOutputStream:75 - [STDERR_REDIRECT] 
2026-05-14 14:17:23,279 [ERROR] LogOutputStream:75 - [STDERR_REDIRECT] [Fatal Error] :1:1: Premature end of file.
2026-05-14 14:17:23,279 [ERROR] LogOutputStream:75 - [STDERR_REDIRECT] 
2026-05-14 14:17:24,280 [ERROR] LogOutputStream:75 - [STDERR_REDIRECT] [Fatal Error] :1:1: Premature end of file.
2026-05-14 14:17:24,280 [ERROR] LogOutputStream:75 - [STDERR_REDIRECT] 
2026-05-14 14:17:25,281 [ERROR] LogOutputStream:75 - [STDERR_REDIRECT] [Fatal Error] :1:1: Premature end of file.
2026-05-14 14:17:25,281 [ERROR] LogOutputStream:75 - [STDERR_REDIRECT] 
2026-05-14 14:17:26,286 [ERROR] LogOutputStream:75 - [STDERR_REDIRECT] [Fatal Error] :1:1: Premature end of file.
2026-05-14 14:17:26,286 [ERROR] LogOutputStream:75 - [STDERR_REDIRECT] 
2026-05-14 14:17:27,272 [ERROR] LogOutputStream:75 - [STDERR_REDIRECT] [Fatal Error] :1:1: Premature end of file.
2026-05-14 14:17:27,272 [ERROR] LogOutputStream:75 - [STDERR_REDIRECT] 
2026-05-14 14:17:28,272 [ERROR] LogOutputStream:75 - [STDERR_REDIRECT] [Fatal Error] :1:1: Premature end of file.
2026-05-14 14:17:28,272 [ERROR] LogOutputStream:75 - [STDERR_REDIRECT] 
2026-05-14 14:17:29,275 [ERROR] LogOutputStream:75 - [STDERR_REDIRECT] [Fatal Error] :1:1: Premature end of file.
2026-05-14 14:17:29,275 [ERROR] LogOutputStream:75 - [STDERR_REDIRECT] 
2026-05-14 14:17:30,277 [ERROR] LogOutputStream:75 - [STDERR_REDIRECT] [Fatal Error] :1:1: Premature end of file.
2026-05-14 14:17:30,277 [ERROR] LogOutputStream:75 - [STDERR_REDIRECT] 
2026-05-14 14:17:31,276 [ERROR] LogOutputStream:75 - [STDERR_REDIRECT] [Fatal Error] :1:1: Premature end of file.
2026-05-14 14:17:31,276 [ERROR] LogOutputStream:75 - [STDERR_REDIRECT] 
2026-05-14 14:17:32,278 [ERROR] LogOutputStream:75 - [STDERR_REDIRECT] [Fatal Error] :1:1: Premature end of file.
2026-05-14 14:17:32,278 [ERROR] LogOutputStream:75 - [STDERR_REDIRECT] 
2026-05-14 14:17:33,280 [ERROR] LogOutputStream:75 - [STDERR_REDIRECT] [Fatal Error] :1:1: Premature end of file.
2026-05-14 14:17:33,280 [ERROR] LogOutputStream:75 - [STDERR_REDIRECT] 
2026-05-14 14:17:34,283 [ERROR] LogOutputStream:75 - [STDERR_REDIRECT] [Fatal Error] :1:1: Premature end of file.
2026-05-14 14:17:34,283 [ERROR] LogOutputStream:75 - [STDERR_REDIRECT] 
2026-05-14 14:17:35,286 [ERROR] LogOutputStream:75 - [STDERR_REDIRECT] [Fatal Error] :1:1: Premature end of file.
2026-05-14 14:17:35,286 [ERROR] LogOutputStream:75 - [STDERR_REDIRECT] 
2026-05-14 14:17:36,273 [ERROR] LogOutputStream:75 - [STDERR_REDIRECT] [Fatal Error] :1:1: Premature end of file.
2026-05-14 14:17:36,273 [ERROR] LogOutputStream:75 - [STDERR_REDIRECT] 
2026-05-14 14:17:37,273 [ERROR] LogOutputStream:75 - [STDERR_REDIRECT] [Fatal Error] :1:1: Premature end of file.
2026-05-14 14:17:37,273 [ERROR] LogOutputStream:75 - [STDERR_REDIRECT] 
2026-05-14 14:17:38,274 [ERROR] LogOutputStream:75 - [STDERR_REDIRECT] [Fatal Error] :1:1: Premature end of file.
2026-05-14 14:17:38,274 [ERROR] LogOutputStream:75 - [STDERR_REDIRECT] 
2026-05-14 14:17:39,277 [ERROR] LogOutputStream:75 - [STDERR_REDIRECT] [Fatal Error] :1:1: Premature end of file.
2026-05-14 14:17:39,277 [ERROR] LogOutputStream:75 - [STDERR_REDIRECT] 
2026-05-14 14:17:40,278 [ERROR] LogOutputStream:75 - [STDERR_REDIRECT] [Fatal Error] :1:1: Premature end of file.
2026-05-14 14:17:40,278 [ERROR] LogOutputStream:75 - [STDERR_REDIRECT] 
2026-05-14 14:17:41,279 [ERROR] LogOutputStream:75 - [STDERR_REDIRECT] [Fatal Error] :1:1: Premature end of file.
2026-05-14 14:17:41,279 [ERROR] LogOutputStream:75 - [STDERR_REDIRECT] 
2026-05-14 14:17:42,282 [ERROR] LogOutputStream:75 - [STDERR_REDIRECT] [Fatal Error] :1:1: Premature end of file.
2026-05-14 14:17:42,282 [ERROR] LogOutputStream:75 - [STDERR_REDIRECT] 
2026-05-14 14:17:43,285 [ERROR] LogOutputStream:75 - [STDERR_REDIRECT] [Fatal Error] :1:1: Premature end of file.
2026-05-14 14:17:43,285 [ERROR] LogOutputStream:75 - [STDERR_REDIRECT] 
2026-05-14 14:17:44,287 [ERROR] LogOutputStream:75 - [STDERR_REDIRECT] [Fatal Error] :1:1: Premature end of file.
2026-05-14 14:17:44,287 [ERROR] LogOutputStream:75 - [STDERR_REDIRECT] 
2026-05-14 14:17:45,273 [ERROR] LogOutputStream:75 - [STDERR_REDIRECT] [Fatal Error] :1:1: Premature end of file.
2026-05-14 14:17:45,273 [ERROR] LogOutputStream:75 - [STDERR_REDIRECT] 
2026-05-14 14:17:46,274 [ERROR] LogOutputStream:75 - [STDERR_REDIRECT] [Fatal Error] :1:1: Premature end of file.
2026-05-14 14:17:46,274 [ERROR] LogOutputStream:75 - [STDERR_REDIRECT] 
2026-05-14 14:17:47,278 [ERROR] LogOutputStream:75 - [STDERR_REDIRECT] [Fatal Error] :1:1: Premature end of file.
2026-05-14 14:17:47,278 [ERROR] LogOutputStream:75 - [STDERR_REDIRECT] 
2026-05-14 14:17:48,282 [ERROR] LogOutputStream:75 - [STDERR_REDIRECT] [Fatal Error] :1:1: Premature end of file.
2026-05-14 14:17:48,282 [ERROR] LogOutputStream:75 - [STDERR_REDIRECT] 
2026-05-14 14:17:49,286 [ERROR] LogOutputStream:75 - [STDERR_REDIRECT] [Fatal Error] :1:1: Premature end of file.
2026-05-14 14:17:49,286 [ERROR] LogOutputStream:75 - [STDERR_REDIRECT] 
2026-05-14 14:17:50,287 [ERROR] LogOutputStream:75 - [STDERR_REDIRECT] [Fatal Error] :1:1: Premature end of file.
2026-05-14 14:17:50,287 [ERROR] LogOutputStream:75 - [STDERR_REDIRECT] 
2026-05-14 14:17:51,285 [ERROR] LogOutputStream:75 - [STDERR_REDIRECT] [Fatal Error] :1:1: Premature end of file.
2026-05-14 14:17:51,285 [ERROR] LogOutputStream:75 - [STDERR_REDIRECT] 
2026-05-14 14:17:52,288 [ERROR] LogOutputStream:75 - [STDERR_REDIRECT] [Fatal Error] :1:1: Premature end of file.
2026-05-14 14:17:52,288 [ERROR] LogOutputStream:75 - [STDERR_REDIRECT] 
2026-05-14 14:17:53,274 [ERROR] LogOutputStream:75 - [STDERR_REDIRECT] [Fatal Error] :1:1: Premature end of file.
2026-05-14 14:17:53,274 [ERROR] LogOutputStream:75 - [STDERR_REDIRECT] 
2026-05-14 14:17:54,275 [ERROR] LogOutputStream:75 - [STDERR_REDIRECT] [Fatal Error] :1:1: Premature end of file.
2026-05-14 14:17:54,275 [ERROR] LogOutputStream:75 - [STDERR_REDIRECT] 
2026-05-14 14:17:55,272 [ERROR] LogOutputStream:75 - [STDERR_REDIRECT] [Fatal Error] :1:1: Premature end of file.
2026-05-14 14:17:55,272 [ERROR] LogOutputStream:75 - [STDERR_REDIRECT] 
2026-05-14 14:17:56,276 [ERROR] LogOutputStream:75 - [STDERR_REDIRECT] [Fatal Error] :1:1: Premature end of file.
2026-05-14 14:17:56,276 [ERROR] LogOutputStream:75 - [STDERR_REDIRECT] 
2026-05-14 14:17:57,278 [ERROR] LogOutputStream:75 - [STDERR_REDIRECT] [Fatal Error] :1:1: Premature end of file.
2026-05-14 14:17:57,278 [ERROR] LogOutputStream:75 - [STDERR_REDIRECT] 
2026-05-14 14:17:58,279 [ERROR] LogOutputStream:75 - [STDERR_REDIRECT] [Fatal Error] :1:1: Premature end of file.
2026-05-14 14:17:58,279 [ERROR] LogOutputStream:75 - [STDERR_REDIRECT] 
2026-05-14 14:17:59,280 [ERROR] LogOutputStream:75 - [STDERR_REDIRECT] [Fatal Error] :1:1: Premature end of file.
2026-05-14 14:17:59,280 [ERROR] LogOutputStream:75 - [STDERR_REDIRECT] 
2026-05-14 14:18:00,282 [ERROR] LogOutputStream:75 - [STDERR_REDIRECT] [Fatal Error] :1:1: Premature end of file.
2026-05-14 14:18:00,282 [ERROR] LogOutputStream:75 - [STDERR_REDIRECT] 
2026-05-14 14:18:01,282 [ERROR] LogOutputStream:75 - [STDERR_REDIRECT] [Fatal Error] :1:1: Premature end of file.
2026-05-14 14:18:01,282 [ERROR] LogOutputStream:75 - [STDERR_REDIRECT] 
2026-05-14 14:18:02,285 [ERROR] LogOutputStream:75 - [STDERR_REDIRECT] [Fatal Error] :1:1: Premature end of file.
2026-05-14 14:18:02,285 [ERROR] LogOutputStream:75 - [STDERR_REDIRECT] 
2026-05-14 14:18:03,285 [ERROR] LogOutputStream:75 - [STDERR_REDIRECT] [Fatal Error] :1:1: Premature end of file.
2026-05-14 14:18:03,285 [ERROR] LogOutputStream:75 - [STDERR_REDIRECT] 
2026-05-14 14:18:04,287 [ERROR] LogOutputStream:75 - [STDERR_REDIRECT] [Fatal Error] :1:1: Premature end of file.
2026-05-14 14:18:04,287 [ERROR] LogOutputStream:75 - [STDERR_REDIRECT] 
2026-05-14 14:18:05,274 [ERROR] LogOutputStream:75 - [STDERR_REDIRECT] [Fatal Error] :1:1: Premature end of file.
2026-05-14 14:18:05,274 [ERROR] LogOutputStream:75 - [STDERR_REDIRECT] 
2026-05-14 14:18:06,275 [ERROR] LogOutputStream:75 - [STDERR_REDIRECT] [Fatal Error] :1:1: Premature end of file.
2026-05-14 14:18:06,275 [ERROR] LogOutputStream:75 - [STDERR_REDIRECT] 
2026-05-14 14:18:07,277 [ERROR] LogOutputStream:75 - [STDERR_REDIRECT] [Fatal Error] :1:1: Premature end of file.
2026-05-14 14:18:07,277 [ERROR] LogOutputStream:75 - [STDERR_REDIRECT] 
2026-05-14 14:18:08,279 [ERROR] LogOutputStream:75 - [STDERR_REDIRECT] [Fatal Error] :1:1: Premature end of file.
2026-05-14 14:18:08,279 [ERROR] LogOutputStream:75 - [STDERR_REDIRECT] 
2026-05-14 14:18:09,281 [ERROR] LogOutputStream:75 - [STDERR_REDIRECT] [Fatal Error] :1:1: Premature end of file.
2026-05-14 14:18:09,281 [ERROR] LogOutputStream:75 - [STDERR_REDIRECT] 
2026-05-14 14:18:10,282 [ERROR] LogOutputStream:75 - [STDERR_REDIRECT] [Fatal Error] :1:1: Premature end of file.
2026-05-14 14:18:10,282 [ERROR] LogOutputStream:75 - [STDERR_REDIRECT] 
2026-05-14 14:18:11,283 [ERROR] LogOutputStream:75 - [STDERR_REDIRECT] [Fatal Error] :1:1: Premature end of file.
2026-05-14 14:18:11,283 [ERROR] LogOutputStream:75 - [STDERR_REDIRECT] 
2026-05-14 14:18:12,283 [ERROR] LogOutputStream:75 - [STDERR_REDIRECT] [Fatal Error] :1:1: Premature end of file.
2026-05-14 14:18:12,283 [ERROR] LogOutputStream:75 - [STDERR_REDIRECT] 
2026-05-14 14:18:13,287 [ERROR] LogOutputStream:75 - [STDERR_REDIRECT] [Fatal Error] :1:1: Premature end of file.
2026-05-14 14:18:13,287 [ERROR] LogOutputStream:75 - [STDERR_REDIRECT] 
2026-05-14 14:18:14,272 [ERROR] LogOutputStream:75 - [STDERR_REDIRECT] [Fatal Error] :1:1: Premature end of file.
2026-05-14 14:18:14,272 [ERROR] LogOutputStream:75 - [STDERR_REDIRECT] 
2026-05-14 14:18:15,274 [ERROR] LogOutputStream:75 - [STDERR_REDIRECT] [Fatal Error] :1:1: Premature end of file.
2026-05-14 14:18:15,274 [ERROR] LogOutputStream:75 - [STDERR_REDIRECT] 
2026-05-14 14:18:16,275 [ERROR] LogOutputStream:75 - [STDERR_REDIRECT] [Fatal Error] :1:1: Premature end of file.
2026-05-14 14:18:16,275 [ERROR] LogOutputStream:75 - [STDERR_REDIRECT] 
2026-05-14 14:18:17,277 [ERROR] LogOutputStream:75 - [STDERR_REDIRECT] [Fatal Error] :1:1: Premature end of file.
2026-05-14 14:18:17,277 [ERROR] LogOutputStream:75 - [STDERR_REDIRECT] 
2026-05-14 14:18:18,280 [ERROR] LogOutputStream:75 - [STDERR_REDIRECT] [Fatal Error] :1:1: Premature end of file.
2026-05-14 14:18:18,280 [ERROR] LogOutputStream:75 - [STDERR_REDIRECT] 
2026-05-14 14:18:19,281 [ERROR] LogOutputStream:75 - [STDERR_REDIRECT] [Fatal Error] :1:1: Premature end of file.
2026-05-14 14:18:19,281 [ERROR] LogOutputStream:75 - [STDERR_REDIRECT] 
2026-05-14 14:18:20,282 [ERROR] LogOutputStream:75 - [STDERR_REDIRECT] [Fatal Error] :1:1: Premature end of file.
2026-05-14 14:18:20,282 [ERROR] LogOutputStream:75 - [STDERR_REDIRECT] 
2026-05-14 14:18:21,283 [ERROR] LogOutputStream:75 - [STDERR_REDIRECT] [Fatal Error] :1:1: Premature end of file.
2026-05-14 14:18:21,283 [ERROR] LogOutputStream:75 - [STDERR_REDIRECT] 
2026-05-14 14:18:22,284 [ERROR] LogOutputStream:75 - [STDERR_REDIRECT] [Fatal Error] :1:1: Premature end of file.
2026-05-14 14:18:22,284 [ERROR] LogOutputStream:75 - [STDERR_REDIRECT] 
2026-05-14 14:18:23,285 [ERROR] LogOutputStream:75 - [STDERR_REDIRECT] [Fatal Error] :1:1: Premature end of file.
2026-05-14 14:18:23,285 [ERROR] LogOutputStream:75 - [STDERR_REDIRECT] 
2026-05-14 14:18:24,287 [ERROR] LogOutputStream:75 - [STDERR_REDIRECT] [Fatal Error] :1:1: Premature end of file.
2026-05-14 14:18:24,287 [ERROR] LogOutputStream:75 - [STDERR_REDIRECT] 
2026-05-14 14:18:25,272 [ERROR] LogOutputStream:75 - [STDERR_REDIRECT] [Fatal Error] :1:1: Premature end of file.
2026-05-14 14:18:25,272 [ERROR] LogOutputStream:75 - [STDERR_REDIRECT] 
2026-05-14 14:18:26,273 [ERROR] LogOutputStream:75 - [STDERR_REDIRECT] [Fatal Error] :1:1: Premature end of file.
2026-05-14 14:18:26,273 [ERROR] LogOutputStream:75 - [STDERR_REDIRECT] 
2026-05-14 14:18:27,275 [ERROR] LogOutputStream:75 - [STDERR_REDIRECT] [Fatal Error] :1:1: Premature end of file.
2026-05-14 14:18:27,275 [ERROR] LogOutputStream:75 - [STDERR_REDIRECT] 
2026-05-14 14:18:28,278 [ERROR] LogOutputStream:75 - [STDERR_REDIRECT] [Fatal Error] :1:1: Premature end of file.
2026-05-14 14:18:28,278 [ERROR] LogOutputStream:75 - [STDERR_REDIRECT] 
2026-05-14 14:18:29,282 [ERROR] LogOutputStream:75 - [STDERR_REDIRECT] [Fatal Error] :1:1: Premature end of file.
2026-05-14 14:18:29,282 [ERROR] LogOutputStream:75 - [STDERR_REDIRECT] 
2026-05-14 14:18:30,282 [ERROR] LogOutputStream:75 - [STDERR_REDIRECT] [Fatal Error] :1:1: Premature end of file.
2026-05-14 14:18:30,282 [ERROR] LogOutputStream:75 - [STDERR_REDIRECT] 
2026-05-14 14:18:31,282 [ERROR] LogOutputStream:75 - [STDERR_REDIRECT] [Fatal Error] :1:1: Premature end of file.
2026-05-14 14:18:31,282 [ERROR] LogOutputStream:75 - [STDERR_REDIRECT] 
2026-05-14 14:18:32,286 [ERROR] LogOutputStream:75 - [STDERR_REDIRECT] [Fatal Error] :1:1: Premature end of file.
2026-05-14 14:18:32,286 [ERROR] LogOutputStream:75 - [STDERR_REDIRECT] 
2026-05-14 14:18:33,286 [ERROR] LogOutputStream:75 - [STDERR_REDIRECT] [Fatal Error] :1:1: Premature end of file.
2026-05-14 14:18:33,286 [ERROR] LogOutputStream:75 - [STDERR_REDIRECT] 
2026-05-14 14:18:34,273 [ERROR] LogOutputStream:75 - [STDERR_REDIRECT] [Fatal Error] :1:1: Premature end of file.
2026-05-14 14:18:34,273 [ERROR] LogOutputStream:75 - [STDERR_REDIRECT] 
2026-05-14 14:18:35,276 [ERROR] LogOutputStream:75 - [STDERR_REDIRECT] [Fatal Error] :1:1: Premature end of file.
2026-05-14 14:18:35,276 [ERROR] LogOutputStream:75 - [STDERR_REDIRECT] 
2026-05-14 14:18:36,277 [ERROR] LogOutputStream:75 - [STDERR_REDIRECT] [Fatal Error] :1:1: Premature end of file.
2026-05-14 14:18:36,277 [ERROR] LogOutputStream:75 - [STDERR_REDIRECT] 
2026-05-14 14:18:37,280 [ERROR] LogOutputStream:75 - [STDERR_REDIRECT] [Fatal Error] :1:1: Premature end of file.
2026-05-14 14:18:37,280 [ERROR] LogOutputStream:75 - [STDERR_REDIRECT] 
2026-05-14 14:18:38,280 [ERROR] LogOutputStream:75 - [STDERR_REDIRECT] [Fatal Error] :1:1: Premature end of file.
2026-05-14 14:18:38,280 [ERROR] LogOutputStream:75 - [STDERR_REDIRECT] 
2026-05-14 14:18:39,284 [ERROR] LogOutputStream:75 - [STDERR_REDIRECT] [Fatal Error] :1:1: Premature end of file.
2026-05-14 14:18:39,284 [ERROR] LogOutputStream:75 - [STDERR_REDIRECT] 
2026-05-14 14:18:40,286 [ERROR] LogOutputStream:75 - [STDERR_REDIRECT] [Fatal Error] :1:1: Premature end of file.
2026-05-14 14:18:40,286 [ERROR] LogOutputStream:75 - [STDERR_REDIRECT] 
2026-05-14 14:18:41,273 [ERROR] LogOutputStream:75 - [STDERR_REDIRECT] [Fatal Error] :1:1: Premature end of file.
2026-05-14 14:18:41,273 [ERROR] LogOutputStream:75 - [STDERR_REDIRECT] 
2026-05-14 14:18:42,274 [ERROR] LogOutputStream:75 - [STDERR_REDIRECT] [Fatal Error] :1:1: Premature end of file.
2026-05-14 14:18:42,274 [ERROR] LogOutputStream:75 - [STDERR_REDIRECT] 
2026-05-14 14:18:43,277 [ERROR] LogOutputStream:75 - [STDERR_REDIRECT] [Fatal Error] :1:1: Premature end of file.
2026-05-14 14:18:43,277 [ERROR] LogOutputStream:75 - [STDERR_REDIRECT] 
2026-05-14 14:18:44,279 [ERROR] LogOutputStream:75 - [STDERR_REDIRECT] [Fatal Error] :1:1: Premature end of file.
2026-05-14 14:18:44,279 [ERROR] LogOutputStream:75 - [STDERR_REDIRECT] 
2026-05-14 14:18:45,282 [ERROR] LogOutputStream:75 - [STDERR_REDIRECT] [Fatal Error] :1:1: Premature end of file.
2026-05-14 14:18:45,282 [ERROR] LogOutputStream:75 - [STDERR_REDIRECT] 
2026-05-14 14:18:46,284 [ERROR] LogOutputStream:75 - [STDERR_REDIRECT] [Fatal Error] :1:1: Premature end of file.
2026-05-14 14:18:46,284 [ERROR] LogOutputStream:75 - [STDERR_REDIRECT] 
2026-05-14 14:18:47,286 [ERROR] LogOutputStream:75 - [STDERR_REDIRECT] [Fatal Error] :1:1: Premature end of file.
2026-05-14 14:18:47,286 [ERROR] LogOutputStream:75 - [STDERR_REDIRECT] 
2026-05-14 14:18:48,287 [ERROR] LogOutputStream:75 - [STDERR_REDIRECT] [Fatal Error] :1:1: Premature end of file.
2026-05-14 14:18:48,287 [ERROR] LogOutputStream:75 - [STDERR_REDIRECT] 
2026-05-14 14:18:49,287 [ERROR] LogOutputStream:75 - [STDERR_REDIRECT] [Fatal Error] :1:1: Premature end of file.
2026-05-14 14:18:49,287 [ERROR] LogOutputStream:75 - [STDERR_REDIRECT] 
2026-05-14 14:18:50,273 [ERROR] LogOutputStream:75 - [STDERR_REDIRECT] [Fatal Error] :1:1: Premature end of file.
2026-05-14 14:18:50,273 [ERROR] LogOutputStream:75 - [STDERR_REDIRECT] 
2026-05-14 14:18:51,275 [ERROR] LogOutputStream:75 - [STDERR_REDIRECT] [Fatal Error] :1:1: Premature end of file.
2026-05-14 14:18:51,275 [ERROR] LogOutputStream:75 - [STDERR_REDIRECT] 
2026-05-14 14:18:52,275 [ERROR] LogOutputStream:75 - [STDERR_REDIRECT] [Fatal Error] :1:1: Premature end of file.
2026-05-14 14:18:52,275 [ERROR] LogOutputStream:75 - [STDERR_REDIRECT] 
2026-05-14 14:18:53,277 [ERROR] LogOutputStream:75 - [STDERR_REDIRECT] [Fatal Error] :1:1: Premature end of file.
2026-05-14 14:18:53,277 [ERROR] LogOutputStream:75 - [STDERR_REDIRECT] 
2026-05-14 14:18:54,280 [ERROR] LogOutputStream:75 - [STDERR_REDIRECT] [Fatal Error] :1:1: Premature end of file.
2026-05-14 14:18:54,280 [ERROR] LogOutputStream:75 - [STDERR_REDIRECT] 
2026-05-14 14:18:55,283 [ERROR] LogOutputStream:75 - [STDERR_REDIRECT] [Fatal Error] :1:1: Premature end of file.
2026-05-14 14:18:55,283 [ERROR] LogOutputStream:75 - [STDERR_REDIRECT] 
2026-05-14 14:18:56,286 [ERROR] LogOutputStream:75 - [STDERR_REDIRECT] [Fatal Error] :1:1: Premature end of file.
2026-05-14 14:18:56,286 [ERROR] LogOutputStream:75 - [STDERR_REDIRECT] 
2026-05-14 14:18:57,275 [ERROR] LogOutputStream:75 - [STDERR_REDIRECT] [Fatal Error] :1:1: Premature end of file.
2026-05-14 14:18:57,275 [ERROR] LogOutputStream:75 - [STDERR_REDIRECT] 
2026-05-14 14:18:58,279 [ERROR] LogOutputStream:75 - [STDERR_REDIRECT] [Fatal Error] :1:1: Premature end of file.
2026-05-14 14:18:58,279 [ERROR] LogOutputStream:75 - [STDERR_REDIRECT] 
2026-05-14 14:18:59,282 [ERROR] LogOutputStream:75 - [STDERR_REDIRECT] [Fatal Error] :1:1: Premature end of file.
2026-05-14 14:18:59,282 [ERROR] LogOutputStream:75 - [STDERR_REDIRECT] 
2026-05-14 14:19:00,285 [ERROR] LogOutputStream:75 - [STDERR_REDIRECT] [Fatal Error] :1:1: Premature end of file.
2026-05-14 14:19:00,285 [ERROR] LogOutputStream:75 - [STDERR_REDIRECT] 
2026-05-14 14:19:01,286 [ERROR] LogOutputStream:75 - [STDERR_REDIRECT] [Fatal Error] :1:1: Premature end of file.
2026-05-14 14:19:01,286 [ERROR] LogOutputStream:75 - [STDERR_REDIRECT] 
2026-05-14 14:19:02,286 [ERROR] LogOutputStream:75 - [STDERR_REDIRECT] [Fatal Error] :1:1: Premature end of file.
2026-05-14 14:19:02,286 [ERROR] LogOutputStream:75 - [STDERR_REDIRECT] 
2026-05-14 14:19:03,288 [ERROR] LogOutputStream:75 - [STDERR_REDIRECT] [Fatal Error] :1:1: Premature end of file.
2026-05-14 14:19:03,288 [ERROR] LogOutputStream:75 - [STDERR_REDIRECT] 
2026-05-14 14:19:04,275 [ERROR] LogOutputStream:75 - [STDERR_REDIRECT] [Fatal Error] :1:1: Premature end of file.
2026-05-14 14:19:04,275 [ERROR] LogOutputStream:75 - [STDERR_REDIRECT] 
2026-05-14 14:19:05,278 [ERROR] LogOutputStream:75 - [STDERR_REDIRECT] [Fatal Error] :1:1: Premature end of file.
2026-05-14 14:19:05,278 [ERROR] LogOutputStream:75 - [STDERR_REDIRECT] 
2026-05-14 14:19:06,281 [ERROR] LogOutputStream:75 - [STDERR_REDIRECT] [Fatal Error] :1:1: Premature end of file.
2026-05-14 14:19:06,281 [ERROR] LogOutputStream:75 - [STDERR_REDIRECT] 
2026-05-14 14:19:07,283 [ERROR] LogOutputStream:75 - [STDERR_REDIRECT] [Fatal Error] :1:1: Premature end of file.
2026-05-14 14:19:07,283 [ERROR] LogOutputStream:75 - [STDERR_REDIRECT] 
2026-05-14 14:19:08,285 [ERROR] LogOutputStream:75 - [STDERR_REDIRECT] [Fatal Error] :1:1: Premature end of file.
2026-05-14 14:19:08,285 [ERROR] LogOutputStream:75 - [STDERR_REDIRECT] 
2026-05-14 14:19:09,286 [ERROR] LogOutputStream:75 - [STDERR_REDIRECT] [Fatal Error] :1:1: Premature end of file.
2026-05-14 14:19:09,286 [ERROR] LogOutputStream:75 - [STDERR_REDIRECT] 
2026-05-14 14:19:10,272 [ERROR] LogOutputStream:75 - [STDERR_REDIRECT] [Fatal Error] :1:1: Premature end of file.
2026-05-14 14:19:10,272 [ERROR] LogOutputStream:75 - [STDERR_REDIRECT] 
2026-05-14 14:19:11,275 [ERROR] LogOutputStream:75 - [STDERR_REDIRECT] [Fatal Error] :1:1: Premature end of file.
2026-05-14 14:19:11,275 [ERROR] LogOutputStream:75 - [STDERR_REDIRECT] 
2026-05-14 14:19:12,276 [ERROR] LogOutputStream:75 - [STDERR_REDIRECT] [Fatal Error] :1:1: Premature end of file.
2026-05-14 14:19:12,276 [ERROR] LogOutputStream:75 - [STDERR_REDIRECT] 
2026-05-14 14:19:13,278 [ERROR] LogOutputStream:75 - [STDERR_REDIRECT] [Fatal Error] :1:1: Premature end of file.
2026-05-14 14:19:13,278 [ERROR] LogOutputStream:75 - [STDERR_REDIRECT] 
2026-05-14 14:19:14,283 [ERROR] LogOutputStream:75 - [STDERR_REDIRECT] [Fatal Error] :1:1: Premature end of file.
2026-05-14 14:19:14,283 [ERROR] LogOutputStream:75 - [STDERR_REDIRECT] 
2026-05-14 14:19:15,287 [ERROR] LogOutputStream:75 - [STDERR_REDIRECT] [Fatal Error] :1:1: Premature end of file.
2026-05-14 14:19:15,287 [ERROR] LogOutputStream:75 - [STDERR_REDIRECT] 
2026-05-14 14:19:16,272 [ERROR] LogOutputStream:75 - [STDERR_REDIRECT] [Fatal Error] :1:1: Premature end of file.
2026-05-14 14:19:16,272 [ERROR] LogOutputStream:75 - [STDERR_REDIRECT] 
2026-05-14 14:19:17,276 [ERROR] LogOutputStream:75 - [STDERR_REDIRECT] [Fatal Error] :1:1: Premature end of file.
2026-05-14 14:19:17,276 [ERROR] LogOutputStream:75 - [STDERR_REDIRECT] 
2026-05-14 14:19:18,276 [ERROR] LogOutputStream:75 - [STDERR_REDIRECT] [Fatal Error] :1:1: Premature end of file.
2026-05-14 14:19:18,276 [ERROR] LogOutputStream:75 - [STDERR_REDIRECT] 
2026-05-14 14:19:19,278 [ERROR] LogOutputStream:75 - [STDERR_REDIRECT] [Fatal Error] :1:1: Premature end of file.
2026-05-14 14:19:19,278 [ERROR] LogOutputStream:75 - [STDERR_REDIRECT] 
2026-05-14 14:19:20,279 [ERROR] LogOutputStream:75 - [STDERR_REDIRECT] [Fatal Error] :1:1: Premature end of file.
2026-05-14 14:19:20,279 [ERROR] LogOutputStream:75 - [STDERR_REDIRECT] 
2026-05-14 14:19:21,282 [ERROR] LogOutputStream:75 - [STDERR_REDIRECT] [Fatal Error] :1:1: Premature end of file.
2026-05-14 14:19:21,282 [ERROR] LogOutputStream:75 - [STDERR_REDIRECT] 
2026-05-14 14:19:22,280 [ERROR] LogOutputStream:75 - [STDERR_REDIRECT] [Fatal Error] :1:1: Premature end of file.
2026-05-14 14:19:22,280 [ERROR] LogOutputStream:75 - [STDERR_REDIRECT] 
2026-05-14 14:19:23,282 [ERROR] LogOutputStream:75 - [STDERR_REDIRECT] [Fatal Error] :1:1: Premature end of file.
2026-05-14 14:19:23,282 [ERROR] LogOutputStream:75 - [STDERR_REDIRECT] 
2026-05-14 14:19:24,286 [ERROR] LogOutputStream:75 - [STDERR_REDIRECT] [Fatal Error] :1:1: Premature end of file.
2026-05-14 14:19:24,286 [ERROR] LogOutputStream:75 - [STDERR_REDIRECT] 
2026-05-14 14:19:25,272 [ERROR] LogOutputStream:75 - [STDERR_REDIRECT] [Fatal Error] :1:1: Premature end of file.
2026-05-14 14:19:25,272 [ERROR] LogOutputStream:75 - [STDERR_REDIRECT] 
2026-05-14 14:19:26,274 [ERROR] LogOutputStream:75 - [STDERR_REDIRECT] [Fatal Error] :1:1: Premature end of file.
2026-05-14 14:19:26,274 [ERROR] LogOutputStream:75 - [STDERR_REDIRECT] 
2026-05-14 14:19:27,276 [ERROR] LogOutputStream:75 - [STDERR_REDIRECT] [Fatal Error] :1:1: Premature end of file.
2026-05-14 14:19:27,276 [ERROR] LogOutputStream:75 - [STDERR_REDIRECT] 
2026-05-14 14:19:28,279 [ERROR] LogOutputStream:75 - [STDERR_REDIRECT] [Fatal Error] :1:1: Premature end of file.
2026-05-14 14:19:28,279 [ERROR] LogOutputStream:75 - [STDERR_REDIRECT] 
2026-05-14 14:19:29,281 [ERROR] LogOutputStream:75 - [STDERR_REDIRECT] [Fatal Error] :1:1: Premature end of file.
2026-05-14 14:19:29,281 [ERROR] LogOutputStream:75 - [STDERR_REDIRECT] 
2026-05-14 14:19:30,283 [ERROR] LogOutputStream:75 - [STDERR_REDIRECT] [Fatal Error] :1:1: Premature end of file.
2026-05-14 14:19:30,283 [ERROR] LogOutputStream:75 - [STDERR_REDIRECT] 
2026-05-14 14:19:31,285 [ERROR] LogOutputStream:75 - [STDERR_REDIRECT] [Fatal Error] :1:1: Premature end of file.
2026-05-14 14:19:31,285 [ERROR] LogOutputStream:75 - [STDERR_REDIRECT] 
2026-05-14 14:19:32,285 [ERROR] LogOutputStream:75 - [STDERR_REDIRECT] [Fatal Error] :1:1: Premature end of file.
2026-05-14 14:19:32,285 [ERROR] LogOutputStream:75 - [STDERR_REDIRECT] 
2026-05-14 14:19:33,287 [ERROR] LogOutputStream:75 - [STDERR_REDIRECT] [Fatal Error] :1:1: Premature end of file.
2026-05-14 14:19:33,287 [ERROR] LogOutputStream:75 - [STDERR_REDIRECT] 
2026-05-14 14:19:34,273 [ERROR] LogOutputStream:75 - [STDERR_REDIRECT] [Fatal Error] :1:1: Premature end of file.
2026-05-14 14:19:34,273 [ERROR] LogOutputStream:75 - [STDERR_REDIRECT] 
2026-05-14 14:19:35,274 [ERROR] LogOutputStream:75 - [STDERR_REDIRECT] [Fatal Error] :1:1: Premature end of file.
2026-05-14 14:19:35,274 [ERROR] LogOutputStream:75 - [STDERR_REDIRECT] 
2026-05-14 14:19:36,277 [ERROR] LogOutputStream:75 - [STDERR_REDIRECT] [Fatal Error] :1:1: Premature end of file.
2026-05-14 14:19:36,277 [ERROR] LogOutputStream:75 - [STDERR_REDIRECT] 
2026-05-14 14:19:37,280 [ERROR] LogOutputStream:75 - [STDERR_REDIRECT] [Fatal Error] :1:1: Premature end of file.
2026-05-14 14:19:37,280 [ERROR] LogOutputStream:75 - [STDERR_REDIRECT] 
2026-05-14 14:19:38,285 [ERROR] LogOutputStream:75 - [STDERR_REDIRECT] [Fatal Error] :1:1: Premature end of file.
2026-05-14 14:19:38,285 [ERROR] LogOutputStream:75 - [STDERR_REDIRECT] 
2026-05-14 14:19:39,287 [ERROR] LogOutputStream:75 - [STDERR_REDIRECT] [Fatal Error] :1:1: Premature end of file.
2026-05-14 14:19:39,287 [ERROR] LogOutputStream:75 - [STDERR_REDIRECT] 
2026-05-14 14:19:40,274 [ERROR] LogOutputStream:75 - [STDERR_REDIRECT] [Fatal Error] :1:1: Premature end of file.
2026-05-14 14:19:40,274 [ERROR] LogOutputStream:75 - [STDERR_REDIRECT] 
2026-05-14 14:19:41,276 [ERROR] LogOutputStream:75 - [STDERR_REDIRECT] [Fatal Error] :1:1: Premature end of file.
2026-05-14 14:19:41,276 [ERROR] LogOutputStream:75 - [STDERR_REDIRECT] 
2026-05-14 14:19:42,275 [ERROR] LogOutputStream:75 - [STDERR_REDIRECT] [Fatal Error] :1:1: Premature end of file.
2026-05-14 14:19:42,275 [ERROR] LogOutputStream:75 - [STDERR_REDIRECT] 
2026-05-14 14:19:43,277 [ERROR] LogOutputStream:75 - [STDERR_REDIRECT] [Fatal Error] :1:1: Premature end of file.
2026-05-14 14:19:43,277 [ERROR] LogOutputStream:75 - [STDERR_REDIRECT] 
2026-05-14 14:19:44,280 [ERROR] LogOutputStream:75 - [STDERR_REDIRECT] [Fatal Error] :1:1: Premature end of file.
2026-05-14 14:19:44,280 [ERROR] LogOutputStream:75 - [STDERR_REDIRECT] 
2026-05-14 14:19:45,282 [ERROR] LogOutputStream:75 - [STDERR_REDIRECT] [Fatal Error] :1:1: Premature end of file.
2026-05-14 14:19:45,282 [ERROR] LogOutputStream:75 - [STDERR_REDIRECT] 
2026-05-14 14:19:46,282 [ERROR] LogOutputStream:75 - [STDERR_REDIRECT] [Fatal Error] :1:1: Premature end of file.
2026-05-14 14:19:46,282 [ERROR] LogOutputStream:75 - [STDERR_REDIRECT] 
2026-05-14 14:19:47,283 [ERROR] LogOutputStream:75 - [STDERR_REDIRECT] [Fatal Error] :1:1: Premature end of file.
2026-05-14 14:19:47,283 [ERROR] LogOutputStream:75 - [STDERR_REDIRECT] 
2026-05-14 14:19:48,287 [ERROR] LogOutputStream:75 - [STDERR_REDIRECT] [Fatal Error] :1:1: Premature end of file.
2026-05-14 14:19:48,287 [ERROR] LogOutputStream:75 - [STDERR_REDIRECT] 
2026-05-14 14:19:49,274 [ERROR] LogOutputStream:75 - [STDERR_REDIRECT] [Fatal Error] :1:1: Premature end of file.
2026-05-14 14:19:49,274 [ERROR] LogOutputStream:75 - [STDERR_REDIRECT] 
2026-05-14 14:19:50,275 [ERROR] LogOutputStream:75 - [STDERR_REDIRECT] [Fatal Error] :1:1: Premature end of file.
2026-05-14 14:19:50,275 [ERROR] LogOutputStream:75 - [STDERR_REDIRECT] 
2026-05-14 14:19:51,279 [ERROR] LogOutputStream:75 - [STDERR_REDIRECT] [Fatal Error] :1:1: Premature end of file.
2026-05-14 14:19:51,279 [ERROR] LogOutputStream:75 - [STDERR_REDIRECT] 
2026-05-14 14:19:52,279 [ERROR] LogOutputStream:75 - [STDERR_REDIRECT] [Fatal Error] :1:1: Premature end of file.
2026-05-14 14:19:52,279 [ERROR] LogOutputStream:75 - [STDERR_REDIRECT] 
2026-05-14 14:19:53,279 [ERROR] LogOutputStream:75 - [STDERR_REDIRECT] [Fatal Error] :1:1: Premature end of file.
2026-05-14 14:19:53,279 [ERROR] LogOutputStream:75 - [STDERR_REDIRECT] 
2026-05-14 14:19:54,281 [ERROR] LogOutputStream:75 - [STDERR_REDIRECT] [Fatal Error] :1:1: Premature end of file.
2026-05-14 14:19:54,281 [ERROR] LogOutputStream:75 - [STDERR_REDIRECT] 
2026-05-14 14:19:55,283 [ERROR] LogOutputStream:75 - [STDERR_REDIRECT] [Fatal Error] :1:1: Premature end of file.
2026-05-14 14:19:55,283 [ERROR] LogOutputStream:75 - [STDERR_REDIRECT] 
2026-05-14 14:19:56,286 [ERROR] LogOutputStream:75 - [STDERR_REDIRECT] [Fatal Error] :1:1: Premature end of file.
2026-05-14 14:19:56,286 [ERROR] LogOutputStream:75 - [STDERR_REDIRECT] 
2026-05-14 14:19:57,273 [ERROR] LogOutputStream:75 - [STDERR_REDIRECT] [Fatal Error] :1:1: Premature end of file.
2026-05-14 14:19:57,273 [ERROR] LogOutputStream:75 - [STDERR_REDIRECT] 
2026-05-14 14:19:58,275 [ERROR] LogOutputStream:75 - [STDERR_REDIRECT] [Fatal Error] :1:1: Premature end of file.
2026-05-14 14:19:58,275 [ERROR] LogOutputStream:75 - [STDERR_REDIRECT] 
2026-05-14 14:19:59,276 [ERROR] LogOutputStream:75 - [STDERR_REDIRECT] [Fatal Error] :1:1: Premature end of file.
2026-05-14 14:19:59,276 [ERROR] LogOutputStream:75 - [STDERR_REDIRECT] 
2026-05-14 14:20:00,279 [ERROR] LogOutputStream:75 - [STDERR_REDIRECT] [Fatal Error] :1:1: Premature end of file.
2026-05-14 14:20:00,279 [ERROR] LogOutputStream:75 - [STDERR_REDIRECT] 
2026-05-14 14:20:01,281 [ERROR] LogOutputStream:75 - [STDERR_REDIRECT] [Fatal Error] :1:1: Premature end of file.
2026-05-14 14:20:01,281 [ERROR] LogOutputStream:75 - [STDERR_REDIRECT] 
2026-05-14 14:20:02,285 [ERROR] LogOutputStream:75 - [STDERR_REDIRECT] [Fatal Error] :1:1: Premature end of file.
2026-05-14 14:20:02,285 [ERROR] LogOutputStream:75 - [STDERR_REDIRECT] 
2026-05-14 14:20:03,287 [ERROR] LogOutputStream:75 - [STDERR_REDIRECT] [Fatal Error] :1:1: Premature end of file.
2026-05-14 14:20:03,287 [ERROR] LogOutputStream:75 - [STDERR_REDIRECT] 
2026-05-14 14:20:04,274 [ERROR] LogOutputStream:75 - [STDERR_REDIRECT] [Fatal Error] :1:1: Premature end of file.
2026-05-14 14:20:04,274 [ERROR] LogOutputStream:75 - [STDERR_REDIRECT] 
2026-05-14 14:20:05,278 [ERROR] LogOutputStream:75 - [STDERR_REDIRECT] [Fatal Error] :1:1: Premature end of file.
2026-05-14 14:20:05,278 [ERROR] LogOutputStream:75 - [STDERR_REDIRECT] 
2026-05-14 14:20:06,280 [ERROR] LogOutputStream:75 - [STDERR_REDIRECT] [Fatal Error] :1:1: Premature end of file.
2026-05-14 14:20:06,280 [ERROR] LogOutputStream:75 - [STDERR_REDIRECT] 
2026-05-14 14:20:07,278 [ERROR] LogOutputStream:75 - [STDERR_REDIRECT] [Fatal Error] :1:1: Premature end of file.
2026-05-14 14:20:07,278 [ERROR] LogOutputStream:75 - [STDERR_REDIRECT] 
2026-05-14 14:20:08,276 [ERROR] LogOutputStream:75 - [STDERR_REDIRECT] [Fatal Error] :1:1: Premature end of file.
2026-05-14 14:20:08,276 [ERROR] LogOutputStream:75 - [STDERR_REDIRECT] 
2026-05-14 14:20:09,286 [ERROR] LogOutputStream:75 - [STDERR_REDIRECT] [Fatal Error] :1:1: Premature end of file.
2026-05-14 14:20:09,286 [ERROR] LogOutputStream:75 - [STDERR_REDIRECT] 
2026-05-14 14:20:10,279 [ERROR] LogOutputStream:75 - [STDERR_REDIRECT] [Fatal Error] :1:1: Premature end of file.
2026-05-14 14:20:10,279 [ERROR] LogOutputStream:75 - [STDERR_REDIRECT] 
2026-05-14 14:20:11,273 [ERROR] LogOutputStream:75 - [STDERR_REDIRECT] [Fatal Error] :1:1: Premature end of file.
2026-05-14 14:20:11,273 [ERROR] LogOutputStream:75 - [STDERR_REDIRECT] 
2026-05-14 14:20:12,284 [ERROR] LogOutputStream:75 - [STDERR_REDIRECT] [Fatal Error] :1:1: Premature end of file.
2026-05-14 14:20:12,284 [ERROR] LogOutputStream:75 - [STDERR_REDIRECT] 
2026-05-14 14:20:13,280 [ERROR] LogOutputStream:75 - [STDERR_REDIRECT] [Fatal Error] :1:1: Premature end of file.
2026-05-14 14:20:13,280 [ERROR] LogOutputStream:75 - [STDERR_REDIRECT] 
2026-05-14 14:20:14,273 [ERROR] LogOutputStream:75 - [STDERR_REDIRECT] [Fatal Error] :1:1: Premature end of file.
2026-05-14 14:20:14,273 [ERROR] LogOutputStream:75 - [STDERR_REDIRECT] 
2026-05-14 14:20:15,285 [ERROR] LogOutputStream:75 - [STDERR_REDIRECT] [Fatal Error] :1:1: Premature end of file.
2026-05-14 14:20:15,285 [ERROR] LogOutputStream:75 - [STDERR_REDIRECT] 
2026-05-14 14:20:16,282 [ERROR] LogOutputStream:75 - [STDERR_REDIRECT] [Fatal Error] :1:1: Premature end of file.
2026-05-14 14:20:16,282 [ERROR] LogOutputStream:75 - [STDERR_REDIRECT] 
2026-05-14 14:20:17,278 [ERROR] LogOutputStream:75 - [STDERR_REDIRECT] [Fatal Error] :1:1: Premature end of file.
2026-05-14 14:20:17,278 [ERROR] LogOutputStream:75 - [STDERR_REDIRECT] 
2026-05-14 14:20:18,273 [ERROR] LogOutputStream:75 - [STDERR_REDIRECT] [Fatal Error] :1:1: Premature end of file.
2026-05-14 14:20:18,273 [ERROR] LogOutputStream:75 - [STDERR_REDIRECT] 
2026-05-14 14:20:19,274 [ERROR] LogOutputStream:75 - [STDERR_REDIRECT] [Fatal Error] :1:1: Premature end of file.
2026-05-14 14:20:19,274 [ERROR] LogOutputStream:75 - [STDERR_REDIRECT] 
2026-05-14 14:20:20,276 [ERROR] LogOutputStream:75 - [STDERR_REDIRECT] [Fatal Error] :1:1: Premature end of file.
2026-05-14 14:20:20,276 [ERROR] LogOutputStream:75 - [STDERR_REDIRECT] 
2026-05-14 14:20:21,278 [ERROR] LogOutputStream:75 - [STDERR_REDIRECT] [Fatal Error] :1:1: Premature end of file.
2026-05-14 14:20:21,278 [ERROR] LogOutputStream:75 - [STDERR_REDIRECT] 
2026-05-14 14:20:22,281 [ERROR] LogOutputStream:75 - [STDERR_REDIRECT] [Fatal Error] :1:1: Premature end of file.
2026-05-14 14:20:22,281 [ERROR] LogOutputStream:75 - [STDERR_REDIRECT] 
2026-05-14 14:20:23,279 [ERROR] LogOutputStream:75 - [STDERR_REDIRECT] [Fatal Error] :1:1: Premature end of file.
2026-05-14 14:20:23,279 [ERROR] LogOutputStream:75 - [STDERR_REDIRECT] 
2026-05-14 14:20:24,281 [ERROR] LogOutputStream:75 - [STDERR_REDIRECT] [Fatal Error] :1:1: Premature end of file.
2026-05-14 14:20:24,281 [ERROR] LogOutputStream:75 - [STDERR_REDIRECT] 
2026-05-14 14:20:25,284 [ERROR] LogOutputStream:75 - [STDERR_REDIRECT] [Fatal Error] :1:1: Premature end of file.
2026-05-14 14:20:25,284 [ERROR] LogOutputStream:75 - [STDERR_REDIRECT] 
2026-05-14 14:20:26,286 [ERROR] LogOutputStream:75 - [STDERR_REDIRECT] [Fatal Error] :1:1: Premature end of file.
2026-05-14 14:20:26,286 [ERROR] LogOutputStream:75 - [STDERR_REDIRECT] 
2026-05-14 14:20:27,286 [ERROR] LogOutputStream:75 - [STDERR_REDIRECT] [Fatal Error] :1:1: Premature end of file.
2026-05-14 14:20:27,286 [ERROR] LogOutputStream:75 - [STDERR_REDIRECT] 
2026-05-14 14:20:28,287 [ERROR] LogOutputStream:75 - [STDERR_REDIRECT] [Fatal Error] :1:1: Premature end of file.
2026-05-14 14:20:28,287 [ERROR] LogOutputStream:75 - [STDERR_REDIRECT] 
2026-05-14 14:20:29,274 [ERROR] LogOutputStream:75 - [STDERR_REDIRECT] [Fatal Error] :1:1: Premature end of file.
2026-05-14 14:20:29,274 [ERROR] LogOutputStream:75 - [STDERR_REDIRECT] 
2026-05-14 14:20:30,277 [ERROR] LogOutputStream:75 - [STDERR_REDIRECT] [Fatal Error] :1:1: Premature end of file.
2026-05-14 14:20:30,277 [ERROR] LogOutputStream:75 - [STDERR_REDIRECT] 
2026-05-14 14:20:31,280 [ERROR] LogOutputStream:75 - [STDERR_REDIRECT] [Fatal Error] :1:1: Premature end of file.
2026-05-14 14:20:31,280 [ERROR] LogOutputStream:75 - [STDERR_REDIRECT] 
2026-05-14 14:20:32,283 [ERROR] LogOutputStream:75 - [STDERR_REDIRECT] [Fatal Error] :1:1: Premature end of file.
2026-05-14 14:20:32,283 [ERROR] LogOutputStream:75 - [STDERR_REDIRECT] 
2026-05-14 14:20:33,284 [ERROR] LogOutputStream:75 - [STDERR_REDIRECT] [Fatal Error] :1:1: Premature end of file.
2026-05-14 14:20:33,284 [ERROR] LogOutputStream:75 - [STDERR_REDIRECT] 
2026-05-14 14:20:34,285 [ERROR] LogOutputStream:75 - [STDERR_REDIRECT] [Fatal Error] :1:1: Premature end of file.
2026-05-14 14:20:34,285 [ERROR] LogOutputStream:75 - [STDERR_REDIRECT] 
2026-05-14 14:20:35,286 [ERROR] LogOutputStream:75 - [STDERR_REDIRECT] [Fatal Error] :1:1: Premature end of file.
2026-05-14 14:20:35,286 [ERROR] LogOutputStream:75 - [STDERR_REDIRECT] 
2026-05-14 14:20:36,273 [ERROR] LogOutputStream:75 - [STDERR_REDIRECT] [Fatal Error] :1:1: Premature end of file.
2026-05-14 14:20:36,273 [ERROR] LogOutputStream:75 - [STDERR_REDIRECT] 
2026-05-14 14:20:37,276 [ERROR] LogOutputStream:75 - [STDERR_REDIRECT] [Fatal Error] :1:1: Premature end of file.
2026-05-14 14:20:37,276 [ERROR] LogOutputStream:75 - [STDERR_REDIRECT] 
2026-05-14 14:20:38,274 [ERROR] LogOutputStream:75 - [STDERR_REDIRECT] [Fatal Error] :1:1: Premature end of file.
2026-05-14 14:20:38,274 [ERROR] LogOutputStream:75 - [STDERR_REDIRECT] 
2026-05-14 14:20:39,284 [ERROR] LogOutputStream:75 - [STDERR_REDIRECT] [Fatal Error] :1:1: Premature end of file.
2026-05-14 14:20:39,284 [ERROR] LogOutputStream:75 - [STDERR_REDIRECT] 
2026-05-14 14:20:40,281 [ERROR] LogOutputStream:75 - [STDERR_REDIRECT] [Fatal Error] :1:1: Premature end of file.
2026-05-14 14:20:40,281 [ERROR] LogOutputStream:75 - [STDERR_REDIRECT] 
2026-05-14 14:20:41,285 [ERROR] LogOutputStream:75 - [STDERR_REDIRECT] [Fatal Error] :1:1: Premature end of file.
2026-05-14 14:20:41,285 [ERROR] LogOutputStream:75 - [STDERR_REDIRECT] 
2026-05-14 14:20:42,273 [ERROR] LogOutputStream:75 - [STDERR_REDIRECT] [Fatal Error] :1:1: Premature end of file.
2026-05-14 14:20:42,273 [ERROR] LogOutputStream:75 - [STDERR_REDIRECT] 
2026-05-14 14:20:43,275 [ERROR] LogOutputStream:75 - [STDERR_REDIRECT] [Fatal Error] :1:1: Premature end of file.
2026-05-14 14:20:43,275 [ERROR] LogOutputStream:75 - [STDERR_REDIRECT] 
2026-05-14 14:20:44,277 [ERROR] LogOutputStream:75 - [STDERR_REDIRECT] [Fatal Error] :1:1: Premature end of file.
2026-05-14 14:20:44,277 [ERROR] LogOutputStream:75 - [STDERR_REDIRECT] 
2026-05-14 14:20:45,279 [ERROR] LogOutputStream:75 - [STDERR_REDIRECT] [Fatal Error] :1:1: Premature end of file.
2026-05-14 14:20:45,279 [ERROR] LogOutputStream:75 - [STDERR_REDIRECT] 
2026-05-14 14:20:46,280 [ERROR] LogOutputStream:75 - [STDERR_REDIRECT] [Fatal Error] :1:1: Premature end of file.
2026-05-14 14:20:46,280 [ERROR] LogOutputStream:75 - [STDERR_REDIRECT] 
2026-05-14 14:20:47,283 [ERROR] LogOutputStream:75 - [STDERR_REDIRECT] [Fatal Error] :1:1: Premature end of file.
2026-05-14 14:20:47,283 [ERROR] LogOutputStream:75 - [STDERR_REDIRECT] 
2026-05-14 14:20:48,285 [ERROR] LogOutputStream:75 - [STDERR_REDIRECT] [Fatal Error] :1:1: Premature end of file.
2026-05-14 14:20:48,285 [ERROR] LogOutputStream:75 - [STDERR_REDIRECT] 
2026-05-14 14:20:49,286 [ERROR] LogOutputStream:75 - [STDERR_REDIRECT] [Fatal Error] :1:1: Premature end of file.
2026-05-14 14:20:49,286 [ERROR] LogOutputStream:75 - [STDERR_REDIRECT] 
2026-05-14 14:20:50,272 [ERROR] LogOutputStream:75 - [STDERR_REDIRECT] [Fatal Error] :1:1: Premature end of file.
2026-05-14 14:20:50,272 [ERROR] LogOutputStream:75 - [STDERR_REDIRECT] 
2026-05-14 14:20:51,276 [ERROR] LogOutputStream:75 - [STDERR_REDIRECT] [Fatal Error] :1:1: Premature end of file.
2026-05-14 14:20:51,276 [ERROR] LogOutputStream:75 - [STDERR_REDIRECT] 
2026-05-14 14:20:52,278 [ERROR] LogOutputStream:75 - [STDERR_REDIRECT] [Fatal Error] :1:1: Premature end of file.
2026-05-14 14:20:52,278 [ERROR] LogOutputStream:75 - [STDERR_REDIRECT] 
2026-05-14 14:20:53,280 [ERROR] LogOutputStream:75 - [STDERR_REDIRECT] [Fatal Error] :1:1: Premature end of file.
2026-05-14 14:20:53,280 [ERROR] LogOutputStream:75 - [STDERR_REDIRECT] 
2026-05-14 14:20:54,283 [ERROR] LogOutputStream:75 - [STDERR_REDIRECT] [Fatal Error] :1:1: Premature end of file.
2026-05-14 14:20:54,283 [ERROR] LogOutputStream:75 - [STDERR_REDIRECT] 
2026-05-14 14:20:55,285 [ERROR] LogOutputStream:75 - [STDERR_REDIRECT] [Fatal Error] :1:1: Premature end of file.
2026-05-14 14:20:55,285 [ERROR] LogOutputStream:75 - [STDERR_REDIRECT] 
2026-05-14 14:20:56,273 [ERROR] LogOutputStream:75 - [STDERR_REDIRECT] [Fatal Error] :1:1: Premature end of file.
2026-05-14 14:20:56,273 [ERROR] LogOutputStream:75 - [STDERR_REDIRECT] 
2026-05-14 14:20:57,274 [ERROR] LogOutputStream:75 - [STDERR_REDIRECT] [Fatal Error] :1:1: Premature end of file.
2026-05-14 14:20:57,274 [ERROR] LogOutputStream:75 - [STDERR_REDIRECT] 
2026-05-14 14:20:58,278 [ERROR] LogOutputStream:75 - [STDERR_REDIRECT] [Fatal Error] :1:1: Premature end of file.
2026-05-14 14:20:58,278 [ERROR] LogOutputStream:75 - [STDERR_REDIRECT] 
2026-05-14 14:20:59,289 [ERROR] LogOutputStream:75 - [STDERR_REDIRECT] [Fatal Error] :1:1: Premature end of file.
2026-05-14 14:20:59,289 [ERROR] LogOutputStream:75 - [STDERR_REDIRECT] 
2026-05-14 14:21:00,283 [ERROR] LogOutputStream:75 - [STDERR_REDIRECT] [Fatal Error] :1:1: Premature end of file.
2026-05-14 14:21:00,283 [ERROR] LogOutputStream:75 - [STDERR_REDIRECT] 
2026-05-14 14:21:01,285 [ERROR] LogOutputStream:75 - [STDERR_REDIRECT] [Fatal Error] :1:1: Premature end of file.
2026-05-14 14:21:01,285 [ERROR] LogOutputStream:75 - [STDERR_REDIRECT] 
2026-05-14 14:21:02,287 [ERROR] LogOutputStream:75 - [STDERR_REDIRECT] [Fatal Error] :1:1: Premature end of file.
2026-05-14 14:21:02,287 [ERROR] LogOutputStream:75 - [STDERR_REDIRECT] 
2026-05-14 14:21:03,287 [ERROR] LogOutputStream:75 - [STDERR_REDIRECT] [Fatal Error] :1:1: Premature end of file.
2026-05-14 14:21:03,287 [ERROR] LogOutputStream:75 - [STDERR_REDIRECT] 
2026-05-14 14:21:04,272 [ERROR] LogOutputStream:75 - [STDERR_REDIRECT] [Fatal Error] :1:1: Premature end of file.
2026-05-14 14:21:04,272 [ERROR] LogOutputStream:75 - [STDERR_REDIRECT] 
2026-05-14 14:21:05,274 [ERROR] LogOutputStream:75 - [STDERR_REDIRECT] [Fatal Error] :1:1: Premature end of file.
2026-05-14 14:21:05,274 [ERROR] LogOutputStream:75 - [STDERR_REDIRECT] 
2026-05-14 14:21:06,279 [ERROR] LogOutputStream:75 - [STDERR_REDIRECT] [Fatal Error] :1:1: Premature end of file.
2026-05-14 14:21:06,279 [ERROR] LogOutputStream:75 - [STDERR_REDIRECT] 
2026-05-14 14:21:07,282 [ERROR] LogOutputStream:75 - [STDERR_REDIRECT] [Fatal Error] :1:1: Premature end of file.
2026-05-14 14:21:07,282 [ERROR] LogOutputStream:75 - [STDERR_REDIRECT] 
2026-05-14 14:21:08,283 [ERROR] LogOutputStream:75 - [STDERR_REDIRECT] [Fatal Error] :1:1: Premature end of file.
2026-05-14 14:21:08,283 [ERROR] LogOutputStream:75 - [STDERR_REDIRECT] 
2026-05-14 14:21:09,285 [ERROR] LogOutputStream:75 - [STDERR_REDIRECT] [Fatal Error] :1:1: Premature end of file.
2026-05-14 14:21:09,285 [ERROR] LogOutputStream:75 - [STDERR_REDIRECT] 
2026-05-14 14:21:10,287 [ERROR] LogOutputStream:75 - [STDERR_REDIRECT] [Fatal Error] :1:1: Premature end of file.
2026-05-14 14:21:10,287 [ERROR] LogOutputStream:75 - [STDERR_REDIRECT] 
2026-05-14 14:21:11,274 [ERROR] LogOutputStream:75 - [STDERR_REDIRECT] [Fatal Error] :1:1: Premature end of file.
2026-05-14 14:21:11,274 [ERROR] LogOutputStream:75 - [STDERR_REDIRECT] 
2026-05-14 14:21:12,274 [ERROR] LogOutputStream:75 - [STDERR_REDIRECT] [Fatal Error] :1:1: Premature end of file.
2026-05-14 14:21:12,274 [ERROR] LogOutputStream:75 - [STDERR_REDIRECT] 
2026-05-14 14:21:13,281 [ERROR] LogOutputStream:75 - [STDERR_REDIRECT] [Fatal Error] :1:1: Premature end of file.
2026-05-14 14:21:13,281 [ERROR] LogOutputStream:75 - [STDERR_REDIRECT] 
2026-05-14 14:21:14,280 [ERROR] LogOutputStream:75 - [STDERR_REDIRECT] [Fatal Error] :1:1: Premature end of file.
2026-05-14 14:21:14,280 [ERROR] LogOutputStream:75 - [STDERR_REDIRECT] 
2026-05-14 14:21:15,282 [ERROR] LogOutputStream:75 - [STDERR_REDIRECT] [Fatal Error] :1:1: Premature end of file.
2026-05-14 14:21:15,282 [ERROR] LogOutputStream:75 - [STDERR_REDIRECT] 
2026-05-14 14:21:16,282 [ERROR] LogOutputStream:75 - [STDERR_REDIRECT] [Fatal Error] :1:1: Premature end of file.
2026-05-14 14:21:16,282 [ERROR] LogOutputStream:75 - [STDERR_REDIRECT] 
2026-05-14 14:21:17,286 [ERROR] LogOutputStream:75 - [STDERR_REDIRECT] [Fatal Error] :1:1: Premature end of file.
2026-05-14 14:21:17,286 [ERROR] LogOutputStream:75 - [STDERR_REDIRECT] 
2026-05-14 14:21:18,273 [ERROR] LogOutputStream:75 - [STDERR_REDIRECT] [Fatal Error] :1:1: Premature end of file.
2026-05-14 14:21:18,273 [ERROR] LogOutputStream:75 - [STDERR_REDIRECT] 
2026-05-14 14:21:19,276 [ERROR] LogOutputStream:75 - [STDERR_REDIRECT] [Fatal Error] :1:1: Premature end of file.
2026-05-14 14:21:19,276 [ERROR] LogOutputStream:75 - [STDERR_REDIRECT] 
2026-05-14 14:21:20,276 [ERROR] LogOutputStream:75 - [STDERR_REDIRECT] [Fatal Error] :1:1: Premature end of file.
2026-05-14 14:21:20,276 [ERROR] LogOutputStream:75 - [STDERR_REDIRECT] 
2026-05-14 14:21:21,280 [ERROR] LogOutputStream:75 - [STDERR_REDIRECT] [Fatal Error] :1:1: Premature end of file.
2026-05-14 14:21:21,280 [ERROR] LogOutputStream:75 - [STDERR_REDIRECT] 
2026-05-14 14:21:22,282 [ERROR] LogOutputStream:75 - [STDERR_REDIRECT] [Fatal Error] :1:1: Premature end of file.
2026-05-14 14:21:22,282 [ERROR] LogOutputStream:75 - [STDERR_REDIRECT] 
2026-05-14 14:21:23,282 [ERROR] LogOutputStream:75 - [STDERR_REDIRECT] [Fatal Error] :1:1: Premature end of file.
2026-05-14 14:21:23,282 [ERROR] LogOutputStream:75 - [STDERR_REDIRECT] 
2026-05-14 14:21:24,284 [ERROR] LogOutputStream:75 - [STDERR_REDIRECT] [Fatal Error] :1:1: Premature end of file.
2026-05-14 14:21:24,284 [ERROR] LogOutputStream:75 - [STDERR_REDIRECT] 
2026-05-14 14:21:25,285 [ERROR] LogOutputStream:75 - [STDERR_REDIRECT] [Fatal Error] :1:1: Premature end of file.
2026-05-14 14:21:25,285 [ERROR] LogOutputStream:75 - [STDERR_REDIRECT] 
2026-05-14 14:21:26,288 [ERROR] LogOutputStream:75 - [STDERR_REDIRECT] [Fatal Error] :1:1: Premature end of file.
2026-05-14 14:21:26,288 [ERROR] LogOutputStream:75 - [STDERR_REDIRECT] 
2026-05-14 14:21:27,278 [ERROR] LogOutputStream:75 - [STDERR_REDIRECT] [Fatal Error] :1:1: Premature end of file.
2026-05-14 14:21:27,278 [ERROR] LogOutputStream:75 - [STDERR_REDIRECT] 
2026-05-14 14:21:28,280 [ERROR] LogOutputStream:75 - [STDERR_REDIRECT] [Fatal Error] :1:1: Premature end of file.
2026-05-14 14:21:28,280 [ERROR] LogOutputStream:75 - [STDERR_REDIRECT] 
2026-05-14 14:21:29,286 [ERROR] LogOutputStream:75 - [STDERR_REDIRECT] [Fatal Error] :1:1: Premature end of file.
2026-05-14 14:21:29,286 [ERROR] LogOutputStream:75 - [STDERR_REDIRECT] 
2026-05-14 14:21:30,287 [ERROR] LogOutputStream:75 - [STDERR_REDIRECT] [Fatal Error] :1:1: Premature end of file.
2026-05-14 14:21:30,287 [ERROR] LogOutputStream:75 - [STDERR_REDIRECT] 
2026-05-14 14:21:31,275 [ERROR] LogOutputStream:75 - [STDERR_REDIRECT] [Fatal Error] :1:1: Premature end of file.
2026-05-14 14:21:31,275 [ERROR] LogOutputStream:75 - [STDERR_REDIRECT] 
2026-05-14 14:21:32,274 [ERROR] LogOutputStream:75 - [STDERR_REDIRECT] [Fatal Error] :1:1: Premature end of file.
2026-05-14 14:21:32,274 [ERROR] LogOutputStream:75 - [STDERR_REDIRECT] 
2026-05-14 14:21:33,276 [ERROR] LogOutputStream:75 - [STDERR_REDIRECT] [Fatal Error] :1:1: Premature end of file.
2026-05-14 14:21:33,276 [ERROR] LogOutputStream:75 - [STDERR_REDIRECT] 
2026-05-14 14:21:34,276 [ERROR] LogOutputStream:75 - [STDERR_REDIRECT] [Fatal Error] :1:1: Premature end of file.
2026-05-14 14:21:34,276 [ERROR] LogOutputStream:75 - [STDERR_REDIRECT] 
2026-05-14 14:21:35,278 [ERROR] LogOutputStream:75 - [STDERR_REDIRECT] [Fatal Error] :1:1: Premature end of file.
2026-05-14 14:21:35,278 [ERROR] LogOutputStream:75 - [STDERR_REDIRECT] 
2026-05-14 14:21:36,282 [ERROR] LogOutputStream:75 - [STDERR_REDIRECT] [Fatal Error] :1:1: Premature end of file.
2026-05-14 14:21:36,282 [ERROR] LogOutputStream:75 - [STDERR_REDIRECT] 
2026-05-14 14:21:37,284 [ERROR] LogOutputStream:75 - [STDERR_REDIRECT] [Fatal Error] :1:1: Premature end of file.
2026-05-14 14:21:37,284 [ERROR] LogOutputStream:75 - [STDERR_REDIRECT] 
2026-05-14 14:21:38,287 [ERROR] LogOutputStream:75 - [STDERR_REDIRECT] [Fatal Error] :1:1: Premature end of file.
2026-05-14 14:21:38,287 [ERROR] LogOutputStream:75 - [STDERR_REDIRECT] 
2026-05-14 14:21:39,274 [ERROR] LogOutputStream:75 - [STDERR_REDIRECT] [Fatal Error] :1:1: Premature end of file.
2026-05-14 14:21:39,274 [ERROR] LogOutputStream:75 - [STDERR_REDIRECT] 
2026-05-14 14:21:40,274 [ERROR] LogOutputStream:75 - [STDERR_REDIRECT] [Fatal Error] :1:1: Premature end of file.
2026-05-14 14:21:40,274 [ERROR] LogOutputStream:75 - [STDERR_REDIRECT] 
2026-05-14 14:21:41,278 [ERROR] LogOutputStream:75 - [STDERR_REDIRECT] [Fatal Error] :1:1: Premature end of file.
2026-05-14 14:21:41,278 [ERROR] LogOutputStream:75 - [STDERR_REDIRECT] 
2026-05-14 14:21:42,281 [ERROR] LogOutputStream:75 - [STDERR_REDIRECT] [Fatal Error] :1:1: Premature end of file.
2026-05-14 14:21:42,281 [ERROR] LogOutputStream:75 - [STDERR_REDIRECT] 
2026-05-14 14:21:43,282 [ERROR] LogOutputStream:75 - [STDERR_REDIRECT] [Fatal Error] :1:1: Premature end of file.
2026-05-14 14:21:43,282 [ERROR] LogOutputStream:75 - [STDERR_REDIRECT] 
2026-05-14 14:21:44,284 [ERROR] LogOutputStream:75 - [STDERR_REDIRECT] [Fatal Error] :1:1: Premature end of file.
2026-05-14 14:21:44,284 [ERROR] LogOutputStream:75 - [STDERR_REDIRECT] 
2026-05-14 14:21:45,287 [ERROR] LogOutputStream:75 - [STDERR_REDIRECT] [Fatal Error] :1:1: Premature end of file.
2026-05-14 14:21:45,287 [ERROR] LogOutputStream:75 - [STDERR_REDIRECT] 
2026-05-14 14:21:46,272 [ERROR] LogOutputStream:75 - [STDERR_REDIRECT] [Fatal Error] :1:1: Premature end of file.
2026-05-14 14:21:46,272 [ERROR] LogOutputStream:75 - [STDERR_REDIRECT] 
2026-05-14 14:21:47,274 [ERROR] LogOutputStream:75 - [STDERR_REDIRECT] [Fatal Error] :1:1: Premature end of file.
2026-05-14 14:21:47,274 [ERROR] LogOutputStream:75 - [STDERR_REDIRECT] 
2026-05-14 14:21:48,276 [ERROR] LogOutputStream:75 - [STDERR_REDIRECT] [Fatal Error] :1:1: Premature end of file.
2026-05-14 14:21:48,276 [ERROR] LogOutputStream:75 - [STDERR_REDIRECT] 
2026-05-14 14:21:49,279 [ERROR] LogOutputStream:75 - [STDERR_REDIRECT] [Fatal Error] :1:1: Premature end of file.
2026-05-14 14:21:49,279 [ERROR] LogOutputStream:75 - [STDERR_REDIRECT] 
2026-05-14 14:21:50,282 [ERROR] LogOutputStream:75 - [STDERR_REDIRECT] [Fatal Error] :1:1: Premature end of file.
2026-05-14 14:21:50,282 [ERROR] LogOutputStream:75 - [STDERR_REDIRECT] 
2026-05-14 14:21:51,283 [ERROR] LogOutputStream:75 - [STDERR_REDIRECT] [Fatal Error] :1:1: Premature end of file.
2026-05-14 14:21:51,283 [ERROR] LogOutputStream:75 - [STDERR_REDIRECT] 
2026-05-14 14:21:52,286 [ERROR] LogOutputStream:75 - [STDERR_REDIRECT] [Fatal Error] :1:1: Premature end of file.
2026-05-14 14:21:52,286 [ERROR] LogOutputStream:75 - [STDERR_REDIRECT] 
2026-05-14 14:21:53,257 [ERROR] LogOutputStream:75 - [STDERR_REDIRECT] [Fatal Error] :1:1: Premature end of file.
2026-05-14 14:21:53,273 [ERROR] LogOutputStream:75 - [STDERR_REDIRECT] 
2026-05-14 14:21:54,276 [ERROR] LogOutputStream:75 - [STDERR_REDIRECT] [Fatal Error] :1:1: Premature end of file.
2026-05-14 14:21:54,276 [ERROR] LogOutputStream:75 - [STDERR_REDIRECT] 
2026-05-14 14:21:55,280 [ERROR] LogOutputStream:75 - [STDERR_REDIRECT] [Fatal Error] :1:1: Premature end of file.
2026-05-14 14:21:55,280 [ERROR] LogOutputStream:75 - [STDERR_REDIRECT] 
2026-05-14 14:21:56,282 [ERROR] LogOutputStream:75 - [STDERR_REDIRECT] [Fatal Error] :1:1: Premature end of file.
2026-05-14 14:21:56,282 [ERROR] LogOutputStream:75 - [STDERR_REDIRECT] 
2026-05-14 14:21:57,285 [ERROR] LogOutputStream:75 - [STDERR_REDIRECT] [Fatal Error] :1:1: Premature end of file.
2026-05-14 14:21:57,285 [ERROR] LogOutputStream:75 - [STDERR_REDIRECT] 
2026-05-14 14:21:58,286 [ERROR] LogOutputStream:75 - [STDERR_REDIRECT] [Fatal Error] :1:1: Premature end of file.
2026-05-14 14:21:58,286 [ERROR] LogOutputStream:75 - [STDERR_REDIRECT] 
2026-05-14 14:21:59,274 [ERROR] LogOutputStream:75 - [STDERR_REDIRECT] [Fatal Error] :1:1: Premature end of file.
2026-05-14 14:21:59,274 [ERROR] LogOutputStream:75 - [STDERR_REDIRECT] 
2026-05-14 14:22:00,276 [ERROR] LogOutputStream:75 - [STDERR_REDIRECT] [Fatal Error] :1:1: Premature end of file.
2026-05-14 14:22:00,276 [ERROR] LogOutputStream:75 - [STDERR_REDIRECT] 
2026-05-14 14:22:01,280 [ERROR] LogOutputStream:75 - [STDERR_REDIRECT] [Fatal Error] :1:1: Premature end of file.
2026-05-14 14:22:01,280 [ERROR] LogOutputStream:75 - [STDERR_REDIRECT] 
2026-05-14 14:22:02,283 [ERROR] LogOutputStream:75 - [STDERR_REDIRECT] [Fatal Error] :1:1: Premature end of file.
2026-05-14 14:22:02,283 [ERROR] LogOutputStream:75 - [STDERR_REDIRECT] 
2026-05-14 14:22:03,286 [ERROR] LogOutputStream:75 - [STDERR_REDIRECT] [Fatal Error] :1:1: Premature end of file.
2026-05-14 14:22:03,286 [ERROR] LogOutputStream:75 - [STDERR_REDIRECT] 
2026-05-14 14:22:04,286 [ERROR] LogOutputStream:75 - [STDERR_REDIRECT] [Fatal Error] :1:1: Premature end of file.
2026-05-14 14:22:04,286 [ERROR] LogOutputStream:75 - [STDERR_REDIRECT] 
2026-05-14 14:22:05,272 [ERROR] LogOutputStream:75 - [STDERR_REDIRECT] [Fatal Error] :1:1: Premature end of file.
2026-05-14 14:22:05,272 [ERROR] LogOutputStream:75 - [STDERR_REDIRECT] 
2026-05-14 14:22:06,275 [ERROR] LogOutputStream:75 - [STDERR_REDIRECT] [Fatal Error] :1:1: Premature end of file.
2026-05-14 14:22:06,275 [ERROR] LogOutputStream:75 - [STDERR_REDIRECT] 
2026-05-14 14:22:07,278 [ERROR] LogOutputStream:75 - [STDERR_REDIRECT] [Fatal Error] :1:1: Premature end of file.
2026-05-14 14:22:07,278 [ERROR] LogOutputStream:75 - [STDERR_REDIRECT] 
2026-05-14 14:22:08,282 [ERROR] LogOutputStream:75 - [STDERR_REDIRECT] [Fatal Error] :1:1: Premature end of file.
2026-05-14 14:22:08,282 [ERROR] LogOutputStream:75 - [STDERR_REDIRECT] 
2026-05-14 14:22:09,285 [ERROR] LogOutputStream:75 - [STDERR_REDIRECT] [Fatal Error] :1:1: Premature end of file.
2026-05-14 14:22:09,285 [ERROR] LogOutputStream:75 - [STDERR_REDIRECT] 
2026-05-14 14:22:10,272 [ERROR] LogOutputStream:75 - [STDERR_REDIRECT] [Fatal Error] :1:1: Premature end of file.
2026-05-14 14:22:10,272 [ERROR] LogOutputStream:75 - [STDERR_REDIRECT] 
2026-05-14 14:22:11,274 [ERROR] LogOutputStream:75 - [STDERR_REDIRECT] [Fatal Error] :1:1: Premature end of file.
2026-05-14 14:22:11,274 [ERROR] LogOutputStream:75 - [STDERR_REDIRECT] 
2026-05-14 14:22:12,277 [ERROR] LogOutputStream:75 - [STDERR_REDIRECT] [Fatal Error] :1:1: Premature end of file.
2026-05-14 14:22:12,277 [ERROR] LogOutputStream:75 - [STDERR_REDIRECT] 
2026-05-14 14:22:13,279 [ERROR] LogOutputStream:75 - [STDERR_REDIRECT] [Fatal Error] :1:1: Premature end of file.
2026-05-14 14:22:13,279 [ERROR] LogOutputStream:75 - [STDERR_REDIRECT] 
2026-05-14 14:22:14,279 [ERROR] LogOutputStream:75 - [STDERR_REDIRECT] [Fatal Error] :1:1: Premature end of file.
2026-05-14 14:22:14,279 [ERROR] LogOutputStream:75 - [STDERR_REDIRECT] 
2026-05-14 14:22:15,279 [ERROR] LogOutputStream:75 - [STDERR_REDIRECT] [Fatal Error] :1:1: Premature end of file.
2026-05-14 14:22:15,279 [ERROR] LogOutputStream:75 - [STDERR_REDIRECT] 
2026-05-14 14:22:16,282 [ERROR] LogOutputStream:75 - [STDERR_REDIRECT] [Fatal Error] :1:1: Premature end of file.
2026-05-14 14:22:16,282 [ERROR] LogOutputStream:75 - [STDERR_REDIRECT] 
2026-05-14 14:22:17,285 [ERROR] LogOutputStream:75 - [STDERR_REDIRECT] [Fatal Error] :1:1: Premature end of file.
2026-05-14 14:22:17,285 [ERROR] LogOutputStream:75 - [STDERR_REDIRECT] 
2026-05-14 14:22:18,285 [ERROR] LogOutputStream:75 - [STDERR_REDIRECT] [Fatal Error] :1:1: Premature end of file.
2026-05-14 14:22:18,285 [ERROR] LogOutputStream:75 - [STDERR_REDIRECT] 
2026-05-14 14:22:19,287 [ERROR] LogOutputStream:75 - [STDERR_REDIRECT] [Fatal Error] :1:1: Premature end of file.
2026-05-14 14:22:19,287 [ERROR] LogOutputStream:75 - [STDERR_REDIRECT] 
2026-05-14 14:22:20,275 [ERROR] LogOutputStream:75 - [STDERR_REDIRECT] [Fatal Error] :1:1: Premature end of file.
2026-05-14 14:22:20,275 [ERROR] LogOutputStream:75 - [STDERR_REDIRECT] 
2026-05-14 14:22:21,278 [ERROR] LogOutputStream:75 - [STDERR_REDIRECT] [Fatal Error] :1:1: Premature end of file.
2026-05-14 14:22:21,278 [ERROR] LogOutputStream:75 - [STDERR_REDIRECT] 
2026-05-14 14:22:22,279 [ERROR] LogOutputStream:75 - [STDERR_REDIRECT] [Fatal Error] :1:1: Premature end of file.
2026-05-14 14:22:22,279 [ERROR] LogOutputStream:75 - [STDERR_REDIRECT] 
2026-05-14 14:22:23,282 [ERROR] LogOutputStream:75 - [STDERR_REDIRECT] [Fatal Error] :1:1: Premature end of file.
2026-05-14 14:22:23,282 [ERROR] LogOutputStream:75 - [STDERR_REDIRECT] 
2026-05-14 14:22:24,279 [ERROR] LogOutputStream:75 - [STDERR_REDIRECT] [Fatal Error] :1:1: Premature end of file.
2026-05-14 14:22:24,279 [ERROR] LogOutputStream:75 - [STDERR_REDIRECT] 
2026-05-14 14:22:25,282 [ERROR] LogOutputStream:75 - [STDERR_REDIRECT] [Fatal Error] :1:1: Premature end of file.
2026-05-14 14:22:25,282 [ERROR] LogOutputStream:75 - [STDERR_REDIRECT] 
2026-05-14 14:22:26,285 [ERROR] LogOutputStream:75 - [STDERR_REDIRECT] [Fatal Error] :1:1: Premature end of file.
2026-05-14 14:22:26,285 [ERROR] LogOutputStream:75 - [STDERR_REDIRECT] 
2026-05-14 14:22:27,273 [ERROR] LogOutputStream:75 - [STDERR_REDIRECT] [Fatal Error] :1:1: Premature end of file.
2026-05-14 14:22:27,273 [ERROR] LogOutputStream:75 - [STDERR_REDIRECT] 
2026-05-14 14:22:28,273 [ERROR] LogOutputStream:75 - [STDERR_REDIRECT] [Fatal Error] :1:1: Premature end of file.
2026-05-14 14:22:28,273 [ERROR] LogOutputStream:75 - [STDERR_REDIRECT] 
2026-05-14 14:22:29,277 [ERROR] LogOutputStream:75 - [STDERR_REDIRECT] [Fatal Error] :1:1: Premature end of file.
2026-05-14 14:22:29,277 [ERROR] LogOutputStream:75 - [STDERR_REDIRECT] 
2026-05-14 14:22:30,283 [ERROR] LogOutputStream:75 - [STDERR_REDIRECT] [Fatal Error] :1:1: Premature end of file.
2026-05-14 14:22:30,283 [ERROR] LogOutputStream:75 - [STDERR_REDIRECT] 
2026-05-14 14:22:31,273 [ERROR] LogOutputStream:75 - [STDERR_REDIRECT] [Fatal Error] :1:1: Premature end of file.
2026-05-14 14:22:31,273 [ERROR] LogOutputStream:75 - [STDERR_REDIRECT] 
2026-05-14 14:22:32,271 [ERROR] LogOutputStream:75 - [STDERR_REDIRECT] [Fatal Error] :1:1: Premature end of file.
2026-05-14 14:22:32,272 [ERROR] LogOutputStream:75 - [STDERR_REDIRECT] 
2026-05-14 14:22:33,272 [ERROR] LogOutputStream:75 - [STDERR_REDIRECT] [Fatal Error] :1:1: Premature end of file.
2026-05-14 14:22:33,273 [ERROR] LogOutputStream:75 - [STDERR_REDIRECT] 
2026-05-14 14:22:34,273 [ERROR] LogOutputStream:75 - [STDERR_REDIRECT] [Fatal Error] :1:1: Premature end of file.
2026-05-14 14:22:34,273 [ERROR] LogOutputStream:75 - [STDERR_REDIRECT] 
2026-05-14 14:22:35,272 [ERROR] LogOutputStream:75 - [STDERR_REDIRECT] [Fatal Error] :1:1: Premature end of file.
2026-05-14 14:22:35,272 [ERROR] LogOutputStream:75 - [STDERR_REDIRECT] 
2026-05-14 14:22:36,272 [ERROR] LogOutputStream:75 - [STDERR_REDIRECT] [Fatal Error] :1:1: Premature end of file.
2026-05-14 14:22:36,272 [ERROR] LogOutputStream:75 - [STDERR_REDIRECT] 
2026-05-14 14:22:37,272 [ERROR] LogOutputStream:75 - [STDERR_REDIRECT] [Fatal Error] :1:1: Premature end of file.
2026-05-14 14:22:37,272 [ERROR] LogOutputStream:75 - [STDERR_REDIRECT] 
2026-05-14 14:22:38,273 [ERROR] LogOutputStream:75 - [STDERR_REDIRECT] [Fatal Error] :1:1: Premature end of file.
2026-05-14 14:22:38,273 [ERROR] LogOutputStream:75 - [STDERR_REDIRECT] 
2026-05-14 14:22:39,272 [ERROR] LogOutputStream:75 - [STDERR_REDIRECT] [Fatal Error] :1:1: Premature end of file.
2026-05-14 14:22:39,272 [ERROR] LogOutputStream:75 - [STDERR_REDIRECT] 
2026-05-14 14:22:40,281 [ERROR] LogOutputStream:75 - [STDERR_REDIRECT] [Fatal Error] :1:1: Premature end of file.
2026-05-14 14:22:40,281 [ERROR] LogOutputStream:75 - [STDERR_REDIRECT] 
2026-05-14 14:22:41,276 [ERROR] LogOutputStream:75 - [STDERR_REDIRECT] [Fatal Error] :1:1: Premature end of file.
2026-05-14 14:22:41,276 [ERROR] LogOutputStream:75 - [STDERR_REDIRECT] 
2026-05-14 14:22:42,278 [ERROR] LogOutputStream:75 - [STDERR_REDIRECT] [Fatal Error] :1:1: Premature end of file.
2026-05-14 14:22:42,278 [ERROR] LogOutputStream:75 - [STDERR_REDIRECT] 
2026-05-14 14:22:43,279 [ERROR] LogOutputStream:75 - [STDERR_REDIRECT] [Fatal Error] :1:1: Premature end of file.
2026-05-14 14:22:43,280 [ERROR] LogOutputStream:75 - [STDERR_REDIRECT] 
2026-05-14 14:22:44,277 [ERROR] LogOutputStream:75 - [STDERR_REDIRECT] [Fatal Error] :1:1: Premature end of file.
2026-05-14 14:22:44,277 [ERROR] LogOutputStream:75 - [STDERR_REDIRECT] 
2026-05-14 14:22:45,278 [ERROR] LogOutputStream:75 - [STDERR_REDIRECT] [Fatal Error] :1:1: Premature end of file.
2026-05-14 14:22:45,278 [ERROR] LogOutputStream:75 - [STDERR_REDIRECT] 
2026-05-14 14:22:46,277 [ERROR] LogOutputStream:75 - [STDERR_REDIRECT] [Fatal Error] :1:1: Premature end of file.
2026-05-14 14:22:46,277 [ERROR] LogOutputStream:75 - [STDERR_REDIRECT] 
2026-05-14 14:22:47,276 [ERROR] LogOutputStream:75 - [STDERR_REDIRECT] [Fatal Error] :1:1: Premature end of file.
2026-05-14 14:22:47,276 [ERROR] LogOutputStream:75 - [STDERR_REDIRECT] 
2026-05-14 14:22:48,275 [ERROR] LogOutputStream:75 - [STDERR_REDIRECT] [Fatal Error] :1:1: Premature end of file.
2026-05-14 14:22:48,276 [ERROR] LogOutputStream:75 - [STDERR_REDIRECT] 
2026-05-14 14:22:49,274 [ERROR] LogOutputStream:75 - [STDERR_REDIRECT] [Fatal Error] :1:1: Premature end of file.
2026-05-14 14:22:49,274 [ERROR] LogOutputStream:75 - [STDERR_REDIRECT] 
2026-05-14 14:22:50,274 [ERROR] LogOutputStream:75 - [STDERR_REDIRECT] [Fatal Error] :1:1: Premature end of file.
2026-05-14 14:22:50,274 [ERROR] LogOutputStream:75 - [STDERR_REDIRECT] 
2026-05-14 14:22:51,274 [ERROR] LogOutputStream:75 - [STDERR_REDIRECT] [Fatal Error] :1:1: Premature end of file.
2026-05-14 14:22:51,274 [ERROR] LogOutputStream:75 - [STDERR_REDIRECT] 
2026-05-14 14:22:52,276 [ERROR] LogOutputStream:75 - [STDERR_REDIRECT] [Fatal Error] :1:1: Premature end of file.
2026-05-14 14:22:52,276 [ERROR] LogOutputStream:75 - [STDERR_REDIRECT] 
2026-05-14 14:22:53,276 [ERROR] LogOutputStream:75 - [STDERR_REDIRECT] [Fatal Error] :1:1: Premature end of file.
2026-05-14 14:22:53,276 [ERROR] LogOutputStream:75 - [STDERR_REDIRECT] 
2026-05-14 14:22:54,273 [ERROR] LogOutputStream:75 - [STDERR_REDIRECT] [Fatal Error] :1:1: Premature end of file.
2026-05-14 14:22:54,273 [ERROR] LogOutputStream:75 - [STDERR_REDIRECT] 
2026-05-14 14:22:55,275 [ERROR] LogOutputStream:75 - [STDERR_REDIRECT] [Fatal Error] :1:1: Premature end of file.
2026-05-14 14:22:55,275 [ERROR] LogOutputStream:75 - [STDERR_REDIRECT] 
2026-05-14 14:22:56,274 [ERROR] LogOutputStream:75 - [STDERR_REDIRECT] [Fatal Error] :1:1: Premature end of file.
2026-05-14 14:22:56,274 [ERROR] LogOutputStream:75 - [STDERR_REDIRECT] 
2026-05-14 14:22:57,276 [ERROR] LogOutputStream:75 - [STDERR_REDIRECT] [Fatal Error] :1:1: Premature end of file.
2026-05-14 14:22:57,276 [ERROR] LogOutputStream:75 - [STDERR_REDIRECT] 
2026-05-14 14:22:58,274 [ERROR] LogOutputStream:75 - [STDERR_REDIRECT] [Fatal Error] :1:1: Premature end of file.
2026-05-14 14:22:58,274 [ERROR] LogOutputStream:75 - [STDERR_REDIRECT] 
2026-05-14 14:22:59,274 [ERROR] LogOutputStream:75 - [STDERR_REDIRECT] [Fatal Error] :1:1: Premature end of file.
2026-05-14 14:22:59,274 [ERROR] LogOutputStream:75 - [STDERR_REDIRECT] 
2026-05-14 14:23:00,278 [ERROR] LogOutputStream:75 - [STDERR_REDIRECT] [Fatal Error] :1:1: Premature end of file.
2026-05-14 14:23:00,278 [ERROR] LogOutputStream:75 - [STDERR_REDIRECT] 
2026-05-14 14:23:01,276 [ERROR] LogOutputStream:75 - [STDERR_REDIRECT] [Fatal Error] :1:1: Premature end of file.
2026-05-14 14:23:01,276 [ERROR] LogOutputStream:75 - [STDERR_REDIRECT] 
2026-05-14 14:23:02,274 [ERROR] LogOutputStream:75 - [STDERR_REDIRECT] [Fatal Error] :1:1: Premature end of file.
2026-05-14 14:23:02,275 [ERROR] LogOutputStream:75 - [STDERR_REDIRECT] 
2026-05-14 14:23:03,275 [ERROR] LogOutputStream:75 - [STDERR_REDIRECT] [Fatal Error] :1:1: Premature end of file.
2026-05-14 14:23:03,275 [ERROR] LogOutputStream:75 - [STDERR_REDIRECT] 
2026-05-14 14:23:04,279 [ERROR] LogOutputStream:75 - [STDERR_REDIRECT] [Fatal Error] :1:1: Premature end of file.
2026-05-14 14:23:04,280 [ERROR] LogOutputStream:75 - [STDERR_REDIRECT] 
2026-05-14 14:23:05,275 [ERROR] LogOutputStream:75 - [STDERR_REDIRECT] [Fatal Error] :1:1: Premature end of file.
2026-05-14 14:23:05,275 [ERROR] LogOutputStream:75 - [STDERR_REDIRECT] 
2026-05-14 14:23:06,276 [ERROR] LogOutputStream:75 - [STDERR_REDIRECT] [Fatal Error] :1:1: Premature end of file.
2026-05-14 14:23:06,277 [ERROR] LogOutputStream:75 - [STDERR_REDIRECT] 
2026-05-14 14:23:07,277 [ERROR] LogOutputStream:75 - [STDERR_REDIRECT] [Fatal Error] :1:1: Premature end of file.
2026-05-14 14:23:07,277 [ERROR] LogOutputStream:75 - [STDERR_REDIRECT] 
2026-05-14 14:23:08,309 [ERROR] LogOutputStream:75 - [STDERR_REDIRECT] [Fatal Error] :1:1: Premature end of file.
2026-05-14 14:23:08,309 [ERROR] LogOutputStream:75 - [STDERR_REDIRECT] 
2026-05-14 14:23:09,276 [ERROR] LogOutputStream:75 - [STDERR_REDIRECT] [Fatal Error] :1:1: Premature end of file.
2026-05-14 14:23:09,276 [ERROR] LogOutputStream:75 - [STDERR_REDIRECT] 
2026-05-14 14:23:10,274 [ERROR] LogOutputStream:75 - [STDERR_REDIRECT] [Fatal Error] :1:1: Premature end of file.
2026-05-14 14:23:10,274 [ERROR] LogOutputStream:75 - [STDERR_REDIRECT] 
2026-05-14 14:23:11,275 [ERROR] LogOutputStream:75 - [STDERR_REDIRECT] [Fatal Error] :1:1: Premature end of file.
2026-05-14 14:23:11,275 [ERROR] LogOutputStream:75 - [STDERR_REDIRECT] 
2026-05-14 14:23:12,276 [ERROR] LogOutputStream:75 - [STDERR_REDIRECT] [Fatal Error] :1:1: Premature end of file.
2026-05-14 14:23:12,276 [ERROR] LogOutputStream:75 - [STDERR_REDIRECT] 
2026-05-14 14:23:13,274 [ERROR] LogOutputStream:75 - [STDERR_REDIRECT] [Fatal Error] :1:1: Premature end of file.
2026-05-14 14:23:13,274 [ERROR] LogOutputStream:75 - [STDERR_REDIRECT] 
2026-05-14 14:23:14,275 [ERROR] LogOutputStream:75 - [STDERR_REDIRECT] [Fatal Error] :1:1: Premature end of file.
2026-05-14 14:23:14,276 [ERROR] LogOutputStream:75 - [STDERR_REDIRECT] 
2026-05-14 14:23:15,277 [ERROR] LogOutputStream:75 - [STDERR_REDIRECT] [Fatal Error] :1:1: Premature end of file.
2026-05-14 14:23:15,277 [ERROR] LogOutputStream:75 - [STDERR_REDIRECT] 
2026-05-14 14:23:16,276 [ERROR] LogOutputStream:75 - [STDERR_REDIRECT] [Fatal Error] :1:1: Premature end of file.
2026-05-14 14:23:16,276 [ERROR] LogOutputStream:75 - [STDERR_REDIRECT] 
2026-05-14 14:23:17,277 [ERROR] LogOutputStream:75 - [STDERR_REDIRECT] [Fatal Error] :1:1: Premature end of file.
2026-05-14 14:23:17,277 [ERROR] LogOutputStream:75 - [STDERR_REDIRECT] 
2026-05-14 14:23:18,272 [ERROR] LogOutputStream:75 - [STDERR_REDIRECT] [Fatal Error] :1:1: Premature end of file.
2026-05-14 14:23:18,273 [ERROR] LogOutputStream:75 - [STDERR_REDIRECT] 
2026-05-14 14:23:19,274 [ERROR] LogOutputStream:75 - [STDERR_REDIRECT] [Fatal Error] :1:1: Premature end of file.
2026-05-14 14:23:19,274 [ERROR] LogOutputStream:75 - [STDERR_REDIRECT] 
2026-05-14 14:23:20,275 [ERROR] LogOutputStream:75 - [STDERR_REDIRECT] [Fatal Error] :1:1: Premature end of file.
2026-05-14 14:23:20,275 [ERROR] LogOutputStream:75 - [STDERR_REDIRECT] 
2026-05-14 14:23:21,275 [ERROR] LogOutputStream:75 - [STDERR_REDIRECT] [Fatal Error] :1:1: Premature end of file.
2026-05-14 14:23:21,275 [ERROR] LogOutputStream:75 - [STDERR_REDIRECT] 
2026-05-14 14:23:22,275 [ERROR] LogOutputStream:75 - [STDERR_REDIRECT] [Fatal Error] :1:1: Premature end of file.
2026-05-14 14:23:22,276 [ERROR] LogOutputStream:75 - [STDERR_REDIRECT] 
2026-05-14 14:23:23,274 [ERROR] LogOutputStream:75 - [STDERR_REDIRECT] [Fatal Error] :1:1: Premature end of file.
2026-05-14 14:23:23,274 [ERROR] LogOutputStream:75 - [STDERR_REDIRECT] 
2026-05-14 14:23:24,273 [ERROR] LogOutputStream:75 - [STDERR_REDIRECT] [Fatal Error] :1:1: Premature end of file.
2026-05-14 14:23:24,273 [ERROR] LogOutputStream:75 - [STDERR_REDIRECT] 
2026-05-14 14:23:25,274 [ERROR] LogOutputStream:75 - [STDERR_REDIRECT] [Fatal Error] :1:1: Premature end of file.
2026-05-14 14:23:25,275 [ERROR] LogOutputStream:75 - [STDERR_REDIRECT] 
2026-05-14 14:23:26,273 [ERROR] LogOutputStream:75 - [STDERR_REDIRECT] [Fatal Error] :1:1: Premature end of file.
2026-05-14 14:23:26,273 [ERROR] LogOutputStream:75 - [STDERR_REDIRECT] 
2026-05-14 14:23:27,276 [ERROR] LogOutputStream:75 - [STDERR_REDIRECT] [Fatal Error] :1:1: Premature end of file.
2026-05-14 14:23:27,276 [ERROR] LogOutputStream:75 - [STDERR_REDIRECT] 
2026-05-14 14:23:28,274 [ERROR] LogOutputStream:75 - [STDERR_REDIRECT] [Fatal Error] :1:1: Premature end of file.
2026-05-14 14:23:28,274 [ERROR] LogOutputStream:75 - [STDERR_REDIRECT] 
2026-05-14 14:23:29,274 [ERROR] LogOutputStream:75 - [STDERR_REDIRECT] [Fatal Error] :1:1: Premature end of file.
2026-05-14 14:23:29,274 [ERROR] LogOutputStream:75 - [STDERR_REDIRECT] 
2026-05-14 14:23:30,273 [ERROR] LogOutputStream:75 - [STDERR_REDIRECT] [Fatal Error] :1:1: Premature end of file.
2026-05-14 14:23:30,273 [ERROR] LogOutputStream:75 - [STDERR_REDIRECT] 
2026-05-14 14:23:31,274 [ERROR] LogOutputStream:75 - [STDERR_REDIRECT] [Fatal Error] :1:1: Premature end of file.
2026-05-14 14:23:31,274 [ERROR] LogOutputStream:75 - [STDERR_REDIRECT] 
2026-05-14 14:23:32,272 [ERROR] LogOutputStream:75 - [STDERR_REDIRECT] [Fatal Error] :1:1: Premature end of file.
2026-05-14 14:23:32,273 [ERROR] LogOutputStream:75 - [STDERR_REDIRECT] 
2026-05-14 14:23:33,275 [ERROR] LogOutputStream:75 - [STDERR_REDIRECT] [Fatal Error] :1:1: Premature end of file.
2026-05-14 14:23:33,275 [ERROR] LogOutputStream:75 - [STDERR_REDIRECT] 
2026-05-14 14:23:34,274 [ERROR] LogOutputStream:75 - [STDERR_REDIRECT] [Fatal Error] :1:1: Premature end of file.
2026-05-14 14:23:34,274 [ERROR] LogOutputStream:75 - [STDERR_REDIRECT] 
2026-05-14 14:23:35,273 [ERROR] LogOutputStream:75 - [STDERR_REDIRECT] [Fatal Error] :1:1: Premature end of file.
2026-05-14 14:23:35,273 [ERROR] LogOutputStream:75 - [STDERR_REDIRECT] 
2026-05-14 14:23:36,273 [ERROR] LogOutputStream:75 - [STDERR_REDIRECT] [Fatal Error] :1:1: Premature end of file.
2026-05-14 14:23:36,273 [ERROR] LogOutputStream:75 - [STDERR_REDIRECT] 
2026-05-14 14:23:37,274 [ERROR] LogOutputStream:75 - [STDERR_REDIRECT] [Fatal Error] :1:1: Premature end of file.
2026-05-14 14:23:37,274 [ERROR] LogOutputStream:75 - [STDERR_REDIRECT] 
2026-05-14 14:23:38,273 [ERROR] LogOutputStream:75 - [STDERR_REDIRECT] [Fatal Error] :1:1: Premature end of file.
2026-05-14 14:23:38,273 [ERROR] LogOutputStream:75 - [STDERR_REDIRECT] 
2026-05-14 14:23:39,275 [ERROR] LogOutputStream:75 - [STDERR_REDIRECT] [Fatal Error] :1:1: Premature end of file.
2026-05-14 14:23:39,275 [ERROR] LogOutputStream:75 - [STDERR_REDIRECT] 
2026-05-14 14:23:40,273 [ERROR] LogOutputStream:75 - [STDERR_REDIRECT] [Fatal Error] :1:1: Premature end of file.
2026-05-14 14:23:40,273 [ERROR] LogOutputStream:75 - [STDERR_REDIRECT] 
2026-05-14 14:23:41,276 [ERROR] LogOutputStream:75 - [STDERR_REDIRECT] [Fatal Error] :1:1: Premature end of file.
2026-05-14 14:23:41,276 [ERROR] LogOutputStream:75 - [STDERR_REDIRECT] 
2026-05-14 14:23:42,274 [ERROR] LogOutputStream:75 - [STDERR_REDIRECT] [Fatal Error] :1:1: Premature end of file.
2026-05-14 14:23:42,274 [ERROR] LogOutputStream:75 - [STDERR_REDIRECT] 
2026-05-14 14:23:43,273 [ERROR] LogOutputStream:75 - [STDERR_REDIRECT] [Fatal Error] :1:1: Premature end of file.
2026-05-14 14:23:43,273 [ERROR] LogOutputStream:75 - [STDERR_REDIRECT] 
2026-05-14 14:23:44,272 [ERROR] LogOutputStream:75 - [STDERR_REDIRECT] [Fatal Error] :1:1: Premature end of file.
2026-05-14 14:23:44,273 [ERROR] LogOutputStream:75 - [STDERR_REDIRECT] 
2026-05-14 14:23:45,274 [ERROR] LogOutputStream:75 - [STDERR_REDIRECT] [Fatal Error] :1:1: Premature end of file.
2026-05-14 14:23:45,274 [ERROR] LogOutputStream:75 - [STDERR_REDIRECT] 
2026-05-14 14:23:46,274 [ERROR] LogOutputStream:75 - [STDERR_REDIRECT] [Fatal Error] :1:1: Premature end of file.
2026-05-14 14:23:46,274 [ERROR] LogOutputStream:75 - [STDERR_REDIRECT] 
2026-05-14 14:23:47,275 [ERROR] LogOutputStream:75 - [STDERR_REDIRECT] [Fatal Error] :1:1: Premature end of file.
2026-05-14 14:23:47,276 [ERROR] LogOutputStream:75 - [STDERR_REDIRECT] 
2026-05-14 14:23:48,274 [ERROR] LogOutputStream:75 - [STDERR_REDIRECT] [Fatal Error] :1:1: Premature end of file.
2026-05-14 14:23:48,274 [ERROR] LogOutputStream:75 - [STDERR_REDIRECT] 
2026-05-14 14:23:49,274 [ERROR] LogOutputStream:75 - [STDERR_REDIRECT] [Fatal Error] :1:1: Premature end of file.
2026-05-14 14:23:49,275 [ERROR] LogOutputStream:75 - [STDERR_REDIRECT] 
2026-05-14 14:23:50,274 [ERROR] LogOutputStream:75 - [STDERR_REDIRECT] [Fatal Error] :1:1: Premature end of file.
2026-05-14 14:23:50,275 [ERROR] LogOutputStream:75 - [STDERR_REDIRECT] 
2026-05-14 14:23:51,273 [ERROR] LogOutputStream:75 - [STDERR_REDIRECT] [Fatal Error] :1:1: Premature end of file.
2026-05-14 14:23:51,273 [ERROR] LogOutputStream:75 - [STDERR_REDIRECT] 
2026-05-14 14:23:52,274 [ERROR] LogOutputStream:75 - [STDERR_REDIRECT] [Fatal Error] :1:1: Premature end of file.
2026-05-14 14:23:52,274 [ERROR] LogOutputStream:75 - [STDERR_REDIRECT] 
2026-05-14 14:23:53,273 [ERROR] LogOutputStream:75 - [STDERR_REDIRECT] [Fatal Error] :1:1: Premature end of file.
2026-05-14 14:23:53,273 [ERROR] LogOutputStream:75 - [STDERR_REDIRECT] 
2026-05-14 14:23:54,273 [ERROR] LogOutputStream:75 - [STDERR_REDIRECT] [Fatal Error] :1:1: Premature end of file.
2026-05-14 14:23:54,273 [ERROR] LogOutputStream:75 - [STDERR_REDIRECT] 
2026-05-14 14:23:55,272 [ERROR] LogOutputStream:75 - [STDERR_REDIRECT] [Fatal Error] :1:1: Premature end of file.
2026-05-14 14:23:55,273 [ERROR] LogOutputStream:75 - [STDERR_REDIRECT] 
2026-05-14 14:23:56,275 [ERROR] LogOutputStream:75 - [STDERR_REDIRECT] [Fatal Error] :1:1: Premature end of file.
2026-05-14 14:23:56,275 [ERROR] LogOutputStream:75 - [STDERR_REDIRECT] 
2026-05-14 14:23:57,271 [ERROR] LogOutputStream:75 - [STDERR_REDIRECT] [Fatal Error] :1:1: Premature end of file.
2026-05-14 14:23:57,272 [ERROR] LogOutputStream:75 - [STDERR_REDIRECT] 
2026-05-14 14:23:58,274 [ERROR] LogOutputStream:75 - [STDERR_REDIRECT] [Fatal Error] :1:1: Premature end of file.
2026-05-14 14:23:58,274 [ERROR] LogOutputStream:75 - [STDERR_REDIRECT] 
2026-05-14 14:23:59,274 [ERROR] LogOutputStream:75 - [STDERR_REDIRECT] [Fatal Error] :1:1: Premature end of file.
2026-05-14 14:23:59,274 [ERROR] LogOutputStream:75 - [STDERR_REDIRECT] 
2026-05-14 14:24:00,274 [ERROR] LogOutputStream:75 - [STDERR_REDIRECT] [Fatal Error] :1:1: Premature end of file.
2026-05-14 14:24:00,274 [ERROR] LogOutputStream:75 - [STDERR_REDIRECT] 
2026-05-14 14:24:01,273 [ERROR] LogOutputStream:75 - [STDERR_REDIRECT] [Fatal Error] :1:1: Premature end of file.
2026-05-14 14:24:01,273 [ERROR] LogOutputStream:75 - [STDERR_REDIRECT] 
2026-05-14 14:24:02,273 [ERROR] LogOutputStream:75 - [STDERR_REDIRECT] [Fatal Error] :1:1: Premature end of file.
2026-05-14 14:24:02,273 [ERROR] LogOutputStream:75 - [STDERR_REDIRECT] 
2026-05-14 14:24:03,272 [ERROR] LogOutputStream:75 - [STDERR_REDIRECT] [Fatal Error] :1:1: Premature end of file.
2026-05-14 14:24:03,273 [ERROR] LogOutputStream:75 - [STDERR_REDIRECT] 
2026-05-14 14:24:04,273 [ERROR] LogOutputStream:75 - [STDERR_REDIRECT] [Fatal Error] :1:1: Premature end of file.
2026-05-14 14:24:04,273 [ERROR] LogOutputStream:75 - [STDERR_REDIRECT] 
2026-05-14 14:24:05,272 [ERROR] LogOutputStream:75 - [STDERR_REDIRECT] [Fatal Error] :1:1: Premature end of file.
2026-05-14 14:24:05,273 [ERROR] LogOutputStream:75 - [STDERR_REDIRECT] 
2026-05-14 14:24:06,274 [ERROR] LogOutputStream:75 - [STDERR_REDIRECT] [Fatal Error] :1:1: Premature end of file.
2026-05-14 14:24:06,274 [ERROR] LogOutputStream:75 - [STDERR_REDIRECT] 
2026-05-14 14:24:07,274 [ERROR] LogOutputStream:75 - [STDERR_REDIRECT] [Fatal Error] :1:1: Premature end of file.
2026-05-14 14:24:07,274 [ERROR] LogOutputStream:75 - [STDERR_REDIRECT] 
2026-05-14 14:24:08,274 [ERROR] LogOutputStream:75 - [STDERR_REDIRECT] [Fatal Error] :1:1: Premature end of file.
2026-05-14 14:24:08,274 [ERROR] LogOutputStream:75 - [STDERR_REDIRECT] 
2026-05-14 14:24:09,273 [ERROR] LogOutputStream:75 - [STDERR_REDIRECT] [Fatal Error] :1:1: Premature end of file.
2026-05-14 14:24:09,273 [ERROR] LogOutputStream:75 - [STDERR_REDIRECT] 
2026-05-14 14:24:10,274 [ERROR] LogOutputStream:75 - [STDERR_REDIRECT] [Fatal Error] :1:1: Premature end of file.
2026-05-14 14:24:10,274 [ERROR] LogOutputStream:75 - [STDERR_REDIRECT] 
2026-05-14 14:24:11,272 [ERROR] LogOutputStream:75 - [STDERR_REDIRECT] [Fatal Error] :1:1: Premature end of file.
2026-05-14 14:24:11,272 [ERROR] LogOutputStream:75 - [STDERR_REDIRECT] 
2026-05-14 14:24:12,273 [ERROR] LogOutputStream:75 - [STDERR_REDIRECT] [Fatal Error] :1:1: Premature end of file.
2026-05-14 14:24:12,274 [ERROR] LogOutputStream:75 - [STDERR_REDIRECT] 
2026-05-14 14:24:13,272 [ERROR] LogOutputStream:75 - [STDERR_REDIRECT] [Fatal Error] :1:1: Premature end of file.
2026-05-14 14:24:13,272 [ERROR] LogOutputStream:75 - [STDERR_REDIRECT] 
2026-05-14 14:24:14,274 [ERROR] LogOutputStream:75 - [STDERR_REDIRECT] [Fatal Error] :1:1: Premature end of file.
2026-05-14 14:24:14,274 [ERROR] LogOutputStream:75 - [STDERR_REDIRECT] 
2026-05-14 14:24:15,272 [ERROR] LogOutputStream:75 - [STDERR_REDIRECT] [Fatal Error] :1:1: Premature end of file.
2026-05-14 14:24:15,272 [ERROR] LogOutputStream:75 - [STDERR_REDIRECT] 
2026-05-14 14:24:16,273 [ERROR] LogOutputStream:75 - [STDERR_REDIRECT] [Fatal Error] :1:1: Premature end of file.
2026-05-14 14:24:16,273 [ERROR] LogOutputStream:75 - [STDERR_REDIRECT] 
2026-05-14 14:24:17,272 [ERROR] LogOutputStream:75 - [STDERR_REDIRECT] [Fatal Error] :1:1: Premature end of file.
2026-05-14 14:24:17,272 [ERROR] LogOutputStream:75 - [STDERR_REDIRECT] 
2026-05-14 14:24:18,273 [ERROR] LogOutputStream:75 - [STDERR_REDIRECT] [Fatal Error] :1:1: Premature end of file.
2026-05-14 14:24:18,273 [ERROR] LogOutputStream:75 - [STDERR_REDIRECT] 
2026-05-14 14:24:19,273 [ERROR] LogOutputStream:75 - [STDERR_REDIRECT] [Fatal Error] :1:1: Premature end of file.
2026-05-14 14:24:19,273 [ERROR] LogOutputStream:75 - [STDERR_REDIRECT] 
2026-05-14 14:24:20,272 [ERROR] LogOutputStream:75 - [STDERR_REDIRECT] [Fatal Error] :1:1: Premature end of file.
2026-05-14 14:24:20,273 [ERROR] LogOutputStream:75 - [STDERR_REDIRECT] 
2026-05-14 14:24:21,272 [ERROR] LogOutputStream:75 - [STDERR_REDIRECT] [Fatal Error] :1:1: Premature end of file.
2026-05-14 14:24:21,273 [ERROR] LogOutputStream:75 - [STDERR_REDIRECT] 
2026-05-14 14:24:22,276 [ERROR] LogOutputStream:75 - [STDERR_REDIRECT] [Fatal Error] :1:1: Premature end of file.
2026-05-14 14:24:22,276 [ERROR] LogOutputStream:75 - [STDERR_REDIRECT] 
2026-05-14 14:24:23,274 [ERROR] LogOutputStream:75 - [STDERR_REDIRECT] [Fatal Error] :1:1: Premature end of file.
2026-05-14 14:24:23,274 [ERROR] LogOutputStream:75 - [STDERR_REDIRECT] 
2026-05-14 14:24:24,277 [ERROR] LogOutputStream:75 - [STDERR_REDIRECT] [Fatal Error] :1:1: Premature end of file.
2026-05-14 14:24:24,277 [ERROR] LogOutputStream:75 - [STDERR_REDIRECT] 
2026-05-14 14:24:25,275 [ERROR] LogOutputStream:75 - [STDERR_REDIRECT] [Fatal Error] :1:1: Premature end of file.
2026-05-14 14:24:25,275 [ERROR] LogOutputStream:75 - [STDERR_REDIRECT] 
2026-05-14 14:24:26,275 [ERROR] LogOutputStream:75 - [STDERR_REDIRECT] [Fatal Error] :1:1: Premature end of file.
2026-05-14 14:24:26,275 [ERROR] LogOutputStream:75 - [STDERR_REDIRECT] 
2026-05-14 14:24:27,274 [ERROR] LogOutputStream:75 - [STDERR_REDIRECT] [Fatal Error] :1:1: Premature end of file.
2026-05-14 14:24:27,274 [ERROR] LogOutputStream:75 - [STDERR_REDIRECT] 
2026-05-14 14:24:28,275 [ERROR] LogOutputStream:75 - [STDERR_REDIRECT] [Fatal Error] :1:1: Premature end of file.
2026-05-14 14:24:28,275 [ERROR] LogOutputStream:75 - [STDERR_REDIRECT] 
2026-05-14 14:24:29,275 [ERROR] LogOutputStream:75 - [STDERR_REDIRECT] [Fatal Error] :1:1: Premature end of file.
2026-05-14 14:24:29,275 [ERROR] LogOutputStream:75 - [STDERR_REDIRECT] 
2026-05-14 14:24:30,273 [ERROR] LogOutputStream:75 - [STDERR_REDIRECT] [Fatal Error] :1:1: Premature end of file.
2026-05-14 14:24:30,273 [ERROR] LogOutputStream:75 - [STDERR_REDIRECT] 
2026-05-14 14:24:31,274 [ERROR] LogOutputStream:75 - [STDERR_REDIRECT] [Fatal Error] :1:1: Premature end of file.
2026-05-14 14:24:31,275 [ERROR] LogOutputStream:75 - [STDERR_REDIRECT] 
2026-05-14 14:24:32,273 [ERROR] LogOutputStream:75 - [STDERR_REDIRECT] [Fatal Error] :1:1: Premature end of file.
2026-05-14 14:24:32,273 [ERROR] LogOutputStream:75 - [STDERR_REDIRECT] 
2026-05-14 14:24:33,273 [ERROR] LogOutputStream:75 - [STDERR_REDIRECT] [Fatal Error] :1:1: Premature end of file.
2026-05-14 14:24:33,273 [ERROR] LogOutputStream:75 - [STDERR_REDIRECT] 
2026-05-14 14:24:34,274 [ERROR] LogOutputStream:75 - [STDERR_REDIRECT] [Fatal Error] :1:1: Premature end of file.
2026-05-14 14:24:34,274 [ERROR] LogOutputStream:75 - [STDERR_REDIRECT] 
2026-05-14 14:24:35,274 [ERROR] LogOutputStream:75 - [STDERR_REDIRECT] [Fatal Error] :1:1: Premature end of file.
2026-05-14 14:24:35,275 [ERROR] LogOutputStream:75 - [STDERR_REDIRECT] 
2026-05-14 14:24:36,274 [ERROR] LogOutputStream:75 - [STDERR_REDIRECT] [Fatal Error] :1:1: Premature end of file.
2026-05-14 14:24:36,274 [ERROR] LogOutputStream:75 - [STDERR_REDIRECT] 
2026-05-14 14:24:37,274 [ERROR] LogOutputStream:75 - [STDERR_REDIRECT] [Fatal Error] :1:1: Premature end of file.
2026-05-14 14:24:37,274 [ERROR] LogOutputStream:75 - [STDERR_REDIRECT] 
2026-05-14 14:24:38,274 [ERROR] LogOutputStream:75 - [STDERR_REDIRECT] [Fatal Error] :1:1: Premature end of file.
2026-05-14 14:24:38,274 [ERROR] LogOutputStream:75 - [STDERR_REDIRECT] 
2026-05-14 14:24:39,273 [ERROR] LogOutputStream:75 - [STDERR_REDIRECT] [Fatal Error] :1:1: Premature end of file.
2026-05-14 14:24:39,273 [ERROR] LogOutputStream:75 - [STDERR_REDIRECT] 
2026-05-14 14:24:40,275 [ERROR] LogOutputStream:75 - [STDERR_REDIRECT] [Fatal Error] :1:1: Premature end of file.
2026-05-14 14:24:40,275 [ERROR] LogOutputStream:75 - [STDERR_REDIRECT] 
2026-05-14 14:24:41,276 [ERROR] LogOutputStream:75 - [STDERR_REDIRECT] [Fatal Error] :1:1: Premature end of file.
2026-05-14 14:24:41,276 [ERROR] LogOutputStream:75 - [STDERR_REDIRECT] 
2026-05-14 14:24:42,273 [ERROR] LogOutputStream:75 - [STDERR_REDIRECT] [Fatal Error] :1:1: Premature end of file.
2026-05-14 14:24:42,273 [ERROR] LogOutputStream:75 - [STDERR_REDIRECT] 
2026-05-14 14:24:43,273 [ERROR] LogOutputStream:75 - [STDERR_REDIRECT] [Fatal Error] :1:1: Premature end of file.
2026-05-14 14:24:43,274 [ERROR] LogOutputStream:75 - [STDERR_REDIRECT] 
2026-05-14 14:24:44,272 [ERROR] LogOutputStream:75 - [STDERR_REDIRECT] [Fatal Error] :1:1: Premature end of file.
2026-05-14 14:24:44,273 [ERROR] LogOutputStream:75 - [STDERR_REDIRECT] 
2026-05-14 14:24:45,273 [ERROR] LogOutputStream:75 - [STDERR_REDIRECT] [Fatal Error] :1:1: Premature end of file.
2026-05-14 14:24:45,273 [ERROR] LogOutputStream:75 - [STDERR_REDIRECT] 
2026-05-14 14:24:46,271 [ERROR] LogOutputStream:75 - [STDERR_REDIRECT] [Fatal Error] :1:1: Premature end of file.
2026-05-14 14:24:46,271 [ERROR] LogOutputStream:75 - [STDERR_REDIRECT] 
2026-05-14 14:24:47,273 [ERROR] LogOutputStream:75 - [STDERR_REDIRECT] [Fatal Error] :1:1: Premature end of file.
2026-05-14 14:24:47,273 [ERROR] LogOutputStream:75 - [STDERR_REDIRECT] 
2026-05-14 14:24:48,272 [ERROR] LogOutputStream:75 - [STDERR_REDIRECT] [Fatal Error] :1:1: Premature end of file.
2026-05-14 14:24:48,272 [ERROR] LogOutputStream:75 - [STDERR_REDIRECT] 
2026-05-14 14:24:49,272 [ERROR] LogOutputStream:75 - [STDERR_REDIRECT] [Fatal Error] :1:1: Premature end of file.
2026-05-14 14:24:49,272 [ERROR] LogOutputStream:75 - [STDERR_REDIRECT] 
2026-05-14 14:24:50,273 [ERROR] LogOutputStream:75 - [STDERR_REDIRECT] [Fatal Error] :1:1: Premature end of file.
2026-05-14 14:24:50,273 [ERROR] LogOutputStream:75 - [STDERR_REDIRECT] 
2026-05-14 14:24:51,272 [ERROR] LogOutputStream:75 - [STDERR_REDIRECT] [Fatal Error] :1:1: Premature end of file.
2026-05-14 14:24:51,272 [ERROR] LogOutputStream:75 - [STDERR_REDIRECT] 
2026-05-14 14:24:52,274 [ERROR] LogOutputStream:75 - [STDERR_REDIRECT] [Fatal Error] :1:1: Premature end of file.
2026-05-14 14:24:52,274 [ERROR] LogOutputStream:75 - [STDERR_REDIRECT] 
2026-05-14 14:24:53,273 [ERROR] LogOutputStream:75 - [STDERR_REDIRECT] [Fatal Error] :1:1: Premature end of file.
2026-05-14 14:24:53,273 [ERROR] LogOutputStream:75 - [STDERR_REDIRECT] 
2026-05-14 14:24:54,273 [ERROR] LogOutputStream:75 - [STDERR_REDIRECT] [Fatal Error] :1:1: Premature end of file.
2026-05-14 14:24:54,274 [ERROR] LogOutputStream:75 - [STDERR_REDIRECT] 
2026-05-14 14:24:55,274 [ERROR] LogOutputStream:75 - [STDERR_REDIRECT] [Fatal Error] :1:1: Premature end of file.
2026-05-14 14:24:55,274 [ERROR] LogOutputStream:75 - [STDERR_REDIRECT] 
2026-05-14 14:24:56,273 [ERROR] LogOutputStream:75 - [STDERR_REDIRECT] [Fatal Error] :1:1: Premature end of file.
2026-05-14 14:24:56,273 [ERROR] LogOutputStream:75 - [STDERR_REDIRECT] 
2026-05-14 14:24:57,272 [ERROR] LogOutputStream:75 - [STDERR_REDIRECT] [Fatal Error] :1:1: Premature end of file.
2026-05-14 14:24:57,272 [ERROR] LogOutputStream:75 - [STDERR_REDIRECT] 
2026-05-14 14:24:58,272 [ERROR] LogOutputStream:75 - [STDERR_REDIRECT] [Fatal Error] :1:1: Premature end of file.
2026-05-14 14:24:58,272 [ERROR] LogOutputStream:75 - [STDERR_REDIRECT] 
2026-05-14 14:24:59,271 [ERROR] LogOutputStream:75 - [STDERR_REDIRECT] [Fatal Error] :1:1: Premature end of file.
2026-05-14 14:24:59,272 [ERROR] LogOutputStream:75 - [STDERR_REDIRECT] 
2026-05-14 14:25:00,273 [ERROR] LogOutputStream:75 - [STDERR_REDIRECT] [Fatal Error] :1:1: Premature end of file.
2026-05-14 14:25:00,273 [ERROR] LogOutputStream:75 - [STDERR_REDIRECT] 
2026-05-14 14:25:01,274 [ERROR] LogOutputStream:75 - [STDERR_REDIRECT] [Fatal Error] :1:1: Premature end of file.
2026-05-14 14:25:01,274 [ERROR] LogOutputStream:75 - [STDERR_REDIRECT] 
2026-05-14 14:25:02,273 [ERROR] LogOutputStream:75 - [STDERR_REDIRECT] [Fatal Error] :1:1: Premature end of file.
2026-05-14 14:25:02,273 [ERROR] LogOutputStream:75 - [STDERR_REDIRECT] 
2026-05-14 14:25:03,272 [ERROR] LogOutputStream:75 - [STDERR_REDIRECT] [Fatal Error] :1:1: Premature end of file.
2026-05-14 14:25:03,272 [ERROR] LogOutputStream:75 - [STDERR_REDIRECT] 
2026-05-14 14:25:04,272 [ERROR] LogOutputStream:75 - [STDERR_REDIRECT] [Fatal Error] :1:1: Premature end of file.
2026-05-14 14:25:04,272 [ERROR] LogOutputStream:75 - [STDERR_REDIRECT] 
2026-05-14 14:25:05,272 [ERROR] LogOutputStream:75 - [STDERR_REDIRECT] [Fatal Error] :1:1: Premature end of file.
2026-05-14 14:25:05,272 [ERROR] LogOutputStream:75 - [STDERR_REDIRECT] 
2026-05-14 14:25:06,272 [ERROR] LogOutputStream:75 - [STDERR_REDIRECT] [Fatal Error] :1:1: Premature end of file.
2026-05-14 14:25:06,273 [ERROR] LogOutputStream:75 - [STDERR_REDIRECT] 
2026-05-14 14:25:07,273 [ERROR] LogOutputStream:75 - [STDERR_REDIRECT] [Fatal Error] :1:1: Premature end of file.
2026-05-14 14:25:07,273 [ERROR] LogOutputStream:75 - [STDERR_REDIRECT] 
2026-05-14 14:25:08,272 [ERROR] LogOutputStream:75 - [STDERR_REDIRECT] [Fatal Error] :1:1: Premature end of file.
2026-05-14 14:25:08,273 [ERROR] LogOutputStream:75 - [STDERR_REDIRECT] 
2026-05-14 14:25:09,273 [ERROR] LogOutputStream:75 - [STDERR_REDIRECT] [Fatal Error] :1:1: Premature end of file.
2026-05-14 14:25:09,273 [ERROR] LogOutputStream:75 - [STDERR_REDIRECT] 
2026-05-14 14:25:10,272 [ERROR] LogOutputStream:75 - [STDERR_REDIRECT] [Fatal Error] :1:1: Premature end of file.
2026-05-14 14:25:10,272 [ERROR] LogOutputStream:75 - [STDERR_REDIRECT] 
2026-05-14 14:25:11,272 [ERROR] LogOutputStream:75 - [STDERR_REDIRECT] [Fatal Error] :1:1: Premature end of file.
2026-05-14 14:25:11,272 [ERROR] LogOutputStream:75 - [STDERR_REDIRECT] 
2026-05-14 14:25:12,272 [ERROR] LogOutputStream:75 - [STDERR_REDIRECT] [Fatal Error] :1:1: Premature end of file.
2026-05-14 14:25:12,273 [ERROR] LogOutputStream:75 - [STDERR_REDIRECT] 
2026-05-14 14:25:13,273 [ERROR] LogOutputStream:75 - [STDERR_REDIRECT] [Fatal Error] :1:1: Premature end of file.
2026-05-14 14:25:13,273 [ERROR] LogOutputStream:75 - [STDERR_REDIRECT] 
2026-05-14 14:25:14,273 [ERROR] LogOutputStream:75 - [STDERR_REDIRECT] [Fatal Error] :1:1: Premature end of file.
2026-05-14 14:25:14,273 [ERROR] LogOutputStream:75 - [STDERR_REDIRECT] 
2026-05-14 14:25:15,272 [ERROR] LogOutputStream:75 - [STDERR_REDIRECT] [Fatal Error] :1:1: Premature end of file.
2026-05-14 14:25:15,272 [ERROR] LogOutputStream:75 - [STDERR_REDIRECT] 
2026-05-14 14:25:16,274 [ERROR] LogOutputStream:75 - [STDERR_REDIRECT] [Fatal Error] :1:1: Premature end of file.
2026-05-14 14:25:16,274 [ERROR] LogOutputStream:75 - [STDERR_REDIRECT] 
2026-05-14 14:25:17,271 [ERROR] LogOutputStream:75 - [STDERR_REDIRECT] [Fatal Error] :1:1: Premature end of file.
2026-05-14 14:25:17,272 [ERROR] LogOutputStream:75 - [STDERR_REDIRECT] 
2026-05-14 14:25:18,273 [ERROR] LogOutputStream:75 - [STDERR_REDIRECT] [Fatal Error] :1:1: Premature end of file.
2026-05-14 14:25:18,273 [ERROR] LogOutputStream:75 - [STDERR_REDIRECT] 
2026-05-14 14:25:19,273 [ERROR] LogOutputStream:75 - [STDERR_REDIRECT] [Fatal Error] :1:1: Premature end of file.
2026-05-14 14:25:19,274 [ERROR] LogOutputStream:75 - [STDERR_REDIRECT] 
2026-05-14 14:25:20,272 [ERROR] LogOutputStream:75 - [STDERR_REDIRECT] [Fatal Error] :1:1: Premature end of file.
2026-05-14 14:25:20,272 [ERROR] LogOutputStream:75 - [STDERR_REDIRECT] 
2026-05-14 14:25:21,273 [ERROR] LogOutputStream:75 - [STDERR_REDIRECT] [Fatal Error] :1:1: Premature end of file.
2026-05-14 14:25:21,273 [ERROR] LogOutputStream:75 - [STDERR_REDIRECT] 
2026-05-14 14:25:22,272 [ERROR] LogOutputStream:75 - [STDERR_REDIRECT] [Fatal Error] :1:1: Premature end of file.
2026-05-14 14:25:22,272 [ERROR] LogOutputStream:75 - [STDERR_REDIRECT] 
2026-05-14 14:25:23,273 [ERROR] LogOutputStream:75 - [STDERR_REDIRECT] [Fatal Error] :1:1: Premature end of file.
2026-05-14 14:25:23,273 [ERROR] LogOutputStream:75 - [STDERR_REDIRECT] 
2026-05-14 14:25:24,272 [ERROR] LogOutputStream:75 - [STDERR_REDIRECT] [Fatal Error] :1:1: Premature end of file.
2026-05-14 14:25:24,272 [ERROR] LogOutputStream:75 - [STDERR_REDIRECT] 
2026-05-14 14:25:25,272 [ERROR] LogOutputStream:75 - [STDERR_REDIRECT] [Fatal Error] :1:1: Premature end of file.
2026-05-14 14:25:25,272 [ERROR] LogOutputStream:75 - [STDERR_REDIRECT] 
2026-05-14 14:25:26,273 [ERROR] LogOutputStream:75 - [STDERR_REDIRECT] [Fatal Error] :1:1: Premature end of file.
2026-05-14 14:25:26,273 [ERROR] LogOutputStream:75 - [STDERR_REDIRECT] 
2026-05-14 14:25:27,272 [ERROR] LogOutputStream:75 - [STDERR_REDIRECT] [Fatal Error] :1:1: Premature end of file.
2026-05-14 14:25:27,272 [ERROR] LogOutputStream:75 - [STDERR_REDIRECT] 
2026-05-14 14:25:28,273 [ERROR] LogOutputStream:75 - [STDERR_REDIRECT] [Fatal Error] :1:1: Premature end of file.
2026-05-14 14:25:28,273 [ERROR] LogOutputStream:75 - [STDERR_REDIRECT] 
2026-05-14 14:25:29,273 [ERROR] LogOutputStream:75 - [STDERR_REDIRECT] [Fatal Error] :1:1: Premature end of file.
2026-05-14 14:25:29,273 [ERROR] LogOutputStream:75 - [STDERR_REDIRECT] 
2026-05-14 14:25:30,273 [ERROR] LogOutputStream:75 - [STDERR_REDIRECT] [Fatal Error] :1:1: Premature end of file.
2026-05-14 14:25:30,273 [ERROR] LogOutputStream:75 - [STDERR_REDIRECT] 
2026-05-14 14:25:31,273 [ERROR] LogOutputStream:75 - [STDERR_REDIRECT] [Fatal Error] :1:1: Premature end of file.
2026-05-14 14:25:31,273 [ERROR] LogOutputStream:75 - [STDERR_REDIRECT] 
2026-05-14 14:25:32,272 [ERROR] LogOutputStream:75 - [STDERR_REDIRECT] [Fatal Error] :1:1: Premature end of file.
2026-05-14 14:25:32,272 [ERROR] LogOutputStream:75 - [STDERR_REDIRECT] 
2026-05-14 14:25:33,274 [ERROR] LogOutputStream:75 - [STDERR_REDIRECT] [Fatal Error] :1:1: Premature end of file.
2026-05-14 14:25:33,274 [ERROR] LogOutputStream:75 - [STDERR_REDIRECT] 
2026-05-14 14:25:34,272 [ERROR] LogOutputStream:75 - [STDERR_REDIRECT] [Fatal Error] :1:1: Premature end of file.
2026-05-14 14:25:34,272 [ERROR] LogOutputStream:75 - [STDERR_REDIRECT] 
2026-05-14 14:25:35,273 [ERROR] LogOutputStream:75 - [STDERR_REDIRECT] [Fatal Error] :1:1: Premature end of file.
2026-05-14 14:25:35,273 [ERROR] LogOutputStream:75 - [STDERR_REDIRECT] 
2026-05-14 14:25:36,272 [ERROR] LogOutputStream:75 - [STDERR_REDIRECT] [Fatal Error] :1:1: Premature end of file.
2026-05-14 14:25:36,272 [ERROR] LogOutputStream:75 - [STDERR_REDIRECT] 
2026-05-14 14:25:37,273 [ERROR] LogOutputStream:75 - [STDERR_REDIRECT] [Fatal Error] :1:1: Premature end of file.
2026-05-14 14:25:37,273 [ERROR] LogOutputStream:75 - [STDERR_REDIRECT] 
2026-05-14 14:25:38,272 [ERROR] LogOutputStream:75 - [STDERR_REDIRECT] [Fatal Error] :1:1: Premature end of file.
2026-05-14 14:25:38,272 [ERROR] LogOutputStream:75 - [STDERR_REDIRECT] 
2026-05-14 14:25:39,273 [ERROR] LogOutputStream:75 - [STDERR_REDIRECT] [Fatal Error] :1:1: Premature end of file.
2026-05-14 14:25:39,273 [ERROR] LogOutputStream:75 - [STDERR_REDIRECT] 
2026-05-14 14:25:40,273 [ERROR] LogOutputStream:75 - [STDERR_REDIRECT] [Fatal Error] :1:1: Premature end of file.
2026-05-14 14:25:40,273 [ERROR] LogOutputStream:75 - [STDERR_REDIRECT] 
2026-05-14 14:25:41,272 [ERROR] LogOutputStream:75 - [STDERR_REDIRECT] [Fatal Error] :1:1: Premature end of file.
2026-05-14 14:25:41,272 [ERROR] LogOutputStream:75 - [STDERR_REDIRECT] 
2026-05-14 14:25:42,278 [ERROR] LogOutputStream:75 - [STDERR_REDIRECT] [Fatal Error] :1:1: Premature end of file.
2026-05-14 14:25:42,278 [ERROR] LogOutputStream:75 - [STDERR_REDIRECT] 
2026-05-14 14:25:43,272 [ERROR] LogOutputStream:75 - [STDERR_REDIRECT] [Fatal Error] :1:1: Premature end of file.
2026-05-14 14:25:43,273 [ERROR] LogOutputStream:75 - [STDERR_REDIRECT] 
2026-05-14 14:25:44,273 [ERROR] LogOutputStream:75 - [STDERR_REDIRECT] [Fatal Error] :1:1: Premature end of file.
2026-05-14 14:25:44,273 [ERROR] LogOutputStream:75 - [STDERR_REDIRECT] 
2026-05-14 14:25:45,272 [ERROR] LogOutputStream:75 - [STDERR_REDIRECT] [Fatal Error] :1:1: Premature end of file.
2026-05-14 14:25:45,272 [ERROR] LogOutputStream:75 - [STDERR_REDIRECT] 
2026-05-14 14:25:46,272 [ERROR] LogOutputStream:75 - [STDERR_REDIRECT] [Fatal Error] :1:1: Premature end of file.
2026-05-14 14:25:46,272 [ERROR] LogOutputStream:75 - [STDERR_REDIRECT] 
2026-05-14 14:25:47,273 [ERROR] LogOutputStream:75 - [STDERR_REDIRECT] [Fatal Error] :1:1: Premature end of file.
2026-05-14 14:25:47,273 [ERROR] LogOutputStream:75 - [STDERR_REDIRECT] 
2026-05-14 14:25:48,276 [ERROR] LogOutputStream:75 - [STDERR_REDIRECT] [Fatal Error] :1:1: Premature end of file.
2026-05-14 14:25:48,277 [ERROR] LogOutputStream:75 - [STDERR_REDIRECT] 
2026-05-14 14:25:49,273 [ERROR] LogOutputStream:75 - [STDERR_REDIRECT] [Fatal Error] :1:1: Premature end of file.
2026-05-14 14:25:49,274 [ERROR] LogOutputStream:75 - [STDERR_REDIRECT] 
2026-05-14 14:25:50,273 [ERROR] LogOutputStream:75 - [STDERR_REDIRECT] [Fatal Error] :1:1: Premature end of file.
2026-05-14 14:25:50,273 [ERROR] LogOutputStream:75 - [STDERR_REDIRECT] 
2026-05-14 14:25:51,273 [ERROR] LogOutputStream:75 - [STDERR_REDIRECT] [Fatal Error] :1:1: Premature end of file.
2026-05-14 14:25:51,273 [ERROR] LogOutputStream:75 - [STDERR_REDIRECT] 
2026-05-14 14:25:52,272 [ERROR] LogOutputStream:75 - [STDERR_REDIRECT] [Fatal Error] :1:1: Premature end of file.
2026-05-14 14:25:52,272 [ERROR] LogOutputStream:75 - [STDERR_REDIRECT] 
2026-05-14 14:25:53,273 [ERROR] LogOutputStream:75 - [STDERR_REDIRECT] [Fatal Error] :1:1: Premature end of file.
2026-05-14 14:25:53,273 [ERROR] LogOutputStream:75 - [STDERR_REDIRECT] 
2026-05-14 14:25:54,272 [ERROR] LogOutputStream:75 - [STDERR_REDIRECT] [Fatal Error] :1:1: Premature end of file.
2026-05-14 14:25:54,272 [ERROR] LogOutputStream:75 - [STDERR_REDIRECT] 
2026-05-14 14:25:55,274 [ERROR] LogOutputStream:75 - [STDERR_REDIRECT] [Fatal Error] :1:1: Premature end of file.
2026-05-14 14:25:55,274 [ERROR] LogOutputStream:75 - [STDERR_REDIRECT] 
2026-05-14 14:25:56,273 [ERROR] LogOutputStream:75 - [STDERR_REDIRECT] [Fatal Error] :1:1: Premature end of file.
2026-05-14 14:25:56,274 [ERROR] LogOutputStream:75 - [STDERR_REDIRECT] 
2026-05-14 14:25:57,272 [ERROR] LogOutputStream:75 - [STDERR_REDIRECT] [Fatal Error] :1:1: Premature end of file.
2026-05-14 14:25:57,273 [ERROR] LogOutputStream:75 - [STDERR_REDIRECT] 
2026-05-14 14:25:58,272 [ERROR] LogOutputStream:75 - [STDERR_REDIRECT] [Fatal Error] :1:1: Premature end of file.
2026-05-14 14:25:58,272 [ERROR] LogOutputStream:75 - [STDERR_REDIRECT] 
2026-05-14 14:25:59,272 [ERROR] LogOutputStream:75 - [STDERR_REDIRECT] [Fatal Error] :1:1: Premature end of file.
2026-05-14 14:25:59,273 [ERROR] LogOutputStream:75 - [STDERR_REDIRECT] 
2026-05-14 14:26:00,274 [ERROR] LogOutputStream:75 - [STDERR_REDIRECT] [Fatal Error] :1:1: Premature end of file.
2026-05-14 14:26:00,274 [ERROR] LogOutputStream:75 - [STDERR_REDIRECT] 
2026-05-14 14:26:01,273 [ERROR] LogOutputStream:75 - [STDERR_REDIRECT] [Fatal Error] :1:1: Premature end of file.
2026-05-14 14:26:01,273 [ERROR] LogOutputStream:75 - [STDERR_REDIRECT] 
2026-05-14 14:26:02,273 [ERROR] LogOutputStream:75 - [STDERR_REDIRECT] [Fatal Error] :1:1: Premature end of file.
2026-05-14 14:26:02,273 [ERROR] LogOutputStream:75 - [STDERR_REDIRECT] 
2026-05-14 14:26:03,271 [ERROR] LogOutputStream:75 - [STDERR_REDIRECT] [Fatal Error] :1:1: Premature end of file.
2026-05-14 14:26:03,271 [ERROR] LogOutputStream:75 - [STDERR_REDIRECT] 
2026-05-14 14:26:04,271 [ERROR] LogOutputStream:75 - [STDERR_REDIRECT] [Fatal Error] :1:1: Premature end of file.
2026-05-14 14:26:04,272 [ERROR] LogOutputStream:75 - [STDERR_REDIRECT] 
2026-05-14 14:26:05,274 [ERROR] LogOutputStream:75 - [STDERR_REDIRECT] [Fatal Error] :1:1: Premature end of file.
2026-05-14 14:26:05,274 [ERROR] LogOutputStream:75 - [STDERR_REDIRECT] 
2026-05-14 14:26:06,272 [ERROR] LogOutputStream:75 - [STDERR_REDIRECT] [Fatal Error] :1:1: Premature end of file.
2026-05-14 14:26:06,272 [ERROR] LogOutputStream:75 - [STDERR_REDIRECT] 
2026-05-14 14:26:07,272 [ERROR] LogOutputStream:75 - [STDERR_REDIRECT] [Fatal Error] :1:1: Premature end of file.
2026-05-14 14:26:07,272 [ERROR] LogOutputStream:75 - [STDERR_REDIRECT] 
2026-05-14 14:26:08,272 [ERROR] LogOutputStream:75 - [STDERR_REDIRECT] [Fatal Error] :1:1: Premature end of file.
2026-05-14 14:26:08,273 [ERROR] LogOutputStream:75 - [STDERR_REDIRECT] 
2026-05-14 14:26:09,272 [ERROR] LogOutputStream:75 - [STDERR_REDIRECT] [Fatal Error] :1:1: Premature end of file.
2026-05-14 14:26:09,272 [ERROR] LogOutputStream:75 - [STDERR_REDIRECT] 
2026-05-14 14:26:10,276 [ERROR] LogOutputStream:75 - [STDERR_REDIRECT] [Fatal Error] :1:1: Premature end of file.
2026-05-14 14:26:10,276 [ERROR] LogOutputStream:75 - [STDERR_REDIRECT] 
2026-05-14 14:26:11,276 [ERROR] LogOutputStream:75 - [STDERR_REDIRECT] [Fatal Error] :1:1: Premature end of file.
2026-05-14 14:26:11,277 [ERROR] LogOutputStream:75 - [STDERR_REDIRECT] 
2026-05-14 14:26:12,272 [ERROR] LogOutputStream:75 - [STDERR_REDIRECT] [Fatal Error] :1:1: Premature end of file.
2026-05-14 14:26:12,272 [ERROR] LogOutputStream:75 - [STDERR_REDIRECT] 
2026-05-14 14:26:13,272 [ERROR] LogOutputStream:75 - [STDERR_REDIRECT] [Fatal Error] :1:1: Premature end of file.
2026-05-14 14:26:13,272 [ERROR] LogOutputStream:75 - [STDERR_REDIRECT] 
2026-05-14 14:26:14,275 [ERROR] LogOutputStream:75 - [STDERR_REDIRECT] [Fatal Error] :1:1: Premature end of file.
2026-05-14 14:26:14,275 [ERROR] LogOutputStream:75 - [STDERR_REDIRECT] 
2026-05-14 14:26:15,276 [ERROR] LogOutputStream:75 - [STDERR_REDIRECT] [Fatal Error] :1:1: Premature end of file.
2026-05-14 14:26:15,276 [ERROR] LogOutputStream:75 - [STDERR_REDIRECT] 
2026-05-14 14:26:16,275 [ERROR] LogOutputStream:75 - [STDERR_REDIRECT] [Fatal Error] :1:1: Premature end of file.
2026-05-14 14:26:16,275 [ERROR] LogOutputStream:75 - [STDERR_REDIRECT] 
2026-05-14 14:26:17,275 [ERROR] LogOutputStream:75 - [STDERR_REDIRECT] [Fatal Error] :1:1: Premature end of file.
2026-05-14 14:26:17,275 [ERROR] LogOutputStream:75 - [STDERR_REDIRECT] 
2026-05-14 14:26:18,272 [ERROR] LogOutputStream:75 - [STDERR_REDIRECT] [Fatal Error] :1:1: Premature end of file.
2026-05-14 14:26:18,272 [ERROR] LogOutputStream:75 - [STDERR_REDIRECT] 
2026-05-14 14:26:19,273 [ERROR] LogOutputStream:75 - [STDERR_REDIRECT] [Fatal Error] :1:1: Premature end of file.
2026-05-14 14:26:19,273 [ERROR] LogOutputStream:75 - [STDERR_REDIRECT] 
2026-05-14 14:26:20,271 [ERROR] LogOutputStream:75 - [STDERR_REDIRECT] [Fatal Error] :1:1: Premature end of file.
2026-05-14 14:26:20,272 [ERROR] LogOutputStream:75 - [STDERR_REDIRECT] 
2026-05-14 14:26:21,273 [ERROR] LogOutputStream:75 - [STDERR_REDIRECT] [Fatal Error] :1:1: Premature end of file.
2026-05-14 14:26:21,273 [ERROR] LogOutputStream:75 - [STDERR_REDIRECT] 
2026-05-14 14:26:22,272 [ERROR] LogOutputStream:75 - [STDERR_REDIRECT] [Fatal Error] :1:1: Premature end of file.
2026-05-14 14:26:22,272 [ERROR] LogOutputStream:75 - [STDERR_REDIRECT] 
2026-05-14 14:26:23,273 [ERROR] LogOutputStream:75 - [STDERR_REDIRECT] [Fatal Error] :1:1: Premature end of file.
2026-05-14 14:26:23,273 [ERROR] LogOutputStream:75 - [STDERR_REDIRECT] 
2026-05-14 14:26:24,274 [ERROR] LogOutputStream:75 - [STDERR_REDIRECT] [Fatal Error] :1:1: Premature end of file.
2026-05-14 14:26:24,274 [ERROR] LogOutputStream:75 - [STDERR_REDIRECT] 
2026-05-14 14:26:25,272 [ERROR] LogOutputStream:75 - [STDERR_REDIRECT] [Fatal Error] :1:1: Premature end of file.
2026-05-14 14:26:25,272 [ERROR] LogOutputStream:75 - [STDERR_REDIRECT] 
2026-05-14 14:26:26,273 [ERROR] LogOutputStream:75 - [STDERR_REDIRECT] [Fatal Error] :1:1: Premature end of file.
2026-05-14 14:26:26,274 [ERROR] LogOutputStream:75 - [STDERR_REDIRECT] 
2026-05-14 14:26:27,272 [ERROR] LogOutputStream:75 - [STDERR_REDIRECT] [Fatal Error] :1:1: Premature end of file.
2026-05-14 14:26:27,272 [ERROR] LogOutputStream:75 - [STDERR_REDIRECT] 
2026-05-14 14:26:28,273 [ERROR] LogOutputStream:75 - [STDERR_REDIRECT] [Fatal Error] :1:1: Premature end of file.
2026-05-14 14:26:28,273 [ERROR] LogOutputStream:75 - [STDERR_REDIRECT] 
2026-05-14 14:26:29,273 [ERROR] LogOutputStream:75 - [STDERR_REDIRECT] [Fatal Error] :1:1: Premature end of file.
2026-05-14 14:26:29,273 [ERROR] LogOutputStream:75 - [STDERR_REDIRECT] 
2026-05-14 14:26:30,272 [ERROR] LogOutputStream:75 - [STDERR_REDIRECT] [Fatal Error] :1:1: Premature end of file.
2026-05-14 14:26:30,272 [ERROR] LogOutputStream:75 - [STDERR_REDIRECT] 
2026-05-14 14:26:31,273 [ERROR] LogOutputStream:75 - [STDERR_REDIRECT] [Fatal Error] :1:1: Premature end of file.
2026-05-14 14:26:31,273 [ERROR] LogOutputStream:75 - [STDERR_REDIRECT] 
2026-05-14 14:26:32,274 [ERROR] LogOutputStream:75 - [STDERR_REDIRECT] [Fatal Error] :1:1: Premature end of file.
2026-05-14 14:26:32,274 [ERROR] LogOutputStream:75 - [STDERR_REDIRECT] 
2026-05-14 14:26:33,273 [ERROR] LogOutputStream:75 - [STDERR_REDIRECT] [Fatal Error] :1:1: Premature end of file.
2026-05-14 14:26:33,273 [ERROR] LogOutputStream:75 - [STDERR_REDIRECT] 
2026-05-14 14:26:34,272 [ERROR] LogOutputStream:75 - [STDERR_REDIRECT] [Fatal Error] :1:1: Premature end of file.
2026-05-14 14:26:34,272 [ERROR] LogOutputStream:75 - [STDERR_REDIRECT] 
2026-05-14 14:26:35,272 [ERROR] LogOutputStream:75 - [STDERR_REDIRECT] [Fatal Error] :1:1: Premature end of file.
2026-05-14 14:26:35,272 [ERROR] LogOutputStream:75 - [STDERR_REDIRECT] 
2026-05-14 14:26:36,273 [ERROR] LogOutputStream:75 - [STDERR_REDIRECT] [Fatal Error] :1:1: Premature end of file.
2026-05-14 14:26:36,273 [ERROR] LogOutputStream:75 - [STDERR_REDIRECT] 
2026-05-14 14:26:37,272 [ERROR] LogOutputStream:75 - [STDERR_REDIRECT] [Fatal Error] :1:1: Premature end of file.
2026-05-14 14:26:37,272 [ERROR] LogOutputStream:75 - [STDERR_REDIRECT] 
2026-05-14 14:26:38,272 [ERROR] LogOutputStream:75 - [STDERR_REDIRECT] [Fatal Error] :1:1: Premature end of file.
2026-05-14 14:26:38,272 [ERROR] LogOutputStream:75 - [STDERR_REDIRECT] 
2026-05-14 14:26:39,272 [ERROR] LogOutputStream:75 - [STDERR_REDIRECT] [Fatal Error] :1:1: Premature end of file.
2026-05-14 14:26:39,272 [ERROR] LogOutputStream:75 - [STDERR_REDIRECT] 
2026-05-14 14:26:40,273 [ERROR] LogOutputStream:75 - [STDERR_REDIRECT] [Fatal Error] :1:1: Premature end of file.
2026-05-14 14:26:40,273 [ERROR] LogOutputStream:75 - [STDERR_REDIRECT] 
2026-05-14 14:26:41,271 [ERROR] LogOutputStream:75 - [STDERR_REDIRECT] [Fatal Error] :1:1: Premature end of file.
2026-05-14 14:26:41,272 [ERROR] LogOutputStream:75 - [STDERR_REDIRECT] 
2026-05-14 14:26:42,272 [ERROR] LogOutputStream:75 - [STDERR_REDIRECT] [Fatal Error] :1:1: Premature end of file.
2026-05-14 14:26:42,272 [ERROR] LogOutputStream:75 - [STDERR_REDIRECT] 
2026-05-14 14:26:43,279 [ERROR] LogOutputStream:75 - [STDERR_REDIRECT] [Fatal Error] :1:1: Premature end of file.
2026-05-14 14:26:43,279 [ERROR] LogOutputStream:75 - [STDERR_REDIRECT] 
2026-05-14 14:26:44,274 [ERROR] LogOutputStream:75 - [STDERR_REDIRECT] [Fatal Error] :1:1: Premature end of file.
2026-05-14 14:26:44,274 [ERROR] LogOutputStream:75 - [STDERR_REDIRECT] 
2026-05-14 14:26:45,273 [ERROR] LogOutputStream:75 - [STDERR_REDIRECT] [Fatal Error] :1:1: Premature end of file.
2026-05-14 14:26:45,273 [ERROR] LogOutputStream:75 - [STDERR_REDIRECT] 
2026-05-14 14:26:46,273 [ERROR] LogOutputStream:75 - [STDERR_REDIRECT] [Fatal Error] :1:1: Premature end of file.
2026-05-14 14:26:46,273 [ERROR] LogOutputStream:75 - [STDERR_REDIRECT] 
2026-05-14 14:26:47,272 [ERROR] LogOutputStream:75 - [STDERR_REDIRECT] [Fatal Error] :1:1: Premature end of file.
2026-05-14 14:26:47,272 [ERROR] LogOutputStream:75 - [STDERR_REDIRECT] 
2026-05-14 14:26:48,273 [ERROR] LogOutputStream:75 - [STDERR_REDIRECT] [Fatal Error] :1:1: Premature end of file.
2026-05-14 14:26:48,273 [ERROR] LogOutputStream:75 - [STDERR_REDIRECT] 
2026-05-14 14:26:49,272 [ERROR] LogOutputStream:75 - [STDERR_REDIRECT] [Fatal Error] :1:1: Premature end of file.
2026-05-14 14:26:49,272 [ERROR] LogOutputStream:75 - [STDERR_REDIRECT] 
2026-05-14 14:26:50,273 [ERROR] LogOutputStream:75 - [STDERR_REDIRECT] [Fatal Error] :1:1: Premature end of file.
2026-05-14 14:26:50,273 [ERROR] LogOutputStream:75 - [STDERR_REDIRECT] 
2026-05-14 14:26:51,272 [ERROR] LogOutputStream:75 - [STDERR_REDIRECT] [Fatal Error] :1:1: Premature end of file.
2026-05-14 14:26:51,272 [ERROR] LogOutputStream:75 - [STDERR_REDIRECT] 
2026-05-14 14:26:52,273 [ERROR] LogOutputStream:75 - [STDERR_REDIRECT] [Fatal Error] :1:1: Premature end of file.
2026-05-14 14:26:52,274 [ERROR] LogOutputStream:75 - [STDERR_REDIRECT] 
2026-05-14 14:26:53,272 [ERROR] LogOutputStream:75 - [STDERR_REDIRECT] [Fatal Error] :1:1: Premature end of file.
2026-05-14 14:26:53,272 [ERROR] LogOutputStream:75 - [STDERR_REDIRECT] 
2026-05-14 14:26:54,273 [ERROR] LogOutputStream:75 - [STDERR_REDIRECT] [Fatal Error] :1:1: Premature end of file.
2026-05-14 14:26:54,273 [ERROR] LogOutputStream:75 - [STDERR_REDIRECT] 
2026-05-14 14:26:55,272 [ERROR] LogOutputStream:75 - [STDERR_REDIRECT] [Fatal Error] :1:1: Premature end of file.
2026-05-14 14:26:55,272 [ERROR] LogOutputStream:75 - [STDERR_REDIRECT] 
2026-05-14 14:26:56,272 [ERROR] LogOutputStream:75 - [STDERR_REDIRECT] [Fatal Error] :1:1: Premature end of file.
2026-05-14 14:26:56,273 [ERROR] LogOutputStream:75 - [STDERR_REDIRECT] 
2026-05-14 14:26:57,273 [ERROR] LogOutputStream:75 - [STDERR_REDIRECT] [Fatal Error] :1:1: Premature end of file.
2026-05-14 14:26:57,273 [ERROR] LogOutputStream:75 - [STDERR_REDIRECT] 
2026-05-14 14:26:58,272 [ERROR] LogOutputStream:75 - [STDERR_REDIRECT] [Fatal Error] :1:1: Premature end of file.
2026-05-14 14:26:58,272 [ERROR] LogOutputStream:75 - [STDERR_REDIRECT] 
2026-05-14 14:26:59,274 [ERROR] LogOutputStream:75 - [STDERR_REDIRECT] [Fatal Error] :1:1: Premature end of file.
2026-05-14 14:26:59,274 [ERROR] LogOutputStream:75 - [STDERR_REDIRECT] 
2026-05-14 14:27:00,274 [ERROR] LogOutputStream:75 - [STDERR_REDIRECT] [Fatal Error] :1:1: Premature end of file.
2026-05-14 14:27:00,274 [ERROR] LogOutputStream:75 - [STDERR_REDIRECT] 
2026-05-14 14:27:01,271 [ERROR] LogOutputStream:75 - [STDERR_REDIRECT] [Fatal Error] :1:1: Premature end of file.
2026-05-14 14:27:01,272 [ERROR] LogOutputStream:75 - [STDERR_REDIRECT] 
2026-05-14 14:27:02,272 [ERROR] LogOutputStream:75 - [STDERR_REDIRECT] [Fatal Error] :1:1: Premature end of file.
2026-05-14 14:27:02,272 [ERROR] LogOutputStream:75 - [STDERR_REDIRECT] 
2026-05-14 14:27:03,271 [ERROR] LogOutputStream:75 - [STDERR_REDIRECT] [Fatal Error] :1:1: Premature end of file.
2026-05-14 14:27:03,271 [ERROR] LogOutputStream:75 - [STDERR_REDIRECT] 
2026-05-14 14:27:04,273 [ERROR] LogOutputStream:75 - [STDERR_REDIRECT] [Fatal Error] :1:1: Premature end of file.
2026-05-14 14:27:04,274 [ERROR] LogOutputStream:75 - [STDERR_REDIRECT] 
2026-05-14 14:27:05,273 [ERROR] LogOutputStream:75 - [STDERR_REDIRECT] [Fatal Error] :1:1: Premature end of file.
2026-05-14 14:27:05,273 [ERROR] LogOutputStream:75 - [STDERR_REDIRECT] 
2026-05-14 14:27:06,272 [ERROR] LogOutputStream:75 - [STDERR_REDIRECT] [Fatal Error] :1:1: Premature end of file.
2026-05-14 14:27:06,272 [ERROR] LogOutputStream:75 - [STDERR_REDIRECT] 
2026-05-14 14:27:07,272 [ERROR] LogOutputStream:75 - [STDERR_REDIRECT] [Fatal Error] :1:1: Premature end of file.
2026-05-14 14:27:07,272 [ERROR] LogOutputStream:75 - [STDERR_REDIRECT] 
2026-05-14 14:27:08,273 [ERROR] LogOutputStream:75 - [STDERR_REDIRECT] [Fatal Error] :1:1: Premature end of file.
2026-05-14 14:27:08,273 [ERROR] LogOutputStream:75 - [STDERR_REDIRECT] 
2026-05-14 14:27:09,272 [ERROR] LogOutputStream:75 - [STDERR_REDIRECT] [Fatal Error] :1:1: Premature end of file.
2026-05-14 14:27:09,272 [ERROR] LogOutputStream:75 - [STDERR_REDIRECT] 
2026-05-14 14:27:10,272 [ERROR] LogOutputStream:75 - [STDERR_REDIRECT] [Fatal Error] :1:1: Premature end of file.
2026-05-14 14:27:10,272 [ERROR] LogOutputStream:75 - [STDERR_REDIRECT] 
2026-05-14 14:27:11,272 [ERROR] LogOutputStream:75 - [STDERR_REDIRECT] [Fatal Error] :1:1: Premature end of file.
2026-05-14 14:27:11,272 [ERROR] LogOutputStream:75 - [STDERR_REDIRECT] 
2026-05-14 14:27:12,272 [ERROR] LogOutputStream:75 - [STDERR_REDIRECT] [Fatal Error] :1:1: Premature end of file.
2026-05-14 14:27:12,272 [ERROR] LogOutputStream:75 - [STDERR_REDIRECT] 
2026-05-14 14:27:13,271 [ERROR] LogOutputStream:75 - [STDERR_REDIRECT] [Fatal Error] :1:1: Premature end of file.
2026-05-14 14:27:13,271 [ERROR] LogOutputStream:75 - [STDERR_REDIRECT] 
2026-05-14 14:27:14,272 [ERROR] LogOutputStream:75 - [STDERR_REDIRECT] [Fatal Error] :1:1: Premature end of file.
2026-05-14 14:27:14,273 [ERROR] LogOutputStream:75 - [STDERR_REDIRECT] 
2026-05-14 14:27:15,272 [ERROR] LogOutputStream:75 - [STDERR_REDIRECT] [Fatal Error] :1:1: Premature end of file.
2026-05-14 14:27:15,273 [ERROR] LogOutputStream:75 - [STDERR_REDIRECT] 
2026-05-14 14:27:16,272 [ERROR] LogOutputStream:75 - [STDERR_REDIRECT] [Fatal Error] :1:1: Premature end of file.
2026-05-14 14:27:16,272 [ERROR] LogOutputStream:75 - [STDERR_REDIRECT] 
2026-05-14 14:27:17,271 [ERROR] LogOutputStream:75 - [STDERR_REDIRECT] [Fatal Error] :1:1: Premature end of file.
2026-05-14 14:27:17,272 [ERROR] LogOutputStream:75 - [STDERR_REDIRECT] 
2026-05-14 14:27:18,272 [ERROR] LogOutputStream:75 - [STDERR_REDIRECT] [Fatal Error] :1:1: Premature end of file.
2026-05-14 14:27:18,272 [ERROR] LogOutputStream:75 - [STDERR_REDIRECT] 
2026-05-14 14:27:19,273 [ERROR] LogOutputStream:75 - [STDERR_REDIRECT] [Fatal Error] :1:1: Premature end of file.
2026-05-14 14:27:19,273 [ERROR] LogOutputStream:75 - [STDERR_REDIRECT] 
2026-05-14 14:27:20,273 [ERROR] LogOutputStream:75 - [STDERR_REDIRECT] [Fatal Error] :1:1: Premature end of file.
2026-05-14 14:27:20,273 [ERROR] LogOutputStream:75 - [STDERR_REDIRECT] 
2026-05-14 14:27:21,272 [ERROR] LogOutputStream:75 - [STDERR_REDIRECT] [Fatal Error] :1:1: Premature end of file.
2026-05-14 14:27:21,272 [ERROR] LogOutputStream:75 - [STDERR_REDIRECT] 
2026-05-14 14:27:22,272 [ERROR] LogOutputStream:75 - [STDERR_REDIRECT] [Fatal Error] :1:1: Premature end of file.
2026-05-14 14:27:22,272 [ERROR] LogOutputStream:75 - [STDERR_REDIRECT] 
2026-05-14 14:27:23,271 [ERROR] LogOutputStream:75 - [STDERR_REDIRECT] [Fatal Error] :1:1: Premature end of file.
2026-05-14 14:27:23,271 [ERROR] LogOutputStream:75 - [STDERR_REDIRECT] 
2026-05-14 14:27:24,272 [ERROR] LogOutputStream:75 - [STDERR_REDIRECT] [Fatal Error] :1:1: Premature end of file.
2026-05-14 14:27:24,273 [ERROR] LogOutputStream:75 - [STDERR_REDIRECT] 
2026-05-14 14:27:25,272 [ERROR] LogOutputStream:75 - [STDERR_REDIRECT] [Fatal Error] :1:1: Premature end of file.
2026-05-14 14:27:25,273 [ERROR] LogOutputStream:75 - [STDERR_REDIRECT] 
2026-05-14 14:27:26,272 [ERROR] LogOutputStream:75 - [STDERR_REDIRECT] [Fatal Error] :1:1: Premature end of file.
2026-05-14 14:27:26,273 [ERROR] LogOutputStream:75 - [STDERR_REDIRECT] 
2026-05-14 14:27:27,272 [ERROR] LogOutputStream:75 - [STDERR_REDIRECT] [Fatal Error] :1:1: Premature end of file.
2026-05-14 14:27:27,272 [ERROR] LogOutputStream:75 - [STDERR_REDIRECT] 
2026-05-14 14:27:28,273 [ERROR] LogOutputStream:75 - [STDERR_REDIRECT] [Fatal Error] :1:1: Premature end of file.
2026-05-14 14:27:28,273 [ERROR] LogOutputStream:75 - [STDERR_REDIRECT] 
2026-05-14 14:27:29,272 [ERROR] LogOutputStream:75 - [STDERR_REDIRECT] [Fatal Error] :1:1: Premature end of file.
2026-05-14 14:27:29,272 [ERROR] LogOutputStream:75 - [STDERR_REDIRECT] 
2026-05-14 14:27:30,272 [ERROR] LogOutputStream:75 - [STDERR_REDIRECT] [Fatal Error] :1:1: Premature end of file.
2026-05-14 14:27:30,272 [ERROR] LogOutputStream:75 - [STDERR_REDIRECT] 
2026-05-14 14:27:31,272 [ERROR] LogOutputStream:75 - [STDERR_REDIRECT] [Fatal Error] :1:1: Premature end of file.
2026-05-14 14:27:31,272 [ERROR] LogOutputStream:75 - [STDERR_REDIRECT] 
2026-05-14 14:27:32,271 [ERROR] LogOutputStream:75 - [STDERR_REDIRECT] [Fatal Error] :1:1: Premature end of file.
2026-05-14 14:27:32,271 [ERROR] LogOutputStream:75 - [STDERR_REDIRECT] 
2026-05-14 14:27:33,272 [ERROR] LogOutputStream:75 - [STDERR_REDIRECT] [Fatal Error] :1:1: Premature end of file.
2026-05-14 14:27:33,272 [ERROR] LogOutputStream:75 - [STDERR_REDIRECT] 
2026-05-14 14:27:34,278 [ERROR] LogOutputStream:75 - [STDERR_REDIRECT] [Fatal Error] :1:1: Premature end of file.
2026-05-14 14:27:34,278 [ERROR] LogOutputStream:75 - [STDERR_REDIRECT] 
2026-05-14 14:27:35,272 [ERROR] LogOutputStream:75 - [STDERR_REDIRECT] [Fatal Error] :1:1: Premature end of file.
2026-05-14 14:27:35,272 [ERROR] LogOutputStream:75 - [STDERR_REDIRECT] 
2026-05-14 14:27:36,271 [ERROR] LogOutputStream:75 - [STDERR_REDIRECT] [Fatal Error] :1:1: Premature end of file.
2026-05-14 14:27:36,271 [ERROR] LogOutputStream:75 - [STDERR_REDIRECT] 
2026-05-14 14:27:37,272 [ERROR] LogOutputStream:75 - [STDERR_REDIRECT] [Fatal Error] :1:1: Premature end of file.
2026-05-14 14:27:37,273 [ERROR] LogOutputStream:75 - [STDERR_REDIRECT] 
2026-05-14 14:27:38,274 [ERROR] LogOutputStream:75 - [STDERR_REDIRECT] [Fatal Error] :1:1: Premature end of file.
2026-05-14 14:27:38,274 [ERROR] LogOutputStream:75 - [STDERR_REDIRECT] 
2026-05-14 14:27:39,273 [ERROR] LogOutputStream:75 - [STDERR_REDIRECT] [Fatal Error] :1:1: Premature end of file.
2026-05-14 14:27:39,273 [ERROR] LogOutputStream:75 - [STDERR_REDIRECT] 
2026-05-14 14:27:40,272 [ERROR] LogOutputStream:75 - [STDERR_REDIRECT] [Fatal Error] :1:1: Premature end of file.
2026-05-14 14:27:40,272 [ERROR] LogOutputStream:75 - [STDERR_REDIRECT] 
2026-05-14 14:27:41,272 [ERROR] LogOutputStream:75 - [STDERR_REDIRECT] [Fatal Error] :1:1: Premature end of file.
2026-05-14 14:27:41,272 [ERROR] LogOutputStream:75 - [STDERR_REDIRECT] 
2026-05-14 14:27:42,271 [ERROR] LogOutputStream:75 - [STDERR_REDIRECT] [Fatal Error] :1:1: Premature end of file.
2026-05-14 14:27:42,271 [ERROR] LogOutputStream:75 - [STDERR_REDIRECT] 
2026-05-14 14:27:43,275 [ERROR] LogOutputStream:75 - [STDERR_REDIRECT] [Fatal Error] :1:1: Premature end of file.
2026-05-14 14:27:43,276 [ERROR] LogOutputStream:75 - [STDERR_REDIRECT] 
2026-05-14 14:27:44,274 [ERROR] LogOutputStream:75 - [STDERR_REDIRECT] [Fatal Error] :1:1: Premature end of file.
2026-05-14 14:27:44,274 [ERROR] LogOutputStream:75 - [STDERR_REDIRECT] 
2026-05-14 14:27:45,273 [ERROR] LogOutputStream:75 - [STDERR_REDIRECT] [Fatal Error] :1:1: Premature end of file.
2026-05-14 14:27:45,273 [ERROR] LogOutputStream:75 - [STDERR_REDIRECT] 
2026-05-14 14:27:46,272 [ERROR] LogOutputStream:75 - [STDERR_REDIRECT] [Fatal Error] :1:1: Premature end of file.
2026-05-14 14:27:46,273 [ERROR] LogOutputStream:75 - [STDERR_REDIRECT] 
2026-05-14 14:27:47,273 [ERROR] LogOutputStream:75 - [STDERR_REDIRECT] [Fatal Error] :1:1: Premature end of file.
2026-05-14 14:27:47,273 [ERROR] LogOutputStream:75 - [STDERR_REDIRECT] 
2026-05-14 14:27:48,271 [ERROR] LogOutputStream:75 - [STDERR_REDIRECT] [Fatal Error] :1:1: Premature end of file.
2026-05-14 14:27:48,271 [ERROR] LogOutputStream:75 - [STDERR_REDIRECT] 
2026-05-14 14:27:49,272 [ERROR] LogOutputStream:75 - [STDERR_REDIRECT] [Fatal Error] :1:1: Premature end of file.
2026-05-14 14:27:49,272 [ERROR] LogOutputStream:75 - [STDERR_REDIRECT] 
2026-05-14 14:27:50,272 [ERROR] LogOutputStream:75 - [STDERR_REDIRECT] [Fatal Error] :1:1: Premature end of file.
2026-05-14 14:27:50,273 [ERROR] LogOutputStream:75 - [STDERR_REDIRECT] 
2026-05-14 14:27:51,273 [ERROR] LogOutputStream:75 - [STDERR_REDIRECT] [Fatal Error] :1:1: Premature end of file.
2026-05-14 14:27:51,274 [ERROR] LogOutputStream:75 - [STDERR_REDIRECT] 
2026-05-14 14:27:52,272 [ERROR] LogOutputStream:75 - [STDERR_REDIRECT] [Fatal Error] :1:1: Premature end of file.
2026-05-14 14:27:52,273 [ERROR] LogOutputStream:75 - [STDERR_REDIRECT] 
2026-05-14 14:27:53,273 [ERROR] LogOutputStream:75 - [STDERR_REDIRECT] [Fatal Error] :1:1: Premature end of file.
2026-05-14 14:27:53,273 [ERROR] LogOutputStream:75 - [STDERR_REDIRECT] 
2026-05-14 14:27:54,271 [ERROR] LogOutputStream:75 - [STDERR_REDIRECT] [Fatal Error] :1:1: Premature end of file.
2026-05-14 14:27:54,271 [ERROR] LogOutputStream:75 - [STDERR_REDIRECT] 
2026-05-14 14:27:55,271 [ERROR] LogOutputStream:75 - [STDERR_REDIRECT] [Fatal Error] :1:1: Premature end of file.
2026-05-14 14:27:55,272 [ERROR] LogOutputStream:75 - [STDERR_REDIRECT] 
2026-05-14 14:27:56,273 [ERROR] LogOutputStream:75 - [STDERR_REDIRECT] [Fatal Error] :1:1: Premature end of file.
2026-05-14 14:27:56,273 [ERROR] LogOutputStream:75 - [STDERR_REDIRECT] 
2026-05-14 14:27:57,272 [ERROR] LogOutputStream:75 - [STDERR_REDIRECT] [Fatal Error] :1:1: Premature end of file.
2026-05-14 14:27:57,272 [ERROR] LogOutputStream:75 - [STDERR_REDIRECT] 
2026-05-14 14:27:58,276 [ERROR] LogOutputStream:75 - [STDERR_REDIRECT] [Fatal Error] :1:1: Premature end of file.
2026-05-14 14:27:58,276 [ERROR] LogOutputStream:75 - [STDERR_REDIRECT] 
2026-05-14 14:27:59,272 [ERROR] LogOutputStream:75 - [STDERR_REDIRECT] [Fatal Error] :1:1: Premature end of file.
2026-05-14 14:27:59,272 [ERROR] LogOutputStream:75 - [STDERR_REDIRECT] 
2026-05-14 14:28:00,272 [ERROR] LogOutputStream:75 - [STDERR_REDIRECT] [Fatal Error] :1:1: Premature end of file.
2026-05-14 14:28:00,273 [ERROR] LogOutputStream:75 - [STDERR_REDIRECT] 
2026-05-14 14:28:01,273 [ERROR] LogOutputStream:75 - [STDERR_REDIRECT] [Fatal Error] :1:1: Premature end of file.
2026-05-14 14:28:01,273 [ERROR] LogOutputStream:75 - [STDERR_REDIRECT] 
2026-05-14 14:28:02,273 [ERROR] LogOutputStream:75 - [STDERR_REDIRECT] [Fatal Error] :1:1: Premature end of file.
2026-05-14 14:28:02,273 [ERROR] LogOutputStream:75 - [STDERR_REDIRECT] 
2026-05-14 14:28:03,273 [ERROR] LogOutputStream:75 - [STDERR_REDIRECT] [Fatal Error] :1:1: Premature end of file.
2026-05-14 14:28:03,274 [ERROR] LogOutputStream:75 - [STDERR_REDIRECT] 
2026-05-14 14:28:04,273 [ERROR] LogOutputStream:75 - [STDERR_REDIRECT] [Fatal Error] :1:1: Premature end of file.
2026-05-14 14:28:04,273 [ERROR] LogOutputStream:75 - [STDERR_REDIRECT] 
2026-05-14 14:28:05,275 [ERROR] LogOutputStream:75 - [STDERR_REDIRECT] [Fatal Error] :1:1: Premature end of file.
2026-05-14 14:28:05,275 [ERROR] LogOutputStream:75 - [STDERR_REDIRECT] 
2026-05-14 14:28:06,273 [ERROR] LogOutputStream:75 - [STDERR_REDIRECT] [Fatal Error] :1:1: Premature end of file.
2026-05-14 14:28:06,273 [ERROR] LogOutputStream:75 - [STDERR_REDIRECT] 
2026-05-14 14:28:07,272 [ERROR] LogOutputStream:75 - [STDERR_REDIRECT] [Fatal Error] :1:1: Premature end of file.
2026-05-14 14:28:07,272 [ERROR] LogOutputStream:75 - [STDERR_REDIRECT] 
2026-05-14 14:28:08,273 [ERROR] LogOutputStream:75 - [STDERR_REDIRECT] [Fatal Error] :1:1: Premature end of file.
2026-05-14 14:28:08,273 [ERROR] LogOutputStream:75 - [STDERR_REDIRECT] 
2026-05-14 14:28:09,274 [ERROR] LogOutputStream:75 - [STDERR_REDIRECT] [Fatal Error] :1:1: Premature end of file.
2026-05-14 14:28:09,274 [ERROR] LogOutputStream:75 - [STDERR_REDIRECT] 
2026-05-14 14:28:10,272 [ERROR] LogOutputStream:75 - [STDERR_REDIRECT] [Fatal Error] :1:1: Premature end of file.
2026-05-14 14:28:10,272 [ERROR] LogOutputStream:75 - [STDERR_REDIRECT] 
2026-05-14 14:28:11,273 [ERROR] LogOutputStream:75 - [STDERR_REDIRECT] [Fatal Error] :1:1: Premature end of file.
2026-05-14 14:28:11,274 [ERROR] LogOutputStream:75 - [STDERR_REDIRECT] 
2026-05-14 14:28:12,273 [ERROR] LogOutputStream:75 - [STDERR_REDIRECT] [Fatal Error] :1:1: Premature end of file.
2026-05-14 14:28:12,273 [ERROR] LogOutputStream:75 - [STDERR_REDIRECT] 
2026-05-14 14:28:13,273 [ERROR] LogOutputStream:75 - [STDERR_REDIRECT] [Fatal Error] :1:1: Premature end of file.
2026-05-14 14:28:13,274 [ERROR] LogOutputStream:75 - [STDERR_REDIRECT] 
2026-05-14 14:28:14,274 [ERROR] LogOutputStream:75 - [STDERR_REDIRECT] [Fatal Error] :1:1: Premature end of file.
2026-05-14 14:28:14,274 [ERROR] LogOutputStream:75 - [STDERR_REDIRECT] 
2026-05-14 14:28:15,273 [ERROR] LogOutputStream:75 - [STDERR_REDIRECT] [Fatal Error] :1:1: Premature end of file.
2026-05-14 14:28:15,273 [ERROR] LogOutputStream:75 - [STDERR_REDIRECT] 
2026-05-14 14:28:16,276 [ERROR] LogOutputStream:75 - [STDERR_REDIRECT] [Fatal Error] :1:1: Premature end of file.
2026-05-14 14:28:16,276 [ERROR] LogOutputStream:75 - [STDERR_REDIRECT] 
2026-05-14 14:28:17,272 [ERROR] LogOutputStream:75 - [STDERR_REDIRECT] [Fatal Error] :1:1: Premature end of file.
2026-05-14 14:28:17,272 [ERROR] LogOutputStream:75 - [STDERR_REDIRECT] 
2026-05-14 14:28:18,274 [ERROR] LogOutputStream:75 - [STDERR_REDIRECT] [Fatal Error] :1:1: Premature end of file.
2026-05-14 14:28:18,274 [ERROR] LogOutputStream:75 - [STDERR_REDIRECT] 
2026-05-14 14:28:19,273 [ERROR] LogOutputStream:75 - [STDERR_REDIRECT] [Fatal Error] :1:1: Premature end of file.
2026-05-14 14:28:19,273 [ERROR] LogOutputStream:75 - [STDERR_REDIRECT] 
2026-05-14 14:28:20,273 [ERROR] LogOutputStream:75 - [STDERR_REDIRECT] [Fatal Error] :1:1: Premature end of file.
2026-05-14 14:28:20,273 [ERROR] LogOutputStream:75 - [STDERR_REDIRECT] 
2026-05-14 14:28:21,273 [ERROR] LogOutputStream:75 - [STDERR_REDIRECT] [Fatal Error] :1:1: Premature end of file.
2026-05-14 14:28:21,273 [ERROR] LogOutputStream:75 - [STDERR_REDIRECT] 
2026-05-14 14:28:22,272 [ERROR] LogOutputStream:75 - [STDERR_REDIRECT] [Fatal Error] :1:1: Premature end of file.
2026-05-14 14:28:22,273 [ERROR] LogOutputStream:75 - [STDERR_REDIRECT] 
2026-05-14 14:28:23,273 [ERROR] LogOutputStream:75 - [STDERR_REDIRECT] [Fatal Error] :1:1: Premature end of file.
2026-05-14 14:28:23,274 [ERROR] LogOutputStream:75 - [STDERR_REDIRECT] 
2026-05-14 14:28:24,273 [ERROR] LogOutputStream:75 - [STDERR_REDIRECT] [Fatal Error] :1:1: Premature end of file.
2026-05-14 14:28:24,274 [ERROR] LogOutputStream:75 - [STDERR_REDIRECT] 
2026-05-14 14:28:25,272 [ERROR] LogOutputStream:75 - [STDERR_REDIRECT] [Fatal Error] :1:1: Premature end of file.
2026-05-14 14:28:25,272 [ERROR] LogOutputStream:75 - [STDERR_REDIRECT] 
2026-05-14 14:28:26,273 [ERROR] LogOutputStream:75 - [STDERR_REDIRECT] [Fatal Error] :1:1: Premature end of file.
2026-05-14 14:28:26,273 [ERROR] LogOutputStream:75 - [STDERR_REDIRECT] 
2026-05-14 14:28:27,272 [ERROR] LogOutputStream:75 - [STDERR_REDIRECT] [Fatal Error] :1:1: Premature end of file.
2026-05-14 14:28:27,272 [ERROR] LogOutputStream:75 - [STDERR_REDIRECT] 
2026-05-14 14:28:28,273 [ERROR] LogOutputStream:75 - [STDERR_REDIRECT] [Fatal Error] :1:1: Premature end of file.
2026-05-14 14:28:28,273 [ERROR] LogOutputStream:75 - [STDERR_REDIRECT] 
2026-05-14 14:28:29,279 [ERROR] LogOutputStream:75 - [STDERR_REDIRECT] [Fatal Error] :1:1: Premature end of file.
2026-05-14 14:28:29,280 [ERROR] LogOutputStream:75 - [STDERR_REDIRECT] 
2026-05-14 14:28:30,272 [ERROR] LogOutputStream:75 - [STDERR_REDIRECT] [Fatal Error] :1:1: Premature end of file.
2026-05-14 14:28:30,273 [ERROR] LogOutputStream:75 - [STDERR_REDIRECT] 
2026-05-14 14:28:31,273 [ERROR] LogOutputStream:75 - [STDERR_REDIRECT] [Fatal Error] :1:1: Premature end of file.
2026-05-14 14:28:31,273 [ERROR] LogOutputStream:75 - [STDERR_REDIRECT] 
2026-05-14 14:28:32,273 [ERROR] LogOutputStream:75 - [STDERR_REDIRECT] [Fatal Error] :1:1: Premature end of file.
2026-05-14 14:28:32,274 [ERROR] LogOutputStream:75 - [STDERR_REDIRECT] 
2026-05-14 14:28:33,272 [ERROR] LogOutputStream:75 - [STDERR_REDIRECT] [Fatal Error] :1:1: Premature end of file.
2026-05-14 14:28:33,272 [ERROR] LogOutputStream:75 - [STDERR_REDIRECT] 
2026-05-14 14:28:34,273 [ERROR] LogOutputStream:75 - [STDERR_REDIRECT] [Fatal Error] :1:1: Premature end of file.
2026-05-14 14:28:34,274 [ERROR] LogOutputStream:75 - [STDERR_REDIRECT] 
2026-05-14 14:28:35,273 [ERROR] LogOutputStream:75 - [STDERR_REDIRECT] [Fatal Error] :1:1: Premature end of file.
2026-05-14 14:28:35,273 [ERROR] LogOutputStream:75 - [STDERR_REDIRECT] 
2026-05-14 14:28:36,273 [ERROR] LogOutputStream:75 - [STDERR_REDIRECT] [Fatal Error] :1:1: Premature end of file.
2026-05-14 14:28:36,273 [ERROR] LogOutputStream:75 - [STDERR_REDIRECT] 
2026-05-14 14:28:37,272 [ERROR] LogOutputStream:75 - [STDERR_REDIRECT] [Fatal Error] :1:1: Premature end of file.
2026-05-14 14:28:37,272 [ERROR] LogOutputStream:75 - [STDERR_REDIRECT] 
2026-05-14 14:28:38,274 [ERROR] LogOutputStream:75 - [STDERR_REDIRECT] [Fatal Error] :1:1: Premature end of file.
2026-05-14 14:28:38,274 [ERROR] LogOutputStream:75 - [STDERR_REDIRECT] 
2026-05-14 14:28:39,272 [ERROR] LogOutputStream:75 - [STDERR_REDIRECT] [Fatal Error] :1:1: Premature end of file.
2026-05-14 14:28:39,272 [ERROR] LogOutputStream:75 - [STDERR_REDIRECT] 
2026-05-14 14:28:40,276 [ERROR] LogOutputStream:75 - [STDERR_REDIRECT] [Fatal Error] :1:1: Premature end of file.
2026-05-14 14:28:40,276 [ERROR] LogOutputStream:75 - [STDERR_REDIRECT] 
2026-05-14 14:28:41,273 [ERROR] LogOutputStream:75 - [STDERR_REDIRECT] [Fatal Error] :1:1: Premature end of file.
2026-05-14 14:28:41,273 [ERROR] LogOutputStream:75 - [STDERR_REDIRECT] 
2026-05-14 14:28:42,273 [ERROR] LogOutputStream:75 - [STDERR_REDIRECT] [Fatal Error] :1:1: Premature end of file.
2026-05-14 14:28:42,273 [ERROR] LogOutputStream:75 - [STDERR_REDIRECT] 
2026-05-14 14:28:43,273 [ERROR] LogOutputStream:75 - [STDERR_REDIRECT] [Fatal Error] :1:1: Premature end of file.
2026-05-14 14:28:43,273 [ERROR] LogOutputStream:75 - [STDERR_REDIRECT] 
2026-05-14 14:28:44,276 [ERROR] LogOutputStream:75 - [STDERR_REDIRECT] [Fatal Error] :1:1: Premature end of file.
2026-05-14 14:28:44,276 [ERROR] LogOutputStream:75 - [STDERR_REDIRECT] 
2026-05-14 14:28:45,272 [ERROR] LogOutputStream:75 - [STDERR_REDIRECT] [Fatal Error] :1:1: Premature end of file.
2026-05-14 14:28:45,272 [ERROR] LogOutputStream:75 - [STDERR_REDIRECT] 
2026-05-14 14:28:46,273 [ERROR] LogOutputStream:75 - [STDERR_REDIRECT] [Fatal Error] :1:1: Premature end of file.
2026-05-14 14:28:46,273 [ERROR] LogOutputStream:75 - [STDERR_REDIRECT] 
2026-05-14 14:28:47,275 [ERROR] LogOutputStream:75 - [STDERR_REDIRECT] [Fatal Error] :1:1: Premature end of file.
2026-05-14 14:28:47,275 [ERROR] LogOutputStream:75 - [STDERR_REDIRECT] 
2026-05-14 14:28:48,274 [ERROR] LogOutputStream:75 - [STDERR_REDIRECT] [Fatal Error] :1:1: Premature end of file.
2026-05-14 14:28:48,274 [ERROR] LogOutputStream:75 - [STDERR_REDIRECT] 
2026-05-14 14:28:49,273 [ERROR] LogOutputStream:75 - [STDERR_REDIRECT] [Fatal Error] :1:1: Premature end of file.
2026-05-14 14:28:49,273 [ERROR] LogOutputStream:75 - [STDERR_REDIRECT] 
2026-05-14 14:28:50,272 [ERROR] LogOutputStream:75 - [STDERR_REDIRECT] [Fatal Error] :1:1: Premature end of file.
2026-05-14 14:28:50,272 [ERROR] LogOutputStream:75 - [STDERR_REDIRECT] 
2026-05-14 14:28:51,273 [ERROR] LogOutputStream:75 - [STDERR_REDIRECT] [Fatal Error] :1:1: Premature end of file.
2026-05-14 14:28:51,273 [ERROR] LogOutputStream:75 - [STDERR_REDIRECT] 
2026-05-14 14:28:52,273 [ERROR] LogOutputStream:75 - [STDERR_REDIRECT] [Fatal Error] :1:1: Premature end of file.
2026-05-14 14:28:52,273 [ERROR] LogOutputStream:75 - [STDERR_REDIRECT] 
2026-05-14 14:28:53,272 [ERROR] LogOutputStream:75 - [STDERR_REDIRECT] [Fatal Error] :1:1: Premature end of file.
2026-05-14 14:28:53,273 [ERROR] LogOutputStream:75 - [STDERR_REDIRECT] 
2026-05-14 14:28:54,273 [ERROR] LogOutputStream:75 - [STDERR_REDIRECT] [Fatal Error] :1:1: Premature end of file.
2026-05-14 14:28:54,273 [ERROR] LogOutputStream:75 - [STDERR_REDIRECT] 
2026-05-14 14:28:55,273 [ERROR] LogOutputStream:75 - [STDERR_REDIRECT] [Fatal Error] :1:1: Premature end of file.
2026-05-14 14:28:55,273 [ERROR] LogOutputStream:75 - [STDERR_REDIRECT] 
2026-05-14 14:28:56,272 [ERROR] LogOutputStream:75 - [STDERR_REDIRECT] [Fatal Error] :1:1: Premature end of file.
2026-05-14 14:28:56,272 [ERROR] LogOutputStream:75 - [STDERR_REDIRECT] 
2026-05-14 14:28:57,273 [ERROR] LogOutputStream:75 - [STDERR_REDIRECT] [Fatal Error] :1:1: Premature end of file.
2026-05-14 14:28:57,273 [ERROR] LogOutputStream:75 - [STDERR_REDIRECT] 
2026-05-14 14:28:58,273 [ERROR] LogOutputStream:75 - [STDERR_REDIRECT] [Fatal Error] :1:1: Premature end of file.
2026-05-14 14:28:58,273 [ERROR] LogOutputStream:75 - [STDERR_REDIRECT] 
2026-05-14 14:28:59,272 [ERROR] LogOutputStream:75 - [STDERR_REDIRECT] [Fatal Error] :1:1: Premature end of file.
2026-05-14 14:28:59,272 [ERROR] LogOutputStream:75 - [STDERR_REDIRECT] 
2026-05-14 14:29:00,272 [ERROR] LogOutputStream:75 - [STDERR_REDIRECT] [Fatal Error] :1:1: Premature end of file.
2026-05-14 14:29:00,272 [ERROR] LogOutputStream:75 - [STDERR_REDIRECT] 
2026-05-14 14:29:01,273 [ERROR] LogOutputStream:75 - [STDERR_REDIRECT] [Fatal Error] :1:1: Premature end of file.
2026-05-14 14:29:01,273 [ERROR] LogOutputStream:75 - [STDERR_REDIRECT] 
2026-05-14 14:29:02,273 [ERROR] LogOutputStream:75 - [STDERR_REDIRECT] [Fatal Error] :1:1: Premature end of file.
2026-05-14 14:29:02,274 [ERROR] LogOutputStream:75 - [STDERR_REDIRECT] 
2026-05-14 14:29:03,272 [ERROR] LogOutputStream:75 - [STDERR_REDIRECT] [Fatal Error] :1:1: Premature end of file.
2026-05-14 14:29:03,273 [ERROR] LogOutputStream:75 - [STDERR_REDIRECT] 
2026-05-14 14:29:04,273 [ERROR] LogOutputStream:75 - [STDERR_REDIRECT] [Fatal Error] :1:1: Premature end of file.
2026-05-14 14:29:04,273 [ERROR] LogOutputStream:75 - [STDERR_REDIRECT] 
2026-05-14 14:29:05,273 [ERROR] LogOutputStream:75 - [STDERR_REDIRECT] [Fatal Error] :1:1: Premature end of file.
2026-05-14 14:29:05,273 [ERROR] LogOutputStream:75 - [STDERR_REDIRECT] 
2026-05-14 14:29:06,272 [ERROR] LogOutputStream:75 - [STDERR_REDIRECT] [Fatal Error] :1:1: Premature end of file.
2026-05-14 14:29:06,272 [ERROR] LogOutputStream:75 - [STDERR_REDIRECT] 
2026-05-14 14:29:07,273 [ERROR] LogOutputStream:75 - [STDERR_REDIRECT] [Fatal Error] :1:1: Premature end of file.
2026-05-14 14:29:07,273 [ERROR] LogOutputStream:75 - [STDERR_REDIRECT] 
2026-05-14 14:29:08,272 [ERROR] LogOutputStream:75 - [STDERR_REDIRECT] [Fatal Error] :1:1: Premature end of file.
2026-05-14 14:29:08,272 [ERROR] LogOutputStream:75 - [STDERR_REDIRECT] 
2026-05-14 14:29:09,272 [ERROR] LogOutputStream:75 - [STDERR_REDIRECT] [Fatal Error] :1:1: Premature end of file.
2026-05-14 14:29:09,272 [ERROR] LogOutputStream:75 - [STDERR_REDIRECT] 
2026-05-14 14:29:10,274 [ERROR] LogOutputStream:75 - [STDERR_REDIRECT] [Fatal Error] :1:1: Premature end of file.
2026-05-14 14:29:10,275 [ERROR] LogOutputStream:75 - [STDERR_REDIRECT] 
2026-05-14 14:29:11,271 [ERROR] LogOutputStream:75 - [STDERR_REDIRECT] [Fatal Error] :1:1: Premature end of file.
2026-05-14 14:29:11,271 [ERROR] LogOutputStream:75 - [STDERR_REDIRECT] 
2026-05-14 14:29:12,273 [ERROR] LogOutputStream:75 - [STDERR_REDIRECT] [Fatal Error] :1:1: Premature end of file.
2026-05-14 14:29:12,273 [ERROR] LogOutputStream:75 - [STDERR_REDIRECT] 
2026-05-14 14:29:13,272 [ERROR] LogOutputStream:75 - [STDERR_REDIRECT] [Fatal Error] :1:1: Premature end of file.
2026-05-14 14:29:13,273 [ERROR] LogOutputStream:75 - [STDERR_REDIRECT] 
2026-05-14 14:29:14,274 [ERROR] LogOutputStream:75 - [STDERR_REDIRECT] [Fatal Error] :1:1: Premature end of file.
2026-05-14 14:29:14,274 [ERROR] LogOutputStream:75 - [STDERR_REDIRECT] 
2026-05-14 14:29:15,272 [ERROR] LogOutputStream:75 - [STDERR_REDIRECT] [Fatal Error] :1:1: Premature end of file.
2026-05-14 14:29:15,273 [ERROR] LogOutputStream:75 - [STDERR_REDIRECT] 
2026-05-14 14:29:16,275 [ERROR] LogOutputStream:75 - [STDERR_REDIRECT] [Fatal Error] :1:1: Premature end of file.
2026-05-14 14:29:16,275 [ERROR] LogOutputStream:75 - [STDERR_REDIRECT] 
2026-05-14 14:29:17,274 [ERROR] LogOutputStream:75 - [STDERR_REDIRECT] [Fatal Error] :1:1: Premature end of file.
2026-05-14 14:29:17,274 [ERROR] LogOutputStream:75 - [STDERR_REDIRECT] 
2026-05-14 14:29:18,273 [ERROR] LogOutputStream:75 - [STDERR_REDIRECT] [Fatal Error] :1:1: Premature end of file.
2026-05-14 14:29:18,273 [ERROR] LogOutputStream:75 - [STDERR_REDIRECT] 
2026-05-14 14:29:19,272 [ERROR] LogOutputStream:75 - [STDERR_REDIRECT] [Fatal Error] :1:1: Premature end of file.
2026-05-14 14:29:19,272 [ERROR] LogOutputStream:75 - [STDERR_REDIRECT] 
2026-05-14 14:29:20,273 [ERROR] LogOutputStream:75 - [STDERR_REDIRECT] [Fatal Error] :1:1: Premature end of file.
2026-05-14 14:29:20,273 [ERROR] LogOutputStream:75 - [STDERR_REDIRECT] 
2026-05-14 14:29:21,272 [ERROR] LogOutputStream:75 - [STDERR_REDIRECT] [Fatal Error] :1:1: Premature end of file.
2026-05-14 14:29:21,272 [ERROR] LogOutputStream:75 - [STDERR_REDIRECT] 
2026-05-14 14:29:22,274 [ERROR] LogOutputStream:75 - [STDERR_REDIRECT] [Fatal Error] :1:1: Premature end of file.
2026-05-14 14:29:22,274 [ERROR] LogOutputStream:75 - [STDERR_REDIRECT] 
2026-05-14 14:29:23,272 [ERROR] LogOutputStream:75 - [STDERR_REDIRECT] [Fatal Error] :1:1: Premature end of file.
2026-05-14 14:29:23,272 [ERROR] LogOutputStream:75 - [STDERR_REDIRECT] 
2026-05-14 14:29:24,274 [ERROR] LogOutputStream:75 - [STDERR_REDIRECT] [Fatal Error] :1:1: Premature end of file.
2026-05-14 14:29:24,274 [ERROR] LogOutputStream:75 - [STDERR_REDIRECT] 
2026-05-14 14:29:25,272 [ERROR] LogOutputStream:75 - [STDERR_REDIRECT] [Fatal Error] :1:1: Premature end of file.
2026-05-14 14:29:25,272 [ERROR] LogOutputStream:75 - [STDERR_REDIRECT] 
2026-05-14 14:29:26,274 [ERROR] LogOutputStream:75 - [STDERR_REDIRECT] [Fatal Error] :1:1: Premature end of file.
2026-05-14 14:29:26,274 [ERROR] LogOutputStream:75 - [STDERR_REDIRECT] 
2026-05-14 14:29:27,272 [ERROR] LogOutputStream:75 - [STDERR_REDIRECT] [Fatal Error] :1:1: Premature end of file.
2026-05-14 14:29:27,273 [ERROR] LogOutputStream:75 - [STDERR_REDIRECT] 
2026-05-14 14:29:28,272 [ERROR] LogOutputStream:75 - [STDERR_REDIRECT] [Fatal Error] :1:1: Premature end of file.
2026-05-14 14:29:28,272 [ERROR] LogOutputStream:75 - [STDERR_REDIRECT] 
2026-05-14 14:29:29,274 [ERROR] LogOutputStream:75 - [STDERR_REDIRECT] [Fatal Error] :1:1: Premature end of file.
2026-05-14 14:29:29,274 [ERROR] LogOutputStream:75 - [STDERR_REDIRECT] 
2026-05-14 14:29:30,272 [ERROR] LogOutputStream:75 - [STDERR_REDIRECT] [Fatal Error] :1:1: Premature end of file.
2026-05-14 14:29:30,273 [ERROR] LogOutputStream:75 - [STDERR_REDIRECT] 
2026-05-14 14:29:31,276 [ERROR] LogOutputStream:75 - [STDERR_REDIRECT] [Fatal Error] :1:1: Premature end of file.
2026-05-14 14:29:31,276 [ERROR] LogOutputStream:75 - [STDERR_REDIRECT] 
2026-05-14 14:29:32,274 [ERROR] LogOutputStream:75 - [STDERR_REDIRECT] [Fatal Error] :1:1: Premature end of file.
2026-05-14 14:29:32,275 [ERROR] LogOutputStream:75 - [STDERR_REDIRECT] 
2026-05-14 14:29:33,273 [ERROR] LogOutputStream:75 - [STDERR_REDIRECT] [Fatal Error] :1:1: Premature end of file.
2026-05-14 14:29:33,273 [ERROR] LogOutputStream:75 - [STDERR_REDIRECT] 
2026-05-14 14:29:34,272 [ERROR] LogOutputStream:75 - [STDERR_REDIRECT] [Fatal Error] :1:1: Premature end of file.
2026-05-14 14:29:34,272 [ERROR] LogOutputStream:75 - [STDERR_REDIRECT] 
2026-05-14 14:29:35,274 [ERROR] LogOutputStream:75 - [STDERR_REDIRECT] [Fatal Error] :1:1: Premature end of file.
2026-05-14 14:29:35,274 [ERROR] LogOutputStream:75 - [STDERR_REDIRECT] 
2026-05-14 14:29:36,272 [ERROR] LogOutputStream:75 - [STDERR_REDIRECT] [Fatal Error] :1:1: Premature end of file.
2026-05-14 14:29:36,272 [ERROR] LogOutputStream:75 - [STDERR_REDIRECT] 
2026-05-14 14:29:37,274 [ERROR] LogOutputStream:75 - [STDERR_REDIRECT] [Fatal Error] :1:1: Premature end of file.
2026-05-14 14:29:37,275 [ERROR] LogOutputStream:75 - [STDERR_REDIRECT] 
2026-05-14 14:29:38,273 [ERROR] LogOutputStream:75 - [STDERR_REDIRECT] [Fatal Error] :1:1: Premature end of file.
2026-05-14 14:29:38,273 [ERROR] LogOutputStream:75 - [STDERR_REDIRECT] 
2026-05-14 14:29:39,272 [ERROR] LogOutputStream:75 - [STDERR_REDIRECT] [Fatal Error] :1:1: Premature end of file.
2026-05-14 14:29:39,273 [ERROR] LogOutputStream:75 - [STDERR_REDIRECT] 
2026-05-14 14:29:40,273 [ERROR] LogOutputStream:75 - [STDERR_REDIRECT] [Fatal Error] :1:1: Premature end of file.
2026-05-14 14:29:40,274 [ERROR] LogOutputStream:75 - [STDERR_REDIRECT] 
2026-05-14 14:29:41,273 [ERROR] LogOutputStream:75 - [STDERR_REDIRECT] [Fatal Error] :1:1: Premature end of file.
2026-05-14 14:29:41,273 [ERROR] LogOutputStream:75 - [STDERR_REDIRECT] 
2026-05-14 14:29:42,273 [ERROR] LogOutputStream:75 - [STDERR_REDIRECT] [Fatal Error] :1:1: Premature end of file.
2026-05-14 14:29:42,273 [ERROR] LogOutputStream:75 - [STDERR_REDIRECT] 
2026-05-14 14:29:43,272 [ERROR] LogOutputStream:75 - [STDERR_REDIRECT] [Fatal Error] :1:1: Premature end of file.
2026-05-14 14:29:43,272 [ERROR] LogOutputStream:75 - [STDERR_REDIRECT] 
2026-05-14 14:29:44,277 [ERROR] LogOutputStream:75 - [STDERR_REDIRECT] [Fatal Error] :1:1: Premature end of file.
2026-05-14 14:29:44,277 [ERROR] LogOutputStream:75 - [STDERR_REDIRECT] 
2026-05-14 14:29:45,273 [ERROR] LogOutputStream:75 - [STDERR_REDIRECT] [Fatal Error] :1:1: Premature end of file.
2026-05-14 14:29:45,273 [ERROR] LogOutputStream:75 - [STDERR_REDIRECT] 
2026-05-14 14:29:46,275 [ERROR] LogOutputStream:75 - [STDERR_REDIRECT] [Fatal Error] :1:1: Premature end of file.
2026-05-14 14:29:46,275 [ERROR] LogOutputStream:75 - [STDERR_REDIRECT] 
2026-05-14 14:29:47,272 [ERROR] LogOutputStream:75 - [STDERR_REDIRECT] [Fatal Error] :1:1: Premature end of file.
2026-05-14 14:29:47,273 [ERROR] LogOutputStream:75 - [STDERR_REDIRECT] 
2026-05-14 14:29:48,274 [ERROR] LogOutputStream:75 - [STDERR_REDIRECT] [Fatal Error] :1:1: Premature end of file.
2026-05-14 14:29:48,274 [ERROR] LogOutputStream:75 - [STDERR_REDIRECT] 
2026-05-14 14:29:49,272 [ERROR] LogOutputStream:75 - [STDERR_REDIRECT] [Fatal Error] :1:1: Premature end of file.
2026-05-14 14:29:49,272 [ERROR] LogOutputStream:75 - [STDERR_REDIRECT] 
2026-05-14 14:29:50,273 [ERROR] LogOutputStream:75 - [STDERR_REDIRECT] [Fatal Error] :1:1: Premature end of file.
2026-05-14 14:29:50,274 [ERROR] LogOutputStream:75 - [STDERR_REDIRECT] 
2026-05-14 14:29:51,273 [ERROR] LogOutputStream:75 - [STDERR_REDIRECT] [Fatal Error] :1:1: Premature end of file.
2026-05-14 14:29:51,273 [ERROR] LogOutputStream:75 - [STDERR_REDIRECT] 
2026-05-14 14:29:52,275 [ERROR] LogOutputStream:75 - [STDERR_REDIRECT] [Fatal Error] :1:1: Premature end of file.
2026-05-14 14:29:52,275 [ERROR] LogOutputStream:75 - [STDERR_REDIRECT] 
2026-05-14 14:29:53,273 [ERROR] LogOutputStream:75 - [STDERR_REDIRECT] [Fatal Error] :1:1: Premature end of file.
2026-05-14 14:29:53,273 [ERROR] LogOutputStream:75 - [STDERR_REDIRECT] 
2026-05-14 14:29:54,273 [ERROR] LogOutputStream:75 - [STDERR_REDIRECT] [Fatal Error] :1:1: Premature end of file.
2026-05-14 14:29:54,273 [ERROR] LogOutputStream:75 - [STDERR_REDIRECT] 
2026-05-14 14:29:55,272 [ERROR] LogOutputStream:75 - [STDERR_REDIRECT] [Fatal Error] :1:1: Premature end of file.
2026-05-14 14:29:55,272 [ERROR] LogOutputStream:75 - [STDERR_REDIRECT] 
2026-05-14 14:29:56,273 [ERROR] LogOutputStream:75 - [STDERR_REDIRECT] [Fatal Error] :1:1: Premature end of file.
2026-05-14 14:29:56,273 [ERROR] LogOutputStream:75 - [STDERR_REDIRECT] 
2026-05-14 14:29:57,274 [ERROR] LogOutputStream:75 - [STDERR_REDIRECT] [Fatal Error] :1:1: Premature end of file.
2026-05-14 14:29:57,274 [ERROR] LogOutputStream:75 - [STDERR_REDIRECT] 
2026-05-14 14:29:58,274 [ERROR] LogOutputStream:75 - [STDERR_REDIRECT] [Fatal Error] :1:1: Premature end of file.
2026-05-14 14:29:58,274 [ERROR] LogOutputStream:75 - [STDERR_REDIRECT] 
2026-05-14 14:29:59,273 [ERROR] LogOutputStream:75 - [STDERR_REDIRECT] [Fatal Error] :1:1: Premature end of file.
2026-05-14 14:29:59,274 [ERROR] LogOutputStream:75 - [STDERR_REDIRECT] 
2026-05-14 14:30:00,273 [ERROR] LogOutputStream:75 - [STDERR_REDIRECT] [Fatal Error] :1:1: Premature end of file.
2026-05-14 14:30:00,273 [ERROR] LogOutputStream:75 - [STDERR_REDIRECT] 
2026-05-14 14:30:01,273 [ERROR] LogOutputStream:75 - [STDERR_REDIRECT] [Fatal Error] :1:1: Premature end of file.
2026-05-14 14:30:01,273 [ERROR] LogOutputStream:75 - [STDERR_REDIRECT] 
2026-05-14 14:30:02,272 [ERROR] LogOutputStream:75 - [STDERR_REDIRECT] [Fatal Error] :1:1: Premature end of file.
2026-05-14 14:30:02,272 [ERROR] LogOutputStream:75 - [STDERR_REDIRECT] 
2026-05-14 14:30:03,272 [ERROR] LogOutputStream:75 - [STDERR_REDIRECT] [Fatal Error] :1:1: Premature end of file.
2026-05-14 14:30:03,272 [ERROR] LogOutputStream:75 - [STDERR_REDIRECT] 
2026-05-14 14:30:04,271 [ERROR] LogOutputStream:75 - [STDERR_REDIRECT] [Fatal Error] :1:1: Premature end of file.
2026-05-14 14:30:04,272 [ERROR] LogOutputStream:75 - [STDERR_REDIRECT] 
2026-05-14 14:30:05,272 [ERROR] LogOutputStream:75 - [STDERR_REDIRECT] [Fatal Error] :1:1: Premature end of file.
2026-05-14 14:30:05,273 [ERROR] LogOutputStream:75 - [STDERR_REDIRECT] 
2026-05-14 14:30:06,272 [ERROR] LogOutputStream:75 - [STDERR_REDIRECT] [Fatal Error] :1:1: Premature end of file.
2026-05-14 14:30:06,272 [ERROR] LogOutputStream:75 - [STDERR_REDIRECT] 
2026-05-14 14:30:07,272 [ERROR] LogOutputStream:75 - [STDERR_REDIRECT] [Fatal Error] :1:1: Premature end of file.
2026-05-14 14:30:07,272 [ERROR] LogOutputStream:75 - [STDERR_REDIRECT] 
2026-05-14 14:30:08,273 [ERROR] LogOutputStream:75 - [STDERR_REDIRECT] [Fatal Error] :1:1: Premature end of file.
2026-05-14 14:30:08,273 [ERROR] LogOutputStream:75 - [STDERR_REDIRECT] 
2026-05-14 14:30:09,271 [ERROR] LogOutputStream:75 - [STDERR_REDIRECT] [Fatal Error] :1:1: Premature end of file.
2026-05-14 14:30:09,272 [ERROR] LogOutputStream:75 - [STDERR_REDIRECT] 
2026-05-14 14:30:10,273 [ERROR] LogOutputStream:75 - [STDERR_REDIRECT] [Fatal Error] :1:1: Premature end of file.
2026-05-14 14:30:10,273 [ERROR] LogOutputStream:75 - [STDERR_REDIRECT] 
2026-05-14 14:30:11,271 [ERROR] LogOutputStream:75 - [STDERR_REDIRECT] [Fatal Error] :1:1: Premature end of file.
2026-05-14 14:30:11,271 [ERROR] LogOutputStream:75 - [STDERR_REDIRECT] 
2026-05-14 14:30:12,273 [ERROR] LogOutputStream:75 - [STDERR_REDIRECT] [Fatal Error] :1:1: Premature end of file.
2026-05-14 14:30:12,273 [ERROR] LogOutputStream:75 - [STDERR_REDIRECT] 
2026-05-14 14:30:13,274 [ERROR] LogOutputStream:75 - [STDERR_REDIRECT] [Fatal Error] :1:1: Premature end of file.
2026-05-14 14:30:13,274 [ERROR] LogOutputStream:75 - [STDERR_REDIRECT] 
2026-05-14 14:30:14,272 [ERROR] LogOutputStream:75 - [STDERR_REDIRECT] [Fatal Error] :1:1: Premature end of file.
2026-05-14 14:30:14,272 [ERROR] LogOutputStream:75 - [STDERR_REDIRECT] 
2026-05-14 14:30:15,274 [ERROR] LogOutputStream:75 - [STDERR_REDIRECT] [Fatal Error] :1:1: Premature end of file.
2026-05-14 14:30:15,274 [ERROR] LogOutputStream:75 - [STDERR_REDIRECT] 
2026-05-14 14:30:16,273 [ERROR] LogOutputStream:75 - [STDERR_REDIRECT] [Fatal Error] :1:1: Premature end of file.
2026-05-14 14:30:16,273 [ERROR] LogOutputStream:75 - [STDERR_REDIRECT] 
2026-05-14 14:30:17,273 [ERROR] LogOutputStream:75 - [STDERR_REDIRECT] [Fatal Error] :1:1: Premature end of file.
2026-05-14 14:30:17,273 [ERROR] LogOutputStream:75 - [STDERR_REDIRECT] 
2026-05-14 14:30:18,272 [ERROR] LogOutputStream:75 - [STDERR_REDIRECT] [Fatal Error] :1:1: Premature end of file.
2026-05-14 14:30:18,273 [ERROR] LogOutputStream:75 - [STDERR_REDIRECT] 
2026-05-14 14:30:19,273 [ERROR] LogOutputStream:75 - [STDERR_REDIRECT] [Fatal Error] :1:1: Premature end of file.
2026-05-14 14:30:19,273 [ERROR] LogOutputStream:75 - [STDERR_REDIRECT] 
2026-05-14 14:30:20,271 [ERROR] LogOutputStream:75 - [STDERR_REDIRECT] [Fatal Error] :1:1: Premature end of file.
2026-05-14 14:30:20,271 [ERROR] LogOutputStream:75 - [STDERR_REDIRECT] 
2026-05-14 14:30:21,272 [ERROR] LogOutputStream:75 - [STDERR_REDIRECT] [Fatal Error] :1:1: Premature end of file.
2026-05-14 14:30:21,273 [ERROR] LogOutputStream:75 - [STDERR_REDIRECT] 
2026-05-14 14:30:22,272 [ERROR] LogOutputStream:75 - [STDERR_REDIRECT] [Fatal Error] :1:1: Premature end of file.
2026-05-14 14:30:22,272 [ERROR] LogOutputStream:75 - [STDERR_REDIRECT] 
2026-05-14 14:30:23,272 [ERROR] LogOutputStream:75 - [STDERR_REDIRECT] [Fatal Error] :1:1: Premature end of file.
2026-05-14 14:30:23,272 [ERROR] LogOutputStream:75 - [STDERR_REDIRECT] 
2026-05-14 14:30:24,272 [ERROR] LogOutputStream:75 - [STDERR_REDIRECT] [Fatal Error] :1:1: Premature end of file.
2026-05-14 14:30:24,273 [ERROR] LogOutputStream:75 - [STDERR_REDIRECT] 
2026-05-14 14:30:25,271 [ERROR] LogOutputStream:75 - [STDERR_REDIRECT] [Fatal Error] :1:1: Premature end of file.
2026-05-14 14:30:25,271 [ERROR] LogOutputStream:75 - [STDERR_REDIRECT] 
2026-05-14 14:30:26,272 [ERROR] LogOutputStream:75 - [STDERR_REDIRECT] [Fatal Error] :1:1: Premature end of file.
2026-05-14 14:30:26,272 [ERROR] LogOutputStream:75 - [STDERR_REDIRECT] 
2026-05-14 14:30:27,271 [ERROR] LogOutputStream:75 - [STDERR_REDIRECT] [Fatal Error] :1:1: Premature end of file.
2026-05-14 14:30:27,271 [ERROR] LogOutputStream:75 - [STDERR_REDIRECT] 
2026-05-14 14:30:28,271 [ERROR] LogOutputStream:75 - [STDERR_REDIRECT] [Fatal Error] :1:1: Premature end of file.
2026-05-14 14:30:28,271 [ERROR] LogOutputStream:75 - [STDERR_REDIRECT] 
2026-05-14 14:30:29,272 [ERROR] LogOutputStream:75 - [STDERR_REDIRECT] [Fatal Error] :1:1: Premature end of file.
2026-05-14 14:30:29,272 [ERROR] LogOutputStream:75 - [STDERR_REDIRECT] 
2026-05-14 14:30:30,272 [ERROR] LogOutputStream:75 - [STDERR_REDIRECT] [Fatal Error] :1:1: Premature end of file.
2026-05-14 14:30:30,273 [ERROR] LogOutputStream:75 - [STDERR_REDIRECT] 
2026-05-14 14:30:31,272 [ERROR] LogOutputStream:75 - [STDERR_REDIRECT] [Fatal Error] :1:1: Premature end of file.
2026-05-14 14:30:31,273 [ERROR] LogOutputStream:75 - [STDERR_REDIRECT] 
2026-05-14 14:30:32,274 [ERROR] LogOutputStream:75 - [STDERR_REDIRECT] [Fatal Error] :1:1: Premature end of file.
2026-05-14 14:30:32,274 [ERROR] LogOutputStream:75 - [STDERR_REDIRECT] 
2026-05-14 14:30:33,271 [ERROR] LogOutputStream:75 - [STDERR_REDIRECT] [Fatal Error] :1:1: Premature end of file.
2026-05-14 14:30:33,271 [ERROR] LogOutputStream:75 - [STDERR_REDIRECT] 
2026-05-14 14:30:34,273 [ERROR] LogOutputStream:75 - [STDERR_REDIRECT] [Fatal Error] :1:1: Premature end of file.
2026-05-14 14:30:34,273 [ERROR] LogOutputStream:75 - [STDERR_REDIRECT] 
2026-05-14 14:30:35,271 [ERROR] LogOutputStream:75 - [STDERR_REDIRECT] [Fatal Error] :1:1: Premature end of file.
2026-05-14 14:30:35,271 [ERROR] LogOutputStream:75 - [STDERR_REDIRECT] 
2026-05-14 14:30:36,270 [ERROR] LogOutputStream:75 - [STDERR_REDIRECT] [Fatal Error] :1:1: Premature end of file.
2026-05-14 14:30:36,270 [ERROR] LogOutputStream:75 - [STDERR_REDIRECT] 
2026-05-14 14:30:37,271 [ERROR] LogOutputStream:75 - [STDERR_REDIRECT] [Fatal Error] :1:1: Premature end of file.
2026-05-14 14:30:37,271 [ERROR] LogOutputStream:75 - [STDERR_REDIRECT] 
2026-05-14 14:30:38,272 [ERROR] LogOutputStream:75 - [STDERR_REDIRECT] [Fatal Error] :1:1: Premature end of file.
2026-05-14 14:30:38,272 [ERROR] LogOutputStream:75 - [STDERR_REDIRECT] 
2026-05-14 14:30:39,271 [ERROR] LogOutputStream:75 - [STDERR_REDIRECT] [Fatal Error] :1:1: Premature end of file.
2026-05-14 14:30:39,271 [ERROR] LogOutputStream:75 - [STDERR_REDIRECT] 
2026-05-14 14:30:40,273 [ERROR] LogOutputStream:75 - [STDERR_REDIRECT] [Fatal Error] :1:1: Premature end of file.
2026-05-14 14:30:40,273 [ERROR] LogOutputStream:75 - [STDERR_REDIRECT] 
2026-05-14 14:30:41,272 [ERROR] LogOutputStream:75 - [STDERR_REDIRECT] [Fatal Error] :1:1: Premature end of file.
2026-05-14 14:30:41,272 [ERROR] LogOutputStream:75 - [STDERR_REDIRECT] 
2026-05-14 14:30:42,272 [ERROR] LogOutputStream:75 - [STDERR_REDIRECT] [Fatal Error] :1:1: Premature end of file.
2026-05-14 14:30:42,272 [ERROR] LogOutputStream:75 - [STDERR_REDIRECT] 
2026-05-14 14:30:43,272 [ERROR] LogOutputStream:75 - [STDERR_REDIRECT] [Fatal Error] :1:1: Premature end of file.
2026-05-14 14:30:43,272 [ERROR] LogOutputStream:75 - [STDERR_REDIRECT] 
2026-05-14 14:30:44,272 [ERROR] LogOutputStream:75 - [STDERR_REDIRECT] [Fatal Error] :1:1: Premature end of file.
2026-05-14 14:30:44,273 [ERROR] LogOutputStream:75 - [STDERR_REDIRECT] 
2026-05-14 14:30:45,275 [ERROR] LogOutputStream:75 - [STDERR_REDIRECT] [Fatal Error] :1:1: Premature end of file.
2026-05-14 14:30:45,275 [ERROR] LogOutputStream:75 - [STDERR_REDIRECT] 
2026-05-14 14:30:46,271 [ERROR] LogOutputStream:75 - [STDERR_REDIRECT] [Fatal Error] :1:1: Premature end of file.
2026-05-14 14:30:46,271 [ERROR] LogOutputStream:75 - [STDERR_REDIRECT] 
2026-05-14 14:30:47,279 [ERROR] LogOutputStream:75 - [STDERR_REDIRECT] [Fatal Error] :1:1: Premature end of file.
2026-05-14 14:30:47,279 [ERROR] LogOutputStream:75 - [STDERR_REDIRECT] 
2026-05-14 14:30:48,273 [ERROR] LogOutputStream:75 - [STDERR_REDIRECT] [Fatal Error] :1:1: Premature end of file.
2026-05-14 14:30:48,273 [ERROR] LogOutputStream:75 - [STDERR_REDIRECT] 
2026-05-14 14:30:49,272 [ERROR] LogOutputStream:75 - [STDERR_REDIRECT] [Fatal Error] :1:1: Premature end of file.
2026-05-14 14:30:49,272 [ERROR] LogOutputStream:75 - [STDERR_REDIRECT] 
2026-05-14 14:30:50,271 [ERROR] LogOutputStream:75 - [STDERR_REDIRECT] [Fatal Error] :1:1: Premature end of file.
2026-05-14 14:30:50,271 [ERROR] LogOutputStream:75 - [STDERR_REDIRECT] 
2026-05-14 14:30:51,273 [ERROR] LogOutputStream:75 - [STDERR_REDIRECT] [Fatal Error] :1:1: Premature end of file.
2026-05-14 14:30:51,273 [ERROR] LogOutputStream:75 - [STDERR_REDIRECT] 
2026-05-14 14:30:52,271 [ERROR] LogOutputStream:75 - [STDERR_REDIRECT] [Fatal Error] :1:1: Premature end of file.
2026-05-14 14:30:52,271 [ERROR] LogOutputStream:75 - [STDERR_REDIRECT] 
2026-05-14 14:30:53,281 [ERROR] LogOutputStream:75 - [STDERR_REDIRECT] [Fatal Error] :1:1: Premature end of file.
2026-05-14 14:30:53,281 [ERROR] LogOutputStream:75 - [STDERR_REDIRECT] 
2026-05-14 14:30:54,274 [ERROR] LogOutputStream:75 - [STDERR_REDIRECT] [Fatal Error] :1:1: Premature end of file.
2026-05-14 14:30:54,274 [ERROR] LogOutputStream:75 - [STDERR_REDIRECT] 
2026-05-14 14:30:55,278 [ERROR] LogOutputStream:75 - [STDERR_REDIRECT] [Fatal Error] :1:1: Premature end of file.
2026-05-14 14:30:55,278 [ERROR] LogOutputStream:75 - [STDERR_REDIRECT] 
2026-05-14 14:30:56,276 [ERROR] LogOutputStream:75 - [STDERR_REDIRECT] [Fatal Error] :1:1: Premature end of file.
2026-05-14 14:30:56,276 [ERROR] LogOutputStream:75 - [STDERR_REDIRECT] 
2026-05-14 14:30:57,287 [ERROR] LogOutputStream:75 - [STDERR_REDIRECT] [Fatal Error] :1:1: Premature end of file.
2026-05-14 14:30:57,287 [ERROR] LogOutputStream:75 - [STDERR_REDIRECT] 
2026-05-14 14:30:58,275 [ERROR] LogOutputStream:75 - [STDERR_REDIRECT] [Fatal Error] :1:1: Premature end of file.
2026-05-14 14:30:58,275 [ERROR] LogOutputStream:75 - [STDERR_REDIRECT] 
2026-05-14 14:30:59,277 [ERROR] LogOutputStream:75 - [STDERR_REDIRECT] [Fatal Error] :1:1: Premature end of file.
2026-05-14 14:30:59,277 [ERROR] LogOutputStream:75 - [STDERR_REDIRECT] 
2026-05-14 14:31:00,278 [ERROR] LogOutputStream:75 - [STDERR_REDIRECT] [Fatal Error] :1:1: Premature end of file.
2026-05-14 14:31:00,278 [ERROR] LogOutputStream:75 - [STDERR_REDIRECT] 
2026-05-14 14:31:01,283 [ERROR] LogOutputStream:75 - [STDERR_REDIRECT] [Fatal Error] :1:1: Premature end of file.
2026-05-14 14:31:01,284 [ERROR] LogOutputStream:75 - [STDERR_REDIRECT] 
2026-05-14 14:31:02,278 [ERROR] LogOutputStream:75 - [STDERR_REDIRECT] [Fatal Error] :1:1: Premature end of file.
2026-05-14 14:31:02,278 [ERROR] LogOutputStream:75 - [STDERR_REDIRECT] 
2026-05-14 14:31:03,280 [ERROR] LogOutputStream:75 - [STDERR_REDIRECT] [Fatal Error] :1:1: Premature end of file.
2026-05-14 14:31:03,280 [ERROR] LogOutputStream:75 - [STDERR_REDIRECT] 
2026-05-14 14:31:04,282 [ERROR] LogOutputStream:75 - [STDERR_REDIRECT] [Fatal Error] :1:1: Premature end of file.
2026-05-14 14:31:04,282 [ERROR] LogOutputStream:75 - [STDERR_REDIRECT] 
2026-05-14 14:31:05,278 [ERROR] LogOutputStream:75 - [STDERR_REDIRECT] [Fatal Error] :1:1: Premature end of file.
2026-05-14 14:31:05,278 [ERROR] LogOutputStream:75 - [STDERR_REDIRECT] 
2026-05-14 14:31:06,290 [ERROR] LogOutputStream:75 - [STDERR_REDIRECT] [Fatal Error] :1:1: Premature end of file.
2026-05-14 14:31:06,290 [ERROR] LogOutputStream:75 - [STDERR_REDIRECT] 
2026-05-14 14:31:07,292 [ERROR] LogOutputStream:75 - [STDERR_REDIRECT] [Fatal Error] :1:1: Premature end of file.
2026-05-14 14:31:07,292 [ERROR] LogOutputStream:75 - [STDERR_REDIRECT] 
2026-05-14 14:31:08,288 [ERROR] LogOutputStream:75 - [STDERR_REDIRECT] [Fatal Error] :1:1: Premature end of file.
2026-05-14 14:31:08,289 [ERROR] LogOutputStream:75 - [STDERR_REDIRECT] 
2026-05-14 14:31:09,286 [ERROR] LogOutputStream:75 - [STDERR_REDIRECT] [Fatal Error] :1:1: Premature end of file.
2026-05-14 14:31:09,286 [ERROR] LogOutputStream:75 - [STDERR_REDIRECT] 
2026-05-14 14:31:10,285 [ERROR] LogOutputStream:75 - [STDERR_REDIRECT] [Fatal Error] :1:1: Premature end of file.
2026-05-14 14:31:10,285 [ERROR] LogOutputStream:75 - [STDERR_REDIRECT] 
2026-05-14 14:31:11,282 [ERROR] LogOutputStream:75 - [STDERR_REDIRECT] [Fatal Error] :1:1: Premature end of file.
2026-05-14 14:31:11,282 [ERROR] LogOutputStream:75 - [STDERR_REDIRECT] 
2026-05-14 14:31:12,275 [ERROR] LogOutputStream:75 - [STDERR_REDIRECT] [Fatal Error] :1:1: Premature end of file.
2026-05-14 14:31:12,276 [ERROR] LogOutputStream:75 - [STDERR_REDIRECT] 
2026-05-14 14:31:13,284 [ERROR] LogOutputStream:75 - [STDERR_REDIRECT] [Fatal Error] :1:1: Premature end of file.
2026-05-14 14:31:13,284 [ERROR] LogOutputStream:75 - [STDERR_REDIRECT] 
2026-05-14 14:31:14,282 [ERROR] LogOutputStream:75 - [STDERR_REDIRECT] [Fatal Error] :1:1: Premature end of file.
2026-05-14 14:31:14,282 [ERROR] LogOutputStream:75 - [STDERR_REDIRECT] 
2026-05-14 14:31:15,284 [ERROR] LogOutputStream:75 - [STDERR_REDIRECT] [Fatal Error] :1:1: Premature end of file.
2026-05-14 14:31:15,284 [ERROR] LogOutputStream:75 - [STDERR_REDIRECT] 
2026-05-14 14:31:16,279 [ERROR] LogOutputStream:75 - [STDERR_REDIRECT] [Fatal Error] :1:1: Premature end of file.
2026-05-14 14:31:16,279 [ERROR] LogOutputStream:75 - [STDERR_REDIRECT] 
2026-05-14 14:31:17,276 [ERROR] LogOutputStream:75 - [STDERR_REDIRECT] [Fatal Error] :1:1: Premature end of file.
2026-05-14 14:31:17,276 [ERROR] LogOutputStream:75 - [STDERR_REDIRECT] 
2026-05-14 14:31:18,281 [ERROR] LogOutputStream:75 - [STDERR_REDIRECT] [Fatal Error] :1:1: Premature end of file.
2026-05-14 14:31:18,281 [ERROR] LogOutputStream:75 - [STDERR_REDIRECT] 
2026-05-14 14:31:19,285 [ERROR] LogOutputStream:75 - [STDERR_REDIRECT] [Fatal Error] :1:1: Premature end of file.
2026-05-14 14:31:19,285 [ERROR] LogOutputStream:75 - [STDERR_REDIRECT] 
2026-05-14 14:31:20,282 [ERROR] LogOutputStream:75 - [STDERR_REDIRECT] [Fatal Error] :1:1: Premature end of file.
2026-05-14 14:31:20,282 [ERROR] LogOutputStream:75 - [STDERR_REDIRECT] 
2026-05-14 14:31:21,275 [ERROR] LogOutputStream:75 - [STDERR_REDIRECT] [Fatal Error] :1:1: Premature end of file.
2026-05-14 14:31:21,275 [ERROR] LogOutputStream:75 - [STDERR_REDIRECT] 
2026-05-14 14:31:22,285 [ERROR] LogOutputStream:75 - [STDERR_REDIRECT] [Fatal Error] :1:1: Premature end of file.
2026-05-14 14:31:22,285 [ERROR] LogOutputStream:75 - [STDERR_REDIRECT] 
2026-05-14 14:31:23,282 [ERROR] LogOutputStream:75 - [STDERR_REDIRECT] [Fatal Error] :1:1: Premature end of file.
2026-05-14 14:31:23,283 [ERROR] LogOutputStream:75 - [STDERR_REDIRECT] 
2026-05-14 14:31:24,280 [ERROR] LogOutputStream:75 - [STDERR_REDIRECT] [Fatal Error] :1:1: Premature end of file.
2026-05-14 14:31:24,280 [ERROR] LogOutputStream:75 - [STDERR_REDIRECT] 
2026-05-14 14:31:25,283 [ERROR] LogOutputStream:75 - [STDERR_REDIRECT] [Fatal Error] :1:1: Premature end of file.
2026-05-14 14:31:25,283 [ERROR] LogOutputStream:75 - [STDERR_REDIRECT] 
2026-05-14 14:31:26,277 [ERROR] LogOutputStream:75 - [STDERR_REDIRECT] [Fatal Error] :1:1: Premature end of file.
2026-05-14 14:31:26,277 [ERROR] LogOutputStream:75 - [STDERR_REDIRECT] 
2026-05-14 14:31:27,282 [ERROR] LogOutputStream:75 - [STDERR_REDIRECT] [Fatal Error] :1:1: Premature end of file.
2026-05-14 14:31:27,282 [ERROR] LogOutputStream:75 - [STDERR_REDIRECT] 
2026-05-14 14:31:28,287 [ERROR] LogOutputStream:75 - [STDERR_REDIRECT] [Fatal Error] :1:1: Premature end of file.
2026-05-14 14:31:28,293 [ERROR] LogOutputStream:75 - [STDERR_REDIRECT] 
2026-05-14 14:31:29,293 [ERROR] LogOutputStream:75 - [STDERR_REDIRECT] [Fatal Error] :1:1: Premature end of file.
2026-05-14 14:31:29,293 [ERROR] LogOutputStream:75 - [STDERR_REDIRECT] 
2026-05-14 14:31:30,286 [ERROR] LogOutputStream:75 - [STDERR_REDIRECT] [Fatal Error] :1:1: Premature end of file.
2026-05-14 14:31:30,286 [ERROR] LogOutputStream:75 - [STDERR_REDIRECT] 
2026-05-14 14:31:31,284 [ERROR] LogOutputStream:75 - [STDERR_REDIRECT] [Fatal Error] :1:1: Premature end of file.
2026-05-14 14:31:31,285 [ERROR] LogOutputStream:75 - [STDERR_REDIRECT] 
2026-05-14 14:31:32,277 [ERROR] LogOutputStream:75 - [STDERR_REDIRECT] [Fatal Error] :1:1: Premature end of file.
2026-05-14 14:31:32,277 [ERROR] LogOutputStream:75 - [STDERR_REDIRECT] 
2026-05-14 14:31:33,286 [ERROR] LogOutputStream:75 - [STDERR_REDIRECT] [Fatal Error] :1:1: Premature end of file.
2026-05-14 14:31:33,286 [ERROR] LogOutputStream:75 - [STDERR_REDIRECT] 
2026-05-14 14:31:34,272 [ERROR] LogOutputStream:75 - [STDERR_REDIRECT] [Fatal Error] :1:1: Premature end of file.
2026-05-14 14:31:34,272 [ERROR] LogOutputStream:75 - [STDERR_REDIRECT] 
2026-05-14 14:31:35,287 [ERROR] LogOutputStream:75 - [STDERR_REDIRECT] [Fatal Error] :1:1: Premature end of file.
2026-05-14 14:31:35,287 [ERROR] LogOutputStream:75 - [STDERR_REDIRECT] 
2026-05-14 14:31:36,280 [ERROR] LogOutputStream:75 - [STDERR_REDIRECT] [Fatal Error] :1:1: Premature end of file.
2026-05-14 14:31:36,280 [ERROR] LogOutputStream:75 - [STDERR_REDIRECT] 
2026-05-14 14:31:37,292 [ERROR] LogOutputStream:75 - [STDERR_REDIRECT] [Fatal Error] :1:1: Premature end of file.
2026-05-14 14:31:37,292 [ERROR] LogOutputStream:75 - [STDERR_REDIRECT] 
2026-05-14 14:31:38,282 [ERROR] LogOutputStream:75 - [STDERR_REDIRECT] [Fatal Error] :1:1: Premature end of file.
2026-05-14 14:31:38,283 [ERROR] LogOutputStream:75 - [STDERR_REDIRECT] 
2026-05-14 14:31:39,281 [ERROR] LogOutputStream:75 - [STDERR_REDIRECT] [Fatal Error] :1:1: Premature end of file.
2026-05-14 14:31:39,281 [ERROR] LogOutputStream:75 - [STDERR_REDIRECT] 
2026-05-14 14:31:40,277 [ERROR] LogOutputStream:75 - [STDERR_REDIRECT] [Fatal Error] :1:1: Premature end of file.
2026-05-14 14:31:40,277 [ERROR] LogOutputStream:75 - [STDERR_REDIRECT] 
2026-05-14 14:31:41,287 [ERROR] LogOutputStream:75 - [STDERR_REDIRECT] [Fatal Error] :1:1: Premature end of file.
2026-05-14 14:31:41,287 [ERROR] LogOutputStream:75 - [STDERR_REDIRECT] 
2026-05-14 14:31:42,277 [ERROR] LogOutputStream:75 - [STDERR_REDIRECT] [Fatal Error] :1:1: Premature end of file.
2026-05-14 14:31:42,277 [ERROR] LogOutputStream:75 - [STDERR_REDIRECT] 
2026-05-14 14:31:43,281 [ERROR] LogOutputStream:75 - [STDERR_REDIRECT] [Fatal Error] :1:1: Premature end of file.
2026-05-14 14:31:43,281 [ERROR] LogOutputStream:75 - [STDERR_REDIRECT] 
2026-05-14 14:31:44,290 [ERROR] LogOutputStream:75 - [STDERR_REDIRECT] [Fatal Error] :1:1: Premature end of file.
2026-05-14 14:31:44,290 [ERROR] LogOutputStream:75 - [STDERR_REDIRECT] 
2026-05-14 14:31:45,287 [ERROR] LogOutputStream:75 - [STDERR_REDIRECT] [Fatal Error] :1:1: Premature end of file.
2026-05-14 14:31:45,287 [ERROR] LogOutputStream:75 - [STDERR_REDIRECT] 
2026-05-14 14:31:46,282 [ERROR] LogOutputStream:75 - [STDERR_REDIRECT] [Fatal Error] :1:1: Premature end of file.
2026-05-14 14:31:46,283 [ERROR] LogOutputStream:75 - [STDERR_REDIRECT] 
2026-05-14 14:31:47,284 [ERROR] LogOutputStream:75 - [STDERR_REDIRECT] [Fatal Error] :1:1: Premature end of file.
2026-05-14 14:31:47,284 [ERROR] LogOutputStream:75 - [STDERR_REDIRECT] 
2026-05-14 14:31:48,281 [ERROR] LogOutputStream:75 - [STDERR_REDIRECT] [Fatal Error] :1:1: Premature end of file.
2026-05-14 14:31:48,281 [ERROR] LogOutputStream:75 - [STDERR_REDIRECT] 
2026-05-14 14:31:49,275 [ERROR] LogOutputStream:75 - [STDERR_REDIRECT] [Fatal Error] :1:1: Premature end of file.
2026-05-14 14:31:49,276 [ERROR] LogOutputStream:75 - [STDERR_REDIRECT] 
2026-05-14 14:31:50,285 [ERROR] LogOutputStream:75 - [STDERR_REDIRECT] [Fatal Error] :1:1: Premature end of file.
2026-05-14 14:31:50,285 [ERROR] LogOutputStream:75 - [STDERR_REDIRECT] 
2026-05-14 14:31:51,293 [ERROR] LogOutputStream:75 - [STDERR_REDIRECT] [Fatal Error] :1:1: Premature end of file.
2026-05-14 14:31:51,293 [ERROR] LogOutputStream:75 - [STDERR_REDIRECT] 
2026-05-14 14:31:52,282 [ERROR] LogOutputStream:75 - [STDERR_REDIRECT] [Fatal Error] :1:1: Premature end of file.
2026-05-14 14:31:52,282 [ERROR] LogOutputStream:75 - [STDERR_REDIRECT] 
2026-05-14 14:31:53,288 [ERROR] LogOutputStream:75 - [STDERR_REDIRECT] [Fatal Error] :1:1: Premature end of file.
2026-05-14 14:31:53,290 [ERROR] LogOutputStream:75 - [STDERR_REDIRECT] 
2026-05-14 14:31:54,285 [ERROR] LogOutputStream:75 - [STDERR_REDIRECT] [Fatal Error] :1:1: Premature end of file.
2026-05-14 14:31:54,286 [ERROR] LogOutputStream:75 - [STDERR_REDIRECT] 
2026-05-14 14:31:55,284 [ERROR] LogOutputStream:75 - [STDERR_REDIRECT] [Fatal Error] :1:1: Premature end of file.
2026-05-14 14:31:55,284 [ERROR] LogOutputStream:75 - [STDERR_REDIRECT] 
2026-05-14 14:31:56,281 [ERROR] LogOutputStream:75 - [STDERR_REDIRECT] [Fatal Error] :1:1: Premature end of file.
2026-05-14 14:31:56,281 [ERROR] LogOutputStream:75 - [STDERR_REDIRECT] 
2026-05-14 14:31:57,288 [ERROR] LogOutputStream:75 - [STDERR_REDIRECT] [Fatal Error] :1:1: Premature end of file.
2026-05-14 14:31:57,289 [ERROR] LogOutputStream:75 - [STDERR_REDIRECT] 
2026-05-14 14:31:58,279 [ERROR] LogOutputStream:75 - [STDERR_REDIRECT] [Fatal Error] :1:1: Premature end of file.
2026-05-14 14:31:58,279 [ERROR] LogOutputStream:75 - [STDERR_REDIRECT] 
2026-05-14 14:31:59,278 [ERROR] LogOutputStream:75 - [STDERR_REDIRECT] [Fatal Error] :1:1: Premature end of file.
2026-05-14 14:31:59,278 [ERROR] LogOutputStream:75 - [STDERR_REDIRECT] 
2026-05-14 14:32:00,272 [ERROR] LogOutputStream:75 - [STDERR_REDIRECT] [Fatal Error] :1:1: Premature end of file.
2026-05-14 14:32:00,272 [ERROR] LogOutputStream:75 - [STDERR_REDIRECT] 
2026-05-14 14:32:01,300 [ERROR] LogOutputStream:75 - [STDERR_REDIRECT] [Fatal Error] :1:1: Premature end of file.
2026-05-14 14:32:01,300 [ERROR] LogOutputStream:75 - [STDERR_REDIRECT] 
2026-05-14 14:32:02,276 [ERROR] LogOutputStream:75 - [STDERR_REDIRECT] [Fatal Error] :1:1: Premature end of file.
2026-05-14 14:32:02,276 [ERROR] LogOutputStream:75 - [STDERR_REDIRECT] 
2026-05-14 14:32:03,275 [ERROR] LogOutputStream:75 - [STDERR_REDIRECT] [Fatal Error] :1:1: Premature end of file.
2026-05-14 14:32:03,275 [ERROR] LogOutputStream:75 - [STDERR_REDIRECT] 
2026-05-14 14:32:04,275 [ERROR] LogOutputStream:75 - [STDERR_REDIRECT] [Fatal Error] :1:1: Premature end of file.
2026-05-14 14:32:04,275 [ERROR] LogOutputStream:75 - [STDERR_REDIRECT] 
2026-05-14 14:32:05,278 [ERROR] LogOutputStream:75 - [STDERR_REDIRECT] [Fatal Error] :1:1: Premature end of file.
2026-05-14 14:32:05,278 [ERROR] LogOutputStream:75 - [STDERR_REDIRECT] 
2026-05-14 14:32:06,282 [ERROR] LogOutputStream:75 - [STDERR_REDIRECT] [Fatal Error] :1:1: Premature end of file.
2026-05-14 14:32:06,282 [ERROR] LogOutputStream:75 - [STDERR_REDIRECT] 
2026-05-14 14:32:07,277 [ERROR] LogOutputStream:75 - [STDERR_REDIRECT] [Fatal Error] :1:1: Premature end of file.
2026-05-14 14:32:07,277 [ERROR] LogOutputStream:75 - [STDERR_REDIRECT] 
2026-05-14 14:32:08,282 [ERROR] LogOutputStream:75 - [STDERR_REDIRECT] [Fatal Error] :1:1: Premature end of file.
2026-05-14 14:32:08,282 [ERROR] LogOutputStream:75 - [STDERR_REDIRECT] 
2026-05-14 14:32:09,285 [ERROR] LogOutputStream:75 - [STDERR_REDIRECT] [Fatal Error] :1:1: Premature end of file.
2026-05-14 14:32:09,285 [ERROR] LogOutputStream:75 - [STDERR_REDIRECT] 
2026-05-14 14:32:10,284 [ERROR] LogOutputStream:75 - [STDERR_REDIRECT] [Fatal Error] :1:1: Premature end of file.
2026-05-14 14:32:10,285 [ERROR] LogOutputStream:75 - [STDERR_REDIRECT] 
2026-05-14 14:32:11,277 [ERROR] LogOutputStream:75 - [STDERR_REDIRECT] [Fatal Error] :1:1: Premature end of file.
2026-05-14 14:32:11,277 [ERROR] LogOutputStream:75 - [STDERR_REDIRECT] 
2026-05-14 14:32:12,282 [ERROR] LogOutputStream:75 - [STDERR_REDIRECT] [Fatal Error] :1:1: Premature end of file.
2026-05-14 14:32:12,282 [ERROR] LogOutputStream:75 - [STDERR_REDIRECT] 
2026-05-14 14:32:13,273 [ERROR] LogOutputStream:75 - [STDERR_REDIRECT] [Fatal Error] :1:1: Premature end of file.
2026-05-14 14:32:13,273 [ERROR] LogOutputStream:75 - [STDERR_REDIRECT] 
2026-05-14 14:32:14,290 [ERROR] LogOutputStream:75 - [STDERR_REDIRECT] [Fatal Error] :1:1: Premature end of file.
2026-05-14 14:32:14,290 [ERROR] LogOutputStream:75 - [STDERR_REDIRECT] 
2026-05-14 14:32:15,277 [ERROR] LogOutputStream:75 - [STDERR_REDIRECT] [Fatal Error] :1:1: Premature end of file.
2026-05-14 14:32:15,277 [ERROR] LogOutputStream:75 - [STDERR_REDIRECT] 
2026-05-14 14:32:16,274 [ERROR] LogOutputStream:75 - [STDERR_REDIRECT] [Fatal Error] :1:1: Premature end of file.
2026-05-14 14:32:16,274 [ERROR] LogOutputStream:75 - [STDERR_REDIRECT] 
2026-05-14 14:32:17,275 [ERROR] LogOutputStream:75 - [STDERR_REDIRECT] [Fatal Error] :1:1: Premature end of file.
2026-05-14 14:32:17,275 [ERROR] LogOutputStream:75 - [STDERR_REDIRECT] 
2026-05-14 14:32:18,277 [ERROR] LogOutputStream:75 - [STDERR_REDIRECT] [Fatal Error] :1:1: Premature end of file.
2026-05-14 14:32:18,277 [ERROR] LogOutputStream:75 - [STDERR_REDIRECT] 
2026-05-14 14:32:19,275 [ERROR] LogOutputStream:75 - [STDERR_REDIRECT] [Fatal Error] :1:1: Premature end of file.
2026-05-14 14:32:19,275 [ERROR] LogOutputStream:75 - [STDERR_REDIRECT] 
2026-05-14 14:32:20,277 [ERROR] LogOutputStream:75 - [STDERR_REDIRECT] [Fatal Error] :1:1: Premature end of file.
2026-05-14 14:32:20,277 [ERROR] LogOutputStream:75 - [STDERR_REDIRECT] 
2026-05-14 14:32:21,277 [ERROR] LogOutputStream:75 - [STDERR_REDIRECT] [Fatal Error] :1:1: Premature end of file.
2026-05-14 14:32:21,277 [ERROR] LogOutputStream:75 - [STDERR_REDIRECT] 
2026-05-14 14:32:22,280 [ERROR] LogOutputStream:75 - [STDERR_REDIRECT] [Fatal Error] :1:1: Premature end of file.
2026-05-14 14:32:22,280 [ERROR] LogOutputStream:75 - [STDERR_REDIRECT] 
2026-05-14 14:32:23,272 [ERROR] LogOutputStream:75 - [STDERR_REDIRECT] [Fatal Error] :1:1: Premature end of file.
2026-05-14 14:32:23,272 [ERROR] LogOutputStream:75 - [STDERR_REDIRECT] 
2026-05-14 14:32:24,272 [ERROR] LogOutputStream:75 - [STDERR_REDIRECT] [Fatal Error] :1:1: Premature end of file.
2026-05-14 14:32:24,272 [ERROR] LogOutputStream:75 - [STDERR_REDIRECT] 
2026-05-14 14:32:25,274 [ERROR] LogOutputStream:75 - [STDERR_REDIRECT] [Fatal Error] :1:1: Premature end of file.
2026-05-14 14:32:25,275 [ERROR] LogOutputStream:75 - [STDERR_REDIRECT] 
2026-05-14 14:32:26,283 [ERROR] LogOutputStream:75 - [STDERR_REDIRECT] [Fatal Error] :1:1: Premature end of file.
2026-05-14 14:32:26,283 [ERROR] LogOutputStream:75 - [STDERR_REDIRECT] 
2026-05-14 14:32:27,284 [ERROR] LogOutputStream:75 - [STDERR_REDIRECT] [Fatal Error] :1:1: Premature end of file.
2026-05-14 14:32:27,284 [ERROR] LogOutputStream:75 - [STDERR_REDIRECT] 
2026-05-14 14:32:28,285 [ERROR] LogOutputStream:75 - [STDERR_REDIRECT] [Fatal Error] :1:1: Premature end of file.
2026-05-14 14:32:28,285 [ERROR] LogOutputStream:75 - [STDERR_REDIRECT] 
2026-05-14 14:32:29,285 [ERROR] LogOutputStream:75 - [STDERR_REDIRECT] [Fatal Error] :1:1: Premature end of file.
2026-05-14 14:32:29,285 [ERROR] LogOutputStream:75 - [STDERR_REDIRECT] 
2026-05-14 14:32:30,286 [ERROR] LogOutputStream:75 - [STDERR_REDIRECT] [Fatal Error] :1:1: Premature end of file.
2026-05-14 14:32:30,286 [ERROR] LogOutputStream:75 - [STDERR_REDIRECT] 
2026-05-14 14:32:31,288 [ERROR] LogOutputStream:75 - [STDERR_REDIRECT] [Fatal Error] :1:1: Premature end of file.
2026-05-14 14:32:31,288 [ERROR] LogOutputStream:75 - [STDERR_REDIRECT] 
2026-05-14 14:32:32,286 [ERROR] LogOutputStream:75 - [STDERR_REDIRECT] [Fatal Error] :1:1: Premature end of file.
2026-05-14 14:32:32,286 [ERROR] LogOutputStream:75 - [STDERR_REDIRECT] 
2026-05-14 14:32:33,288 [ERROR] LogOutputStream:75 - [STDERR_REDIRECT] [Fatal Error] :1:1: Premature end of file.
2026-05-14 14:32:33,288 [ERROR] LogOutputStream:75 - [STDERR_REDIRECT] 
2026-05-14 14:32:34,284 [ERROR] LogOutputStream:75 - [STDERR_REDIRECT] [Fatal Error] :1:1: Premature end of file.
2026-05-14 14:32:34,284 [ERROR] LogOutputStream:75 - [STDERR_REDIRECT] 
2026-05-14 14:32:35,286 [ERROR] LogOutputStream:75 - [STDERR_REDIRECT] [Fatal Error] :1:1: Premature end of file.
2026-05-14 14:32:35,286 [ERROR] LogOutputStream:75 - [STDERR_REDIRECT] 
2026-05-14 14:32:36,280 [ERROR] LogOutputStream:75 - [STDERR_REDIRECT] [Fatal Error] :1:1: Premature end of file.
2026-05-14 14:32:36,280 [ERROR] LogOutputStream:75 - [STDERR_REDIRECT] 
2026-05-14 14:32:37,289 [ERROR] LogOutputStream:75 - [STDERR_REDIRECT] [Fatal Error] :1:1: Premature end of file.
2026-05-14 14:32:37,289 [ERROR] LogOutputStream:75 - [STDERR_REDIRECT] 
2026-05-14 14:32:38,291 [ERROR] LogOutputStream:75 - [STDERR_REDIRECT] [Fatal Error] :1:1: Premature end of file.
2026-05-14 14:32:38,292 [ERROR] LogOutputStream:75 - [STDERR_REDIRECT] 
2026-05-14 14:32:39,275 [ERROR] LogOutputStream:75 - [STDERR_REDIRECT] [Fatal Error] :1:1: Premature end of file.
2026-05-14 14:32:39,275 [ERROR] LogOutputStream:75 - [STDERR_REDIRECT] 
2026-05-14 14:32:40,282 [ERROR] LogOutputStream:75 - [STDERR_REDIRECT] [Fatal Error] :1:1: Premature end of file.
2026-05-14 14:32:40,282 [ERROR] LogOutputStream:75 - [STDERR_REDIRECT] 
2026-05-14 14:32:41,289 [ERROR] LogOutputStream:75 - [STDERR_REDIRECT] [Fatal Error] :1:1: Premature end of file.
2026-05-14 14:32:41,289 [ERROR] LogOutputStream:75 - [STDERR_REDIRECT] 
2026-05-14 14:32:42,289 [ERROR] LogOutputStream:75 - [STDERR_REDIRECT] [Fatal Error] :1:1: Premature end of file.
2026-05-14 14:32:42,289 [ERROR] LogOutputStream:75 - [STDERR_REDIRECT] 
2026-05-14 14:32:43,294 [ERROR] LogOutputStream:75 - [STDERR_REDIRECT] [Fatal Error] :1:1: Premature end of file.
2026-05-14 14:32:43,294 [ERROR] LogOutputStream:75 - [STDERR_REDIRECT] 
2026-05-14 14:32:44,282 [ERROR] LogOutputStream:75 - [STDERR_REDIRECT] [Fatal Error] :1:1: Premature end of file.
2026-05-14 14:32:44,282 [ERROR] LogOutputStream:75 - [STDERR_REDIRECT] 
2026-05-14 14:32:45,280 [ERROR] LogOutputStream:75 - [STDERR_REDIRECT] [Fatal Error] :1:1: Premature end of file.
2026-05-14 14:32:45,280 [ERROR] LogOutputStream:75 - [STDERR_REDIRECT] 
2026-05-14 14:32:46,285 [ERROR] LogOutputStream:75 - [STDERR_REDIRECT] [Fatal Error] :1:1: Premature end of file.
2026-05-14 14:32:46,285 [ERROR] LogOutputStream:75 - [STDERR_REDIRECT] 
2026-05-14 14:32:47,284 [ERROR] LogOutputStream:75 - [STDERR_REDIRECT] [Fatal Error] :1:1: Premature end of file.
2026-05-14 14:32:47,284 [ERROR] LogOutputStream:75 - [STDERR_REDIRECT] 
2026-05-14 14:32:48,292 [ERROR] LogOutputStream:75 - [STDERR_REDIRECT] [Fatal Error] :1:1: Premature end of file.
2026-05-14 14:32:48,292 [ERROR] LogOutputStream:75 - [STDERR_REDIRECT] 
2026-05-14 14:32:49,277 [ERROR] LogOutputStream:75 - [STDERR_REDIRECT] [Fatal Error] :1:1: Premature end of file.
2026-05-14 14:32:49,277 [ERROR] LogOutputStream:75 - [STDERR_REDIRECT] 
2026-05-14 14:32:50,285 [ERROR] LogOutputStream:75 - [STDERR_REDIRECT] [Fatal Error] :1:1: Premature end of file.
2026-05-14 14:32:50,286 [ERROR] LogOutputStream:75 - [STDERR_REDIRECT] 
2026-05-14 14:32:51,287 [ERROR] LogOutputStream:75 - [STDERR_REDIRECT] [Fatal Error] :1:1: Premature end of file.
2026-05-14 14:32:51,287 [ERROR] LogOutputStream:75 - [STDERR_REDIRECT] 
2026-05-14 14:32:52,284 [ERROR] LogOutputStream:75 - [STDERR_REDIRECT] [Fatal Error] :1:1: Premature end of file.
2026-05-14 14:32:52,284 [ERROR] LogOutputStream:75 - [STDERR_REDIRECT] 
2026-05-14 14:32:53,286 [ERROR] LogOutputStream:75 - [STDERR_REDIRECT] [Fatal Error] :1:1: Premature end of file.
2026-05-14 14:32:53,286 [ERROR] LogOutputStream:75 - [STDERR_REDIRECT] 
2026-05-14 14:32:54,285 [ERROR] LogOutputStream:75 - [STDERR_REDIRECT] [Fatal Error] :1:1: Premature end of file.
2026-05-14 14:32:54,285 [ERROR] LogOutputStream:75 - [STDERR_REDIRECT] 
2026-05-14 14:32:55,272 [ERROR] LogOutputStream:75 - [STDERR_REDIRECT] [Fatal Error] :1:1: Premature end of file.
2026-05-14 14:32:55,274 [ERROR] LogOutputStream:75 - [STDERR_REDIRECT] 
2026-05-14 14:32:56,274 [ERROR] LogOutputStream:75 - [STDERR_REDIRECT] [Fatal Error] :1:1: Premature end of file.
2026-05-14 14:32:56,274 [ERROR] LogOutputStream:75 - [STDERR_REDIRECT] 
2026-05-14 14:32:57,291 [ERROR] LogOutputStream:75 - [STDERR_REDIRECT] [Fatal Error] :1:1: Premature end of file.
2026-05-14 14:32:57,291 [ERROR] LogOutputStream:75 - [STDERR_REDIRECT] 
2026-05-14 14:32:58,287 [ERROR] LogOutputStream:75 - [STDERR_REDIRECT] [Fatal Error] :1:1: Premature end of file.
2026-05-14 14:32:58,288 [ERROR] LogOutputStream:75 - [STDERR_REDIRECT] 
2026-05-14 14:32:59,277 [ERROR] LogOutputStream:75 - [STDERR_REDIRECT] [Fatal Error] :1:1: Premature end of file.
2026-05-14 14:32:59,277 [ERROR] LogOutputStream:75 - [STDERR_REDIRECT] 
2026-05-14 14:33:00,276 [ERROR] LogOutputStream:75 - [STDERR_REDIRECT] [Fatal Error] :1:1: Premature end of file.
2026-05-14 14:33:00,276 [ERROR] LogOutputStream:75 - [STDERR_REDIRECT] 
2026-05-14 14:33:01,279 [ERROR] LogOutputStream:75 - [STDERR_REDIRECT] [Fatal Error] :1:1: Premature end of file.
2026-05-14 14:33:01,279 [ERROR] LogOutputStream:75 - [STDERR_REDIRECT] 
2026-05-14 14:33:02,284 [ERROR] LogOutputStream:75 - [STDERR_REDIRECT] [Fatal Error] :1:1: Premature end of file.
2026-05-14 14:33:02,284 [ERROR] LogOutputStream:75 - [STDERR_REDIRECT] 
2026-05-14 14:33:03,286 [ERROR] LogOutputStream:75 - [STDERR_REDIRECT] [Fatal Error] :1:1: Premature end of file.
2026-05-14 14:33:03,286 [ERROR] LogOutputStream:75 - [STDERR_REDIRECT] 
2026-05-14 14:33:04,281 [ERROR] LogOutputStream:75 - [STDERR_REDIRECT] [Fatal Error] :1:1: Premature end of file.
2026-05-14 14:33:04,281 [ERROR] LogOutputStream:75 - [STDERR_REDIRECT] 
2026-05-14 14:33:05,280 [ERROR] LogOutputStream:75 - [STDERR_REDIRECT] [Fatal Error] :1:1: Premature end of file.
2026-05-14 14:33:05,280 [ERROR] LogOutputStream:75 - [STDERR_REDIRECT] 
2026-05-14 14:33:06,277 [ERROR] LogOutputStream:75 - [STDERR_REDIRECT] [Fatal Error] :1:1: Premature end of file.
2026-05-14 14:33:06,277 [ERROR] LogOutputStream:75 - [STDERR_REDIRECT] 
2026-05-14 14:33:07,274 [ERROR] LogOutputStream:75 - [STDERR_REDIRECT] [Fatal Error] :1:1: Premature end of file.
2026-05-14 14:33:07,274 [ERROR] LogOutputStream:75 - [STDERR_REDIRECT] 
2026-05-14 14:33:08,285 [ERROR] LogOutputStream:75 - [STDERR_REDIRECT] [Fatal Error] :1:1: Premature end of file.
2026-05-14 14:33:08,287 [ERROR] LogOutputStream:75 - [STDERR_REDIRECT] 
2026-05-14 14:33:09,285 [ERROR] LogOutputStream:75 - [STDERR_REDIRECT] [Fatal Error] :1:1: Premature end of file.
2026-05-14 14:33:09,285 [ERROR] LogOutputStream:75 - [STDERR_REDIRECT] 
2026-05-14 14:33:10,281 [ERROR] LogOutputStream:75 - [STDERR_REDIRECT] [Fatal Error] :1:1: Premature end of file.
2026-05-14 14:33:10,281 [ERROR] LogOutputStream:75 - [STDERR_REDIRECT] 
2026-05-14 14:33:11,278 [ERROR] LogOutputStream:75 - [STDERR_REDIRECT] [Fatal Error] :1:1: Premature end of file.
2026-05-14 14:33:11,278 [ERROR] LogOutputStream:75 - [STDERR_REDIRECT] 
2026-05-14 14:33:12,275 [ERROR] LogOutputStream:75 - [STDERR_REDIRECT] [Fatal Error] :1:1: Premature end of file.
2026-05-14 14:33:12,275 [ERROR] LogOutputStream:75 - [STDERR_REDIRECT] 
2026-05-14 14:33:13,288 [ERROR] LogOutputStream:75 - [STDERR_REDIRECT] [Fatal Error] :1:1: Premature end of file.
2026-05-14 14:33:13,288 [ERROR] LogOutputStream:75 - [STDERR_REDIRECT] 
2026-05-14 14:33:14,286 [ERROR] LogOutputStream:75 - [STDERR_REDIRECT] [Fatal Error] :1:1: Premature end of file.
2026-05-14 14:33:14,287 [ERROR] LogOutputStream:75 - [STDERR_REDIRECT] 
2026-05-14 14:33:15,285 [ERROR] LogOutputStream:75 - [STDERR_REDIRECT] [Fatal Error] :1:1: Premature end of file.
2026-05-14 14:33:15,285 [ERROR] LogOutputStream:75 - [STDERR_REDIRECT] 
2026-05-14 14:33:16,281 [ERROR] LogOutputStream:75 - [STDERR_REDIRECT] [Fatal Error] :1:1: Premature end of file.
2026-05-14 14:33:16,281 [ERROR] LogOutputStream:75 - [STDERR_REDIRECT] 
2026-05-14 14:33:17,280 [ERROR] LogOutputStream:75 - [STDERR_REDIRECT] [Fatal Error] :1:1: Premature end of file.
2026-05-14 14:33:17,280 [ERROR] LogOutputStream:75 - [STDERR_REDIRECT] 
2026-05-14 14:33:18,292 [ERROR] LogOutputStream:75 - [STDERR_REDIRECT] [Fatal Error] :1:1: Premature end of file.
2026-05-14 14:33:18,293 [ERROR] LogOutputStream:75 - [STDERR_REDIRECT] 
2026-05-14 14:33:19,301 [ERROR] LogOutputStream:75 - [STDERR_REDIRECT] [Fatal Error] :1:1: Premature end of file.
2026-05-14 14:33:19,301 [ERROR] LogOutputStream:75 - [STDERR_REDIRECT] 
2026-05-14 14:33:20,277 [ERROR] LogOutputStream:75 - [STDERR_REDIRECT] [Fatal Error] :1:1: Premature end of file.
2026-05-14 14:33:20,277 [ERROR] LogOutputStream:75 - [STDERR_REDIRECT] 
2026-05-14 14:33:21,277 [ERROR] LogOutputStream:75 - [STDERR_REDIRECT] [Fatal Error] :1:1: Premature end of file.
2026-05-14 14:33:21,277 [ERROR] LogOutputStream:75 - [STDERR_REDIRECT] 
2026-05-14 14:33:22,277 [ERROR] LogOutputStream:75 - [STDERR_REDIRECT] [Fatal Error] :1:1: Premature end of file.
2026-05-14 14:33:22,277 [ERROR] LogOutputStream:75 - [STDERR_REDIRECT] 
2026-05-14 14:33:23,277 [ERROR] LogOutputStream:75 - [STDERR_REDIRECT] [Fatal Error] :1:1: Premature end of file.
2026-05-14 14:33:23,277 [ERROR] LogOutputStream:75 - [STDERR_REDIRECT] 
2026-05-14 14:33:24,279 [ERROR] LogOutputStream:75 - [STDERR_REDIRECT] [Fatal Error] :1:1: Premature end of file.
2026-05-14 14:33:24,279 [ERROR] LogOutputStream:75 - [STDERR_REDIRECT] 
2026-05-14 14:33:25,278 [ERROR] LogOutputStream:75 - [STDERR_REDIRECT] [Fatal Error] :1:1: Premature end of file.
2026-05-14 14:33:25,278 [ERROR] LogOutputStream:75 - [STDERR_REDIRECT] 
2026-05-14 14:33:26,282 [ERROR] LogOutputStream:75 - [STDERR_REDIRECT] [Fatal Error] :1:1: Premature end of file.
2026-05-14 14:33:26,282 [ERROR] LogOutputStream:75 - [STDERR_REDIRECT] 
2026-05-14 14:33:27,278 [ERROR] LogOutputStream:75 - [STDERR_REDIRECT] [Fatal Error] :1:1: Premature end of file.
2026-05-14 14:33:27,278 [ERROR] LogOutputStream:75 - [STDERR_REDIRECT] 
2026-05-14 14:33:28,299 [ERROR] LogOutputStream:75 - [STDERR_REDIRECT] [Fatal Error] :1:1: Premature end of file.
2026-05-14 14:33:28,299 [ERROR] LogOutputStream:75 - [STDERR_REDIRECT] 
2026-05-14 14:33:29,280 [ERROR] LogOutputStream:75 - [STDERR_REDIRECT] [Fatal Error] :1:1: Premature end of file.
2026-05-14 14:33:29,281 [ERROR] LogOutputStream:75 - [STDERR_REDIRECT] 
2026-05-14 14:33:30,282 [ERROR] LogOutputStream:75 - [STDERR_REDIRECT] [Fatal Error] :1:1: Premature end of file.
2026-05-14 14:33:30,282 [ERROR] LogOutputStream:75 - [STDERR_REDIRECT] 
2026-05-14 14:33:31,290 [ERROR] LogOutputStream:75 - [STDERR_REDIRECT] [Fatal Error] :1:1: Premature end of file.
2026-05-14 14:33:31,290 [ERROR] LogOutputStream:75 - [STDERR_REDIRECT] 
2026-05-14 14:33:32,288 [ERROR] LogOutputStream:75 - [STDERR_REDIRECT] [Fatal Error] :1:1: Premature end of file.
2026-05-14 14:33:32,289 [ERROR] LogOutputStream:75 - [STDERR_REDIRECT] 
2026-05-14 14:33:33,286 [ERROR] LogOutputStream:75 - [STDERR_REDIRECT] [Fatal Error] :1:1: Premature end of file.
2026-05-14 14:33:33,286 [ERROR] LogOutputStream:75 - [STDERR_REDIRECT] 
2026-05-14 14:33:34,285 [ERROR] LogOutputStream:75 - [STDERR_REDIRECT] [Fatal Error] :1:1: Premature end of file.
2026-05-14 14:33:34,285 [ERROR] LogOutputStream:75 - [STDERR_REDIRECT] 
2026-05-14 14:33:35,288 [ERROR] LogOutputStream:75 - [STDERR_REDIRECT] [Fatal Error] :1:1: Premature end of file.
2026-05-14 14:33:35,288 [ERROR] LogOutputStream:75 - [STDERR_REDIRECT] 
2026-05-14 14:33:36,291 [ERROR] LogOutputStream:75 - [STDERR_REDIRECT] [Fatal Error] :1:1: Premature end of file.
2026-05-14 14:33:36,292 [ERROR] LogOutputStream:75 - [STDERR_REDIRECT] 
2026-05-14 14:33:37,287 [ERROR] LogOutputStream:75 - [STDERR_REDIRECT] [Fatal Error] :1:1: Premature end of file.
2026-05-14 14:33:37,288 [ERROR] LogOutputStream:75 - [STDERR_REDIRECT] 
2026-05-14 14:33:38,289 [ERROR] LogOutputStream:75 - [STDERR_REDIRECT] [Fatal Error] :1:1: Premature end of file.
2026-05-14 14:33:38,290 [ERROR] LogOutputStream:75 - [STDERR_REDIRECT] 
2026-05-14 14:33:39,291 [ERROR] LogOutputStream:75 - [STDERR_REDIRECT] [Fatal Error] :1:1: Premature end of file.
2026-05-14 14:33:39,291 [ERROR] LogOutputStream:75 - [STDERR_REDIRECT] 
2026-05-14 14:33:40,283 [ERROR] LogOutputStream:75 - [STDERR_REDIRECT] [Fatal Error] :1:1: Premature end of file.
2026-05-14 14:33:40,283 [ERROR] LogOutputStream:75 - [STDERR_REDIRECT] 
2026-05-14 14:33:41,288 [ERROR] LogOutputStream:75 - [STDERR_REDIRECT] [Fatal Error] :1:1: Premature end of file.
2026-05-14 14:33:41,288 [ERROR] LogOutputStream:75 - [STDERR_REDIRECT] 
2026-05-14 14:33:42,280 [ERROR] LogOutputStream:75 - [STDERR_REDIRECT] [Fatal Error] :1:1: Premature end of file.
2026-05-14 14:33:42,280 [ERROR] LogOutputStream:75 - [STDERR_REDIRECT] 
2026-05-14 14:33:43,290 [ERROR] LogOutputStream:75 - [STDERR_REDIRECT] [Fatal Error] :1:1: Premature end of file.
2026-05-14 14:33:43,290 [ERROR] LogOutputStream:75 - [STDERR_REDIRECT] 
2026-05-14 14:33:44,285 [ERROR] LogOutputStream:75 - [STDERR_REDIRECT] [Fatal Error] :1:1: Premature end of file.
2026-05-14 14:33:44,285 [ERROR] LogOutputStream:75 - [STDERR_REDIRECT] 
2026-05-14 14:33:45,284 [ERROR] LogOutputStream:75 - [STDERR_REDIRECT] [Fatal Error] :1:1: Premature end of file.
2026-05-14 14:33:45,284 [ERROR] LogOutputStream:75 - [STDERR_REDIRECT] 
2026-05-14 14:33:46,292 [ERROR] LogOutputStream:75 - [STDERR_REDIRECT] [Fatal Error] :1:1: Premature end of file.
2026-05-14 14:33:46,292 [ERROR] LogOutputStream:75 - [STDERR_REDIRECT] 
2026-05-14 14:33:47,282 [ERROR] LogOutputStream:75 - [STDERR_REDIRECT] [Fatal Error] :1:1: Premature end of file.
2026-05-14 14:33:47,282 [ERROR] LogOutputStream:75 - [STDERR_REDIRECT] 
2026-05-14 14:33:48,292 [ERROR] LogOutputStream:75 - [STDERR_REDIRECT] [Fatal Error] :1:1: Premature end of file.
2026-05-14 14:33:48,292 [ERROR] LogOutputStream:75 - [STDERR_REDIRECT] 
2026-05-14 14:33:49,290 [ERROR] LogOutputStream:75 - [STDERR_REDIRECT] [Fatal Error] :1:1: Premature end of file.
2026-05-14 14:33:49,292 [ERROR] LogOutputStream:75 - [STDERR_REDIRECT] 
2026-05-14 14:33:50,287 [ERROR] LogOutputStream:75 - [STDERR_REDIRECT] [Fatal Error] :1:1: Premature end of file.
2026-05-14 14:33:50,287 [ERROR] LogOutputStream:75 - [STDERR_REDIRECT] 
2026-05-14 14:33:51,285 [ERROR] LogOutputStream:75 - [STDERR_REDIRECT] [Fatal Error] :1:1: Premature end of file.
2026-05-14 14:33:51,285 [ERROR] LogOutputStream:75 - [STDERR_REDIRECT] 
2026-05-14 14:33:52,289 [ERROR] LogOutputStream:75 - [STDERR_REDIRECT] [Fatal Error] :1:1: Premature end of file.
2026-05-14 14:33:52,289 [ERROR] LogOutputStream:75 - [STDERR_REDIRECT] 
2026-05-14 14:33:53,280 [ERROR] LogOutputStream:75 - [STDERR_REDIRECT] [Fatal Error] :1:1: Premature end of file.
2026-05-14 14:33:53,280 [ERROR] LogOutputStream:75 - [STDERR_REDIRECT] 
2026-05-14 14:33:54,287 [ERROR] LogOutputStream:75 - [STDERR_REDIRECT] [Fatal Error] :1:1: Premature end of file.
2026-05-14 14:33:54,287 [ERROR] LogOutputStream:75 - [STDERR_REDIRECT] 
2026-05-14 14:33:55,292 [ERROR] LogOutputStream:75 - [STDERR_REDIRECT] [Fatal Error] :1:1: Premature end of file.
2026-05-14 14:33:55,292 [ERROR] LogOutputStream:75 - [STDERR_REDIRECT] 
2026-05-14 14:33:56,279 [ERROR] LogOutputStream:75 - [STDERR_REDIRECT] [Fatal Error] :1:1: Premature end of file.
2026-05-14 14:33:56,279 [ERROR] LogOutputStream:75 - [STDERR_REDIRECT] 
2026-05-14 14:33:57,288 [ERROR] LogOutputStream:75 - [STDERR_REDIRECT] [Fatal Error] :1:1: Premature end of file.
2026-05-14 14:33:57,290 [ERROR] LogOutputStream:75 - [STDERR_REDIRECT] 
2026-05-14 14:33:58,270 [ERROR] LogOutputStream:75 - [STDERR_REDIRECT] [Fatal Error] :1:1: Premature end of file.
2026-05-14 14:33:58,270 [ERROR] LogOutputStream:75 - [STDERR_REDIRECT] 
2026-05-14 14:33:59,275 [ERROR] LogOutputStream:75 - [STDERR_REDIRECT] [Fatal Error] :1:1: Premature end of file.
2026-05-14 14:33:59,275 [ERROR] LogOutputStream:75 - [STDERR_REDIRECT] 
2026-05-14 14:34:00,276 [ERROR] LogOutputStream:75 - [STDERR_REDIRECT] [Fatal Error] :1:1: Premature end of file.
2026-05-14 14:34:00,276 [ERROR] LogOutputStream:75 - [STDERR_REDIRECT] 
2026-05-14 14:34:01,280 [ERROR] LogOutputStream:75 - [STDERR_REDIRECT] [Fatal Error] :1:1: Premature end of file.
2026-05-14 14:34:01,280 [ERROR] LogOutputStream:75 - [STDERR_REDIRECT] 
2026-05-14 14:34:02,277 [ERROR] LogOutputStream:75 - [STDERR_REDIRECT] [Fatal Error] :1:1: Premature end of file.
2026-05-14 14:34:02,277 [ERROR] LogOutputStream:75 - [STDERR_REDIRECT] 
2026-05-14 14:34:03,279 [ERROR] LogOutputStream:75 - [STDERR_REDIRECT] [Fatal Error] :1:1: Premature end of file.
2026-05-14 14:34:03,279 [ERROR] LogOutputStream:75 - [STDERR_REDIRECT] 
2026-05-14 14:34:04,279 [ERROR] LogOutputStream:75 - [STDERR_REDIRECT] [Fatal Error] :1:1: Premature end of file.
2026-05-14 14:34:04,279 [ERROR] LogOutputStream:75 - [STDERR_REDIRECT] 
2026-05-14 14:34:05,280 [ERROR] LogOutputStream:75 - [STDERR_REDIRECT] [Fatal Error] :1:1: Premature end of file.
2026-05-14 14:34:05,280 [ERROR] LogOutputStream:75 - [STDERR_REDIRECT] 
2026-05-14 14:34:06,289 [ERROR] LogOutputStream:75 - [STDERR_REDIRECT] [Fatal Error] :1:1: Premature end of file.
2026-05-14 14:34:06,289 [ERROR] LogOutputStream:75 - [STDERR_REDIRECT] 
2026-05-14 14:34:07,283 [ERROR] LogOutputStream:75 - [STDERR_REDIRECT] [Fatal Error] :1:1: Premature end of file.
2026-05-14 14:34:07,283 [ERROR] LogOutputStream:75 - [STDERR_REDIRECT] 
2026-05-14 14:34:08,283 [ERROR] LogOutputStream:75 - [STDERR_REDIRECT] [Fatal Error] :1:1: Premature end of file.
2026-05-14 14:34:08,284 [ERROR] LogOutputStream:75 - [STDERR_REDIRECT] 
2026-05-14 14:34:09,281 [ERROR] LogOutputStream:75 - [STDERR_REDIRECT] [Fatal Error] :1:1: Premature end of file.
2026-05-14 14:34:09,281 [ERROR] LogOutputStream:75 - [STDERR_REDIRECT] 
2026-05-14 14:34:10,275 [ERROR] LogOutputStream:75 - [STDERR_REDIRECT] [Fatal Error] :1:1: Premature end of file.
2026-05-14 14:34:10,275 [ERROR] LogOutputStream:75 - [STDERR_REDIRECT] 
2026-05-14 14:34:11,277 [ERROR] LogOutputStream:75 - [STDERR_REDIRECT] [Fatal Error] :1:1: Premature end of file.
2026-05-14 14:34:11,277 [ERROR] LogOutputStream:75 - [STDERR_REDIRECT] 
2026-05-14 14:34:12,288 [ERROR] LogOutputStream:75 - [STDERR_REDIRECT] [Fatal Error] :1:1: Premature end of file.
2026-05-14 14:34:12,288 [ERROR] LogOutputStream:75 - [STDERR_REDIRECT] 
2026-05-14 14:34:13,275 [ERROR] LogOutputStream:75 - [STDERR_REDIRECT] [Fatal Error] :1:1: Premature end of file.
2026-05-14 14:34:13,275 [ERROR] LogOutputStream:75 - [STDERR_REDIRECT] 
2026-05-14 14:34:14,274 [ERROR] LogOutputStream:75 - [STDERR_REDIRECT] [Fatal Error] :1:1: Premature end of file.
2026-05-14 14:34:14,274 [ERROR] LogOutputStream:75 - [STDERR_REDIRECT] 
2026-05-14 14:34:15,273 [ERROR] LogOutputStream:75 - [STDERR_REDIRECT] [Fatal Error] :1:1: Premature end of file.
2026-05-14 14:34:15,273 [ERROR] LogOutputStream:75 - [STDERR_REDIRECT] 
2026-05-14 14:34:16,287 [ERROR] LogOutputStream:75 - [STDERR_REDIRECT] [Fatal Error] :1:1: Premature end of file.
2026-05-14 14:34:16,287 [ERROR] LogOutputStream:75 - [STDERR_REDIRECT] 
2026-05-14 14:34:17,278 [ERROR] LogOutputStream:75 - [STDERR_REDIRECT] [Fatal Error] :1:1: Premature end of file.
2026-05-14 14:34:17,278 [ERROR] LogOutputStream:75 - [STDERR_REDIRECT] 
2026-05-14 14:34:18,288 [ERROR] LogOutputStream:75 - [STDERR_REDIRECT] [Fatal Error] :1:1: Premature end of file.
2026-05-14 14:34:18,288 [ERROR] LogOutputStream:75 - [STDERR_REDIRECT] 
2026-05-14 14:34:19,275 [ERROR] LogOutputStream:75 - [STDERR_REDIRECT] [Fatal Error] :1:1: Premature end of file.
2026-05-14 14:34:19,276 [ERROR] LogOutputStream:75 - [STDERR_REDIRECT] 
2026-05-14 14:34:20,287 [ERROR] LogOutputStream:75 - [STDERR_REDIRECT] [Fatal Error] :1:1: Premature end of file.
2026-05-14 14:34:20,287 [ERROR] LogOutputStream:75 - [STDERR_REDIRECT] 
2026-05-14 14:34:21,276 [ERROR] LogOutputStream:75 - [STDERR_REDIRECT] [Fatal Error] :1:1: Premature end of file.
2026-05-14 14:34:21,276 [ERROR] LogOutputStream:75 - [STDERR_REDIRECT] 
2026-05-14 14:34:22,284 [ERROR] LogOutputStream:75 - [STDERR_REDIRECT] [Fatal Error] :1:1: Premature end of file.
2026-05-14 14:34:22,285 [ERROR] LogOutputStream:75 - [STDERR_REDIRECT] 
2026-05-14 14:34:23,288 [ERROR] LogOutputStream:75 - [STDERR_REDIRECT] [Fatal Error] :1:1: Premature end of file.
2026-05-14 14:34:23,288 [ERROR] LogOutputStream:75 - [STDERR_REDIRECT] 
2026-05-14 14:34:24,275 [ERROR] LogOutputStream:75 - [STDERR_REDIRECT] [Fatal Error] :1:1: Premature end of file.
2026-05-14 14:34:24,275 [ERROR] LogOutputStream:75 - [STDERR_REDIRECT] 
2026-05-14 14:34:25,276 [ERROR] LogOutputStream:75 - [STDERR_REDIRECT] [Fatal Error] :1:1: Premature end of file.
2026-05-14 14:34:25,277 [ERROR] LogOutputStream:75 - [STDERR_REDIRECT] 
2026-05-14 14:34:26,277 [ERROR] LogOutputStream:75 - [STDERR_REDIRECT] [Fatal Error] :1:1: Premature end of file.
2026-05-14 14:34:26,277 [ERROR] LogOutputStream:75 - [STDERR_REDIRECT] 
2026-05-14 14:34:27,282 [ERROR] LogOutputStream:75 - [STDERR_REDIRECT] [Fatal Error] :1:1: Premature end of file.
2026-05-14 14:34:27,282 [ERROR] LogOutputStream:75 - [STDERR_REDIRECT] 
2026-05-14 14:34:28,283 [ERROR] LogOutputStream:75 - [STDERR_REDIRECT] [Fatal Error] :1:1: Premature end of file.
2026-05-14 14:34:28,283 [ERROR] LogOutputStream:75 - [STDERR_REDIRECT] 
2026-05-14 14:34:29,279 [ERROR] LogOutputStream:75 - [STDERR_REDIRECT] [Fatal Error] :1:1: Premature end of file.
2026-05-14 14:34:29,279 [ERROR] LogOutputStream:75 - [STDERR_REDIRECT] 
2026-05-14 14:34:30,276 [ERROR] LogOutputStream:75 - [STDERR_REDIRECT] [Fatal Error] :1:1: Premature end of file.
2026-05-14 14:34:30,276 [ERROR] LogOutputStream:75 - [STDERR_REDIRECT] 
2026-05-14 14:34:31,279 [ERROR] LogOutputStream:75 - [STDERR_REDIRECT] [Fatal Error] :1:1: Premature end of file.
2026-05-14 14:34:31,279 [ERROR] LogOutputStream:75 - [STDERR_REDIRECT] 
2026-05-14 14:34:32,282 [ERROR] LogOutputStream:75 - [STDERR_REDIRECT] [Fatal Error] :1:1: Premature end of file.
2026-05-14 14:34:32,282 [ERROR] LogOutputStream:75 - [STDERR_REDIRECT] 
2026-05-14 14:34:33,279 [ERROR] LogOutputStream:75 - [STDERR_REDIRECT] [Fatal Error] :1:1: Premature end of file.
2026-05-14 14:34:33,279 [ERROR] LogOutputStream:75 - [STDERR_REDIRECT] 
2026-05-14 14:34:34,276 [ERROR] LogOutputStream:75 - [STDERR_REDIRECT] [Fatal Error] :1:1: Premature end of file.
2026-05-14 14:34:34,276 [ERROR] LogOutputStream:75 - [STDERR_REDIRECT] 
2026-05-14 14:34:35,277 [ERROR] LogOutputStream:75 - [STDERR_REDIRECT] [Fatal Error] :1:1: Premature end of file.
2026-05-14 14:34:35,277 [ERROR] LogOutputStream:75 - [STDERR_REDIRECT] 
2026-05-14 14:34:36,274 [ERROR] LogOutputStream:75 - [STDERR_REDIRECT] [Fatal Error] :1:1: Premature end of file.
2026-05-14 14:34:36,274 [ERROR] LogOutputStream:75 - [STDERR_REDIRECT] 
2026-05-14 14:34:37,274 [ERROR] LogOutputStream:75 - [STDERR_REDIRECT] [Fatal Error] :1:1: Premature end of file.
2026-05-14 14:34:37,274 [ERROR] LogOutputStream:75 - [STDERR_REDIRECT] 
2026-05-14 14:34:38,274 [ERROR] LogOutputStream:75 - [STDERR_REDIRECT] [Fatal Error] :1:1: Premature end of file.
2026-05-14 14:34:38,274 [ERROR] LogOutputStream:75 - [STDERR_REDIRECT] 
2026-05-14 14:34:39,275 [ERROR] LogOutputStream:75 - [STDERR_REDIRECT] [Fatal Error] :1:1: Premature end of file.
2026-05-14 14:34:39,275 [ERROR] LogOutputStream:75 - [STDERR_REDIRECT] 
2026-05-14 14:34:40,272 [ERROR] LogOutputStream:75 - [STDERR_REDIRECT] [Fatal Error] :1:1: Premature end of file.
2026-05-14 14:34:40,272 [ERROR] LogOutputStream:75 - [STDERR_REDIRECT] 
2026-05-14 14:34:41,272 [ERROR] LogOutputStream:75 - [STDERR_REDIRECT] [Fatal Error] :1:1: Premature end of file.
2026-05-14 14:34:41,272 [ERROR] LogOutputStream:75 - [STDERR_REDIRECT] 
2026-05-14 14:34:42,272 [ERROR] LogOutputStream:75 - [STDERR_REDIRECT] [Fatal Error] :1:1: Premature end of file.
2026-05-14 14:34:42,272 [ERROR] LogOutputStream:75 - [STDERR_REDIRECT] 
2026-05-14 14:34:43,276 [ERROR] LogOutputStream:75 - [STDERR_REDIRECT] [Fatal Error] :1:1: Premature end of file.
2026-05-14 14:34:43,276 [ERROR] LogOutputStream:75 - [STDERR_REDIRECT] 
2026-05-14 14:34:44,272 [ERROR] LogOutputStream:75 - [STDERR_REDIRECT] [Fatal Error] :1:1: Premature end of file.
2026-05-14 14:34:44,272 [ERROR] LogOutputStream:75 - [STDERR_REDIRECT] 
2026-05-14 14:34:45,280 [ERROR] LogOutputStream:75 - [STDERR_REDIRECT] [Fatal Error] :1:1: Premature end of file.
2026-05-14 14:34:45,280 [ERROR] LogOutputStream:75 - [STDERR_REDIRECT] 
2026-05-14 14:34:46,273 [ERROR] LogOutputStream:75 - [STDERR_REDIRECT] [Fatal Error] :1:1: Premature end of file.
2026-05-14 14:34:46,273 [ERROR] LogOutputStream:75 - [STDERR_REDIRECT] 
2026-05-14 14:34:47,283 [ERROR] LogOutputStream:75 - [STDERR_REDIRECT] [Fatal Error] :1:1: Premature end of file.
2026-05-14 14:34:47,284 [ERROR] LogOutputStream:75 - [STDERR_REDIRECT] 
2026-05-14 14:34:48,272 [ERROR] LogOutputStream:75 - [STDERR_REDIRECT] [Fatal Error] :1:1: Premature end of file.
2026-05-14 14:34:48,272 [ERROR] LogOutputStream:75 - [STDERR_REDIRECT] 
2026-05-14 14:34:49,274 [ERROR] LogOutputStream:75 - [STDERR_REDIRECT] [Fatal Error] :1:1: Premature end of file.
2026-05-14 14:34:49,274 [ERROR] LogOutputStream:75 - [STDERR_REDIRECT] 
2026-05-14 14:34:50,274 [ERROR] LogOutputStream:75 - [STDERR_REDIRECT] [Fatal Error] :1:1: Premature end of file.
2026-05-14 14:34:50,275 [ERROR] LogOutputStream:75 - [STDERR_REDIRECT] 
2026-05-14 14:34:51,279 [ERROR] LogOutputStream:75 - [STDERR_REDIRECT] [Fatal Error] :1:1: Premature end of file.
2026-05-14 14:34:51,279 [ERROR] LogOutputStream:75 - [STDERR_REDIRECT] 
2026-05-14 14:34:52,278 [ERROR] LogOutputStream:75 - [STDERR_REDIRECT] [Fatal Error] :1:1: Premature end of file.
2026-05-14 14:34:52,278 [ERROR] LogOutputStream:75 - [STDERR_REDIRECT] 
2026-05-14 14:34:53,274 [ERROR] LogOutputStream:75 - [STDERR_REDIRECT] [Fatal Error] :1:1: Premature end of file.
2026-05-14 14:34:53,274 [ERROR] LogOutputStream:75 - [STDERR_REDIRECT] 
2026-05-14 14:34:54,276 [ERROR] LogOutputStream:75 - [STDERR_REDIRECT] [Fatal Error] :1:1: Premature end of file.
2026-05-14 14:34:54,276 [ERROR] LogOutputStream:75 - [STDERR_REDIRECT] 
2026-05-14 14:34:55,278 [ERROR] LogOutputStream:75 - [STDERR_REDIRECT] [Fatal Error] :1:1: Premature end of file.
2026-05-14 14:34:55,279 [ERROR] LogOutputStream:75 - [STDERR_REDIRECT] 
2026-05-14 14:34:56,280 [ERROR] LogOutputStream:75 - [STDERR_REDIRECT] [Fatal Error] :1:1: Premature end of file.
2026-05-14 14:34:56,280 [ERROR] LogOutputStream:75 - [STDERR_REDIRECT] 
2026-05-14 14:34:57,279 [ERROR] LogOutputStream:75 - [STDERR_REDIRECT] [Fatal Error] :1:1: Premature end of file.
2026-05-14 14:34:57,279 [ERROR] LogOutputStream:75 - [STDERR_REDIRECT] 
2026-05-14 14:34:58,279 [ERROR] LogOutputStream:75 - [STDERR_REDIRECT] [Fatal Error] :1:1: Premature end of file.
2026-05-14 14:34:58,280 [ERROR] LogOutputStream:75 - [STDERR_REDIRECT] 
2026-05-14 14:34:59,280 [ERROR] LogOutputStream:75 - [STDERR_REDIRECT] [Fatal Error] :1:1: Premature end of file.
2026-05-14 14:34:59,280 [ERROR] LogOutputStream:75 - [STDERR_REDIRECT] 
2026-05-14 14:35:00,272 [ERROR] LogOutputStream:75 - [STDERR_REDIRECT] [Fatal Error] :1:1: Premature end of file.
2026-05-14 14:35:00,272 [ERROR] LogOutputStream:75 - [STDERR_REDIRECT] 
2026-05-14 14:35:01,275 [ERROR] LogOutputStream:75 - [STDERR_REDIRECT] [Fatal Error] :1:1: Premature end of file.
2026-05-14 14:35:01,275 [ERROR] LogOutputStream:75 - [STDERR_REDIRECT] 
2026-05-14 14:35:02,273 [ERROR] LogOutputStream:75 - [STDERR_REDIRECT] [Fatal Error] :1:1: Premature end of file.
2026-05-14 14:35:02,273 [ERROR] LogOutputStream:75 - [STDERR_REDIRECT] 
2026-05-14 14:35:03,282 [ERROR] LogOutputStream:75 - [STDERR_REDIRECT] [Fatal Error] :1:1: Premature end of file.
2026-05-14 14:35:03,282 [ERROR] LogOutputStream:75 - [STDERR_REDIRECT] 
2026-05-14 14:35:04,275 [ERROR] LogOutputStream:75 - [STDERR_REDIRECT] [Fatal Error] :1:1: Premature end of file.
2026-05-14 14:35:04,275 [ERROR] LogOutputStream:75 - [STDERR_REDIRECT] 
2026-05-14 14:35:05,278 [ERROR] LogOutputStream:75 - [STDERR_REDIRECT] [Fatal Error] :1:1: Premature end of file.
2026-05-14 14:35:05,278 [ERROR] LogOutputStream:75 - [STDERR_REDIRECT] 
2026-05-14 14:35:06,284 [ERROR] LogOutputStream:75 - [STDERR_REDIRECT] [Fatal Error] :1:1: Premature end of file.
2026-05-14 14:35:06,284 [ERROR] LogOutputStream:75 - [STDERR_REDIRECT] 
2026-05-14 14:35:07,273 [ERROR] LogOutputStream:75 - [STDERR_REDIRECT] [Fatal Error] :1:1: Premature end of file.
2026-05-14 14:35:07,273 [ERROR] LogOutputStream:75 - [STDERR_REDIRECT] 
2026-05-14 14:35:08,275 [ERROR] LogOutputStream:75 - [STDERR_REDIRECT] [Fatal Error] :1:1: Premature end of file.
2026-05-14 14:35:08,275 [ERROR] LogOutputStream:75 - [STDERR_REDIRECT] 
2026-05-14 14:35:09,279 [ERROR] LogOutputStream:75 - [STDERR_REDIRECT] [Fatal Error] :1:1: Premature end of file.
2026-05-14 14:35:09,279 [ERROR] LogOutputStream:75 - [STDERR_REDIRECT] 
2026-05-14 14:35:10,281 [ERROR] LogOutputStream:75 - [STDERR_REDIRECT] [Fatal Error] :1:1: Premature end of file.
2026-05-14 14:35:10,281 [ERROR] LogOutputStream:75 - [STDERR_REDIRECT] 
2026-05-14 14:35:11,286 [ERROR] LogOutputStream:75 - [STDERR_REDIRECT] [Fatal Error] :1:1: Premature end of file.
2026-05-14 14:35:11,286 [ERROR] LogOutputStream:75 - [STDERR_REDIRECT] 
2026-05-14 14:35:12,279 [ERROR] LogOutputStream:75 - [STDERR_REDIRECT] [Fatal Error] :1:1: Premature end of file.
2026-05-14 14:35:12,279 [ERROR] LogOutputStream:75 - [STDERR_REDIRECT] 
2026-05-14 14:35:13,274 [ERROR] LogOutputStream:75 - [STDERR_REDIRECT] [Fatal Error] :1:1: Premature end of file.
2026-05-14 14:35:13,274 [ERROR] LogOutputStream:75 - [STDERR_REDIRECT] 
2026-05-14 14:35:14,278 [ERROR] LogOutputStream:75 - [STDERR_REDIRECT] [Fatal Error] :1:1: Premature end of file.
2026-05-14 14:35:14,278 [ERROR] LogOutputStream:75 - [STDERR_REDIRECT] 
2026-05-14 14:35:15,282 [ERROR] LogOutputStream:75 - [STDERR_REDIRECT] [Fatal Error] :1:1: Premature end of file.
2026-05-14 14:35:15,282 [ERROR] LogOutputStream:75 - [STDERR_REDIRECT] 
2026-05-14 14:35:16,272 [ERROR] LogOutputStream:75 - [STDERR_REDIRECT] [Fatal Error] :1:1: Premature end of file.
2026-05-14 14:35:16,272 [ERROR] LogOutputStream:75 - [STDERR_REDIRECT] 
2026-05-14 14:35:17,276 [ERROR] LogOutputStream:75 - [STDERR_REDIRECT] [Fatal Error] :1:1: Premature end of file.
2026-05-14 14:35:17,276 [ERROR] LogOutputStream:75 - [STDERR_REDIRECT] 
2026-05-14 14:35:18,283 [ERROR] LogOutputStream:75 - [STDERR_REDIRECT] [Fatal Error] :1:1: Premature end of file.
2026-05-14 14:35:18,283 [ERROR] LogOutputStream:75 - [STDERR_REDIRECT] 
2026-05-14 14:35:19,276 [ERROR] LogOutputStream:75 - [STDERR_REDIRECT] [Fatal Error] :1:1: Premature end of file.
2026-05-14 14:35:19,276 [ERROR] LogOutputStream:75 - [STDERR_REDIRECT] 
2026-05-14 14:35:20,290 [ERROR] LogOutputStream:75 - [STDERR_REDIRECT] [Fatal Error] :1:1: Premature end of file.
2026-05-14 14:35:20,290 [ERROR] LogOutputStream:75 - [STDERR_REDIRECT] 
2026-05-14 14:35:21,283 [ERROR] LogOutputStream:75 - [STDERR_REDIRECT] [Fatal Error] :1:1: Premature end of file.
2026-05-14 14:35:21,283 [ERROR] LogOutputStream:75 - [STDERR_REDIRECT] 
2026-05-14 14:35:22,290 [ERROR] LogOutputStream:75 - [STDERR_REDIRECT] [Fatal Error] :1:1: Premature end of file.
2026-05-14 14:35:22,290 [ERROR] LogOutputStream:75 - [STDERR_REDIRECT] 
2026-05-14 14:35:23,273 [ERROR] LogOutputStream:75 - [STDERR_REDIRECT] [Fatal Error] :1:1: Premature end of file.
2026-05-14 14:35:23,273 [ERROR] LogOutputStream:75 - [STDERR_REDIRECT] 
2026-05-14 14:35:24,280 [ERROR] LogOutputStream:75 - [STDERR_REDIRECT] [Fatal Error] :1:1: Premature end of file.
2026-05-14 14:35:24,280 [ERROR] LogOutputStream:75 - [STDERR_REDIRECT] 
2026-05-14 14:35:25,268 [ERROR] LogOutputStream:75 - [STDERR_REDIRECT] [Fatal Error] :1:1: Premature end of file.
2026-05-14 14:35:25,268 [ERROR] LogOutputStream:75 - [STDERR_REDIRECT] 
2026-05-14 14:35:26,280 [ERROR] LogOutputStream:75 - [STDERR_REDIRECT] [Fatal Error] :1:1: Premature end of file.
2026-05-14 14:35:26,280 [ERROR] LogOutputStream:75 - [STDERR_REDIRECT] 
2026-05-14 14:35:27,278 [ERROR] LogOutputStream:75 - [STDERR_REDIRECT] [Fatal Error] :1:1: Premature end of file.
2026-05-14 14:35:27,278 [ERROR] LogOutputStream:75 - [STDERR_REDIRECT] 
2026-05-14 14:35:28,282 [ERROR] LogOutputStream:75 - [STDERR_REDIRECT] [Fatal Error] :1:1: Premature end of file.
2026-05-14 14:35:28,282 [ERROR] LogOutputStream:75 - [STDERR_REDIRECT] 
2026-05-14 14:35:29,283 [ERROR] LogOutputStream:75 - [STDERR_REDIRECT] [Fatal Error] :1:1: Premature end of file.
2026-05-14 14:35:29,283 [ERROR] LogOutputStream:75 - [STDERR_REDIRECT] 
2026-05-14 14:35:30,286 [ERROR] LogOutputStream:75 - [STDERR_REDIRECT] [Fatal Error] :1:1: Premature end of file.
2026-05-14 14:35:30,286 [ERROR] LogOutputStream:75 - [STDERR_REDIRECT] 
2026-05-14 14:35:31,273 [ERROR] LogOutputStream:75 - [STDERR_REDIRECT] [Fatal Error] :1:1: Premature end of file.
2026-05-14 14:35:31,273 [ERROR] LogOutputStream:75 - [STDERR_REDIRECT] 
2026-05-14 14:35:32,291 [ERROR] LogOutputStream:75 - [STDERR_REDIRECT] [Fatal Error] :1:1: Premature end of file.
2026-05-14 14:35:32,291 [ERROR] LogOutputStream:75 - [STDERR_REDIRECT] 
2026-05-14 14:35:33,279 [ERROR] LogOutputStream:75 - [STDERR_REDIRECT] [Fatal Error] :1:1: Premature end of file.
2026-05-14 14:35:33,279 [ERROR] LogOutputStream:75 - [STDERR_REDIRECT] 
2026-05-14 14:35:34,278 [ERROR] LogOutputStream:75 - [STDERR_REDIRECT] [Fatal Error] :1:1: Premature end of file.
2026-05-14 14:35:34,278 [ERROR] LogOutputStream:75 - [STDERR_REDIRECT] 
2026-05-14 14:35:35,272 [ERROR] LogOutputStream:75 - [STDERR_REDIRECT] [Fatal Error] :1:1: Premature end of file.
2026-05-14 14:35:35,272 [ERROR] LogOutputStream:75 - [STDERR_REDIRECT] 
2026-05-14 14:35:36,277 [ERROR] LogOutputStream:75 - [STDERR_REDIRECT] [Fatal Error] :1:1: Premature end of file.
2026-05-14 14:35:36,277 [ERROR] LogOutputStream:75 - [STDERR_REDIRECT] 
2026-05-14 14:35:37,272 [ERROR] LogOutputStream:75 - [STDERR_REDIRECT] [Fatal Error] :1:1: Premature end of file.
2026-05-14 14:35:37,273 [ERROR] LogOutputStream:75 - [STDERR_REDIRECT] 
2026-05-14 14:35:38,279 [ERROR] LogOutputStream:75 - [STDERR_REDIRECT] [Fatal Error] :1:1: Premature end of file.
2026-05-14 14:35:38,280 [ERROR] LogOutputStream:75 - [STDERR_REDIRECT] 
2026-05-14 14:35:39,280 [ERROR] LogOutputStream:75 - [STDERR_REDIRECT] [Fatal Error] :1:1: Premature end of file.
2026-05-14 14:35:39,280 [ERROR] LogOutputStream:75 - [STDERR_REDIRECT] 
2026-05-14 14:35:40,279 [ERROR] LogOutputStream:75 - [STDERR_REDIRECT] [Fatal Error] :1:1: Premature end of file.
2026-05-14 14:35:40,279 [ERROR] LogOutputStream:75 - [STDERR_REDIRECT] 
2026-05-14 14:35:41,278 [ERROR] LogOutputStream:75 - [STDERR_REDIRECT] [Fatal Error] :1:1: Premature end of file.
2026-05-14 14:35:41,279 [ERROR] LogOutputStream:75 - [STDERR_REDIRECT] 
2026-05-14 14:35:42,279 [ERROR] LogOutputStream:75 - [STDERR_REDIRECT] [Fatal Error] :1:1: Premature end of file.
2026-05-14 14:35:42,279 [ERROR] LogOutputStream:75 - [STDERR_REDIRECT] 
2026-05-14 14:35:43,278 [ERROR] LogOutputStream:75 - [STDERR_REDIRECT] [Fatal Error] :1:1: Premature end of file.
2026-05-14 14:35:43,278 [ERROR] LogOutputStream:75 - [STDERR_REDIRECT] 
2026-05-14 14:35:44,278 [ERROR] LogOutputStream:75 - [STDERR_REDIRECT] [Fatal Error] :1:1: Premature end of file.
2026-05-14 14:35:44,278 [ERROR] LogOutputStream:75 - [STDERR_REDIRECT] 
2026-05-14 14:35:45,273 [ERROR] LogOutputStream:75 - [STDERR_REDIRECT] [Fatal Error] :1:1: Premature end of file.
2026-05-14 14:35:45,273 [ERROR] LogOutputStream:75 - [STDERR_REDIRECT] 
2026-05-14 14:35:46,276 [ERROR] LogOutputStream:75 - [STDERR_REDIRECT] [Fatal Error] :1:1: Premature end of file.
2026-05-14 14:35:46,276 [ERROR] LogOutputStream:75 - [STDERR_REDIRECT] 
2026-05-14 14:35:47,285 [ERROR] LogOutputStream:75 - [STDERR_REDIRECT] [Fatal Error] :1:1: Premature end of file.
2026-05-14 14:35:47,285 [ERROR] LogOutputStream:75 - [STDERR_REDIRECT] 
2026-05-14 14:35:48,279 [ERROR] LogOutputStream:75 - [STDERR_REDIRECT] [Fatal Error] :1:1: Premature end of file.
2026-05-14 14:35:48,281 [ERROR] LogOutputStream:75 - [STDERR_REDIRECT] 
2026-05-14 14:35:49,277 [ERROR] LogOutputStream:75 - [STDERR_REDIRECT] [Fatal Error] :1:1: Premature end of file.
2026-05-14 14:35:49,278 [ERROR] LogOutputStream:75 - [STDERR_REDIRECT] 
2026-05-14 14:35:50,278 [ERROR] LogOutputStream:75 - [STDERR_REDIRECT] [Fatal Error] :1:1: Premature end of file.
2026-05-14 14:35:50,279 [ERROR] LogOutputStream:75 - [STDERR_REDIRECT] 
2026-05-14 14:35:50,575 [INFO] McuFinderGlobals:63 - Set McuFinder mode to 2 (CubeIDE integrated)
2026-05-14 14:35:50,581 [INFO] MainUpdater:2872 - connection check result : 10
2026-05-14 14:35:50,582 [INFO] MainUpdater:2872 - connection check result : 10
2026-05-14 14:35:50,625 [INFO] MicroXplorer:468 - Change Database Path : 
2026-05-14 14:35:50,625 [INFO] MicroXplorer:498 - Change Database Version : DB.6.0.150
2026-05-14 14:35:50,630 [WARN] ThirdParty:871 - waiting for thirdparty lock release [close project]
2026-05-14 14:35:50,630 [INFO] ThirdParty:873 - entering critical section [close project]
2026-05-14 14:35:50,632 [INFO] ThirdParty:883 - exiting critical section [close project]
2026-05-14 14:35:50,637 [INFO] PinOutPanel:1589 - setPackage(No Configuration,No Configuration)
2026-05-14 14:35:50,639 [INFO] UtilMem:75 - Begin LoadConfig() Used Memory: 683540144 Bytes (1073741824)
2026-05-14 14:35:50,642 [INFO] MicroXplorer:468 - Change Database Path : 
2026-05-14 14:35:50,642 [INFO] MicroXplorer:498 - Change Database Version : DB.6.0.150
2026-05-14 14:35:50,642 [INFO] OpenFileManager:355 - Change cursor
2026-05-14 14:35:50,718 [INFO] Mcu:2029 - Initializing MCU STM32F103C(8-B)Tx STM32F103C8Tx STM32F103C8T6
2026-05-14 14:35:51,275 [ERROR] LogOutputStream:75 - [STDERR_REDIRECT] [Fatal Error] :1:1: Premature end of file.
2026-05-14 14:35:51,276 [ERROR] LogOutputStream:75 - [STDERR_REDIRECT] 
2026-05-14 14:35:51,972 [INFO] Context:786 - Trying to add GPIOservice into a context  which must be forbidden
2026-05-14 14:35:52,264 [INFO] ImportTextPane:234 - (OptionalMessage_ERROR) Pin14 (VP_RIF_VS_RIF1) cannot be retrieved for this MCU
2026-05-14 14:35:52,275 [ERROR] LogOutputStream:75 - [STDERR_REDIRECT] [Fatal Error] :1:1: Premature end of file.
2026-05-14 14:35:52,276 [ERROR] LogOutputStream:75 - [STDERR_REDIRECT] 
2026-05-14 14:35:52,404 [INFO] RtosManager:558 - Registered RTOS mode: class=CMSIS, group=RTOS, mode=CMSIS_V1, owner=FREERTOS
2026-05-14 14:35:52,404 [INFO] RtosManager:558 - Registered RTOS mode: class=CMSIS, group=RTOS2, mode=CMSIS_V2, owner=FREERTOS
2026-05-14 14:35:52,404 [INFO] RtosManager:558 - Registered RTOS mode: class=RTOS, group=Core, mode=CMSIS_V1, owner=FREERTOS
2026-05-14 14:35:52,404 [INFO] RtosManager:558 - Registered RTOS mode: class=RTOS, group=Core, mode=CMSIS_V2, owner=FREERTOS
2026-05-14 14:35:52,405 [WARN] ModelIntegratedComponent:184 - Missing modes for component STMicroelectronics:FreeRTOS:0.0.1:STMicroelectronics:RTOS:FreeRTOS:Core:::10.2.0:
2026-05-14 14:35:52,419 [WARN] ModelIntegratedComponent:63 - No mode defined for component null
2026-05-14 14:35:52,419 [WARN] ModelIntegratedComponent:63 - No mode defined for component null
2026-05-14 14:35:52,419 [WARN] ModelIntegratedComponent:63 - No mode defined for component null
2026-05-14 14:35:52,419 [WARN] ModelIntegratedComponent:63 - No mode defined for component null
2026-05-14 14:35:52,419 [WARN] ModelIntegratedComponent:63 - No mode defined for component null
2026-05-14 14:35:52,419 [WARN] ModelIntegratedComponent:63 - No mode defined for component null
2026-05-14 14:35:52,419 [WARN] ModelIntegratedComponent:63 - No mode defined for component null
2026-05-14 14:35:52,419 [WARN] ModelIntegratedComponent:63 - No mode defined for component null
2026-05-14 14:35:52,419 [WARN] ModelIntegratedComponent:63 - No mode defined for component null
2026-05-14 14:35:52,419 [WARN] ModelIntegratedComponent:63 - No mode defined for component null
2026-05-14 14:35:52,420 [WARN] ModelIntegratedComponent:63 - No mode defined for component null
2026-05-14 14:35:52,420 [WARN] ModelIntegratedComponent:63 - No mode defined for component null
2026-05-14 14:35:52,420 [WARN] ModelIntegratedComponent:63 - No mode defined for component null
2026-05-14 14:35:52,420 [WARN] ModelIntegratedComponent:63 - No mode defined for component null
2026-05-14 14:35:52,420 [WARN] ModelIntegratedComponent:63 - No mode defined for component null
2026-05-14 14:35:52,420 [WARN] ModelIntegratedComponent:63 - No mode defined for component null
2026-05-14 14:35:52,420 [WARN] ModelIntegratedComponent:63 - No mode defined for component null
2026-05-14 14:35:52,420 [WARN] ModelIntegratedComponent:63 - No mode defined for component null
2026-05-14 14:35:52,420 [WARN] ModelIntegratedComponent:63 - No mode defined for component null
2026-05-14 14:35:52,420 [WARN] ModelIntegratedComponent:63 - No mode defined for component null
2026-05-14 14:35:52,420 [WARN] ModelIntegratedComponent:63 - No mode defined for component null
2026-05-14 14:35:52,420 [WARN] ModelIntegratedComponent:63 - No mode defined for component null
2026-05-14 14:35:52,421 [WARN] ModelIntegratedComponent:63 - No mode defined for component null
2026-05-14 14:35:52,421 [WARN] ModelIntegratedComponent:63 - No mode defined for component null
2026-05-14 14:35:52,421 [WARN] ModelIntegratedComponent:63 - No mode defined for component null
2026-05-14 14:35:52,421 [WARN] ModelIntegratedComponent:63 - No mode defined for component null
2026-05-14 14:35:52,421 [WARN] ModelIntegratedComponent:63 - No mode defined for component null
2026-05-14 14:35:52,421 [WARN] ModelIntegratedComponent:63 - No mode defined for component null
2026-05-14 14:35:52,421 [WARN] ModelIntegratedComponent:63 - No mode defined for component null
2026-05-14 14:35:52,421 [WARN] ModelIntegratedComponent:63 - No mode defined for component null
2026-05-14 14:35:52,421 [WARN] ModelIntegratedComponent:63 - No mode defined for component null
2026-05-14 14:35:52,421 [WARN] ModelIntegratedComponent:63 - No mode defined for component null
2026-05-14 14:35:52,421 [WARN] ModelIntegratedComponent:63 - No mode defined for component null
2026-05-14 14:35:52,422 [WARN] ModelIntegratedComponent:63 - No mode defined for component null
2026-05-14 14:35:52,422 [WARN] ModelIntegratedComponent:63 - No mode defined for component null
2026-05-14 14:35:52,422 [WARN] ModelPack:524 - Component already loaded: STMicroelectronics:HAL Drivers:0.0.0:STMicroelectronics:Device:STMicro_Driver:XSPI:HAL::0.0.1:HAL_XSPI
2026-05-14 14:35:52,851 [INFO] ThirdPartyModel:298 - Start build external matchings
2026-05-14 14:35:53,274 [ERROR] LogOutputStream:75 - [STDERR_REDIRECT] [Fatal Error] :1:1: Premature end of file.
2026-05-14 14:35:53,274 [ERROR] LogOutputStream:75 - [STDERR_REDIRECT] 
2026-05-14 14:35:54,273 [ERROR] LogOutputStream:75 - [STDERR_REDIRECT] [Fatal Error] :1:1: Premature end of file.
2026-05-14 14:35:54,273 [ERROR] LogOutputStream:75 - [STDERR_REDIRECT] 
2026-05-14 14:35:54,478 [INFO] ThirdPartyModel:316 - End build external matchings
2026-05-14 14:35:54,800 [INFO] ApiDb:581 - Connected to CubeFinder SQLite database (C:\Users\Samuel\.stmcufinder\plugins\mcufinder\mcu\cube-finder-db.db)
2026-05-14 14:35:54,946 [INFO] ApiDb:668 - CubeFinder database Data Model version=2.1
2026-05-14 14:35:54,946 [INFO] ApiDb:669 - CubeFinder database Configuration version=3.0.42
2026-05-14 14:35:54,948 [INFO] ApiDb:670 - CubeFinder database generation date=2026-05-06 (1778060171)
2026-05-14 14:35:54,948 [INFO] ApiDb:671 - CubeFinder database FW Pack versions=[FP-ATR-ASTRA1_V2.0.0, FP-SNS-FLIGHT1_V5.1.0, FP-SNS-MOTENV1_V5.1.0, FP-SNS-MOTENVWB1_V1.5.0, FP-SNS-SMARTAG2_V1.2.0, FP-SNS-STBOX1_V2.1.0, STM32Cube_FW_C0_V1.4.0, STM32Cube_FW_F4_V1.28.3, STM32Cube_FW_F7_V1.17.4, STM32Cube_FW_G0_V1.6.3, STM32Cube_FW_G4_V1.6.2, STM32Cube_FW_H5_V1.6.0, STM32Cube_FW_H7RS_V1.3.0, STM32Cube_FW_H7_V1.13.0, STM32Cube_FW_L0_V1.12.2, STM32Cube_FW_L4_V1.18.2, STM32Cube_FW_L5_V1.6.0, STM32Cube_FW_N6_V1.3.0, STM32Cube_FW_U0_V1.3.0, STM32Cube_FW_U3_V1.3.0, STM32Cube_FW_U5_V1.8.0, STM32Cube_FW_WB0_V1.4.0, STM32Cube_FW_WBA_V1.9.0, STM32Cube_FW_WB_V1.24.0, STM32Cube_FW_WL3_V1.4.0, STM32Cube_FW_WL_V1.5.0, X-CUBE-ALGOBUILD_V1.4.0, X-CUBE-ALS_V1.0.2, X-CUBE-AZRTOS-F4_V1.1.0, X-CUBE-AZRTOS-F7_V1.1.0, X-CUBE-AZRTOS-G0_V1.1.0, X-CUBE-AZRTOS-G4_V2.0.0, X-CUBE-AZRTOS-H7RS_V1.1.0, X-CUBE-AZRTOS-H7_V3.5.0, X-CUBE-AZRTOS-L4_V2.0.0, X-CUBE-AZRTOS-L5_V2.0.0, X-CUBE-AZRTOS-WB_V2.0.0, X-CUBE-AZRTOS-WL_V2.0.0, X-CUBE-BLE1_V7.1.0, X-CUBE-BLE2_V3.3.0, X-CUBE-BLEMGR_V4.1.0, X-CUBE-EEPRMA1_V5.2.0, X-CUBE-FREERTOS_V1.5.0, X-CUBE-GNSS1_V6.0.0, X-CUBE-MEMS1_V12.0.0, X-CUBE-NFC4_V3.0.0, X-CUBE-NFC7_V2.0.0, X-CUBE-SFXS2LP1_V4.0.0, X-CUBE-ST67W61_V1.2.0, X-CUBE-SUBG2_V5.0.0, X-CUBE-TOF1_V3.4.3]
2026-05-14 14:35:55,107 [INFO] DbBoardsSqlite:226 - include board P-NUCLEO-WB55-NUCLEO as a kit item of type 'Nucleo-64'
2026-05-14 14:35:55,108 [INFO] DbBoardsSqlite:226 - include board P-NUCLEO-WB55-USBDONGLE as a kit item of type 'Nucleo USB Dongle'
2026-05-14 14:35:55,109 [INFO] DbBoardsSqlite:226 - include board STEVAL-IDP005V1 as a kit item of type 'Evaluation Board'
2026-05-14 14:35:55,109 [INFO] DbBoardsSqlite:226 - include board STEVAL-IDP005V2 as a kit item of type 'Evaluation Board'
2026-05-14 14:35:55,272 [ERROR] LogOutputStream:75 - [STDERR_REDIRECT] [Fatal Error] :1:1: Premature end of file.
2026-05-14 14:35:55,272 [ERROR] LogOutputStream:75 - [STDERR_REDIRECT] 
2026-05-14 14:35:56,115 [INFO] ApiDb:240 - Found 880 in-development CPN: [B-G473E-ZEST1S, B-WB1M-WPAN1, B-WBA5M-WPAN, B-WL5M-SUBG1, NUCLEO-C031C6, NUCLEO-C051C8, NUCLEO-C071RB, NUCLEO-C092RC, NUCLEO-H503RB, NUCLEO-H533RE, NUCLEO-H563ZI, NUCLEO-H7S3L8, NUCLEO-N657X0-Q, NUCLEO-U031R8, NUCLEO-U083RC, NUCLEO-U385RG-Q, NUCLEO-U545RE-Q, NUCLEO-U5A5ZJ-Q, NUCLEO-WB05KZ, NUCLEO-WB07CC, NUCLEO-WB09KE, NUCLEO-WBA52CG, NUCLEO-WBA55CG, NUCLEO-WL33CC1, NUCLEO-WL33CC2, STEVAL-PROTEUS1, STEVAL-SMARTAG2, STEVAL-STWINBX1, STM320518-EVAL, STM32C0116-DK, STM32C011D6Y3TR, STM32C011D6Y6TR, STM32C011F4P3, STM32C011F4P6, STM32C011F4U3, STM32C011F4U6TR, STM32C011F6P3, STM32C011F6P6, STM32C011F6U3, STM32C011F6U6TR, STM32C011J4M3, STM32C011J4M6, STM32C011J6M3, STM32C011J6M6, STM32C0316-DK, STM32C031C4T3, STM32C031C4T6, STM32C031C4U3, STM32C031C4U6, STM32C031C6T3, STM32C031C6T6, STM32C031C6U3, STM32C031C6U6, STM32C031F4P3, STM32C031F4P6, STM32C031F6P3, STM32C031F6P6, STM32C031G4U3, STM32C031G4U6, STM32C031G6U3, STM32C031G6U6, STM32C031K4T3, STM32C031K4T6, STM32C031K4U3, STM32C031K4U6, STM32C031K6T3, STM32C031K6T6, STM32C031K6U3, STM32C031K6U6, STM32C051C6T6, STM32C051C6U6, STM32C051C8T6, STM32C051C8U6, STM32C051D8Y6TR, STM32C051F6P6, STM32C051F8P6, STM32C051G6U6, STM32C051G8U6, STM32C051K6T6, STM32C051K6U6, STM32C051K8T6, STM32C071C8T6, STM32C071C8T6N, STM32C071C8U6, STM32C071C8U6N, STM32C071CBT6, STM32C071CBT6N, STM32C071CBU6, STM32C071CBU6N, STM32C071F8P6, STM32C071F8P6N, STM32C071FBP6, STM32C071FBP6N, STM32C071FBY6TR, STM32C071G8U6, STM32C071G8U6N, STM32C071GBU6, STM32C071GBU6N, STM32C071K8T6, STM32C071K8T6N, STM32C071K8U6, STM32C071K8U6N, STM32C071KBT6, STM32C071KBT6N, STM32C071KBU6, STM32C071KBU6N, STM32C071R8T6, STM32C071R8T6N, STM32C071RBI6N, STM32C071RBT6, STM32C071RBT6N, STM32C091CBT6, STM32C091CBU6, STM32C091CCT6, STM32C091CCU6, STM32C091ECY6TR, STM32C091FBP6, STM32C091FCP6, STM32C091GBU6, STM32C091GCU6, STM32C091KBT6, STM32C091KBU6, STM32C091KCT6, STM32C091KCU6, STM32C091RBT6, STM32C091RCI6, STM32C091RCT6, STM32C092CBT6, STM32C092CBU6, STM32C092CCT6, STM32C092CCU6, STM32C092ECY6TR, STM32C092FBP6, STM32C092FCP6, STM32C092GBU6, STM32C092GCU6, STM32C092KBT6, STM32C092KBU6, STM32C092KCT6, STM32C092KCU6, STM32C092RBT6, STM32C092RCI6, STM32C092RCT6, STM32G071K8TXN, STM32G071K8UXN, STM32G081GBU6N, STM32G081KBT6N, STM32G081KBUXN, STM32G0B1CCT6N, STM32G0B1KCT6, STM32G0B1NEY6TR, STM32G0B1RCT6N, STM32G0C1CCT6, STM32G0C1CCT6N, STM32G0C1CCU6N, STM32G0C1CET6N, STM32G0C1CEU6N, STM32G0C1KCT6, STM32G0C1NEY6TR, STM32G0C1RCI6N, STM32G0C1RCT6N, STM32G0C1REI6N, STM32G0C1RET6N, STM32G0C1VCI6, STM32G0C1VEI6, STM32G411C6T3, STM32G411C6T6, STM32G411C6U3, STM32G411C6U6, STM32G411C8T3, STM32G411C8T6, STM32G411C8U3, STM32G411C8U6, STM32G411CBT3, STM32G411CBT6, STM32G411CBU3, STM32G411CBU6, STM32G411K6T3, STM32G411K6T6, STM32G411K6U3, STM32G411K6U6, STM32G411K8T3, STM32G411K8T6, STM32G411K8U3, STM32G411K8U6, STM32G411KBT3, STM32G411KBT6, STM32G411KBU3, STM32G411KBU6, STM32G411M6T3, STM32G411M6T6, STM32G411M8T3, STM32G411M8T6, STM32G411MBT3, STM32G411MBT6, STM32G411R6T3, STM32G411R6T6, STM32G411R8T3, STM32G411R8T6, STM32G411RBT3, STM32G411RBT6, STM32G414CBT3, STM32G414CBT6, STM32G414CBU3, STM32G414CBU6, STM32G414CCT3, STM32G414CCT6, STM32G414CCU3, STM32G414CCU6, STM32G414MBT3, STM32G414MBT6, STM32G414MCT3, STM32G414MCT6, STM32G414RBT3, STM32G414RBT6, STM32G414RCT3, STM32G414RCT6, STM32G414VBT3, STM32G414VBT6, STM32G414VCT3, STM32G414VCT6, STM32G431CBT3Z, STM32G431RBT3Z, STM32G471CCT6, STM32G471CCU6, STM32G471CET3, STM32G471CET6, STM32G471CEU3, STM32G471CEU6, STM32G471MCT6, STM32G471MET3, STM32G471MET6, STM32G471MEY6TR, STM32G471QCT6, STM32G471QET3, STM32G471RCT6, STM32G471RET3, STM32G471RET6, STM32G471VCH6, STM32G471VCI6, STM32G471VCT6, STM32G471VEH3, STM32G471VEH6, STM32G471VEI3, STM32G471VEI6, STM32G471VET3, STM32G471VET6, STM32G473QET3Z, STM32G473RET3Z, STM32G474CCT6, STM32G491RET3Z, STM32H503CBT6, STM32H503CBU6, STM32H503EBY6TR, STM32H503KBU6, STM32H503RBT6, STM32H523CCT6, STM32H523CCU6, STM32H523CET6, STM32H523CEU6, STM32H523HEY6TR, STM32H523RCT6, STM32H523RET6, STM32H523VCI6, STM32H523VCT6, STM32H523VEI6, STM32H523VET6, STM32H523ZCJ6, STM32H523ZCT6, STM32H523ZEJ6, STM32H523ZET6, STM32H533CET6, STM32H533CEU6, STM32H533HEY6TR, STM32H533RET6, STM32H533VEI6, STM32H533VET6, STM32H533ZEJ6, STM32H533ZET6, STM32H562AGI6, STM32H562AII6, STM32H562IGK6, STM32H562IGT6, STM32H562IIK6, STM32H562IIT6, STM32H562RGT6, STM32H562RGV6, STM32H562RIT6, STM32H562RIV6, STM32H562VGT6, STM32H562VIT6, STM32H562ZGT6, STM32H562ZIT6, STM32H563AGI6, STM32H563AII3Q, STM32H563AII6, STM32H563IGK6, STM32H563IGT6, STM32H563IIK3Q, STM32H563IIK6, STM32H563IIT3Q, STM32H563IIT6, STM32H563MIY3QTR, STM32H563RGT6, STM32H563RGV6, STM32H563RIT6, STM32H563RIV6, STM32H563VGT6, STM32H563VIT3Q, STM32H563VIT6, STM32H563ZGT6, STM32H563ZIT3Q, STM32H563ZIT6, STM32H573AII3Q, STM32H573AII6, STM32H573I-DK, STM32H573IIK3Q, STM32H573IIK6, STM32H573IIT3Q, STM32H573IIT6, STM32H573MIY3QTR, STM32H573RIT6, STM32H573RIV6, STM32H573VIT3Q, STM32H573VIT6, STM32H573ZIT3Q, STM32H573ZIT6, STM32H7R3A8I6, STM32H7R3I8K6, STM32H7R3I8T6, STM32H7R3L8H6, STM32H7R3L8H6H, STM32H7R3R8V6, STM32H7R3V8H6, STM32H7R3V8T6, STM32H7R3V8Y6TR, STM32H7R3Z8J6, STM32H7R3Z8T6, STM32H7R7A8I6, STM32H7R7I8K6, STM32H7R7I8T6, STM32H7R7L8H6, STM32H7R7L8H6H, STM32H7R7Z8J6, STM32H7S3A8I6, STM32H7S3I8K6, STM32H7S3I8T6, STM32H7S3L8H6, STM32H7S3L8H6H, STM32H7S3R8V6, STM32H7S3V8H6, STM32H7S3V8T6, STM32H7S3V8Y6TR, STM32H7S3Z8J6, STM32H7S3Z8T6, STM32H7S78-DK, STM32H7S7A8I6, STM32H7S7I8K6, STM32H7S7I8T6, STM32H7S7L8H6, STM32H7S7L8H6H, STM32H7S7Z8J6, STM32L4R5QGI6STR, STM32MP131AAE3, STM32MP131AAF3, STM32MP131AAG3, STM32MP131CAE3, STM32MP131CAF3, STM32MP131CAG3, STM32MP131DAE7, STM32MP131DAF7, STM32MP131DAG7, STM32MP131FAE7, STM32MP131FAF7, STM32MP131FAG7, STM32MP133AAE3, STM32MP133AAF3, STM32MP133AAG3, STM32MP133CAE3, STM32MP133CAF3, STM32MP133CAG3, STM32MP133DAE7, STM32MP133DAF7, STM32MP133DAG7, STM32MP133FAE7, STM32MP133FAF7, STM32MP133FAG7, STM32MP135AAE3, STM32MP135AAF3, STM32MP135AAG3, STM32MP135CAE3, STM32MP135CAF3, STM32MP135CAG3, STM32MP135DAE7, STM32MP135DAF7, STM32MP135DAG7, STM32MP135F-DK, STM32MP135FAE7, STM32MP135FAF7, STM32MP135FAF7T, STM32MP135FAF7U, STM32MP135FAG7, STM32MP211AAL3, STM32MP211AAM3, STM32MP211AAN3, STM32MP211AAO3, STM32MP211CAL3, STM32MP211CAM3, STM32MP211CAN3, STM32MP211CAO3, STM32MP211DAL3, STM32MP211DAM3, STM32MP211DAN3, STM32MP211DAO3, STM32MP211FAL3, STM32MP211FAM3, STM32MP211FAN3, STM32MP211FAO3, STM32MP213AAL3, STM32MP213AAM3, STM32MP213AAN3, STM32MP213AAO3, STM32MP213CAL3, STM32MP213CAM3, STM32MP213CAN3, STM32MP213CAO3, STM32MP213DAL3, STM32MP213DAM3, STM32MP213DAN3, STM32MP213DAO3, STM32MP213FAL3, STM32MP213FAM3, STM32MP213FAN3, STM32MP213FAO3, STM32MP215AAL3, STM32MP215AAM3, STM32MP215AAN3, STM32MP215AAO3, STM32MP215CAL3, STM32MP215CAM3, STM32MP215CAN3, STM32MP215CAO3, STM32MP215DAL3, STM32MP215DAM3, STM32MP215DAN3, STM32MP215DAO3, STM32MP215F-DK, STM32MP215FAL3, STM32MP215FAM3, STM32MP215FAN3, STM32MP215FAO3, STM32MP231AAJ3, STM32MP231AAK3, STM32MP231AAL3, STM32MP231CAJ3, STM32MP231CAK3, STM32MP231CAL3, STM32MP231DAJ3, STM32MP231DAK3, STM32MP231DAL3, STM32MP231FAJ3, STM32MP231FAK3, STM32MP231FAL3, STM32MP233AAJ3, STM32MP233AAK3, STM32MP233AAL3, STM32MP233CAJ3, STM32MP233CAK3, STM32MP233CAL3, STM32MP233DAJ3, STM32MP233DAK3, STM32MP233DAL3, STM32MP233FAJ3, STM32MP233FAK3, STM32MP233FAL3, STM32MP235AAJ3, STM32MP235AAK3, STM32MP235AAL3, STM32MP235CAJ3, STM32MP235CAK3, STM32MP235CAL3, STM32MP235DAJ3, STM32MP235DAK3, STM32MP235DAL3, STM32MP235FAJ3, STM32MP235FAK3, STM32MP235FAL3, STM32MP251AAI3, STM32MP251AAK3, STM32MP251AAL3, STM32MP251CAI3, STM32MP251CAK3, STM32MP251CAL3, STM32MP251DAI3, STM32MP251DAK3, STM32MP251DAL3, STM32MP251FAI3, STM32MP251FAK3, STM32MP251FAL3, STM32MP253AAI3, STM32MP253AAK3, STM32MP253AAL3, STM32MP253CAI3, STM32MP253CAK3, STM32MP253CAL3, STM32MP253DAI3, STM32MP253DAK3, STM32MP253DAL3, STM32MP253FAI3, STM32MP253FAK3, STM32MP253FAL3, STM32MP255AAI3, STM32MP255AAK3, STM32MP255AAL3, STM32MP255CAI3, STM32MP255CAK3, STM32MP255CAL3, STM32MP255DAI3, STM32MP255DAK3, STM32MP255DAL3, STM32MP255FAI3, STM32MP255FAK3, STM32MP255FAL3, STM32MP257AAI3, STM32MP257AAK3, STM32MP257AAL3, STM32MP257CAI3, STM32MP257CAK3, STM32MP257CAL3, STM32MP257DAI3, STM32MP257DAK3, STM32MP257DAL3, STM32MP257F-DK, STM32MP257F-EV1, STM32MP257FAI3, STM32MP257FAK3, STM32MP257FAL3, STM32N645A0H3Q, STM32N645B0H3Q, STM32N645I0H3Q, STM32N645L0H3Q, STM32N645X0H3Q, STM32N645Z0H3Q, STM32N647A0H3Q, STM32N647B0H3Q, STM32N647I0H3Q, STM32N647L0H3Q, STM32N647X0H3Q, STM32N647Z0H3Q, STM32N655A0H3Q, STM32N655B0H3Q, STM32N655I0H3Q, STM32N655L0H3Q, STM32N655X0H3Q, STM32N655Z0H3Q, STM32N6570-DK, STM32N657A0H3Q, STM32N657B0H3Q, STM32N657I0H3Q, STM32N657L0H3Q, STM32N657X0H3Q, STM32N657Z0H3Q, STM32U031C6T6, STM32U031C6U6, STM32U031C8T6, STM32U031C8U6, STM32U031F4P6, STM32U031F6P6, STM32U031F8P6, STM32U031G6Y6TR, STM32U031G8Y6TR, STM32U031K4U6, STM32U031K6U6, STM32U031K8U6, STM32U031R6I6, STM32U031R6T6, STM32U031R8I6, STM32U031R8T6, STM32U073C8T6, STM32U073C8U6, STM32U073CBT6, STM32U073CBU6, STM32U073CCT6, STM32U073CCU6, STM32U073H8Y6TR, STM32U073HBY6TR, STM32U073HCY6TR, STM32U073K8U6, STM32U073KBU6, STM32U073KCU6, STM32U073M8I6, STM32U073M8T6, STM32U073MBI6, STM32U073MBT6, STM32U073MCI6, STM32U073MCT6, STM32U073R8I6, STM32U073R8T6, STM32U073RBI6, STM32U073RBT6, STM32U073RCI6, STM32U073RCT6, STM32U083C-DK, STM32U083CCT6, STM32U083CCU6, STM32U083HCY6TR, STM32U083KCU6, STM32U083MCI6, STM32U083MCT6, STM32U083RCI6, STM32U083RCT6, STM32U375CET6, STM32U375CET6Q, STM32U375CEU6, STM32U375CEU6Q, STM32U375CEY6QTR, STM32U375CGT6, STM32U375CGT6Q, STM32U375CGU6, STM32U375CGU6Q, STM32U375CGY6QTR, STM32U375KEU6, STM32U375KGU6, STM32U375REI6, STM32U375REI6Q, STM32U375RET6, STM32U375RET6Q, STM32U375REY6GTR, STM32U375REY6QTR, STM32U375RGI6, STM32U375RGI6Q, STM32U375RGT6, STM32U375RGT6Q, STM32U375RGY6GTR, STM32U375RGY6QTR, STM32U375VEI6, STM32U375VEI6Q, STM32U375VET6, STM32U375VET6Q, STM32U375VGI6, STM32U375VGI6Q, STM32U375VGT6, STM32U375VGT6Q, STM32U385CGT6, STM32U385CGT6Q, STM32U385CGU6, STM32U385CGU6Q, STM32U385CGY6QTR, STM32U385KGU6, STM32U385RGI6, STM32U385RGI6Q, STM32U385RGT6, STM32U385RGT6Q, STM32U385RGY6GTR, STM32U385RGY6QTR, STM32U385VGI6, STM32U385VGI6Q, STM32U385VGT6, STM32U385VGT6Q, STM32U535CBT6, STM32U535CBT6Q, STM32U535CBU6, STM32U535CBU6Q, STM32U535CCT6, STM32U535CCT6Q, STM32U535CCU6, STM32U535CCU6Q, STM32U535CET6, STM32U535CET6Q, STM32U535CEU6, STM32U535CEU6Q, STM32U535JEY6QTR, STM32U535NCY6QTR, STM32U535NEY6QTR, STM32U535RBI6, STM32U535RBI6Q, STM32U535RBT6, STM32U535RBT6Q, STM32U535RCI6, STM32U535RCI6Q, STM32U535RCT6, STM32U535RCT6Q, STM32U535REI6, STM32U535REI6Q, STM32U535RET6, STM32U535RET6Q, STM32U535VCI6, STM32U535VCI6Q, STM32U535VCT6, STM32U535VCT6Q, STM32U535VEI6, STM32U535VEI6Q, STM32U535VET6, STM32U535VET6Q, STM32U545CET6, STM32U545CET6Q, STM32U545CEU6, STM32U545CEU6Q, STM32U545JEY6QTR, STM32U545NEY6QTR, STM32U545REI6, STM32U545REI6Q, STM32U545RET6, STM32U545RET6Q, STM32U545VEI6, STM32U545VEI6Q, STM32U545VET6, STM32U545VET6Q, STM32U595AIH6, STM32U595AIH6Q, STM32U595AJH6, STM32U595AJH6Q, STM32U595QII6, STM32U595QII6Q, STM32U595QJI6, STM32U595QJI6Q, STM32U595RIT6, STM32U595RIT6Q, STM32U595RJT6, STM32U595RJT6Q, STM32U595VIT6, STM32U595VIT6Q, STM32U595VJT6, STM32U595VJT6Q, STM32U595ZIT6, STM32U595ZIT6Q, STM32U595ZIY6QTR, STM32U595ZJT6, STM32U595ZJT6Q, STM32U595ZJY6QTR, STM32U599BJY6QTR, STM32U599NIH6Q, STM32U599NJH6Q, STM32U599VIT6Q, STM32U599VJT6, STM32U599VJT6Q, STM32U599ZIT6Q, STM32U599ZIY6QTR, STM32U599ZJT6Q, STM32U599ZJY6QTR, STM32U5A5AJH6, STM32U5A5AJH6Q, STM32U5A5QII3Q , STM32U5A5QJI6, STM32U5A5QJI6Q, STM32U5A5RJT6, STM32U5A5RJT6Q, STM32U5A5VJT6, STM32U5A5VJT6Q, STM32U5A5ZJT6, STM32U5A5ZJT6Q, STM32U5A5ZJY6QTR, STM32U5A9BJY6QTR, STM32U5A9J-DK, STM32U5A9NJH6Q, STM32U5A9VJT6Q, STM32U5A9ZJT6Q, STM32U5A9ZJY6QTR, STM32U5F7VIT6, STM32U5F7VIT6Q, STM32U5F7VJT6, STM32U5F7VJT6Q, STM32U5F9BJY6QTR, STM32U5F9NJH6Q, STM32U5F9VIT6Q, STM32U5F9VJT6Q, STM32U5F9ZIJ6QTR, STM32U5F9ZIT6Q, STM32U5F9ZJJ6QTR, STM32U5F9ZJT6Q, STM32U5G7VJT6, STM32U5G7VJT6Q, STM32U5G9BJY6QTR, STM32U5G9J-DK1, STM32U5G9J-DK2, STM32U5G9NJH6Q, STM32U5G9VJT6Q, STM32U5G9ZJJ6QTR, STM32U5G9ZJT6Q, STM32WB05KZV6TR, STM32WB05KZV7TR, STM32WB05TZF6TR, STM32WB05TZF7TR, STM32WB06CCF6TR, STM32WB06CCF7TR, STM32WB06CCV6TR, STM32WB06CCV7TR, STM32WB06KCV6TR, STM32WB06KCV7TR, STM32WB07CCF6TR, STM32WB07CCF7TR, STM32WB07CCV6TR, STM32WB07CCV7TR, STM32WB07KCV6TR, STM32WB07KCV7TR, STM32WB09KEV6TR, STM32WB09KEV7TR, STM32WB09TEF6TR, STM32WB09TEF7TR, STM32WB1MMCH6, STM32WBA50KGU6, STM32WBA50KGU6TR, STM32WBA52CEU6, STM32WBA52CEU6TR, STM32WBA52CEU7, STM32WBA52CEU7TR, STM32WBA52CGU6, STM32WBA52CGU6TR, STM32WBA52CGU6U, STM32WBA52CGU7, STM32WBA52CGU7TR, STM32WBA52KEU6, STM32WBA52KEU6TR, STM32WBA52KGU6, STM32WBA52KGU6TR, STM32WBA54CEU6, STM32WBA54CEU6TR, STM32WBA54CEU7, STM32WBA54CEU7TR, STM32WBA54CGU6, STM32WBA54CGU6TR, STM32WBA54CGU7, STM32WBA54CGU7TR, STM32WBA54KEU6, STM32WBA54KEU6TR, STM32WBA54KEU7, STM32WBA54KEU7TR, STM32WBA54KGU6, STM32WBA54KGU6TR, STM32WBA54KGU7, STM32WBA54KGU7TR, STM32WBA55CEU6, STM32WBA55CEU6TR, STM32WBA55CEU7, STM32WBA55CEU7TR, STM32WBA55CGU6, STM32WBA55CGU6TR, STM32WBA55CGU6U, STM32WBA55CGU7, STM32WBA55CGU7TR, STM32WBA55G-DK1, STM32WBA55HEF6, STM32WBA55HEF7, STM32WBA55HGF6, STM32WBA55HGF7, STM32WBA55UEI6, STM32WBA55UEI6TR, STM32WBA55UEI7, STM32WBA55UEI7TR, STM32WBA55UGI6, STM32WBA55UGI6TR, STM32WBA55UGI7, STM32WBA55UGI7TR, STM32WBA5MMGH6TR, STM32WBA62MGF6, STM32WBA62MIF6, STM32WBA65MGF7, STM32WBA65MIF6, STM32WBA65MIF7, STM32WL30K8V6, STM32WL30KBV6, STM32WL31C8V6, STM32WL31CBV6, STM32WL31K8V6, STM32WL31KBV6, STM32WL33C8V6, STM32WL33C8V6X, STM32WL33CBV6, STM32WL33CBV6X, STM32WL33CCV6, STM32WL33CCV6A, STM32WL33CCV6X, STM32WL33K8V7, STM32WL33K8V7X, STM32WL33KBV7 , STM32WL33KBV7X, STM32WL33KCV7, STM32WL33KCV7X, STM32WL5MOCH6, STM32WL5MOCH6TR]
2026-05-14 14:35:56,119 [INFO] ApiDb:668 - CubeFinder database Data Model version=2.1
2026-05-14 14:35:56,119 [INFO] ApiDb:669 - CubeFinder database Configuration version=3.0.42
2026-05-14 14:35:56,119 [INFO] ApiDb:670 - CubeFinder database generation date=2026-05-06 (1778060171)
2026-05-14 14:35:56,120 [INFO] ApiDb:671 - CubeFinder database FW Pack versions=[FP-ATR-ASTRA1_V2.0.0, FP-SNS-FLIGHT1_V5.1.0, FP-SNS-MOTENV1_V5.1.0, FP-SNS-MOTENVWB1_V1.5.0, FP-SNS-SMARTAG2_V1.2.0, FP-SNS-STBOX1_V2.1.0, STM32Cube_FW_C0_V1.4.0, STM32Cube_FW_F4_V1.28.3, STM32Cube_FW_F7_V1.17.4, STM32Cube_FW_G0_V1.6.3, STM32Cube_FW_G4_V1.6.2, STM32Cube_FW_H5_V1.6.0, STM32Cube_FW_H7RS_V1.3.0, STM32Cube_FW_H7_V1.13.0, STM32Cube_FW_L0_V1.12.2, STM32Cube_FW_L4_V1.18.2, STM32Cube_FW_L5_V1.6.0, STM32Cube_FW_N6_V1.3.0, STM32Cube_FW_U0_V1.3.0, STM32Cube_FW_U3_V1.3.0, STM32Cube_FW_U5_V1.8.0, STM32Cube_FW_WB0_V1.4.0, STM32Cube_FW_WBA_V1.9.0, STM32Cube_FW_WB_V1.24.0, STM32Cube_FW_WL3_V1.4.0, STM32Cube_FW_WL_V1.5.0, X-CUBE-ALGOBUILD_V1.4.0, X-CUBE-ALS_V1.0.2, X-CUBE-AZRTOS-F4_V1.1.0, X-CUBE-AZRTOS-F7_V1.1.0, X-CUBE-AZRTOS-G0_V1.1.0, X-CUBE-AZRTOS-G4_V2.0.0, X-CUBE-AZRTOS-H7RS_V1.1.0, X-CUBE-AZRTOS-H7_V3.5.0, X-CUBE-AZRTOS-L4_V2.0.0, X-CUBE-AZRTOS-L5_V2.0.0, X-CUBE-AZRTOS-WB_V2.0.0, X-CUBE-AZRTOS-WL_V2.0.0, X-CUBE-BLE1_V7.1.0, X-CUBE-BLE2_V3.3.0, X-CUBE-BLEMGR_V4.1.0, X-CUBE-EEPRMA1_V5.2.0, X-CUBE-FREERTOS_V1.5.0, X-CUBE-GNSS1_V6.0.0, X-CUBE-MEMS1_V12.0.0, X-CUBE-NFC4_V3.0.0, X-CUBE-NFC7_V2.0.0, X-CUBE-SFXS2LP1_V4.0.0, X-CUBE-ST67W61_V1.2.0, X-CUBE-SUBG2_V5.0.0, X-CUBE-TOF1_V3.4.3]
2026-05-14 14:35:56,273 [ERROR] LogOutputStream:75 - [STDERR_REDIRECT] [Fatal Error] :1:1: Premature end of file.
2026-05-14 14:35:56,273 [ERROR] LogOutputStream:75 - [STDERR_REDIRECT] 
2026-05-14 14:35:57,273 [ERROR] LogOutputStream:75 - [STDERR_REDIRECT] [Fatal Error] :1:1: Premature end of file.
2026-05-14 14:35:57,273 [ERROR] LogOutputStream:75 - [STDERR_REDIRECT] 
2026-05-14 14:35:58,273 [ERROR] LogOutputStream:75 - [STDERR_REDIRECT] [Fatal Error] :1:1: Premature end of file.
2026-05-14 14:35:58,273 [ERROR] LogOutputStream:75 - [STDERR_REDIRECT] 
2026-05-14 14:35:58,969 [INFO] ApiDb:240 - Found 880 in-development CPN: [B-G473E-ZEST1S, B-WB1M-WPAN1, B-WBA5M-WPAN, B-WL5M-SUBG1, NUCLEO-C031C6, NUCLEO-C051C8, NUCLEO-C071RB, NUCLEO-C092RC, NUCLEO-H503RB, NUCLEO-H533RE, NUCLEO-H563ZI, NUCLEO-H7S3L8, NUCLEO-N657X0-Q, NUCLEO-U031R8, NUCLEO-U083RC, NUCLEO-U385RG-Q, NUCLEO-U545RE-Q, NUCLEO-U5A5ZJ-Q, NUCLEO-WB05KZ, NUCLEO-WB07CC, NUCLEO-WB09KE, NUCLEO-WBA52CG, NUCLEO-WBA55CG, NUCLEO-WL33CC1, NUCLEO-WL33CC2, STEVAL-PROTEUS1, STEVAL-SMARTAG2, STEVAL-STWINBX1, STM320518-EVAL, STM32C0116-DK, STM32C011D6Y3TR, STM32C011D6Y6TR, STM32C011F4P3, STM32C011F4P6, STM32C011F4U3, STM32C011F4U6TR, STM32C011F6P3, STM32C011F6P6, STM32C011F6U3, STM32C011F6U6TR, STM32C011J4M3, STM32C011J4M6, STM32C011J6M3, STM32C011J6M6, STM32C0316-DK, STM32C031C4T3, STM32C031C4T6, STM32C031C4U3, STM32C031C4U6, STM32C031C6T3, STM32C031C6T6, STM32C031C6U3, STM32C031C6U6, STM32C031F4P3, STM32C031F4P6, STM32C031F6P3, STM32C031F6P6, STM32C031G4U3, STM32C031G4U6, STM32C031G6U3, STM32C031G6U6, STM32C031K4T3, STM32C031K4T6, STM32C031K4U3, STM32C031K4U6, STM32C031K6T3, STM32C031K6T6, STM32C031K6U3, STM32C031K6U6, STM32C051C6T6, STM32C051C6U6, STM32C051C8T6, STM32C051C8U6, STM32C051D8Y6TR, STM32C051F6P6, STM32C051F8P6, STM32C051G6U6, STM32C051G8U6, STM32C051K6T6, STM32C051K6U6, STM32C051K8T6, STM32C071C8T6, STM32C071C8T6N, STM32C071C8U6, STM32C071C8U6N, STM32C071CBT6, STM32C071CBT6N, STM32C071CBU6, STM32C071CBU6N, STM32C071F8P6, STM32C071F8P6N, STM32C071FBP6, STM32C071FBP6N, STM32C071FBY6TR, STM32C071G8U6, STM32C071G8U6N, STM32C071GBU6, STM32C071GBU6N, STM32C071K8T6, STM32C071K8T6N, STM32C071K8U6, STM32C071K8U6N, STM32C071KBT6, STM32C071KBT6N, STM32C071KBU6, STM32C071KBU6N, STM32C071R8T6, STM32C071R8T6N, STM32C071RBI6N, STM32C071RBT6, STM32C071RBT6N, STM32C091CBT6, STM32C091CBU6, STM32C091CCT6, STM32C091CCU6, STM32C091ECY6TR, STM32C091FBP6, STM32C091FCP6, STM32C091GBU6, STM32C091GCU6, STM32C091KBT6, STM32C091KBU6, STM32C091KCT6, STM32C091KCU6, STM32C091RBT6, STM32C091RCI6, STM32C091RCT6, STM32C092CBT6, STM32C092CBU6, STM32C092CCT6, STM32C092CCU6, STM32C092ECY6TR, STM32C092FBP6, STM32C092FCP6, STM32C092GBU6, STM32C092GCU6, STM32C092KBT6, STM32C092KBU6, STM32C092KCT6, STM32C092KCU6, STM32C092RBT6, STM32C092RCI6, STM32C092RCT6, STM32G071K8TXN, STM32G071K8UXN, STM32G081GBU6N, STM32G081KBT6N, STM32G081KBUXN, STM32G0B1CCT6N, STM32G0B1KCT6, STM32G0B1NEY6TR, STM32G0B1RCT6N, STM32G0C1CCT6, STM32G0C1CCT6N, STM32G0C1CCU6N, STM32G0C1CET6N, STM32G0C1CEU6N, STM32G0C1KCT6, STM32G0C1NEY6TR, STM32G0C1RCI6N, STM32G0C1RCT6N, STM32G0C1REI6N, STM32G0C1RET6N, STM32G0C1VCI6, STM32G0C1VEI6, STM32G411C6T3, STM32G411C6T6, STM32G411C6U3, STM32G411C6U6, STM32G411C8T3, STM32G411C8T6, STM32G411C8U3, STM32G411C8U6, STM32G411CBT3, STM32G411CBT6, STM32G411CBU3, STM32G411CBU6, STM32G411K6T3, STM32G411K6T6, STM32G411K6U3, STM32G411K6U6, STM32G411K8T3, STM32G411K8T6, STM32G411K8U3, STM32G411K8U6, STM32G411KBT3, STM32G411KBT6, STM32G411KBU3, STM32G411KBU6, STM32G411M6T3, STM32G411M6T6, STM32G411M8T3, STM32G411M8T6, STM32G411MBT3, STM32G411MBT6, STM32G411R6T3, STM32G411R6T6, STM32G411R8T3, STM32G411R8T6, STM32G411RBT3, STM32G411RBT6, STM32G414CBT3, STM32G414CBT6, STM32G414CBU3, STM32G414CBU6, STM32G414CCT3, STM32G414CCT6, STM32G414CCU3, STM32G414CCU6, STM32G414MBT3, STM32G414MBT6, STM32G414MCT3, STM32G414MCT6, STM32G414RBT3, STM32G414RBT6, STM32G414RCT3, STM32G414RCT6, STM32G414VBT3, STM32G414VBT6, STM32G414VCT3, STM32G414VCT6, STM32G431CBT3Z, STM32G431RBT3Z, STM32G471CCT6, STM32G471CCU6, STM32G471CET3, STM32G471CET6, STM32G471CEU3, STM32G471CEU6, STM32G471MCT6, STM32G471MET3, STM32G471MET6, STM32G471MEY6TR, STM32G471QCT6, STM32G471QET3, STM32G471RCT6, STM32G471RET3, STM32G471RET6, STM32G471VCH6, STM32G471VCI6, STM32G471VCT6, STM32G471VEH3, STM32G471VEH6, STM32G471VEI3, STM32G471VEI6, STM32G471VET3, STM32G471VET6, STM32G473QET3Z, STM32G473RET3Z, STM32G474CCT6, STM32G491RET3Z, STM32H503CBT6, STM32H503CBU6, STM32H503EBY6TR, STM32H503KBU6, STM32H503RBT6, STM32H523CCT6, STM32H523CCU6, STM32H523CET6, STM32H523CEU6, STM32H523HEY6TR, STM32H523RCT6, STM32H523RET6, STM32H523VCI6, STM32H523VCT6, STM32H523VEI6, STM32H523VET6, STM32H523ZCJ6, STM32H523ZCT6, STM32H523ZEJ6, STM32H523ZET6, STM32H533CET6, STM32H533CEU6, STM32H533HEY6TR, STM32H533RET6, STM32H533VEI6, STM32H533VET6, STM32H533ZEJ6, STM32H533ZET6, STM32H562AGI6, STM32H562AII6, STM32H562IGK6, STM32H562IGT6, STM32H562IIK6, STM32H562IIT6, STM32H562RGT6, STM32H562RGV6, STM32H562RIT6, STM32H562RIV6, STM32H562VGT6, STM32H562VIT6, STM32H562ZGT6, STM32H562ZIT6, STM32H563AGI6, STM32H563AII3Q, STM32H563AII6, STM32H563IGK6, STM32H563IGT6, STM32H563IIK3Q, STM32H563IIK6, STM32H563IIT3Q, STM32H563IIT6, STM32H563MIY3QTR, STM32H563RGT6, STM32H563RGV6, STM32H563RIT6, STM32H563RIV6, STM32H563VGT6, STM32H563VIT3Q, STM32H563VIT6, STM32H563ZGT6, STM32H563ZIT3Q, STM32H563ZIT6, STM32H573AII3Q, STM32H573AII6, STM32H573I-DK, STM32H573IIK3Q, STM32H573IIK6, STM32H573IIT3Q, STM32H573IIT6, STM32H573MIY3QTR, STM32H573RIT6, STM32H573RIV6, STM32H573VIT3Q, STM32H573VIT6, STM32H573ZIT3Q, STM32H573ZIT6, STM32H7R3A8I6, STM32H7R3I8K6, STM32H7R3I8T6, STM32H7R3L8H6, STM32H7R3L8H6H, STM32H7R3R8V6, STM32H7R3V8H6, STM32H7R3V8T6, STM32H7R3V8Y6TR, STM32H7R3Z8J6, STM32H7R3Z8T6, STM32H7R7A8I6, STM32H7R7I8K6, STM32H7R7I8T6, STM32H7R7L8H6, STM32H7R7L8H6H, STM32H7R7Z8J6, STM32H7S3A8I6, STM32H7S3I8K6, STM32H7S3I8T6, STM32H7S3L8H6, STM32H7S3L8H6H, STM32H7S3R8V6, STM32H7S3V8H6, STM32H7S3V8T6, STM32H7S3V8Y6TR, STM32H7S3Z8J6, STM32H7S3Z8T6, STM32H7S78-DK, STM32H7S7A8I6, STM32H7S7I8K6, STM32H7S7I8T6, STM32H7S7L8H6, STM32H7S7L8H6H, STM32H7S7Z8J6, STM32L4R5QGI6STR, STM32MP131AAE3, STM32MP131AAF3, STM32MP131AAG3, STM32MP131CAE3, STM32MP131CAF3, STM32MP131CAG3, STM32MP131DAE7, STM32MP131DAF7, STM32MP131DAG7, STM32MP131FAE7, STM32MP131FAF7, STM32MP131FAG7, STM32MP133AAE3, STM32MP133AAF3, STM32MP133AAG3, STM32MP133CAE3, STM32MP133CAF3, STM32MP133CAG3, STM32MP133DAE7, STM32MP133DAF7, STM32MP133DAG7, STM32MP133FAE7, STM32MP133FAF7, STM32MP133FAG7, STM32MP135AAE3, STM32MP135AAF3, STM32MP135AAG3, STM32MP135CAE3, STM32MP135CAF3, STM32MP135CAG3, STM32MP135DAE7, STM32MP135DAF7, STM32MP135DAG7, STM32MP135F-DK, STM32MP135FAE7, STM32MP135FAF7, STM32MP135FAF7T, STM32MP135FAF7U, STM32MP135FAG7, STM32MP211AAL3, STM32MP211AAM3, STM32MP211AAN3, STM32MP211AAO3, STM32MP211CAL3, STM32MP211CAM3, STM32MP211CAN3, STM32MP211CAO3, STM32MP211DAL3, STM32MP211DAM3, STM32MP211DAN3, STM32MP211DAO3, STM32MP211FAL3, STM32MP211FAM3, STM32MP211FAN3, STM32MP211FAO3, STM32MP213AAL3, STM32MP213AAM3, STM32MP213AAN3, STM32MP213AAO3, STM32MP213CAL3, STM32MP213CAM3, STM32MP213CAN3, STM32MP213CAO3, STM32MP213DAL3, STM32MP213DAM3, STM32MP213DAN3, STM32MP213DAO3, STM32MP213FAL3, STM32MP213FAM3, STM32MP213FAN3, STM32MP213FAO3, STM32MP215AAL3, STM32MP215AAM3, STM32MP215AAN3, STM32MP215AAO3, STM32MP215CAL3, STM32MP215CAM3, STM32MP215CAN3, STM32MP215CAO3, STM32MP215DAL3, STM32MP215DAM3, STM32MP215DAN3, STM32MP215DAO3, STM32MP215F-DK, STM32MP215FAL3, STM32MP215FAM3, STM32MP215FAN3, STM32MP215FAO3, STM32MP231AAJ3, STM32MP231AAK3, STM32MP231AAL3, STM32MP231CAJ3, STM32MP231CAK3, STM32MP231CAL3, STM32MP231DAJ3, STM32MP231DAK3, STM32MP231DAL3, STM32MP231FAJ3, STM32MP231FAK3, STM32MP231FAL3, STM32MP233AAJ3, STM32MP233AAK3, STM32MP233AAL3, STM32MP233CAJ3, STM32MP233CAK3, STM32MP233CAL3, STM32MP233DAJ3, STM32MP233DAK3, STM32MP233DAL3, STM32MP233FAJ3, STM32MP233FAK3, STM32MP233FAL3, STM32MP235AAJ3, STM32MP235AAK3, STM32MP235AAL3, STM32MP235CAJ3, STM32MP235CAK3, STM32MP235CAL3, STM32MP235DAJ3, STM32MP235DAK3, STM32MP235DAL3, STM32MP235FAJ3, STM32MP235FAK3, STM32MP235FAL3, STM32MP251AAI3, STM32MP251AAK3, STM32MP251AAL3, STM32MP251CAI3, STM32MP251CAK3, STM32MP251CAL3, STM32MP251DAI3, STM32MP251DAK3, STM32MP251DAL3, STM32MP251FAI3, STM32MP251FAK3, STM32MP251FAL3, STM32MP253AAI3, STM32MP253AAK3, STM32MP253AAL3, STM32MP253CAI3, STM32MP253CAK3, STM32MP253CAL3, STM32MP253DAI3, STM32MP253DAK3, STM32MP253DAL3, STM32MP253FAI3, STM32MP253FAK3, STM32MP253FAL3, STM32MP255AAI3, STM32MP255AAK3, STM32MP255AAL3, STM32MP255CAI3, STM32MP255CAK3, STM32MP255CAL3, STM32MP255DAI3, STM32MP255DAK3, STM32MP255DAL3, STM32MP255FAI3, STM32MP255FAK3, STM32MP255FAL3, STM32MP257AAI3, STM32MP257AAK3, STM32MP257AAL3, STM32MP257CAI3, STM32MP257CAK3, STM32MP257CAL3, STM32MP257DAI3, STM32MP257DAK3, STM32MP257DAL3, STM32MP257F-DK, STM32MP257F-EV1, STM32MP257FAI3, STM32MP257FAK3, STM32MP257FAL3, STM32N645A0H3Q, STM32N645B0H3Q, STM32N645I0H3Q, STM32N645L0H3Q, STM32N645X0H3Q, STM32N645Z0H3Q, STM32N647A0H3Q, STM32N647B0H3Q, STM32N647I0H3Q, STM32N647L0H3Q, STM32N647X0H3Q, STM32N647Z0H3Q, STM32N655A0H3Q, STM32N655B0H3Q, STM32N655I0H3Q, STM32N655L0H3Q, STM32N655X0H3Q, STM32N655Z0H3Q, STM32N6570-DK, STM32N657A0H3Q, STM32N657B0H3Q, STM32N657I0H3Q, STM32N657L0H3Q, STM32N657X0H3Q, STM32N657Z0H3Q, STM32U031C6T6, STM32U031C6U6, STM32U031C8T6, STM32U031C8U6, STM32U031F4P6, STM32U031F6P6, STM32U031F8P6, STM32U031G6Y6TR, STM32U031G8Y6TR, STM32U031K4U6, STM32U031K6U6, STM32U031K8U6, STM32U031R6I6, STM32U031R6T6, STM32U031R8I6, STM32U031R8T6, STM32U073C8T6, STM32U073C8U6, STM32U073CBT6, STM32U073CBU6, STM32U073CCT6, STM32U073CCU6, STM32U073H8Y6TR, STM32U073HBY6TR, STM32U073HCY6TR, STM32U073K8U6, STM32U073KBU6, STM32U073KCU6, STM32U073M8I6, STM32U073M8T6, STM32U073MBI6, STM32U073MBT6, STM32U073MCI6, STM32U073MCT6, STM32U073R8I6, STM32U073R8T6, STM32U073RBI6, STM32U073RBT6, STM32U073RCI6, STM32U073RCT6, STM32U083C-DK, STM32U083CCT6, STM32U083CCU6, STM32U083HCY6TR, STM32U083KCU6, STM32U083MCI6, STM32U083MCT6, STM32U083RCI6, STM32U083RCT6, STM32U375CET6, STM32U375CET6Q, STM32U375CEU6, STM32U375CEU6Q, STM32U375CEY6QTR, STM32U375CGT6, STM32U375CGT6Q, STM32U375CGU6, STM32U375CGU6Q, STM32U375CGY6QTR, STM32U375KEU6, STM32U375KGU6, STM32U375REI6, STM32U375REI6Q, STM32U375RET6, STM32U375RET6Q, STM32U375REY6GTR, STM32U375REY6QTR, STM32U375RGI6, STM32U375RGI6Q, STM32U375RGT6, STM32U375RGT6Q, STM32U375RGY6GTR, STM32U375RGY6QTR, STM32U375VEI6, STM32U375VEI6Q, STM32U375VET6, STM32U375VET6Q, STM32U375VGI6, STM32U375VGI6Q, STM32U375VGT6, STM32U375VGT6Q, STM32U385CGT6, STM32U385CGT6Q, STM32U385CGU6, STM32U385CGU6Q, STM32U385CGY6QTR, STM32U385KGU6, STM32U385RGI6, STM32U385RGI6Q, STM32U385RGT6, STM32U385RGT6Q, STM32U385RGY6GTR, STM32U385RGY6QTR, STM32U385VGI6, STM32U385VGI6Q, STM32U385VGT6, STM32U385VGT6Q, STM32U535CBT6, STM32U535CBT6Q, STM32U535CBU6, STM32U535CBU6Q, STM32U535CCT6, STM32U535CCT6Q, STM32U535CCU6, STM32U535CCU6Q, STM32U535CET6, STM32U535CET6Q, STM32U535CEU6, STM32U535CEU6Q, STM32U535JEY6QTR, STM32U535NCY6QTR, STM32U535NEY6QTR, STM32U535RBI6, STM32U535RBI6Q, STM32U535RBT6, STM32U535RBT6Q, STM32U535RCI6, STM32U535RCI6Q, STM32U535RCT6, STM32U535RCT6Q, STM32U535REI6, STM32U535REI6Q, STM32U535RET6, STM32U535RET6Q, STM32U535VCI6, STM32U535VCI6Q, STM32U535VCT6, STM32U535VCT6Q, STM32U535VEI6, STM32U535VEI6Q, STM32U535VET6, STM32U535VET6Q, STM32U545CET6, STM32U545CET6Q, STM32U545CEU6, STM32U545CEU6Q, STM32U545JEY6QTR, STM32U545NEY6QTR, STM32U545REI6, STM32U545REI6Q, STM32U545RET6, STM32U545RET6Q, STM32U545VEI6, STM32U545VEI6Q, STM32U545VET6, STM32U545VET6Q, STM32U595AIH6, STM32U595AIH6Q, STM32U595AJH6, STM32U595AJH6Q, STM32U595QII6, STM32U595QII6Q, STM32U595QJI6, STM32U595QJI6Q, STM32U595RIT6, STM32U595RIT6Q, STM32U595RJT6, STM32U595RJT6Q, STM32U595VIT6, STM32U595VIT6Q, STM32U595VJT6, STM32U595VJT6Q, STM32U595ZIT6, STM32U595ZIT6Q, STM32U595ZIY6QTR, STM32U595ZJT6, STM32U595ZJT6Q, STM32U595ZJY6QTR, STM32U599BJY6QTR, STM32U599NIH6Q, STM32U599NJH6Q, STM32U599VIT6Q, STM32U599VJT6, STM32U599VJT6Q, STM32U599ZIT6Q, STM32U599ZIY6QTR, STM32U599ZJT6Q, STM32U599ZJY6QTR, STM32U5A5AJH6, STM32U5A5AJH6Q, STM32U5A5QII3Q , STM32U5A5QJI6, STM32U5A5QJI6Q, STM32U5A5RJT6, STM32U5A5RJT6Q, STM32U5A5VJT6, STM32U5A5VJT6Q, STM32U5A5ZJT6, STM32U5A5ZJT6Q, STM32U5A5ZJY6QTR, STM32U5A9BJY6QTR, STM32U5A9J-DK, STM32U5A9NJH6Q, STM32U5A9VJT6Q, STM32U5A9ZJT6Q, STM32U5A9ZJY6QTR, STM32U5F7VIT6, STM32U5F7VIT6Q, STM32U5F7VJT6, STM32U5F7VJT6Q, STM32U5F9BJY6QTR, STM32U5F9NJH6Q, STM32U5F9VIT6Q, STM32U5F9VJT6Q, STM32U5F9ZIJ6QTR, STM32U5F9ZIT6Q, STM32U5F9ZJJ6QTR, STM32U5F9ZJT6Q, STM32U5G7VJT6, STM32U5G7VJT6Q, STM32U5G9BJY6QTR, STM32U5G9J-DK1, STM32U5G9J-DK2, STM32U5G9NJH6Q, STM32U5G9VJT6Q, STM32U5G9ZJJ6QTR, STM32U5G9ZJT6Q, STM32WB05KZV6TR, STM32WB05KZV7TR, STM32WB05TZF6TR, STM32WB05TZF7TR, STM32WB06CCF6TR, STM32WB06CCF7TR, STM32WB06CCV6TR, STM32WB06CCV7TR, STM32WB06KCV6TR, STM32WB06KCV7TR, STM32WB07CCF6TR, STM32WB07CCF7TR, STM32WB07CCV6TR, STM32WB07CCV7TR, STM32WB07KCV6TR, STM32WB07KCV7TR, STM32WB09KEV6TR, STM32WB09KEV7TR, STM32WB09TEF6TR, STM32WB09TEF7TR, STM32WB1MMCH6, STM32WBA50KGU6, STM32WBA50KGU6TR, STM32WBA52CEU6, STM32WBA52CEU6TR, STM32WBA52CEU7, STM32WBA52CEU7TR, STM32WBA52CGU6, STM32WBA52CGU6TR, STM32WBA52CGU6U, STM32WBA52CGU7, STM32WBA52CGU7TR, STM32WBA52KEU6, STM32WBA52KEU6TR, STM32WBA52KGU6, STM32WBA52KGU6TR, STM32WBA54CEU6, STM32WBA54CEU6TR, STM32WBA54CEU7, STM32WBA54CEU7TR, STM32WBA54CGU6, STM32WBA54CGU6TR, STM32WBA54CGU7, STM32WBA54CGU7TR, STM32WBA54KEU6, STM32WBA54KEU6TR, STM32WBA54KEU7, STM32WBA54KEU7TR, STM32WBA54KGU6, STM32WBA54KGU6TR, STM32WBA54KGU7, STM32WBA54KGU7TR, STM32WBA55CEU6, STM32WBA55CEU6TR, STM32WBA55CEU7, STM32WBA55CEU7TR, STM32WBA55CGU6, STM32WBA55CGU6TR, STM32WBA55CGU6U, STM32WBA55CGU7, STM32WBA55CGU7TR, STM32WBA55G-DK1, STM32WBA55HEF6, STM32WBA55HEF7, STM32WBA55HGF6, STM32WBA55HGF7, STM32WBA55UEI6, STM32WBA55UEI6TR, STM32WBA55UEI7, STM32WBA55UEI7TR, STM32WBA55UGI6, STM32WBA55UGI6TR, STM32WBA55UGI7, STM32WBA55UGI7TR, STM32WBA5MMGH6TR, STM32WBA62MGF6, STM32WBA62MIF6, STM32WBA65MGF7, STM32WBA65MIF6, STM32WBA65MIF7, STM32WL30K8V6, STM32WL30KBV6, STM32WL31C8V6, STM32WL31CBV6, STM32WL31K8V6, STM32WL31KBV6, STM32WL33C8V6, STM32WL33C8V6X, STM32WL33CBV6, STM32WL33CBV6X, STM32WL33CCV6, STM32WL33CCV6A, STM32WL33CCV6X, STM32WL33K8V7, STM32WL33K8V7X, STM32WL33KBV7 , STM32WL33KBV7X, STM32WL33KCV7, STM32WL33KCV7X, STM32WL5MOCH6, STM32WL5MOCH6TR]
2026-05-14 14:35:58,973 [INFO] DbMcus:218 - Found 5086 MCUs, 4968 are supported
2026-05-14 14:35:58,973 [INFO] ApiDb:423 - Load user favorites file C:\Users\Samuel/.stm32cubeide/favorites.mcus.txt: 0 item(s)
2026-05-14 14:35:58,974 [INFO] ApiDb:427 - User favorites MCUs=[]
2026-05-14 14:35:58,974 [INFO] DbMcus:224 - Set 0 / 0 favorites MCUs
2026-05-14 14:35:59,272 [ERROR] LogOutputStream:75 - [STDERR_REDIRECT] [Fatal Error] :1:1: Premature end of file.
2026-05-14 14:35:59,272 [ERROR] LogOutputStream:75 - [STDERR_REDIRECT] 
2026-05-14 14:35:59,768 [INFO] BoardInfo:889 - No configuration file found for board NUCLEO-H5E5ZJ
2026-05-14 14:35:59,769 [INFO] DbBoards:161 - Board is not supported: NUCLEO-H5E5ZJ
2026-05-14 14:35:59,854 [INFO] BoardInfo:889 - No configuration file found for board NUCLEO-U3C5ZI-Q
2026-05-14 14:35:59,855 [INFO] DbBoards:161 - Board is not supported: NUCLEO-U3C5ZI-Q
2026-05-14 14:35:59,877 [INFO] BoardInfo:889 - No configuration file found for board NUCLEO-WBA25CE1
2026-05-14 14:35:59,879 [INFO] DbBoards:161 - Board is not supported: NUCLEO-WBA25CE1
2026-05-14 14:35:59,892 [INFO] BoardInfo:889 - No configuration file found for board NUCLEO-WL3RKB1
2026-05-14 14:35:59,894 [INFO] DbBoards:161 - Board is not supported: NUCLEO-WL3RKB1
2026-05-14 14:35:59,895 [INFO] BoardInfo:889 - No configuration file found for board NUCLEO-WL3RKB2
2026-05-14 14:35:59,896 [INFO] DbBoards:161 - Board is not supported: NUCLEO-WL3RKB2
2026-05-14 14:35:59,909 [INFO] BoardInfo:889 - No configuration file found for board P-NUCLEO-WB55
2026-05-14 14:35:59,910 [INFO] DbBoards:161 - Kit is not supported: P-NUCLEO-WB55
2026-05-14 14:35:59,919 [INFO] BoardInfo:889 - No configuration file found for board STEVAL-BFA001V1B
2026-05-14 14:35:59,921 [INFO] DbBoards:161 - Kit is not supported: STEVAL-BFA001V1B
2026-05-14 14:35:59,922 [INFO] BoardInfo:889 - No configuration file found for board STEVAL-BFA001V2B
2026-05-14 14:35:59,923 [INFO] DbBoards:161 - Kit is not supported: STEVAL-BFA001V2B
2026-05-14 14:36:00,085 [INFO] BoardInfo:889 - No configuration file found for board STM32H5F5J-DK
2026-05-14 14:36:00,087 [INFO] DbBoards:161 - Board is not supported: STM32H5F5J-DK
2026-05-14 14:36:00,207 [INFO] DbBoards:168 - Found 218 boards, 209 are supported
2026-05-14 14:36:00,207 [INFO] DbBoards:169 - Found 218 boards, 43 of them is supported for  Bsp
2026-05-14 14:36:00,212 [INFO] ApiDb:423 - Load user favorites file C:\Users\Samuel/.stm32cubeide/favorites.boards.txt: 0 item(s)
2026-05-14 14:36:00,212 [INFO] ApiDb:427 - User favorites Boards=[]
2026-05-14 14:36:00,212 [INFO] DbBoards:198 - Set 0 / 0 favorites Boards
2026-05-14 14:36:00,274 [ERROR] LogOutputStream:75 - [STDERR_REDIRECT] [Fatal Error] :1:1: Premature end of file.
2026-05-14 14:36:00,274 [ERROR] LogOutputStream:75 - [STDERR_REDIRECT] 
2026-05-14 14:36:00,290 [INFO] UtilMem:75 - End LoadConfig() Used Memory: 885413784 Bytes (1073741824)
2026-05-14 14:36:00,482 [WARN] ThirdParty:833 - waiting for thirdparty lock release [change project]
2026-05-14 14:36:00,482 [INFO] ThirdParty:835 - entering critical section [change project]
2026-05-14 14:36:00,482 [INFO] ThirdParty:1030 - CMSIS Pack Vendor :STMicroelectronics X-CUBE-AZRTOS-H7 3.5.0
2026-05-14 14:36:00,482 [INFO] ThirdParty:1030 - CMSIS Pack Vendor :STMicroelectronics X-CUBE-PM33A1 1.0.0
2026-05-14 14:36:00,482 [INFO] ThirdParty:1030 - CMSIS Pack Vendor :STMicroelectronics USBPD 4.1
2026-05-14 14:36:00,482 [INFO] ThirdParty:1030 - CMSIS Pack Vendor :STMicroelectronics USB_HOST 2.0.0
2026-05-14 14:36:00,482 [INFO] ThirdParty:1030 - CMSIS Pack Vendor :STMicroelectronics FP-SNS-MOTENVWB1 1.4.0
2026-05-14 14:36:00,482 [INFO] ThirdParty:1030 - CMSIS Pack Vendor :STMicroelectronics X-CUBE-AZRTOS-F4 1.1.0
2026-05-14 14:36:00,482 [INFO] ThirdParty:1030 - CMSIS Pack Vendor :STMicroelectronics LIBJPEG 8.0.0
2026-05-14 14:36:00,482 [INFO] ThirdParty:1030 - CMSIS Pack Vendor :Avnet-IotConnect X-CUBE-IoTC-DA16k-PMOD 1.0.0
2026-05-14 14:36:00,482 [INFO] ThirdParty:1030 - CMSIS Pack Vendor :STMicroelectronics X-CUBE-SMBUS 2.1.0
2026-05-14 14:36:00,482 [INFO] ThirdParty:1030 - CMSIS Pack Vendor :STMicroelectronics X-CUBE-ISPU 2.1.0
2026-05-14 14:36:00,482 [INFO] ThirdParty:1030 - CMSIS Pack Vendor :STMicroelectronics X-CUBE-IPS 3.2.0
2026-05-14 14:36:00,482 [INFO] ThirdParty:1030 - CMSIS Pack Vendor :STMicroelectronics eDS-WB_DPC_TT-BIDIR 2.1.1
2026-05-14 14:36:00,482 [INFO] ThirdParty:1030 - CMSIS Pack Vendor :STMicroelectronics X-CUBE-ST60 1.0.0
2026-05-14 14:36:00,483 [INFO] ThirdParty:1030 - CMSIS Pack Vendor :STMicroelectronics X-CUBE-NFC12 1.0.0
2026-05-14 14:36:00,483 [INFO] ThirdParty:1030 - CMSIS Pack Vendor :STMicroelectronics X-CUBE-AZRTOS-F7 1.1.0
2026-05-14 14:36:00,483 [INFO] ThirdParty:1030 - CMSIS Pack Vendor :STMicroelectronics X-CUBE-AZRTOS-L5 2.0.0
2026-05-14 14:36:00,483 [INFO] ThirdParty:1030 - CMSIS Pack Vendor :STMicroelectronics USB_DEVICE 2.0.0
2026-05-14 14:36:00,483 [INFO] ThirdParty:1030 - CMSIS Pack Vendor :STMicroelectronics X-CUBE-NFC6 3.1.0
2026-05-14 14:36:00,483 [INFO] ThirdParty:1030 - CMSIS Pack Vendor :STMicroelectronics FP-SNS-MOTENV1 5.1.0
2026-05-14 14:36:00,483 [INFO] ThirdParty:1030 - CMSIS Pack Vendor :STMicroelectronics FreeRTOS 0.0.1
2026-05-14 14:36:00,483 [INFO] ThirdParty:1030 - CMSIS Pack Vendor :STMicroelectronics eDS-WB_DPC_VIENNA 1.2.0
2026-05-14 14:36:00,483 [INFO] ThirdParty:1030 - CMSIS Pack Vendor :STMicroelectronics eDS-WB_DPC_3PH2L-BIDIR 1.1.1
2026-05-14 14:36:00,483 [INFO] ThirdParty:1030 - CMSIS Pack Vendor :Infineon AIROC-Wi-Fi-Bluetooth-STM32 1.7.0
2026-05-14 14:36:00,483 [INFO] ThirdParty:1030 - CMSIS Pack Vendor :STMicroelectronics PDM2PCM 3.3.0
2026-05-14 14:36:00,483 [INFO] ThirdParty:1030 - CMSIS Pack Vendor :STMicroelectronics X-CUBE-AZRTOS-H7 3.4.0
2026-05-14 14:36:00,483 [INFO] ThirdParty:1030 - CMSIS Pack Vendor :STMicroelectronics X-CUBE-DISPLAY 3.0.0
2026-05-14 14:36:00,483 [INFO] ThirdParty:1030 - CMSIS Pack Vendor :STMicroelectronics X-CUBE-GNSS1 7.1.1
2026-05-14 14:36:00,483 [INFO] ThirdParty:1030 - CMSIS Pack Vendor :STMicroelectronics FP-SNS-MOTENVWB1 1.5.0
2026-05-14 14:36:00,483 [INFO] ThirdParty:1030 - CMSIS Pack Vendor :STMicroelectronics X-CUBE-NFC10 1.0.0
2026-05-14 14:36:00,483 [INFO] ThirdParty:1030 - CMSIS Pack Vendor :STMicroelectronics X-CUBE-BLEMGR 4.0.0
2026-05-14 14:36:00,483 [INFO] ThirdParty:1030 - CMSIS Pack Vendor :STMicroelectronics X-CUBE-FREERTOS 1.3.1
2026-05-14 14:36:00,485 [INFO] ThirdParty:1030 - CMSIS Pack Vendor :STMicroelectronics HAL Drivers 0.0.0
2026-05-14 14:36:00,485 [INFO] ThirdParty:1030 - CMSIS Pack Vendor :STMicroelectronics X-CUBE-ST60 1.1.0
2026-05-14 14:36:00,485 [INFO] ThirdParty:1030 - CMSIS Pack Vendor :emotas I-CUBE-CANOPEN 1.3.0
2026-05-14 14:36:00,485 [INFO] ThirdParty:1030 - CMSIS Pack Vendor :STMicroelectronics MBEDTLS 2.14.1
2026-05-14 14:36:00,485 [INFO] ThirdParty:1030 - CMSIS Pack Vendor :STMicroelectronics X-CUBE-GNSS1 7.1.0
2026-05-14 14:36:00,485 [INFO] ThirdParty:1030 - CMSIS Pack Vendor :STMicroelectronics X-CUBE-TOUCHGFX 4.26.0
2026-05-14 14:36:00,485 [INFO] ThirdParty:1030 - CMSIS Pack Vendor :STMicroelectronics X-CUBE-TOUCHGFX 4.26.1
2026-05-14 14:36:00,485 [INFO] ThirdParty:1030 - CMSIS Pack Vendor :quantropi X-CUBE-qispace-sdk-base 2.0.0
2026-05-14 14:36:00,485 [INFO] ThirdParty:1030 - CMSIS Pack Vendor :STMicroelectronics X-CUBE-AI 10.0.0
2026-05-14 14:36:00,485 [INFO] ThirdParty:1030 - CMSIS Pack Vendor :STMicroelectronics FP-SNS-STBOX1 2.1.0
2026-05-14 14:36:00,485 [INFO] ThirdParty:1030 - CMSIS Pack Vendor :STMicroelectronics FP-SNS-STAIOTCFT 1.0.0
2026-05-14 14:36:00,485 [INFO] ThirdParty:1030 - CMSIS Pack Vendor :STMicroelectronics FP-SNS-SMARTAG2 1.2.0
2026-05-14 14:36:00,485 [INFO] ThirdParty:1030 - CMSIS Pack Vendor :STMicroelectronics X-CUBE-AZRTOS-WL 2.0.0
2026-05-14 14:36:00,485 [INFO] ThirdParty:1030 - CMSIS Pack Vendor :STMicroelectronics FP-SNS-MOTENV1 5.0.0
2026-05-14 14:36:00,485 [INFO] ThirdParty:1030 - CMSIS Pack Vendor :STMicroelectronics USB_DEVICE 1.0.0
2026-05-14 14:36:00,485 [INFO] ThirdParty:1030 - CMSIS Pack Vendor :STMicroelectronics X-CUBE-AZRTOS-H7RS 1.2.0
2026-05-14 14:36:00,485 [INFO] ThirdParty:1030 - CMSIS Pack Vendor :STMicroelectronics X-CUBE-AZRTOS-L4 2.0.0
2026-05-14 14:36:00,485 [INFO] ThirdParty:1030 - CMSIS Pack Vendor :STMicroelectronics ThreadX 0.0.2
2026-05-14 14:36:00,485 [INFO] ThirdParty:1030 - CMSIS Pack Vendor :WES I-CUBE-Cesium 1.3.0
2026-05-14 14:36:00,485 [INFO] ThirdParty:1030 - CMSIS Pack Vendor :STMicroelectronics lwIP 2.1.2
2026-05-14 14:36:00,486 [INFO] ThirdParty:1030 - CMSIS Pack Vendor :STMicroelectronics X-CUBE-SFXS2LP1 4.0.0
2026-05-14 14:36:00,486 [INFO] ThirdParty:1030 - CMSIS Pack Vendor :STMicroelectronics X-CUBE-BLE2 3.3.0
2026-05-14 14:36:00,486 [INFO] ThirdParty:1030 - CMSIS Pack Vendor :Avnet-IOTCONNECT X-CUBE-iotc-st67-sdk 1.0.0
2026-05-14 14:36:00,486 [INFO] ThirdParty:1030 - CMSIS Pack Vendor :STMicroelectronics PDM2PCM 3.2.0
2026-05-14 14:36:00,486 [INFO] ThirdParty:1030 - CMSIS Pack Vendor :STMicroelectronics X-CUBE-WB05N 2.1.0
2026-05-14 14:36:00,486 [INFO] ThirdParty:1030 - CMSIS Pack Vendor :STMicroelectronics X-CUBE-AZRTOS-H7 3.3.0
2026-05-14 14:36:00,486 [INFO] ThirdParty:1030 - CMSIS Pack Vendor :STMicroelectronics X-CUBE-NFC9 1.0.0
2026-05-14 14:36:00,486 [INFO] ThirdParty:1030 - CMSIS Pack Vendor :wolfSSL I-CUBE-wolfSSL 5.8.0
2026-05-14 14:36:00,486 [INFO] ThirdParty:1030 - CMSIS Pack Vendor :wolfSSL I-CUBE-wolfMQTT 1.19.2
2026-05-14 14:36:00,486 [INFO] ThirdParty:1030 - CMSIS Pack Vendor :STMicroelectronics USB_DEVICE 3.0.0
2026-05-14 14:36:00,486 [INFO] ThirdParty:1030 - CMSIS Pack Vendor :STMicroelectronics X-CUBE-FREERTOS 1.4.0
2026-05-14 14:36:00,486 [INFO] ThirdParty:1030 - CMSIS Pack Vendor :STMicroelectronics X-CUBE-EEPRMA1 5.2.0
2026-05-14 14:36:00,486 [INFO] ThirdParty:1030 - CMSIS Pack Vendor :STMicroelectronics X-CUBE-BLEMGR 4.1.0
2026-05-14 14:36:00,486 [INFO] ThirdParty:1030 - CMSIS Pack Vendor :STMicroelectronics X-CUBE-AZRTOS-WB 2.0.0
2026-05-14 14:36:00,486 [INFO] ThirdParty:1030 - CMSIS Pack Vendor :STMicroelectronics X-CUBE-GNSS1 7.0.1
2026-05-14 14:36:00,486 [INFO] ThirdParty:1030 - CMSIS Pack Vendor :STMicroelectronics X-CUBE-TOUCHGFX 4.25.0
2026-05-14 14:36:00,486 [INFO] ThirdParty:1030 - CMSIS Pack Vendor :STMicroelectronics X-CUBE-ST67W61 1.1.0
2026-05-14 14:36:00,486 [INFO] ThirdParty:1030 - CMSIS Pack Vendor :STMicroelectronics X-CUBE-AI 10.1.0
2026-05-14 14:36:00,487 [INFO] ThirdParty:1030 - CMSIS Pack Vendor :STMicroelectronics FP-SNS-STBOX1 2.0.0
2026-05-14 14:36:00,487 [INFO] ThirdParty:1030 - CMSIS Pack Vendor :STMicroelectronics FP-SNS-STAIOTCFT 1.1.0
2026-05-14 14:36:00,487 [INFO] ThirdParty:1030 - CMSIS Pack Vendor :STMicroelectronics X-CUBE-MEMS1 12.0.0
2026-05-14 14:36:00,487 [INFO] ThirdParty:1030 - CMSIS Pack Vendor :STMicroelectronics X-CUBE-STSE01 2.0.0
2026-05-14 14:36:00,487 [INFO] ThirdParty:1030 - CMSIS Pack Vendor :STMicroelectronics X-CUBE-MEMS1 11.2.0
2026-05-14 14:36:00,487 [INFO] ThirdParty:1030 - CMSIS Pack Vendor :STMicroelectronics X-CUBE-AZRTOS-G0 1.1.0
2026-05-14 14:36:00,487 [INFO] ThirdParty:1030 - CMSIS Pack Vendor :STMicroelectronics X-CUBE-SAFEA1 1.2.2
2026-05-14 14:36:00,487 [INFO] ThirdParty:1030 - CMSIS Pack Vendor :STMicroelectronics X-CUBE-NFC4 3.0.0
2026-05-14 14:36:00,487 [INFO] ThirdParty:1030 - CMSIS Pack Vendor :STMicroelectronics X-CUBE-SUBG2 5.0.0
2026-05-14 14:36:00,487 [INFO] ThirdParty:1030 - CMSIS Pack Vendor :STMicroelectronics X-CUBE-AZRTOS-H7RS 1.1.0
2026-05-14 14:36:00,487 [INFO] ThirdParty:1030 - CMSIS Pack Vendor :STMicroelectronics STM32_WPAN 1.0.0
2026-05-14 14:36:00,487 [INFO] ThirdParty:1030 - CMSIS Pack Vendor :EmbeddedOffice I-CUBE-FS-RTOS 1.0.1
2026-05-14 14:36:00,488 [INFO] ThirdParty:1030 - CMSIS Pack Vendor :STMicroelectronics lwIP 2.0.3
2026-05-14 14:36:00,488 [INFO] ThirdParty:1030 - CMSIS Pack Vendor :Cesanta I-CUBE-Mongoose 7.13.0
2026-05-14 14:36:00,488 [INFO] ThirdParty:1030 - CMSIS Pack Vendor :STMicroelectronics USB_HOST 1.0.0
2026-05-14 14:36:00,488 [INFO] ThirdParty:1030 - CMSIS Pack Vendor :STMicroelectronics X-CUBE-AZRTOS-G4 2.0.0
2026-05-14 14:36:00,488 [INFO] ThirdParty:1030 - CMSIS Pack Vendor :STMicroelectronics X-CUBE-WB05N 2.0.0
2026-05-14 14:36:00,488 [INFO] ThirdParty:1030 - CMSIS Pack Vendor :STMicroelectronics PDM2PCM 3.1.0
2026-05-14 14:36:00,488 [INFO] ThirdParty:1030 - CMSIS Pack Vendor :wolfSSL I-CUBE-wolfTPM 3.8.0
2026-05-14 14:36:00,488 [INFO] ThirdParty:1030 - CMSIS Pack Vendor :wolfSSL I-CUBE-wolfSSH 1.4.20
2026-05-14 14:36:00,488 [INFO] ThirdParty:1030 - CMSIS Pack Vendor :STMicroelectronics X-CUBE-TCPP 4.2.0
2026-05-14 14:36:00,488 [INFO] ThirdParty:1030 - CMSIS Pack Vendor :RealThread X-CUBE-RT-Thread_Nano 4.1.1
2026-05-14 14:36:00,488 [INFO] ThirdParty:1030 - CMSIS Pack Vendor :STMicroelectronics FP-ATR-SIGFOX1 3.2.0
2026-05-14 14:36:00,488 [INFO] ThirdParty:1030 - CMSIS Pack Vendor :STMicroelectronics X-CUBE-EEPRMA1 5.1.0
2026-05-14 14:36:00,488 [INFO] ThirdParty:1030 - CMSIS Pack Vendor :STMicroelectronics X-CUBE-FREERTOS 1.5.0
2026-05-14 14:36:00,488 [INFO] ThirdParty:1030 - CMSIS Pack Vendor :STMicroelectronics MBEDTLS 2.16.2
2026-05-14 14:36:00,488 [INFO] ThirdParty:1030 - CMSIS Pack Vendor :STMicroelectronics X-CUBE-IPS 3.1.0
2026-05-14 14:36:00,488 [INFO] ThirdParty:1030 - CMSIS Pack Vendor :STMicroelectronics X-CUBE-ALS 1.0.2
2026-05-14 14:36:00,488 [INFO] ThirdParty:1030 - CMSIS Pack Vendor :ITTIA_DB I-CUBE-ITTIADB 8.9.0
2026-05-14 14:36:00,488 [INFO] ThirdParty:1030 - CMSIS Pack Vendor :STMicroelectronics X-CUBE-STSE01 1.0.0
2026-05-14 14:36:00,488 [INFO] ThirdParty:1030 - CMSIS Pack Vendor :portGmbH I-Cube-SoM-uGOAL 1.1.0
2026-05-14 14:36:00,489 [INFO] ThirdParty:1030 - CMSIS Pack Vendor :STMicroelectronics X-CUBE-NFC6 3.2.0
2026-05-14 14:36:00,489 [INFO] ThirdParty:1030 - CMSIS Pack Vendor :STMicroelectronics X-CUBE-ST67W61 1.0.0
2026-05-14 14:36:00,489 [INFO] ThirdParty:1030 - CMSIS Pack Vendor :STMicroelectronics X-CUBE-AI 10.2.0
2026-05-14 14:36:00,489 [INFO] ThirdParty:1030 - CMSIS Pack Vendor :STMicroelectronics ThreadX 1.0.0
2026-05-14 14:36:00,489 [INFO] ThirdParty:1030 - CMSIS Pack Vendor :STMicroelectronics X-CUBE-MEMS1 12.1.0
2026-05-14 14:36:00,489 [INFO] ThirdParty:1030 - CMSIS Pack Vendor :SEGGER I-CUBE-embOS 1.3.1
2026-05-14 14:36:00,489 [INFO] ThirdParty:1030 - CMSIS Pack Vendor :STMicroelectronics X-CUBE-ALGOBUILD 1.4.0
2026-05-14 14:36:00,489 [INFO] ThirdParty:1030 - CMSIS Pack Vendor :STMicroelectronics X-CUBE-MEMS1 11.3.0
2026-05-14 14:36:00,489 [INFO] ThirdParty:841 - exiting critical section [change project]
2026-05-14 14:36:00,856 [INFO] PinOutPanel:1589 - setPackage(No Configuration,No Configuration)
2026-05-14 14:36:00,858 [INFO] PinOutPanel:1589 - setPackage(STM32F103C8Tx,LQFP48)
2026-05-14 14:36:01,274 [ERROR] LogOutputStream:75 - [STDERR_REDIRECT] [Fatal Error] :1:1: Premature end of file.
2026-05-14 14:36:01,275 [ERROR] LogOutputStream:75 - [STDERR_REDIRECT] 
2026-05-14 14:36:01,508 [INFO] UtilMem:75 - Before build in PCC Used Memory: 716947456 Bytes (1073741824)
2026-05-14 14:36:02,274 [ERROR] LogOutputStream:75 - [STDERR_REDIRECT] [Fatal Error] :1:1: Premature end of file.
2026-05-14 14:36:02,274 [ERROR] LogOutputStream:75 - [STDERR_REDIRECT] 
2026-05-14 14:36:02,598 [INFO] UtilMem:75 - After build in PCC Used Memory: 773570560 Bytes (1073741824)
2026-05-14 14:36:02,783 [INFO] ApiDbMcu:532 - Load IP Config File for USB_DEVICE
2026-05-14 14:36:02,811 [INFO] IPUIPlugin:80 - create IPUIPlugin
2026-05-14 14:36:02,811 [INFO] IPUIPlugin:80 - create IPUIPlugin
2026-05-14 14:36:02,812 [INFO] IPUIPlugin:80 - create IPUIPlugin
2026-05-14 14:36:02,812 [INFO] IPUIPlugin:80 - create IPUIPlugin
2026-05-14 14:36:02,812 [INFO] IPUIPlugin:80 - create IPUIPlugin
2026-05-14 14:36:02,812 [INFO] IPUIPlugin:80 - create IPUIPlugin
2026-05-14 14:36:02,812 [INFO] IPUIPlugin:80 - create IPUIPlugin
2026-05-14 14:36:02,812 [INFO] IPUIPlugin:80 - create IPUIPlugin
2026-05-14 14:36:02,812 [INFO] IPUIPlugin:80 - create IPUIPlugin
2026-05-14 14:36:02,812 [INFO] IPUIPlugin:80 - create IPUIPlugin
2026-05-14 14:36:02,813 [INFO] IPUIPlugin:80 - create IPUIPlugin
2026-05-14 14:36:02,813 [INFO] IPUIPlugin:80 - create IPUIPlugin
2026-05-14 14:36:02,813 [INFO] IPUIPlugin:80 - create IPUIPlugin
2026-05-14 14:36:02,813 [INFO] IPUIPlugin:80 - create IPUIPlugin
2026-05-14 14:36:02,813 [INFO] IPUIPlugin:80 - create IPUIPlugin
2026-05-14 14:36:02,813 [INFO] IPUIPlugin:80 - create IPUIPlugin
2026-05-14 14:36:02,814 [INFO] IPUIPlugin:80 - create IPUIPlugin
2026-05-14 14:36:02,814 [INFO] IPUIPlugin:80 - create IPUIPlugin
2026-05-14 14:36:02,814 [INFO] IPUIPlugin:80 - create IPUIPlugin
2026-05-14 14:36:02,814 [INFO] IPUIPlugin:80 - create IPUIPlugin
2026-05-14 14:36:02,814 [INFO] IPUIPlugin:80 - create IPUIPlugin
2026-05-14 14:36:02,815 [INFO] IPUIPlugin:80 - create IPUIPlugin
2026-05-14 14:36:02,815 [INFO] IPUIPlugin:80 - create IPUIPlugin
2026-05-14 14:36:02,815 [INFO] IPUIPlugin:80 - create IPUIPlugin
2026-05-14 14:36:02,815 [INFO] IPUIPlugin:80 - create IPUIPlugin
2026-05-14 14:36:02,815 [INFO] IPUIPlugin:80 - create IPUIPlugin
2026-05-14 14:36:02,816 [INFO] IPUIPlugin:80 - create IPUIPlugin
2026-05-14 14:36:03,045 [INFO] CADModel:165 - CPN selected for project levelSTM32F103C8T6
2026-05-14 14:36:03,045 [INFO] CADModel:114 - Register for checkConnection events
2026-05-14 14:36:03,115 [INFO] OpenFileManager:386 - Restore cursor
2026-05-14 14:36:03,274 [ERROR] LogOutputStream:75 - [STDERR_REDIRECT] [Fatal Error] :1:1: Premature end of file.
2026-05-14 14:36:03,274 [ERROR] LogOutputStream:75 - [STDERR_REDIRECT] 
2026-05-14 14:36:04,274 [ERROR] LogOutputStream:75 - [STDERR_REDIRECT] [Fatal Error] :1:1: Premature end of file.
2026-05-14 14:36:04,274 [ERROR] LogOutputStream:75 - [STDERR_REDIRECT] 
2026-05-14 14:36:05,273 [ERROR] LogOutputStream:75 - [STDERR_REDIRECT] [Fatal Error] :1:1: Premature end of file.
2026-05-14 14:36:05,274 [ERROR] LogOutputStream:75 - [STDERR_REDIRECT] 
2026-05-14 14:36:06,279 [ERROR] LogOutputStream:75 - [STDERR_REDIRECT] [Fatal Error] :1:1: Premature end of file.
2026-05-14 14:36:06,279 [ERROR] LogOutputStream:75 - [STDERR_REDIRECT] 
2026-05-14 14:36:07,279 [ERROR] LogOutputStream:75 - [STDERR_REDIRECT] [Fatal Error] :1:1: Premature end of file.
2026-05-14 14:36:07,279 [ERROR] LogOutputStream:75 - [STDERR_REDIRECT] 
2026-05-14 14:36:08,279 [ERROR] LogOutputStream:75 - [STDERR_REDIRECT] [Fatal Error] :1:1: Premature end of file.
2026-05-14 14:36:08,279 [ERROR] LogOutputStream:75 - [STDERR_REDIRECT] 
2026-05-14 14:36:09,278 [ERROR] LogOutputStream:75 - [STDERR_REDIRECT] [Fatal Error] :1:1: Premature end of file.
2026-05-14 14:36:09,278 [ERROR] LogOutputStream:75 - [STDERR_REDIRECT] 
2026-05-14 14:36:10,279 [ERROR] LogOutputStream:75 - [STDERR_REDIRECT] [Fatal Error] :1:1: Premature end of file.
2026-05-14 14:36:10,279 [ERROR] LogOutputStream:75 - [STDERR_REDIRECT] 
2026-05-14 14:36:11,278 [ERROR] LogOutputStream:75 - [STDERR_REDIRECT] [Fatal Error] :1:1: Premature end of file.
2026-05-14 14:36:11,278 [ERROR] LogOutputStream:75 - [STDERR_REDIRECT] 
2026-05-14 14:36:12,279 [ERROR] LogOutputStream:75 - [STDERR_REDIRECT] [Fatal Error] :1:1: Premature end of file.
2026-05-14 14:36:12,279 [ERROR] LogOutputStream:75 - [STDERR_REDIRECT] 
2026-05-14 14:36:13,278 [ERROR] LogOutputStream:75 - [STDERR_REDIRECT] [Fatal Error] :1:1: Premature end of file.
2026-05-14 14:36:13,278 [ERROR] LogOutputStream:75 - [STDERR_REDIRECT] 
2026-05-14 14:36:14,278 [ERROR] LogOutputStream:75 - [STDERR_REDIRECT] [Fatal Error] :1:1: Premature end of file.
2026-05-14 14:36:14,278 [ERROR] LogOutputStream:75 - [STDERR_REDIRECT] 
2026-05-14 14:36:15,279 [ERROR] LogOutputStream:75 - [STDERR_REDIRECT] [Fatal Error] :1:1: Premature end of file.
2026-05-14 14:36:15,279 [ERROR] LogOutputStream:75 - [STDERR_REDIRECT] 
2026-05-14 14:36:16,278 [ERROR] LogOutputStream:75 - [STDERR_REDIRECT] [Fatal Error] :1:1: Premature end of file.
2026-05-14 14:36:16,278 [ERROR] LogOutputStream:75 - [STDERR_REDIRECT] 
2026-05-14 14:36:17,278 [ERROR] LogOutputStream:75 - [STDERR_REDIRECT] [Fatal Error] :1:1: Premature end of file.
2026-05-14 14:36:17,279 [ERROR] LogOutputStream:75 - [STDERR_REDIRECT] 
2026-05-14 14:36:18,278 [ERROR] LogOutputStream:75 - [STDERR_REDIRECT] [Fatal Error] :1:1: Premature end of file.
2026-05-14 14:36:18,278 [ERROR] LogOutputStream:75 - [STDERR_REDIRECT] 
2026-05-14 14:36:19,278 [ERROR] LogOutputStream:75 - [STDERR_REDIRECT] [Fatal Error] :1:1: Premature end of file.
2026-05-14 14:36:19,279 [ERROR] LogOutputStream:75 - [STDERR_REDIRECT] 
2026-05-14 14:36:20,278 [ERROR] LogOutputStream:75 - [STDERR_REDIRECT] [Fatal Error] :1:1: Premature end of file.
2026-05-14 14:36:20,279 [ERROR] LogOutputStream:75 - [STDERR_REDIRECT] 
2026-05-14 14:36:21,279 [ERROR] LogOutputStream:75 - [STDERR_REDIRECT] [Fatal Error] :1:1: Premature end of file.
2026-05-14 14:36:21,279 [ERROR] LogOutputStream:75 - [STDERR_REDIRECT] 
2026-05-14 14:36:22,278 [ERROR] LogOutputStream:75 - [STDERR_REDIRECT] [Fatal Error] :1:1: Premature end of file.
2026-05-14 14:36:22,278 [ERROR] LogOutputStream:75 - [STDERR_REDIRECT] 
2026-05-14 14:36:23,277 [ERROR] LogOutputStream:75 - [STDERR_REDIRECT] [Fatal Error] :1:1: Premature end of file.
2026-05-14 14:36:23,277 [ERROR] LogOutputStream:75 - [STDERR_REDIRECT] 
2026-05-14 14:36:24,272 [ERROR] LogOutputStream:75 - [STDERR_REDIRECT] [Fatal Error] :1:1: Premature end of file.
2026-05-14 14:36:24,272 [ERROR] LogOutputStream:75 - [STDERR_REDIRECT] 
2026-05-14 14:36:25,287 [ERROR] LogOutputStream:75 - [STDERR_REDIRECT] [Fatal Error] :1:1: Premature end of file.
2026-05-14 14:36:25,287 [ERROR] LogOutputStream:75 - [STDERR_REDIRECT] 
2026-05-14 14:36:26,277 [ERROR] LogOutputStream:75 - [STDERR_REDIRECT] [Fatal Error] :1:1: Premature end of file.
2026-05-14 14:36:26,277 [ERROR] LogOutputStream:75 - [STDERR_REDIRECT] 
2026-05-14 14:36:27,277 [ERROR] LogOutputStream:75 - [STDERR_REDIRECT] [Fatal Error] :1:1: Premature end of file.
2026-05-14 14:36:27,278 [ERROR] LogOutputStream:75 - [STDERR_REDIRECT] 
2026-05-14 14:36:28,286 [ERROR] LogOutputStream:75 - [STDERR_REDIRECT] [Fatal Error] :1:1: Premature end of file.
2026-05-14 14:36:28,286 [ERROR] LogOutputStream:75 - [STDERR_REDIRECT] 
2026-05-14 14:36:29,281 [ERROR] LogOutputStream:75 - [STDERR_REDIRECT] [Fatal Error] :1:1: Premature end of file.
2026-05-14 14:36:29,281 [ERROR] LogOutputStream:75 - [STDERR_REDIRECT] 
2026-05-14 14:36:30,273 [ERROR] LogOutputStream:75 - [STDERR_REDIRECT] [Fatal Error] :1:1: Premature end of file.
2026-05-14 14:36:30,273 [ERROR] LogOutputStream:75 - [STDERR_REDIRECT] 
2026-05-14 14:36:31,276 [ERROR] LogOutputStream:75 - [STDERR_REDIRECT] [Fatal Error] :1:1: Premature end of file.
2026-05-14 14:36:31,276 [ERROR] LogOutputStream:75 - [STDERR_REDIRECT] 
2026-05-14 14:36:32,288 [ERROR] LogOutputStream:75 - [STDERR_REDIRECT] [Fatal Error] :1:1: Premature end of file.
2026-05-14 14:36:32,288 [ERROR] LogOutputStream:75 - [STDERR_REDIRECT] 
2026-05-14 14:36:33,285 [ERROR] LogOutputStream:75 - [STDERR_REDIRECT] [Fatal Error] :1:1: Premature end of file.
2026-05-14 14:36:33,285 [ERROR] LogOutputStream:75 - [STDERR_REDIRECT] 
2026-05-14 14:36:34,283 [ERROR] LogOutputStream:75 - [STDERR_REDIRECT] [Fatal Error] :1:1: Premature end of file.
2026-05-14 14:36:34,283 [ERROR] LogOutputStream:75 - [STDERR_REDIRECT] 
2026-05-14 14:36:35,270 [ERROR] LogOutputStream:75 - [STDERR_REDIRECT] [Fatal Error] :1:1: Premature end of file.
2026-05-14 14:36:35,270 [ERROR] LogOutputStream:75 - [STDERR_REDIRECT] 
2026-05-14 14:36:36,280 [ERROR] LogOutputStream:75 - [STDERR_REDIRECT] [Fatal Error] :1:1: Premature end of file.
2026-05-14 14:36:36,280 [ERROR] LogOutputStream:75 - [STDERR_REDIRECT] 
2026-05-14 14:36:37,291 [ERROR] LogOutputStream:75 - [STDERR_REDIRECT] [Fatal Error] :1:1: Premature end of file.
2026-05-14 14:36:37,291 [ERROR] LogOutputStream:75 - [STDERR_REDIRECT] 
2026-05-14 14:36:38,288 [ERROR] LogOutputStream:75 - [STDERR_REDIRECT] [Fatal Error] :1:1: Premature end of file.
2026-05-14 14:36:38,288 [ERROR] LogOutputStream:75 - [STDERR_REDIRECT] 
2026-05-14 14:36:39,284 [ERROR] LogOutputStream:75 - [STDERR_REDIRECT] [Fatal Error] :1:1: Premature end of file.
2026-05-14 14:36:39,284 [ERROR] LogOutputStream:75 - [STDERR_REDIRECT] 
2026-05-14 14:36:40,277 [ERROR] LogOutputStream:75 - [STDERR_REDIRECT] [Fatal Error] :1:1: Premature end of file.
2026-05-14 14:36:40,278 [ERROR] LogOutputStream:75 - [STDERR_REDIRECT] 
2026-05-14 14:36:41,274 [ERROR] LogOutputStream:75 - [STDERR_REDIRECT] [Fatal Error] :1:1: Premature end of file.
2026-05-14 14:36:41,274 [ERROR] LogOutputStream:75 - [STDERR_REDIRECT] 
2026-05-14 14:36:42,278 [ERROR] LogOutputStream:75 - [STDERR_REDIRECT] [Fatal Error] :1:1: Premature end of file.
2026-05-14 14:36:42,279 [ERROR] LogOutputStream:75 - [STDERR_REDIRECT] 
2026-05-14 14:36:43,274 [ERROR] LogOutputStream:75 - [STDERR_REDIRECT] [Fatal Error] :1:1: Premature end of file.
2026-05-14 14:36:43,274 [ERROR] LogOutputStream:75 - [STDERR_REDIRECT] 
2026-05-14 14:36:44,285 [ERROR] LogOutputStream:75 - [STDERR_REDIRECT] [Fatal Error] :1:1: Premature end of file.
2026-05-14 14:36:44,285 [ERROR] LogOutputStream:75 - [STDERR_REDIRECT] 
2026-05-14 14:36:45,282 [ERROR] LogOutputStream:75 - [STDERR_REDIRECT] [Fatal Error] :1:1: Premature end of file.
2026-05-14 14:36:45,282 [ERROR] LogOutputStream:75 - [STDERR_REDIRECT] 
2026-05-14 14:36:46,292 [ERROR] LogOutputStream:75 - [STDERR_REDIRECT] [Fatal Error] :1:1: Premature end of file.
2026-05-14 14:36:46,292 [ERROR] LogOutputStream:75 - [STDERR_REDIRECT] 
2026-05-14 14:36:47,283 [ERROR] LogOutputStream:75 - [STDERR_REDIRECT] [Fatal Error] :1:1: Premature end of file.
2026-05-14 14:36:47,283 [ERROR] LogOutputStream:75 - [STDERR_REDIRECT] 
2026-05-14 14:36:48,286 [ERROR] LogOutputStream:75 - [STDERR_REDIRECT] [Fatal Error] :1:1: Premature end of file.
2026-05-14 14:36:48,286 [ERROR] LogOutputStream:75 - [STDERR_REDIRECT] 
2026-05-14 14:36:49,278 [ERROR] LogOutputStream:75 - [STDERR_REDIRECT] [Fatal Error] :1:1: Premature end of file.
2026-05-14 14:36:49,278 [ERROR] LogOutputStream:75 - [STDERR_REDIRECT] 
2026-05-14 14:36:50,282 [ERROR] LogOutputStream:75 - [STDERR_REDIRECT] [Fatal Error] :1:1: Premature end of file.
2026-05-14 14:36:50,284 [ERROR] LogOutputStream:75 - [STDERR_REDIRECT] 
2026-05-14 14:36:51,283 [ERROR] LogOutputStream:75 - [STDERR_REDIRECT] [Fatal Error] :1:1: Premature end of file.
2026-05-14 14:36:51,283 [ERROR] LogOutputStream:75 - [STDERR_REDIRECT] 
2026-05-14 14:36:52,278 [ERROR] LogOutputStream:75 - [STDERR_REDIRECT] [Fatal Error] :1:1: Premature end of file.
2026-05-14 14:36:52,278 [ERROR] LogOutputStream:75 - [STDERR_REDIRECT] 
2026-05-14 14:36:53,284 [ERROR] LogOutputStream:75 - [STDERR_REDIRECT] [Fatal Error] :1:1: Premature end of file.
2026-05-14 14:36:53,284 [ERROR] LogOutputStream:75 - [STDERR_REDIRECT] 
2026-05-14 14:36:54,285 [ERROR] LogOutputStream:75 - [STDERR_REDIRECT] [Fatal Error] :1:1: Premature end of file.
2026-05-14 14:36:54,285 [ERROR] LogOutputStream:75 - [STDERR_REDIRECT] 
2026-05-14 14:36:55,277 [ERROR] LogOutputStream:75 - [STDERR_REDIRECT] [Fatal Error] :1:1: Premature end of file.
2026-05-14 14:36:55,277 [ERROR] LogOutputStream:75 - [STDERR_REDIRECT] 
2026-05-14 14:36:56,273 [ERROR] LogOutputStream:75 - [STDERR_REDIRECT] [Fatal Error] :1:1: Premature end of file.
2026-05-14 14:36:56,273 [ERROR] LogOutputStream:75 - [STDERR_REDIRECT] 
2026-05-14 14:36:57,274 [ERROR] LogOutputStream:75 - [STDERR_REDIRECT] [Fatal Error] :1:1: Premature end of file.
2026-05-14 14:36:57,274 [ERROR] LogOutputStream:75 - [STDERR_REDIRECT] 
2026-05-14 14:36:58,277 [ERROR] LogOutputStream:75 - [STDERR_REDIRECT] [Fatal Error] :1:1: Premature end of file.
2026-05-14 14:36:58,277 [ERROR] LogOutputStream:75 - [STDERR_REDIRECT] 
2026-05-14 14:36:59,285 [ERROR] LogOutputStream:75 - [STDERR_REDIRECT] [Fatal Error] :1:1: Premature end of file.
2026-05-14 14:36:59,287 [ERROR] LogOutputStream:75 - [STDERR_REDIRECT] 
2026-05-14 14:37:00,288 [ERROR] LogOutputStream:75 - [STDERR_REDIRECT] [Fatal Error] :1:1: Premature end of file.
2026-05-14 14:37:00,290 [ERROR] LogOutputStream:75 - [STDERR_REDIRECT] 
2026-05-14 14:37:01,277 [ERROR] LogOutputStream:75 - [STDERR_REDIRECT] [Fatal Error] :1:1: Premature end of file.
2026-05-14 14:37:01,277 [ERROR] LogOutputStream:75 - [STDERR_REDIRECT] 
2026-05-14 14:37:02,279 [ERROR] LogOutputStream:75 - [STDERR_REDIRECT] [Fatal Error] :1:1: Premature end of file.
2026-05-14 14:37:02,279 [ERROR] LogOutputStream:75 - [STDERR_REDIRECT] 
2026-05-14 14:37:03,281 [ERROR] LogOutputStream:75 - [STDERR_REDIRECT] [Fatal Error] :1:1: Premature end of file.
2026-05-14 14:37:03,281 [ERROR] LogOutputStream:75 - [STDERR_REDIRECT] 
2026-05-14 14:37:04,284 [ERROR] LogOutputStream:75 - [STDERR_REDIRECT] [Fatal Error] :1:1: Premature end of file.
2026-05-14 14:37:04,284 [ERROR] LogOutputStream:75 - [STDERR_REDIRECT] 
2026-05-14 14:37:05,272 [ERROR] LogOutputStream:75 - [STDERR_REDIRECT] [Fatal Error] :1:1: Premature end of file.
2026-05-14 14:37:05,272 [ERROR] LogOutputStream:75 - [STDERR_REDIRECT] 
2026-05-14 14:37:06,275 [ERROR] LogOutputStream:75 - [STDERR_REDIRECT] [Fatal Error] :1:1: Premature end of file.
2026-05-14 14:37:06,275 [ERROR] LogOutputStream:75 - [STDERR_REDIRECT] 
2026-05-14 14:37:07,279 [ERROR] LogOutputStream:75 - [STDERR_REDIRECT] [Fatal Error] :1:1: Premature end of file.
2026-05-14 14:37:07,279 [ERROR] LogOutputStream:75 - [STDERR_REDIRECT] 
2026-05-14 14:37:08,282 [ERROR] LogOutputStream:75 - [STDERR_REDIRECT] [Fatal Error] :1:1: Premature end of file.
2026-05-14 14:37:08,282 [ERROR] LogOutputStream:75 - [STDERR_REDIRECT] 
2026-05-14 14:37:09,286 [ERROR] LogOutputStream:75 - [STDERR_REDIRECT] [Fatal Error] :1:1: Premature end of file.
2026-05-14 14:37:09,286 [ERROR] LogOutputStream:75 - [STDERR_REDIRECT] 
2026-05-14 14:37:10,275 [ERROR] LogOutputStream:75 - [STDERR_REDIRECT] [Fatal Error] :1:1: Premature end of file.
2026-05-14 14:37:10,275 [ERROR] LogOutputStream:75 - [STDERR_REDIRECT] 
2026-05-14 14:37:11,279 [ERROR] LogOutputStream:75 - [STDERR_REDIRECT] [Fatal Error] :1:1: Premature end of file.
2026-05-14 14:37:11,279 [ERROR] LogOutputStream:75 - [STDERR_REDIRECT] 
2026-05-14 14:37:12,282 [ERROR] LogOutputStream:75 - [STDERR_REDIRECT] [Fatal Error] :1:1: Premature end of file.
2026-05-14 14:37:12,282 [ERROR] LogOutputStream:75 - [STDERR_REDIRECT] 
2026-05-14 14:37:13,281 [ERROR] LogOutputStream:75 - [STDERR_REDIRECT] [Fatal Error] :1:1: Premature end of file.
2026-05-14 14:37:13,281 [ERROR] LogOutputStream:75 - [STDERR_REDIRECT] 
2026-05-14 14:37:14,284 [ERROR] LogOutputStream:75 - [STDERR_REDIRECT] [Fatal Error] :1:1: Premature end of file.
2026-05-14 14:37:14,284 [ERROR] LogOutputStream:75 - [STDERR_REDIRECT] 
2026-05-14 14:37:15,283 [ERROR] LogOutputStream:75 - [STDERR_REDIRECT] [Fatal Error] :1:1: Premature end of file.
2026-05-14 14:37:15,283 [ERROR] LogOutputStream:75 - [STDERR_REDIRECT] 
2026-05-14 14:37:16,277 [ERROR] LogOutputStream:75 - [STDERR_REDIRECT] [Fatal Error] :1:1: Premature end of file.
2026-05-14 14:37:16,277 [ERROR] LogOutputStream:75 - [STDERR_REDIRECT] 
2026-05-14 14:37:17,277 [ERROR] LogOutputStream:75 - [STDERR_REDIRECT] [Fatal Error] :1:1: Premature end of file.
2026-05-14 14:37:17,277 [ERROR] LogOutputStream:75 - [STDERR_REDIRECT] 
2026-05-14 14:37:18,280 [ERROR] LogOutputStream:75 - [STDERR_REDIRECT] [Fatal Error] :1:1: Premature end of file.
2026-05-14 14:37:18,280 [ERROR] LogOutputStream:75 - [STDERR_REDIRECT] 
2026-05-14 14:37:19,283 [ERROR] LogOutputStream:75 - [STDERR_REDIRECT] [Fatal Error] :1:1: Premature end of file.
2026-05-14 14:37:19,283 [ERROR] LogOutputStream:75 - [STDERR_REDIRECT] 
2026-05-14 14:37:20,283 [ERROR] LogOutputStream:75 - [STDERR_REDIRECT] [Fatal Error] :1:1: Premature end of file.
2026-05-14 14:37:20,283 [ERROR] LogOutputStream:75 - [STDERR_REDIRECT] 
2026-05-14 14:37:21,284 [ERROR] LogOutputStream:75 - [STDERR_REDIRECT] [Fatal Error] :1:1: Premature end of file.
2026-05-14 14:37:21,284 [ERROR] LogOutputStream:75 - [STDERR_REDIRECT] 
2026-05-14 14:37:22,280 [ERROR] LogOutputStream:75 - [STDERR_REDIRECT] [Fatal Error] :1:1: Premature end of file.
2026-05-14 14:37:22,280 [ERROR] LogOutputStream:75 - [STDERR_REDIRECT] 
2026-05-14 14:37:23,281 [ERROR] LogOutputStream:75 - [STDERR_REDIRECT] [Fatal Error] :1:1: Premature end of file.
2026-05-14 14:37:23,281 [ERROR] LogOutputStream:75 - [STDERR_REDIRECT] 
2026-05-14 14:37:24,275 [ERROR] LogOutputStream:75 - [STDERR_REDIRECT] [Fatal Error] :1:1: Premature end of file.
2026-05-14 14:37:24,275 [ERROR] LogOutputStream:75 - [STDERR_REDIRECT] 
2026-05-14 14:37:25,282 [ERROR] LogOutputStream:75 - [STDERR_REDIRECT] [Fatal Error] :1:1: Premature end of file.
2026-05-14 14:37:25,282 [ERROR] LogOutputStream:75 - [STDERR_REDIRECT] 
2026-05-14 14:37:26,282 [ERROR] LogOutputStream:75 - [STDERR_REDIRECT] [Fatal Error] :1:1: Premature end of file.
2026-05-14 14:37:26,282 [ERROR] LogOutputStream:75 - [STDERR_REDIRECT] 
2026-05-14 14:37:27,284 [ERROR] LogOutputStream:75 - [STDERR_REDIRECT] [Fatal Error] :1:1: Premature end of file.
2026-05-14 14:37:27,284 [ERROR] LogOutputStream:75 - [STDERR_REDIRECT] 
2026-05-14 14:37:28,281 [ERROR] LogOutputStream:75 - [STDERR_REDIRECT] [Fatal Error] :1:1: Premature end of file.
2026-05-14 14:37:28,283 [ERROR] LogOutputStream:75 - [STDERR_REDIRECT] 
2026-05-14 14:37:29,282 [ERROR] LogOutputStream:75 - [STDERR_REDIRECT] [Fatal Error] :1:1: Premature end of file.
2026-05-14 14:37:29,282 [ERROR] LogOutputStream:75 - [STDERR_REDIRECT] 
2026-05-14 14:37:30,288 [ERROR] LogOutputStream:75 - [STDERR_REDIRECT] [Fatal Error] :1:1: Premature end of file.
2026-05-14 14:37:30,288 [ERROR] LogOutputStream:75 - [STDERR_REDIRECT] 
2026-05-14 14:37:31,283 [ERROR] LogOutputStream:75 - [STDERR_REDIRECT] [Fatal Error] :1:1: Premature end of file.
2026-05-14 14:37:31,283 [ERROR] LogOutputStream:75 - [STDERR_REDIRECT] 
2026-05-14 14:37:32,273 [ERROR] LogOutputStream:75 - [STDERR_REDIRECT] [Fatal Error] :1:1: Premature end of file.
2026-05-14 14:37:32,273 [ERROR] LogOutputStream:75 - [STDERR_REDIRECT] 
2026-05-14 14:37:33,277 [ERROR] LogOutputStream:75 - [STDERR_REDIRECT] [Fatal Error] :1:1: Premature end of file.
2026-05-14 14:37:33,277 [ERROR] LogOutputStream:75 - [STDERR_REDIRECT] 
2026-05-14 14:37:34,281 [ERROR] LogOutputStream:75 - [STDERR_REDIRECT] [Fatal Error] :1:1: Premature end of file.
2026-05-14 14:37:34,281 [ERROR] LogOutputStream:75 - [STDERR_REDIRECT] 
2026-05-14 14:37:35,288 [ERROR] LogOutputStream:75 - [STDERR_REDIRECT] [Fatal Error] :1:1: Premature end of file.
2026-05-14 14:37:35,288 [ERROR] LogOutputStream:75 - [STDERR_REDIRECT] 
2026-05-14 14:37:36,281 [ERROR] LogOutputStream:75 - [STDERR_REDIRECT] [Fatal Error] :1:1: Premature end of file.
2026-05-14 14:37:36,281 [ERROR] LogOutputStream:75 - [STDERR_REDIRECT] 
2026-05-14 14:37:37,286 [ERROR] LogOutputStream:75 - [STDERR_REDIRECT] [Fatal Error] :1:1: Premature end of file.
2026-05-14 14:37:37,286 [ERROR] LogOutputStream:75 - [STDERR_REDIRECT] 
2026-05-14 14:37:38,287 [ERROR] LogOutputStream:75 - [STDERR_REDIRECT] [Fatal Error] :1:1: Premature end of file.
2026-05-14 14:37:38,287 [ERROR] LogOutputStream:75 - [STDERR_REDIRECT] 
2026-05-14 14:37:39,283 [ERROR] LogOutputStream:75 - [STDERR_REDIRECT] [Fatal Error] :1:1: Premature end of file.
2026-05-14 14:37:39,283 [ERROR] LogOutputStream:75 - [STDERR_REDIRECT] 
2026-05-14 14:37:40,283 [ERROR] LogOutputStream:75 - [STDERR_REDIRECT] [Fatal Error] :1:1: Premature end of file.
2026-05-14 14:37:40,283 [ERROR] LogOutputStream:75 - [STDERR_REDIRECT] 
2026-05-14 14:37:41,283 [ERROR] LogOutputStream:75 - [STDERR_REDIRECT] [Fatal Error] :1:1: Premature end of file.
2026-05-14 14:37:41,283 [ERROR] LogOutputStream:75 - [STDERR_REDIRECT] 
2026-05-14 14:37:42,288 [ERROR] LogOutputStream:75 - [STDERR_REDIRECT] [Fatal Error] :1:1: Premature end of file.
2026-05-14 14:37:42,288 [ERROR] LogOutputStream:75 - [STDERR_REDIRECT] 
2026-05-14 14:37:43,278 [ERROR] LogOutputStream:75 - [STDERR_REDIRECT] [Fatal Error] :1:1: Premature end of file.
2026-05-14 14:37:43,278 [ERROR] LogOutputStream:75 - [STDERR_REDIRECT] 
2026-05-14 14:37:44,279 [ERROR] LogOutputStream:75 - [STDERR_REDIRECT] [Fatal Error] :1:1: Premature end of file.
2026-05-14 14:37:44,279 [ERROR] LogOutputStream:75 - [STDERR_REDIRECT] 
2026-05-14 14:37:45,274 [ERROR] LogOutputStream:75 - [STDERR_REDIRECT] [Fatal Error] :1:1: Premature end of file.
2026-05-14 14:37:45,274 [ERROR] LogOutputStream:75 - [STDERR_REDIRECT] 
2026-05-14 14:37:46,292 [ERROR] LogOutputStream:75 - [STDERR_REDIRECT] [Fatal Error] :1:1: Premature end of file.
2026-05-14 14:37:46,294 [ERROR] LogOutputStream:75 - [STDERR_REDIRECT] 
2026-05-14 14:37:47,267 [ERROR] LogOutputStream:75 - [STDERR_REDIRECT] [Fatal Error] :1:1: Premature end of file.
2026-05-14 14:37:47,267 [ERROR] LogOutputStream:75 - [STDERR_REDIRECT] 
2026-05-14 14:37:48,275 [ERROR] LogOutputStream:75 - [STDERR_REDIRECT] [Fatal Error] :1:1: Premature end of file.
2026-05-14 14:37:48,275 [ERROR] LogOutputStream:75 - [STDERR_REDIRECT] 
2026-05-14 14:37:49,280 [ERROR] LogOutputStream:75 - [STDERR_REDIRECT] [Fatal Error] :1:1: Premature end of file.
2026-05-14 14:37:49,280 [ERROR] LogOutputStream:75 - [STDERR_REDIRECT] 
2026-05-14 14:37:50,272 [ERROR] LogOutputStream:75 - [STDERR_REDIRECT] [Fatal Error] :1:1: Premature end of file.
2026-05-14 14:37:50,272 [ERROR] LogOutputStream:75 - [STDERR_REDIRECT] 
2026-05-14 14:37:51,276 [ERROR] LogOutputStream:75 - [STDERR_REDIRECT] [Fatal Error] :1:1: Premature end of file.
2026-05-14 14:37:51,276 [ERROR] LogOutputStream:75 - [STDERR_REDIRECT] 
2026-05-14 14:37:52,277 [ERROR] LogOutputStream:75 - [STDERR_REDIRECT] [Fatal Error] :1:1: Premature end of file.
2026-05-14 14:37:52,277 [ERROR] LogOutputStream:75 - [STDERR_REDIRECT] 
2026-05-14 14:37:53,287 [ERROR] LogOutputStream:75 - [STDERR_REDIRECT] [Fatal Error] :1:1: Premature end of file.
2026-05-14 14:37:53,287 [ERROR] LogOutputStream:75 - [STDERR_REDIRECT] 
2026-05-14 14:37:54,283 [ERROR] LogOutputStream:75 - [STDERR_REDIRECT] [Fatal Error] :1:1: Premature end of file.
2026-05-14 14:37:54,283 [ERROR] LogOutputStream:75 - [STDERR_REDIRECT] 
2026-05-14 14:37:55,280 [ERROR] LogOutputStream:75 - [STDERR_REDIRECT] [Fatal Error] :1:1: Premature end of file.
2026-05-14 14:37:55,280 [ERROR] LogOutputStream:75 - [STDERR_REDIRECT] 
2026-05-14 14:37:56,283 [ERROR] LogOutputStream:75 - [STDERR_REDIRECT] [Fatal Error] :1:1: Premature end of file.
2026-05-14 14:37:56,283 [ERROR] LogOutputStream:75 - [STDERR_REDIRECT] 
2026-05-14 14:37:57,286 [ERROR] LogOutputStream:75 - [STDERR_REDIRECT] [Fatal Error] :1:1: Premature end of file.
2026-05-14 14:37:57,286 [ERROR] LogOutputStream:75 - [STDERR_REDIRECT] 
2026-05-14 14:37:58,286 [ERROR] LogOutputStream:75 - [STDERR_REDIRECT] [Fatal Error] :1:1: Premature end of file.
2026-05-14 14:37:58,286 [ERROR] LogOutputStream:75 - [STDERR_REDIRECT] 
2026-05-14 14:37:59,284 [ERROR] LogOutputStream:75 - [STDERR_REDIRECT] [Fatal Error] :1:1: Premature end of file.
2026-05-14 14:37:59,284 [ERROR] LogOutputStream:75 - [STDERR_REDIRECT] 
2026-05-14 14:38:00,288 [ERROR] LogOutputStream:75 - [STDERR_REDIRECT] [Fatal Error] :1:1: Premature end of file.
2026-05-14 14:38:00,288 [ERROR] LogOutputStream:75 - [STDERR_REDIRECT] 
2026-05-14 14:38:01,293 [ERROR] LogOutputStream:75 - [STDERR_REDIRECT] [Fatal Error] :1:1: Premature end of file.
2026-05-14 14:38:01,293 [ERROR] LogOutputStream:75 - [STDERR_REDIRECT] 
2026-05-14 14:38:02,276 [ERROR] LogOutputStream:75 - [STDERR_REDIRECT] [Fatal Error] :1:1: Premature end of file.
2026-05-14 14:38:02,276 [ERROR] LogOutputStream:75 - [STDERR_REDIRECT] 
2026-05-14 14:38:03,281 [ERROR] LogOutputStream:75 - [STDERR_REDIRECT] [Fatal Error] :1:1: Premature end of file.
2026-05-14 14:38:03,281 [ERROR] LogOutputStream:75 - [STDERR_REDIRECT] 
2026-05-14 14:38:04,272 [ERROR] LogOutputStream:75 - [STDERR_REDIRECT] [Fatal Error] :1:1: Premature end of file.
2026-05-14 14:38:04,272 [ERROR] LogOutputStream:75 - [STDERR_REDIRECT] 
2026-05-14 14:38:05,276 [ERROR] LogOutputStream:75 - [STDERR_REDIRECT] [Fatal Error] :1:1: Premature end of file.
2026-05-14 14:38:05,276 [ERROR] LogOutputStream:75 - [STDERR_REDIRECT] 
2026-05-14 14:38:06,280 [ERROR] LogOutputStream:75 - [STDERR_REDIRECT] [Fatal Error] :1:1: Premature end of file.
2026-05-14 14:38:06,280 [ERROR] LogOutputStream:75 - [STDERR_REDIRECT] 
2026-05-14 14:38:07,284 [ERROR] LogOutputStream:75 - [STDERR_REDIRECT] [Fatal Error] :1:1: Premature end of file.
2026-05-14 14:38:07,284 [ERROR] LogOutputStream:75 - [STDERR_REDIRECT] 
2026-05-14 14:38:08,283 [ERROR] LogOutputStream:75 - [STDERR_REDIRECT] [Fatal Error] :1:1: Premature end of file.
2026-05-14 14:38:08,283 [ERROR] LogOutputStream:75 - [STDERR_REDIRECT] 
2026-05-14 14:38:09,283 [ERROR] LogOutputStream:75 - [STDERR_REDIRECT] [Fatal Error] :1:1: Premature end of file.
2026-05-14 14:38:09,283 [ERROR] LogOutputStream:75 - [STDERR_REDIRECT] 
2026-05-14 14:38:10,276 [ERROR] LogOutputStream:75 - [STDERR_REDIRECT] [Fatal Error] :1:1: Premature end of file.
2026-05-14 14:38:10,276 [ERROR] LogOutputStream:75 - [STDERR_REDIRECT] 
2026-05-14 14:38:11,283 [ERROR] LogOutputStream:75 - [STDERR_REDIRECT] [Fatal Error] :1:1: Premature end of file.
2026-05-14 14:38:11,283 [ERROR] LogOutputStream:75 - [STDERR_REDIRECT] 
2026-05-14 14:38:12,281 [ERROR] LogOutputStream:75 - [STDERR_REDIRECT] [Fatal Error] :1:1: Premature end of file.
2026-05-14 14:38:12,281 [ERROR] LogOutputStream:75 - [STDERR_REDIRECT] 
2026-05-14 14:38:13,274 [ERROR] LogOutputStream:75 - [STDERR_REDIRECT] [Fatal Error] :1:1: Premature end of file.
2026-05-14 14:38:13,274 [ERROR] LogOutputStream:75 - [STDERR_REDIRECT] 
2026-05-14 14:38:14,281 [ERROR] LogOutputStream:75 - [STDERR_REDIRECT] [Fatal Error] :1:1: Premature end of file.
2026-05-14 14:38:14,281 [ERROR] LogOutputStream:75 - [STDERR_REDIRECT] 
2026-05-14 14:38:15,276 [ERROR] LogOutputStream:75 - [STDERR_REDIRECT] [Fatal Error] :1:1: Premature end of file.
2026-05-14 14:38:15,276 [ERROR] LogOutputStream:75 - [STDERR_REDIRECT] 
2026-05-14 14:38:16,273 [ERROR] LogOutputStream:75 - [STDERR_REDIRECT] [Fatal Error] :1:1: Premature end of file.
2026-05-14 14:38:16,273 [ERROR] LogOutputStream:75 - [STDERR_REDIRECT] 
2026-05-14 14:38:17,273 [ERROR] LogOutputStream:75 - [STDERR_REDIRECT] [Fatal Error] :1:1: Premature end of file.
2026-05-14 14:38:17,273 [ERROR] LogOutputStream:75 - [STDERR_REDIRECT] 
2026-05-14 14:38:18,276 [ERROR] LogOutputStream:75 - [STDERR_REDIRECT] [Fatal Error] :1:1: Premature end of file.
2026-05-14 14:38:18,276 [ERROR] LogOutputStream:75 - [STDERR_REDIRECT] 
2026-05-14 14:38:19,279 [ERROR] LogOutputStream:75 - [STDERR_REDIRECT] [Fatal Error] :1:1: Premature end of file.
2026-05-14 14:38:19,279 [ERROR] LogOutputStream:75 - [STDERR_REDIRECT] 
2026-05-14 14:38:20,279 [ERROR] LogOutputStream:75 - [STDERR_REDIRECT] [Fatal Error] :1:1: Premature end of file.
2026-05-14 14:38:20,279 [ERROR] LogOutputStream:75 - [STDERR_REDIRECT] 
2026-05-14 14:38:21,278 [ERROR] LogOutputStream:75 - [STDERR_REDIRECT] [Fatal Error] :1:1: Premature end of file.
2026-05-14 14:38:21,279 [ERROR] LogOutputStream:75 - [STDERR_REDIRECT] 
2026-05-14 14:38:22,279 [ERROR] LogOutputStream:75 - [STDERR_REDIRECT] [Fatal Error] :1:1: Premature end of file.
2026-05-14 14:38:22,280 [ERROR] LogOutputStream:75 - [STDERR_REDIRECT] 
2026-05-14 14:38:23,278 [ERROR] LogOutputStream:75 - [STDERR_REDIRECT] [Fatal Error] :1:1: Premature end of file.
2026-05-14 14:38:23,279 [ERROR] LogOutputStream:75 - [STDERR_REDIRECT] 
2026-05-14 14:38:24,279 [ERROR] LogOutputStream:75 - [STDERR_REDIRECT] [Fatal Error] :1:1: Premature end of file.
2026-05-14 14:38:24,280 [ERROR] LogOutputStream:75 - [STDERR_REDIRECT] 
2026-05-14 14:38:25,277 [ERROR] LogOutputStream:75 - [STDERR_REDIRECT] [Fatal Error] :1:1: Premature end of file.
2026-05-14 14:38:25,277 [ERROR] LogOutputStream:75 - [STDERR_REDIRECT] 
2026-05-14 14:38:26,286 [ERROR] LogOutputStream:75 - [STDERR_REDIRECT] [Fatal Error] :1:1: Premature end of file.
2026-05-14 14:38:26,286 [ERROR] LogOutputStream:75 - [STDERR_REDIRECT] 
2026-05-14 14:38:27,274 [ERROR] LogOutputStream:75 - [STDERR_REDIRECT] [Fatal Error] :1:1: Premature end of file.
2026-05-14 14:38:27,274 [ERROR] LogOutputStream:75 - [STDERR_REDIRECT] 
2026-05-14 14:38:28,282 [ERROR] LogOutputStream:75 - [STDERR_REDIRECT] [Fatal Error] :1:1: Premature end of file.
2026-05-14 14:38:28,284 [ERROR] LogOutputStream:75 - [STDERR_REDIRECT] 
2026-05-14 14:38:29,288 [ERROR] LogOutputStream:75 - [STDERR_REDIRECT] [Fatal Error] :1:1: Premature end of file.
2026-05-14 14:38:29,288 [ERROR] LogOutputStream:75 - [STDERR_REDIRECT] 
2026-05-14 14:38:30,282 [ERROR] LogOutputStream:75 - [STDERR_REDIRECT] [Fatal Error] :1:1: Premature end of file.
2026-05-14 14:38:30,282 [ERROR] LogOutputStream:75 - [STDERR_REDIRECT] 
2026-05-14 14:38:31,287 [ERROR] LogOutputStream:75 - [STDERR_REDIRECT] [Fatal Error] :1:1: Premature end of file.
2026-05-14 14:38:31,287 [ERROR] LogOutputStream:75 - [STDERR_REDIRECT] 
2026-05-14 14:38:32,275 [ERROR] LogOutputStream:75 - [STDERR_REDIRECT] [Fatal Error] :1:1: Premature end of file.
2026-05-14 14:38:32,275 [ERROR] LogOutputStream:75 - [STDERR_REDIRECT] 
2026-05-14 14:38:33,279 [ERROR] LogOutputStream:75 - [STDERR_REDIRECT] [Fatal Error] :1:1: Premature end of file.
2026-05-14 14:38:33,279 [ERROR] LogOutputStream:75 - [STDERR_REDIRECT] 
2026-05-14 14:38:34,282 [ERROR] LogOutputStream:75 - [STDERR_REDIRECT] [Fatal Error] :1:1: Premature end of file.
2026-05-14 14:38:34,282 [ERROR] LogOutputStream:75 - [STDERR_REDIRECT] 
2026-05-14 14:38:35,285 [ERROR] LogOutputStream:75 - [STDERR_REDIRECT] [Fatal Error] :1:1: Premature end of file.
2026-05-14 14:38:35,285 [ERROR] LogOutputStream:75 - [STDERR_REDIRECT] 
2026-05-14 14:38:36,279 [ERROR] LogOutputStream:75 - [STDERR_REDIRECT] [Fatal Error] :1:1: Premature end of file.
2026-05-14 14:38:36,279 [ERROR] LogOutputStream:75 - [STDERR_REDIRECT] 
2026-05-14 14:38:37,277 [ERROR] LogOutputStream:75 - [STDERR_REDIRECT] [Fatal Error] :1:1: Premature end of file.
2026-05-14 14:38:37,277 [ERROR] LogOutputStream:75 - [STDERR_REDIRECT] 
2026-05-14 14:38:38,279 [ERROR] LogOutputStream:75 - [STDERR_REDIRECT] [Fatal Error] :1:1: Premature end of file.
2026-05-14 14:38:38,279 [ERROR] LogOutputStream:75 - [STDERR_REDIRECT] 
2026-05-14 14:38:39,280 [ERROR] LogOutputStream:75 - [STDERR_REDIRECT] [Fatal Error] :1:1: Premature end of file.
2026-05-14 14:38:39,280 [ERROR] LogOutputStream:75 - [STDERR_REDIRECT] 
2026-05-14 14:38:40,279 [ERROR] LogOutputStream:75 - [STDERR_REDIRECT] [Fatal Error] :1:1: Premature end of file.
2026-05-14 14:38:40,279 [ERROR] LogOutputStream:75 - [STDERR_REDIRECT] 
2026-05-14 14:38:41,278 [ERROR] LogOutputStream:75 - [STDERR_REDIRECT] [Fatal Error] :1:1: Premature end of file.
2026-05-14 14:38:41,278 [ERROR] LogOutputStream:75 - [STDERR_REDIRECT] 
2026-05-14 14:38:42,278 [ERROR] LogOutputStream:75 - [STDERR_REDIRECT] [Fatal Error] :1:1: Premature end of file.
2026-05-14 14:38:42,278 [ERROR] LogOutputStream:75 - [STDERR_REDIRECT] 
2026-05-14 14:38:43,278 [ERROR] LogOutputStream:75 - [STDERR_REDIRECT] [Fatal Error] :1:1: Premature end of file.
2026-05-14 14:38:43,279 [ERROR] LogOutputStream:75 - [STDERR_REDIRECT] 
2026-05-14 14:38:44,278 [ERROR] LogOutputStream:75 - [STDERR_REDIRECT] [Fatal Error] :1:1: Premature end of file.
2026-05-14 14:38:44,279 [ERROR] LogOutputStream:75 - [STDERR_REDIRECT] 
2026-05-14 14:38:45,279 [ERROR] LogOutputStream:75 - [STDERR_REDIRECT] [Fatal Error] :1:1: Premature end of file.
2026-05-14 14:38:45,279 [ERROR] LogOutputStream:75 - [STDERR_REDIRECT] 
2026-05-14 14:38:46,278 [ERROR] LogOutputStream:75 - [STDERR_REDIRECT] [Fatal Error] :1:1: Premature end of file.
2026-05-14 14:38:46,278 [ERROR] LogOutputStream:75 - [STDERR_REDIRECT] 
2026-05-14 14:38:47,277 [ERROR] LogOutputStream:75 - [STDERR_REDIRECT] [Fatal Error] :1:1: Premature end of file.
2026-05-14 14:38:47,277 [ERROR] LogOutputStream:75 - [STDERR_REDIRECT] 
2026-05-14 14:38:48,278 [ERROR] LogOutputStream:75 - [STDERR_REDIRECT] [Fatal Error] :1:1: Premature end of file.
2026-05-14 14:38:48,278 [ERROR] LogOutputStream:75 - [STDERR_REDIRECT] 
2026-05-14 14:38:49,281 [ERROR] LogOutputStream:75 - [STDERR_REDIRECT] [Fatal Error] :1:1: Premature end of file.
2026-05-14 14:38:49,281 [ERROR] LogOutputStream:75 - [STDERR_REDIRECT] 
2026-05-14 14:38:50,279 [ERROR] LogOutputStream:75 - [STDERR_REDIRECT] [Fatal Error] :1:1: Premature end of file.
2026-05-14 14:38:50,279 [ERROR] LogOutputStream:75 - [STDERR_REDIRECT] 
2026-05-14 14:38:51,279 [ERROR] LogOutputStream:75 - [STDERR_REDIRECT] [Fatal Error] :1:1: Premature end of file.
2026-05-14 14:38:51,279 [ERROR] LogOutputStream:75 - [STDERR_REDIRECT] 
2026-05-14 14:38:52,278 [ERROR] LogOutputStream:75 - [STDERR_REDIRECT] [Fatal Error] :1:1: Premature end of file.
2026-05-14 14:38:52,278 [ERROR] LogOutputStream:75 - [STDERR_REDIRECT] 
2026-05-14 14:38:53,279 [ERROR] LogOutputStream:75 - [STDERR_REDIRECT] [Fatal Error] :1:1: Premature end of file.
2026-05-14 14:38:53,280 [ERROR] LogOutputStream:75 - [STDERR_REDIRECT] 
2026-05-14 14:38:54,278 [ERROR] LogOutputStream:75 - [STDERR_REDIRECT] [Fatal Error] :1:1: Premature end of file.
2026-05-14 14:38:54,278 [ERROR] LogOutputStream:75 - [STDERR_REDIRECT] 
2026-05-14 14:38:55,278 [ERROR] LogOutputStream:75 - [STDERR_REDIRECT] [Fatal Error] :1:1: Premature end of file.
2026-05-14 14:38:55,278 [ERROR] LogOutputStream:75 - [STDERR_REDIRECT] 
2026-05-14 14:38:56,279 [ERROR] LogOutputStream:75 - [STDERR_REDIRECT] [Fatal Error] :1:1: Premature end of file.
2026-05-14 14:38:56,279 [ERROR] LogOutputStream:75 - [STDERR_REDIRECT] 
2026-05-14 14:38:57,276 [ERROR] LogOutputStream:75 - [STDERR_REDIRECT] [Fatal Error] :1:1: Premature end of file.
2026-05-14 14:38:57,276 [ERROR] LogOutputStream:75 - [STDERR_REDIRECT] 
2026-05-14 14:38:58,278 [ERROR] LogOutputStream:75 - [STDERR_REDIRECT] [Fatal Error] :1:1: Premature end of file.
2026-05-14 14:38:58,278 [ERROR] LogOutputStream:75 - [STDERR_REDIRECT] 
2026-05-14 14:38:59,279 [ERROR] LogOutputStream:75 - [STDERR_REDIRECT] [Fatal Error] :1:1: Premature end of file.
2026-05-14 14:38:59,279 [ERROR] LogOutputStream:75 - [STDERR_REDIRECT] 
2026-05-14 14:39:00,280 [ERROR] LogOutputStream:75 - [STDERR_REDIRECT] [Fatal Error] :1:1: Premature end of file.
2026-05-14 14:39:00,280 [ERROR] LogOutputStream:75 - [STDERR_REDIRECT] 
2026-05-14 14:39:01,280 [ERROR] LogOutputStream:75 - [STDERR_REDIRECT] [Fatal Error] :1:1: Premature end of file.
2026-05-14 14:39:01,280 [ERROR] LogOutputStream:75 - [STDERR_REDIRECT] 
2026-05-14 14:39:02,278 [ERROR] LogOutputStream:75 - [STDERR_REDIRECT] [Fatal Error] :1:1: Premature end of file.
2026-05-14 14:39:02,278 [ERROR] LogOutputStream:75 - [STDERR_REDIRECT] 
2026-05-14 14:39:03,279 [ERROR] LogOutputStream:75 - [STDERR_REDIRECT] [Fatal Error] :1:1: Premature end of file.
2026-05-14 14:39:03,279 [ERROR] LogOutputStream:75 - [STDERR_REDIRECT] 
2026-05-14 14:39:04,278 [ERROR] LogOutputStream:75 - [STDERR_REDIRECT] [Fatal Error] :1:1: Premature end of file.
2026-05-14 14:39:04,278 [ERROR] LogOutputStream:75 - [STDERR_REDIRECT] 
2026-05-14 14:39:05,278 [ERROR] LogOutputStream:75 - [STDERR_REDIRECT] [Fatal Error] :1:1: Premature end of file.
2026-05-14 14:39:05,278 [ERROR] LogOutputStream:75 - [STDERR_REDIRECT] 
2026-05-14 14:39:06,278 [ERROR] LogOutputStream:75 - [STDERR_REDIRECT] [Fatal Error] :1:1: Premature end of file.
2026-05-14 14:39:06,278 [ERROR] LogOutputStream:75 - [STDERR_REDIRECT] 
2026-05-14 14:39:07,278 [ERROR] LogOutputStream:75 - [STDERR_REDIRECT] [Fatal Error] :1:1: Premature end of file.
2026-05-14 14:39:07,278 [ERROR] LogOutputStream:75 - [STDERR_REDIRECT] 
2026-05-14 14:39:08,278 [ERROR] LogOutputStream:75 - [STDERR_REDIRECT] [Fatal Error] :1:1: Premature end of file.
2026-05-14 14:39:08,278 [ERROR] LogOutputStream:75 - [STDERR_REDIRECT] 
2026-05-14 14:39:09,278 [ERROR] LogOutputStream:75 - [STDERR_REDIRECT] [Fatal Error] :1:1: Premature end of file.
2026-05-14 14:39:09,278 [ERROR] LogOutputStream:75 - [STDERR_REDIRECT] 
2026-05-14 14:39:10,279 [ERROR] LogOutputStream:75 - [STDERR_REDIRECT] [Fatal Error] :1:1: Premature end of file.
2026-05-14 14:39:10,279 [ERROR] LogOutputStream:75 - [STDERR_REDIRECT] 
2026-05-14 14:39:11,278 [ERROR] LogOutputStream:75 - [STDERR_REDIRECT] [Fatal Error] :1:1: Premature end of file.
2026-05-14 14:39:11,278 [ERROR] LogOutputStream:75 - [STDERR_REDIRECT] 
2026-05-14 14:39:12,278 [ERROR] LogOutputStream:75 - [STDERR_REDIRECT] [Fatal Error] :1:1: Premature end of file.
2026-05-14 14:39:12,278 [ERROR] LogOutputStream:75 - [STDERR_REDIRECT] 
2026-05-14 14:39:13,279 [ERROR] LogOutputStream:75 - [STDERR_REDIRECT] [Fatal Error] :1:1: Premature end of file.
2026-05-14 14:39:13,279 [ERROR] LogOutputStream:75 - [STDERR_REDIRECT] 
2026-05-14 14:39:14,278 [ERROR] LogOutputStream:75 - [STDERR_REDIRECT] [Fatal Error] :1:1: Premature end of file.
2026-05-14 14:39:14,278 [ERROR] LogOutputStream:75 - [STDERR_REDIRECT] 
2026-05-14 14:39:15,278 [ERROR] LogOutputStream:75 - [STDERR_REDIRECT] [Fatal Error] :1:1: Premature end of file.
2026-05-14 14:39:15,278 [ERROR] LogOutputStream:75 - [STDERR_REDIRECT] 
2026-05-14 14:39:16,277 [ERROR] LogOutputStream:75 - [STDERR_REDIRECT] [Fatal Error] :1:1: Premature end of file.
2026-05-14 14:39:16,277 [ERROR] LogOutputStream:75 - [STDERR_REDIRECT] 
2026-05-14 14:39:17,278 [ERROR] LogOutputStream:75 - [STDERR_REDIRECT] [Fatal Error] :1:1: Premature end of file.
2026-05-14 14:39:17,278 [ERROR] LogOutputStream:75 - [STDERR_REDIRECT] 
2026-05-14 14:39:18,279 [ERROR] LogOutputStream:75 - [STDERR_REDIRECT] [Fatal Error] :1:1: Premature end of file.
2026-05-14 14:39:18,279 [ERROR] LogOutputStream:75 - [STDERR_REDIRECT] 
2026-05-14 14:39:19,278 [ERROR] LogOutputStream:75 - [STDERR_REDIRECT] [Fatal Error] :1:1: Premature end of file.
2026-05-14 14:39:19,279 [ERROR] LogOutputStream:75 - [STDERR_REDIRECT] 
2026-05-14 14:39:20,281 [ERROR] LogOutputStream:75 - [STDERR_REDIRECT] [Fatal Error] :1:1: Premature end of file.
2026-05-14 14:39:20,281 [ERROR] LogOutputStream:75 - [STDERR_REDIRECT] 
2026-05-14 14:39:21,278 [ERROR] LogOutputStream:75 - [STDERR_REDIRECT] [Fatal Error] :1:1: Premature end of file.
2026-05-14 14:39:21,278 [ERROR] LogOutputStream:75 - [STDERR_REDIRECT] 
2026-05-14 14:39:22,272 [ERROR] LogOutputStream:75 - [STDERR_REDIRECT] [Fatal Error] :1:1: Premature end of file.
2026-05-14 14:39:22,272 [ERROR] LogOutputStream:75 - [STDERR_REDIRECT] 
2026-05-14 14:39:23,279 [ERROR] LogOutputStream:75 - [STDERR_REDIRECT] [Fatal Error] :1:1: Premature end of file.
2026-05-14 14:39:23,279 [ERROR] LogOutputStream:75 - [STDERR_REDIRECT] 
2026-05-14 14:39:24,272 [ERROR] LogOutputStream:75 - [STDERR_REDIRECT] [Fatal Error] :1:1: Premature end of file.
2026-05-14 14:39:24,272 [ERROR] LogOutputStream:75 - [STDERR_REDIRECT] 
2026-05-14 14:39:25,275 [ERROR] LogOutputStream:75 - [STDERR_REDIRECT] [Fatal Error] :1:1: Premature end of file.
2026-05-14 14:39:25,275 [ERROR] LogOutputStream:75 - [STDERR_REDIRECT] 
2026-05-14 14:39:26,278 [ERROR] LogOutputStream:75 - [STDERR_REDIRECT] [Fatal Error] :1:1: Premature end of file.
2026-05-14 14:39:26,278 [ERROR] LogOutputStream:75 - [STDERR_REDIRECT] 
2026-05-14 14:39:27,283 [ERROR] LogOutputStream:75 - [STDERR_REDIRECT] [Fatal Error] :1:1: Premature end of file.
2026-05-14 14:39:27,283 [ERROR] LogOutputStream:75 - [STDERR_REDIRECT] 
2026-05-14 14:39:28,275 [ERROR] LogOutputStream:75 - [STDERR_REDIRECT] [Fatal Error] :1:1: Premature end of file.
2026-05-14 14:39:28,275 [ERROR] LogOutputStream:75 - [STDERR_REDIRECT] 
2026-05-14 14:39:29,279 [ERROR] LogOutputStream:75 - [STDERR_REDIRECT] [Fatal Error] :1:1: Premature end of file.
2026-05-14 14:39:29,279 [ERROR] LogOutputStream:75 - [STDERR_REDIRECT] 
2026-05-14 14:39:30,279 [ERROR] LogOutputStream:75 - [STDERR_REDIRECT] [Fatal Error] :1:1: Premature end of file.
2026-05-14 14:39:30,279 [ERROR] LogOutputStream:75 - [STDERR_REDIRECT] 
2026-05-14 14:39:31,280 [ERROR] LogOutputStream:75 - [STDERR_REDIRECT] [Fatal Error] :1:1: Premature end of file.
2026-05-14 14:39:31,280 [ERROR] LogOutputStream:75 - [STDERR_REDIRECT] 
2026-05-14 14:39:32,275 [ERROR] LogOutputStream:75 - [STDERR_REDIRECT] [Fatal Error] :1:1: Premature end of file.
2026-05-14 14:39:32,275 [ERROR] LogOutputStream:75 - [STDERR_REDIRECT] 
2026-05-14 14:39:33,272 [ERROR] LogOutputStream:75 - [STDERR_REDIRECT] [Fatal Error] :1:1: Premature end of file.
2026-05-14 14:39:33,273 [ERROR] LogOutputStream:75 - [STDERR_REDIRECT] 
2026-05-14 14:39:34,279 [ERROR] LogOutputStream:75 - [STDERR_REDIRECT] [Fatal Error] :1:1: Premature end of file.
2026-05-14 14:39:34,279 [ERROR] LogOutputStream:75 - [STDERR_REDIRECT] 
2026-05-14 14:39:35,274 [ERROR] LogOutputStream:75 - [STDERR_REDIRECT] [Fatal Error] :1:1: Premature end of file.
2026-05-14 14:39:35,274 [ERROR] LogOutputStream:75 - [STDERR_REDIRECT] 
2026-05-14 14:39:36,278 [ERROR] LogOutputStream:75 - [STDERR_REDIRECT] [Fatal Error] :1:1: Premature end of file.
2026-05-14 14:39:36,278 [ERROR] LogOutputStream:75 - [STDERR_REDIRECT] 
2026-05-14 14:39:37,278 [ERROR] LogOutputStream:75 - [STDERR_REDIRECT] [Fatal Error] :1:1: Premature end of file.
2026-05-14 14:39:37,279 [ERROR] LogOutputStream:75 - [STDERR_REDIRECT] 
2026-05-14 14:39:38,272 [ERROR] LogOutputStream:75 - [STDERR_REDIRECT] [Fatal Error] :1:1: Premature end of file.
2026-05-14 14:39:38,272 [ERROR] LogOutputStream:75 - [STDERR_REDIRECT] 
2026-05-14 14:39:39,279 [ERROR] LogOutputStream:75 - [STDERR_REDIRECT] [Fatal Error] :1:1: Premature end of file.
2026-05-14 14:39:39,279 [ERROR] LogOutputStream:75 - [STDERR_REDIRECT] 
2026-05-14 14:39:40,278 [ERROR] LogOutputStream:75 - [STDERR_REDIRECT] [Fatal Error] :1:1: Premature end of file.
2026-05-14 14:39:40,278 [ERROR] LogOutputStream:75 - [STDERR_REDIRECT] 
2026-05-14 14:39:41,277 [ERROR] LogOutputStream:75 - [STDERR_REDIRECT] [Fatal Error] :1:1: Premature end of file.
2026-05-14 14:39:41,277 [ERROR] LogOutputStream:75 - [STDERR_REDIRECT] 
2026-05-14 14:39:42,278 [ERROR] LogOutputStream:75 - [STDERR_REDIRECT] [Fatal Error] :1:1: Premature end of file.
2026-05-14 14:39:42,278 [ERROR] LogOutputStream:75 - [STDERR_REDIRECT] 
2026-05-14 14:39:43,279 [ERROR] LogOutputStream:75 - [STDERR_REDIRECT] [Fatal Error] :1:1: Premature end of file.
2026-05-14 14:39:43,279 [ERROR] LogOutputStream:75 - [STDERR_REDIRECT] 
2026-05-14 14:39:44,279 [ERROR] LogOutputStream:75 - [STDERR_REDIRECT] [Fatal Error] :1:1: Premature end of file.
2026-05-14 14:39:44,279 [ERROR] LogOutputStream:75 - [STDERR_REDIRECT] 
2026-05-14 14:39:45,280 [ERROR] LogOutputStream:75 - [STDERR_REDIRECT] [Fatal Error] :1:1: Premature end of file.
2026-05-14 14:39:45,280 [ERROR] LogOutputStream:75 - [STDERR_REDIRECT] 
2026-05-14 14:39:46,279 [ERROR] LogOutputStream:75 - [STDERR_REDIRECT] [Fatal Error] :1:1: Premature end of file.
2026-05-14 14:39:46,279 [ERROR] LogOutputStream:75 - [STDERR_REDIRECT] 
2026-05-14 14:39:47,278 [ERROR] LogOutputStream:75 - [STDERR_REDIRECT] [Fatal Error] :1:1: Premature end of file.
2026-05-14 14:39:47,278 [ERROR] LogOutputStream:75 - [STDERR_REDIRECT] 
2026-05-14 14:39:48,276 [ERROR] LogOutputStream:75 - [STDERR_REDIRECT] [Fatal Error] :1:1: Premature end of file.
2026-05-14 14:39:48,276 [ERROR] LogOutputStream:75 - [STDERR_REDIRECT] 
2026-05-14 14:39:49,275 [ERROR] LogOutputStream:75 - [STDERR_REDIRECT] [Fatal Error] :1:1: Premature end of file.
2026-05-14 14:39:49,275 [ERROR] LogOutputStream:75 - [STDERR_REDIRECT] 
2026-05-14 14:39:50,282 [ERROR] LogOutputStream:75 - [STDERR_REDIRECT] [Fatal Error] :1:1: Premature end of file.
2026-05-14 14:39:50,283 [ERROR] LogOutputStream:75 - [STDERR_REDIRECT] 
2026-05-14 14:39:51,279 [ERROR] LogOutputStream:75 - [STDERR_REDIRECT] [Fatal Error] :1:1: Premature end of file.
2026-05-14 14:39:51,279 [ERROR] LogOutputStream:75 - [STDERR_REDIRECT] 
2026-05-14 14:39:52,279 [ERROR] LogOutputStream:75 - [STDERR_REDIRECT] [Fatal Error] :1:1: Premature end of file.
2026-05-14 14:39:52,280 [ERROR] LogOutputStream:75 - [STDERR_REDIRECT] 
2026-05-14 14:39:53,278 [ERROR] LogOutputStream:75 - [STDERR_REDIRECT] [Fatal Error] :1:1: Premature end of file.
2026-05-14 14:39:53,278 [ERROR] LogOutputStream:75 - [STDERR_REDIRECT] 
2026-05-14 14:39:54,275 [ERROR] LogOutputStream:75 - [STDERR_REDIRECT] [Fatal Error] :1:1: Premature end of file.
2026-05-14 14:39:54,275 [ERROR] LogOutputStream:75 - [STDERR_REDIRECT] 
2026-05-14 14:39:55,279 [ERROR] LogOutputStream:75 - [STDERR_REDIRECT] [Fatal Error] :1:1: Premature end of file.
2026-05-14 14:39:55,279 [ERROR] LogOutputStream:75 - [STDERR_REDIRECT] 
2026-05-14 14:39:56,277 [ERROR] LogOutputStream:75 - [STDERR_REDIRECT] [Fatal Error] :1:1: Premature end of file.
2026-05-14 14:39:56,277 [ERROR] LogOutputStream:75 - [STDERR_REDIRECT] 
2026-05-14 14:39:57,279 [ERROR] LogOutputStream:75 - [STDERR_REDIRECT] [Fatal Error] :1:1: Premature end of file.
2026-05-14 14:39:57,279 [ERROR] LogOutputStream:75 - [STDERR_REDIRECT] 
2026-05-14 14:39:58,279 [ERROR] LogOutputStream:75 - [STDERR_REDIRECT] [Fatal Error] :1:1: Premature end of file.
2026-05-14 14:39:58,279 [ERROR] LogOutputStream:75 - [STDERR_REDIRECT] 
2026-05-14 14:39:59,278 [ERROR] LogOutputStream:75 - [STDERR_REDIRECT] [Fatal Error] :1:1: Premature end of file.
2026-05-14 14:39:59,278 [ERROR] LogOutputStream:75 - [STDERR_REDIRECT] 
2026-05-14 14:40:00,277 [ERROR] LogOutputStream:75 - [STDERR_REDIRECT] [Fatal Error] :1:1: Premature end of file.
2026-05-14 14:40:00,277 [ERROR] LogOutputStream:75 - [STDERR_REDIRECT] 
2026-05-14 14:40:01,278 [ERROR] LogOutputStream:75 - [STDERR_REDIRECT] [Fatal Error] :1:1: Premature end of file.
2026-05-14 14:40:01,278 [ERROR] LogOutputStream:75 - [STDERR_REDIRECT] 
2026-05-14 14:40:02,279 [ERROR] LogOutputStream:75 - [STDERR_REDIRECT] [Fatal Error] :1:1: Premature end of file.
2026-05-14 14:40:02,280 [ERROR] LogOutputStream:75 - [STDERR_REDIRECT] 
2026-05-14 14:40:03,278 [ERROR] LogOutputStream:75 - [STDERR_REDIRECT] [Fatal Error] :1:1: Premature end of file.
2026-05-14 14:40:03,278 [ERROR] LogOutputStream:75 - [STDERR_REDIRECT] 
2026-05-14 14:40:04,277 [ERROR] LogOutputStream:75 - [STDERR_REDIRECT] [Fatal Error] :1:1: Premature end of file.
2026-05-14 14:40:04,277 [ERROR] LogOutputStream:75 - [STDERR_REDIRECT] 
2026-05-14 14:40:05,277 [ERROR] LogOutputStream:75 - [STDERR_REDIRECT] [Fatal Error] :1:1: Premature end of file.
2026-05-14 14:40:05,277 [ERROR] LogOutputStream:75 - [STDERR_REDIRECT] 
2026-05-14 14:40:06,278 [ERROR] LogOutputStream:75 - [STDERR_REDIRECT] [Fatal Error] :1:1: Premature end of file.
2026-05-14 14:40:06,278 [ERROR] LogOutputStream:75 - [STDERR_REDIRECT] 
2026-05-14 14:40:07,279 [ERROR] LogOutputStream:75 - [STDERR_REDIRECT] [Fatal Error] :1:1: Premature end of file.
2026-05-14 14:40:07,279 [ERROR] LogOutputStream:75 - [STDERR_REDIRECT] 
2026-05-14 14:40:08,278 [ERROR] LogOutputStream:75 - [STDERR_REDIRECT] [Fatal Error] :1:1: Premature end of file.
2026-05-14 14:40:08,278 [ERROR] LogOutputStream:75 - [STDERR_REDIRECT] 
2026-05-14 14:40:09,278 [ERROR] LogOutputStream:75 - [STDERR_REDIRECT] [Fatal Error] :1:1: Premature end of file.
2026-05-14 14:40:09,278 [ERROR] LogOutputStream:75 - [STDERR_REDIRECT] 
2026-05-14 14:40:10,279 [ERROR] LogOutputStream:75 - [STDERR_REDIRECT] [Fatal Error] :1:1: Premature end of file.
2026-05-14 14:40:10,279 [ERROR] LogOutputStream:75 - [STDERR_REDIRECT] 
2026-05-14 14:40:11,278 [ERROR] LogOutputStream:75 - [STDERR_REDIRECT] [Fatal Error] :1:1: Premature end of file.
2026-05-14 14:40:11,278 [ERROR] LogOutputStream:75 - [STDERR_REDIRECT] 
2026-05-14 14:40:12,278 [ERROR] LogOutputStream:75 - [STDERR_REDIRECT] [Fatal Error] :1:1: Premature end of file.
2026-05-14 14:40:12,278 [ERROR] LogOutputStream:75 - [STDERR_REDIRECT] 
2026-05-14 14:40:13,277 [ERROR] LogOutputStream:75 - [STDERR_REDIRECT] [Fatal Error] :1:1: Premature end of file.
2026-05-14 14:40:13,277 [ERROR] LogOutputStream:75 - [STDERR_REDIRECT] 
2026-05-14 14:40:14,278 [ERROR] LogOutputStream:75 - [STDERR_REDIRECT] [Fatal Error] :1:1: Premature end of file.
2026-05-14 14:40:14,278 [ERROR] LogOutputStream:75 - [STDERR_REDIRECT] 
2026-05-14 14:40:15,277 [ERROR] LogOutputStream:75 - [STDERR_REDIRECT] [Fatal Error] :1:1: Premature end of file.
2026-05-14 14:40:15,278 [ERROR] LogOutputStream:75 - [STDERR_REDIRECT] 
2026-05-14 14:40:16,279 [ERROR] LogOutputStream:75 - [STDERR_REDIRECT] [Fatal Error] :1:1: Premature end of file.
2026-05-14 14:40:16,279 [ERROR] LogOutputStream:75 - [STDERR_REDIRECT] 
2026-05-14 14:40:17,279 [ERROR] LogOutputStream:75 - [STDERR_REDIRECT] [Fatal Error] :1:1: Premature end of file.
2026-05-14 14:40:17,279 [ERROR] LogOutputStream:75 - [STDERR_REDIRECT] 
2026-05-14 14:40:18,278 [ERROR] LogOutputStream:75 - [STDERR_REDIRECT] [Fatal Error] :1:1: Premature end of file.
2026-05-14 14:40:18,278 [ERROR] LogOutputStream:75 - [STDERR_REDIRECT] 
2026-05-14 14:40:19,279 [ERROR] LogOutputStream:75 - [STDERR_REDIRECT] [Fatal Error] :1:1: Premature end of file.
2026-05-14 14:40:19,279 [ERROR] LogOutputStream:75 - [STDERR_REDIRECT] 
2026-05-14 14:40:20,278 [ERROR] LogOutputStream:75 - [STDERR_REDIRECT] [Fatal Error] :1:1: Premature end of file.
2026-05-14 14:40:20,278 [ERROR] LogOutputStream:75 - [STDERR_REDIRECT] 
2026-05-14 14:40:21,280 [ERROR] LogOutputStream:75 - [STDERR_REDIRECT] [Fatal Error] :1:1: Premature end of file.
2026-05-14 14:40:21,280 [ERROR] LogOutputStream:75 - [STDERR_REDIRECT] 
2026-05-14 14:40:22,278 [ERROR] LogOutputStream:75 - [STDERR_REDIRECT] [Fatal Error] :1:1: Premature end of file.
2026-05-14 14:40:22,278 [ERROR] LogOutputStream:75 - [STDERR_REDIRECT] 
2026-05-14 14:40:23,278 [ERROR] LogOutputStream:75 - [STDERR_REDIRECT] [Fatal Error] :1:1: Premature end of file.
2026-05-14 14:40:23,278 [ERROR] LogOutputStream:75 - [STDERR_REDIRECT] 
2026-05-14 14:40:24,278 [ERROR] LogOutputStream:75 - [STDERR_REDIRECT] [Fatal Error] :1:1: Premature end of file.
2026-05-14 14:40:24,278 [ERROR] LogOutputStream:75 - [STDERR_REDIRECT] 
2026-05-14 14:40:25,278 [ERROR] LogOutputStream:75 - [STDERR_REDIRECT] [Fatal Error] :1:1: Premature end of file.
2026-05-14 14:40:25,278 [ERROR] LogOutputStream:75 - [STDERR_REDIRECT] 
2026-05-14 14:40:26,278 [ERROR] LogOutputStream:75 - [STDERR_REDIRECT] [Fatal Error] :1:1: Premature end of file.
2026-05-14 14:40:26,279 [ERROR] LogOutputStream:75 - [STDERR_REDIRECT] 
2026-05-14 14:40:27,280 [ERROR] LogOutputStream:75 - [STDERR_REDIRECT] [Fatal Error] :1:1: Premature end of file.
2026-05-14 14:40:27,280 [ERROR] LogOutputStream:75 - [STDERR_REDIRECT] 
2026-05-14 14:40:28,278 [ERROR] LogOutputStream:75 - [STDERR_REDIRECT] [Fatal Error] :1:1: Premature end of file.
2026-05-14 14:40:28,278 [ERROR] LogOutputStream:75 - [STDERR_REDIRECT] 
2026-05-14 14:40:29,279 [ERROR] LogOutputStream:75 - [STDERR_REDIRECT] [Fatal Error] :1:1: Premature end of file.
2026-05-14 14:40:29,279 [ERROR] LogOutputStream:75 - [STDERR_REDIRECT] 
2026-05-14 14:40:30,278 [ERROR] LogOutputStream:75 - [STDERR_REDIRECT] [Fatal Error] :1:1: Premature end of file.
2026-05-14 14:40:30,278 [ERROR] LogOutputStream:75 - [STDERR_REDIRECT] 
2026-05-14 14:40:31,278 [ERROR] LogOutputStream:75 - [STDERR_REDIRECT] [Fatal Error] :1:1: Premature end of file.
2026-05-14 14:40:31,279 [ERROR] LogOutputStream:75 - [STDERR_REDIRECT] 
2026-05-14 14:40:32,278 [ERROR] LogOutputStream:75 - [STDERR_REDIRECT] [Fatal Error] :1:1: Premature end of file.
2026-05-14 14:40:32,278 [ERROR] LogOutputStream:75 - [STDERR_REDIRECT] 
2026-05-14 14:40:33,278 [ERROR] LogOutputStream:75 - [STDERR_REDIRECT] [Fatal Error] :1:1: Premature end of file.
2026-05-14 14:40:33,278 [ERROR] LogOutputStream:75 - [STDERR_REDIRECT] 
2026-05-14 14:40:34,279 [ERROR] LogOutputStream:75 - [STDERR_REDIRECT] [Fatal Error] :1:1: Premature end of file.
2026-05-14 14:40:34,279 [ERROR] LogOutputStream:75 - [STDERR_REDIRECT] 
2026-05-14 14:40:35,278 [ERROR] LogOutputStream:75 - [STDERR_REDIRECT] [Fatal Error] :1:1: Premature end of file.
2026-05-14 14:40:35,278 [ERROR] LogOutputStream:75 - [STDERR_REDIRECT] 
2026-05-14 14:40:36,279 [ERROR] LogOutputStream:75 - [STDERR_REDIRECT] [Fatal Error] :1:1: Premature end of file.
2026-05-14 14:40:36,279 [ERROR] LogOutputStream:75 - [STDERR_REDIRECT] 
2026-05-14 14:40:37,278 [ERROR] LogOutputStream:75 - [STDERR_REDIRECT] [Fatal Error] :1:1: Premature end of file.
2026-05-14 14:40:37,278 [ERROR] LogOutputStream:75 - [STDERR_REDIRECT] 
2026-05-14 14:40:38,279 [ERROR] LogOutputStream:75 - [STDERR_REDIRECT] [Fatal Error] :1:1: Premature end of file.
2026-05-14 14:40:38,279 [ERROR] LogOutputStream:75 - [STDERR_REDIRECT] 
2026-05-14 14:40:39,274 [ERROR] LogOutputStream:75 - [STDERR_REDIRECT] [Fatal Error] :1:1: Premature end of file.
2026-05-14 14:40:39,274 [ERROR] LogOutputStream:75 - [STDERR_REDIRECT] 
2026-05-14 14:40:40,277 [ERROR] LogOutputStream:75 - [STDERR_REDIRECT] [Fatal Error] :1:1: Premature end of file.
2026-05-14 14:40:40,277 [ERROR] LogOutputStream:75 - [STDERR_REDIRECT] 
2026-05-14 14:40:41,279 [ERROR] LogOutputStream:75 - [STDERR_REDIRECT] [Fatal Error] :1:1: Premature end of file.
2026-05-14 14:40:41,279 [ERROR] LogOutputStream:75 - [STDERR_REDIRECT] 
2026-05-14 14:40:42,278 [ERROR] LogOutputStream:75 - [STDERR_REDIRECT] [Fatal Error] :1:1: Premature end of file.
2026-05-14 14:40:42,278 [ERROR] LogOutputStream:75 - [STDERR_REDIRECT] 
2026-05-14 14:40:43,279 [ERROR] LogOutputStream:75 - [STDERR_REDIRECT] [Fatal Error] :1:1: Premature end of file.
2026-05-14 14:40:43,279 [ERROR] LogOutputStream:75 - [STDERR_REDIRECT] 
2026-05-14 14:40:44,279 [ERROR] LogOutputStream:75 - [STDERR_REDIRECT] [Fatal Error] :1:1: Premature end of file.
2026-05-14 14:40:44,279 [ERROR] LogOutputStream:75 - [STDERR_REDIRECT] 
2026-05-14 14:40:45,278 [ERROR] LogOutputStream:75 - [STDERR_REDIRECT] [Fatal Error] :1:1: Premature end of file.
2026-05-14 14:40:45,278 [ERROR] LogOutputStream:75 - [STDERR_REDIRECT] 
2026-05-14 14:40:46,279 [ERROR] LogOutputStream:75 - [STDERR_REDIRECT] [Fatal Error] :1:1: Premature end of file.
2026-05-14 14:40:46,279 [ERROR] LogOutputStream:75 - [STDERR_REDIRECT] 
2026-05-14 14:40:47,279 [ERROR] LogOutputStream:75 - [STDERR_REDIRECT] [Fatal Error] :1:1: Premature end of file.
2026-05-14 14:40:47,279 [ERROR] LogOutputStream:75 - [STDERR_REDIRECT] 
2026-05-14 14:40:48,278 [ERROR] LogOutputStream:75 - [STDERR_REDIRECT] [Fatal Error] :1:1: Premature end of file.
2026-05-14 14:40:48,278 [ERROR] LogOutputStream:75 - [STDERR_REDIRECT] 
2026-05-14 14:40:49,272 [ERROR] LogOutputStream:75 - [STDERR_REDIRECT] [Fatal Error] :1:1: Premature end of file.
2026-05-14 14:40:49,272 [ERROR] LogOutputStream:75 - [STDERR_REDIRECT] 
2026-05-14 14:40:50,278 [ERROR] LogOutputStream:75 - [STDERR_REDIRECT] [Fatal Error] :1:1: Premature end of file.
2026-05-14 14:40:50,279 [ERROR] LogOutputStream:75 - [STDERR_REDIRECT] 
2026-05-14 14:40:51,283 [ERROR] LogOutputStream:75 - [STDERR_REDIRECT] [Fatal Error] :1:1: Premature end of file.
2026-05-14 14:40:51,283 [ERROR] LogOutputStream:75 - [STDERR_REDIRECT] 
2026-05-14 14:40:52,278 [ERROR] LogOutputStream:75 - [STDERR_REDIRECT] [Fatal Error] :1:1: Premature end of file.
2026-05-14 14:40:52,278 [ERROR] LogOutputStream:75 - [STDERR_REDIRECT] 
2026-05-14 14:40:53,278 [ERROR] LogOutputStream:75 - [STDERR_REDIRECT] [Fatal Error] :1:1: Premature end of file.
2026-05-14 14:40:53,279 [ERROR] LogOutputStream:75 - [STDERR_REDIRECT] 
2026-05-14 14:40:54,279 [ERROR] LogOutputStream:75 - [STDERR_REDIRECT] [Fatal Error] :1:1: Premature end of file.
2026-05-14 14:40:54,279 [ERROR] LogOutputStream:75 - [STDERR_REDIRECT] 
2026-05-14 14:40:55,279 [ERROR] LogOutputStream:75 - [STDERR_REDIRECT] [Fatal Error] :1:1: Premature end of file.
2026-05-14 14:40:55,280 [ERROR] LogOutputStream:75 - [STDERR_REDIRECT] 
2026-05-14 14:40:56,279 [ERROR] LogOutputStream:75 - [STDERR_REDIRECT] [Fatal Error] :1:1: Premature end of file.
2026-05-14 14:40:56,279 [ERROR] LogOutputStream:75 - [STDERR_REDIRECT] 
2026-05-14 14:40:57,279 [ERROR] LogOutputStream:75 - [STDERR_REDIRECT] [Fatal Error] :1:1: Premature end of file.
2026-05-14 14:40:57,279 [ERROR] LogOutputStream:75 - [STDERR_REDIRECT] 
2026-05-14 14:40:58,278 [ERROR] LogOutputStream:75 - [STDERR_REDIRECT] [Fatal Error] :1:1: Premature end of file.
2026-05-14 14:40:58,278 [ERROR] LogOutputStream:75 - [STDERR_REDIRECT] 
2026-05-14 14:40:59,280 [ERROR] LogOutputStream:75 - [STDERR_REDIRECT] [Fatal Error] :1:1: Premature end of file.
2026-05-14 14:40:59,280 [ERROR] LogOutputStream:75 - [STDERR_REDIRECT] 
2026-05-14 14:41:00,278 [ERROR] LogOutputStream:75 - [STDERR_REDIRECT] [Fatal Error] :1:1: Premature end of file.
2026-05-14 14:41:00,278 [ERROR] LogOutputStream:75 - [STDERR_REDIRECT] 
2026-05-14 14:41:01,279 [ERROR] LogOutputStream:75 - [STDERR_REDIRECT] [Fatal Error] :1:1: Premature end of file.
2026-05-14 14:41:01,279 [ERROR] LogOutputStream:75 - [STDERR_REDIRECT] 
2026-05-14 14:41:02,279 [ERROR] LogOutputStream:75 - [STDERR_REDIRECT] [Fatal Error] :1:1: Premature end of file.
2026-05-14 14:41:02,279 [ERROR] LogOutputStream:75 - [STDERR_REDIRECT] 
2026-05-14 14:41:03,277 [ERROR] LogOutputStream:75 - [STDERR_REDIRECT] [Fatal Error] :1:1: Premature end of file.
2026-05-14 14:41:03,277 [ERROR] LogOutputStream:75 - [STDERR_REDIRECT] 
2026-05-14 14:41:04,279 [ERROR] LogOutputStream:75 - [STDERR_REDIRECT] [Fatal Error] :1:1: Premature end of file.
2026-05-14 14:41:04,279 [ERROR] LogOutputStream:75 - [STDERR_REDIRECT] 
2026-05-14 14:41:05,279 [ERROR] LogOutputStream:75 - [STDERR_REDIRECT] [Fatal Error] :1:1: Premature end of file.
2026-05-14 14:41:05,279 [ERROR] LogOutputStream:75 - [STDERR_REDIRECT] 
2026-05-14 14:41:06,277 [ERROR] LogOutputStream:75 - [STDERR_REDIRECT] [Fatal Error] :1:1: Premature end of file.
2026-05-14 14:41:06,277 [ERROR] LogOutputStream:75 - [STDERR_REDIRECT] 
2026-05-14 14:41:07,280 [ERROR] LogOutputStream:75 - [STDERR_REDIRECT] [Fatal Error] :1:1: Premature end of file.
2026-05-14 14:41:07,280 [ERROR] LogOutputStream:75 - [STDERR_REDIRECT] 
2026-05-14 14:41:08,278 [ERROR] LogOutputStream:75 - [STDERR_REDIRECT] [Fatal Error] :1:1: Premature end of file.
2026-05-14 14:41:08,278 [ERROR] LogOutputStream:75 - [STDERR_REDIRECT] 
2026-05-14 14:41:09,278 [ERROR] LogOutputStream:75 - [STDERR_REDIRECT] [Fatal Error] :1:1: Premature end of file.
2026-05-14 14:41:09,278 [ERROR] LogOutputStream:75 - [STDERR_REDIRECT] 
2026-05-14 14:41:10,279 [ERROR] LogOutputStream:75 - [STDERR_REDIRECT] [Fatal Error] :1:1: Premature end of file.
2026-05-14 14:41:10,279 [ERROR] LogOutputStream:75 - [STDERR_REDIRECT] 
2026-05-14 14:41:11,278 [ERROR] LogOutputStream:75 - [STDERR_REDIRECT] [Fatal Error] :1:1: Premature end of file.
2026-05-14 14:41:11,278 [ERROR] LogOutputStream:75 - [STDERR_REDIRECT] 
2026-05-14 14:41:12,279 [ERROR] LogOutputStream:75 - [STDERR_REDIRECT] [Fatal Error] :1:1: Premature end of file.
2026-05-14 14:41:12,279 [ERROR] LogOutputStream:75 - [STDERR_REDIRECT] 
2026-05-14 14:41:13,278 [ERROR] LogOutputStream:75 - [STDERR_REDIRECT] [Fatal Error] :1:1: Premature end of file.
2026-05-14 14:41:13,278 [ERROR] LogOutputStream:75 - [STDERR_REDIRECT] 
2026-05-14 14:41:14,278 [ERROR] LogOutputStream:75 - [STDERR_REDIRECT] [Fatal Error] :1:1: Premature end of file.
2026-05-14 14:41:14,278 [ERROR] LogOutputStream:75 - [STDERR_REDIRECT] 
2026-05-14 14:41:15,278 [ERROR] LogOutputStream:75 - [STDERR_REDIRECT] [Fatal Error] :1:1: Premature end of file.
2026-05-14 14:41:15,278 [ERROR] LogOutputStream:75 - [STDERR_REDIRECT] 
2026-05-14 14:41:16,278 [ERROR] LogOutputStream:75 - [STDERR_REDIRECT] [Fatal Error] :1:1: Premature end of file.
2026-05-14 14:41:16,278 [ERROR] LogOutputStream:75 - [STDERR_REDIRECT] 
2026-05-14 14:41:17,279 [ERROR] LogOutputStream:75 - [STDERR_REDIRECT] [Fatal Error] :1:1: Premature end of file.
2026-05-14 14:41:17,279 [ERROR] LogOutputStream:75 - [STDERR_REDIRECT] 
2026-05-14 14:41:18,278 [ERROR] LogOutputStream:75 - [STDERR_REDIRECT] [Fatal Error] :1:1: Premature end of file.
2026-05-14 14:41:18,278 [ERROR] LogOutputStream:75 - [STDERR_REDIRECT] 
2026-05-14 14:41:19,279 [ERROR] LogOutputStream:75 - [STDERR_REDIRECT] [Fatal Error] :1:1: Premature end of file.
2026-05-14 14:41:19,279 [ERROR] LogOutputStream:75 - [STDERR_REDIRECT] 
2026-05-14 14:41:20,279 [ERROR] LogOutputStream:75 - [STDERR_REDIRECT] [Fatal Error] :1:1: Premature end of file.
2026-05-14 14:41:20,279 [ERROR] LogOutputStream:75 - [STDERR_REDIRECT] 
2026-05-14 14:41:21,278 [ERROR] LogOutputStream:75 - [STDERR_REDIRECT] [Fatal Error] :1:1: Premature end of file.
2026-05-14 14:41:21,278 [ERROR] LogOutputStream:75 - [STDERR_REDIRECT] 
2026-05-14 14:41:22,278 [ERROR] LogOutputStream:75 - [STDERR_REDIRECT] [Fatal Error] :1:1: Premature end of file.
2026-05-14 14:41:22,278 [ERROR] LogOutputStream:75 - [STDERR_REDIRECT] 
2026-05-14 14:41:23,278 [ERROR] LogOutputStream:75 - [STDERR_REDIRECT] [Fatal Error] :1:1: Premature end of file.
2026-05-14 14:41:23,279 [ERROR] LogOutputStream:75 - [STDERR_REDIRECT] 
2026-05-14 14:41:24,278 [ERROR] LogOutputStream:75 - [STDERR_REDIRECT] [Fatal Error] :1:1: Premature end of file.
2026-05-14 14:41:24,278 [ERROR] LogOutputStream:75 - [STDERR_REDIRECT] 
2026-05-14 14:41:25,278 [ERROR] LogOutputStream:75 - [STDERR_REDIRECT] [Fatal Error] :1:1: Premature end of file.
2026-05-14 14:41:25,279 [ERROR] LogOutputStream:75 - [STDERR_REDIRECT] 
2026-05-14 14:41:26,279 [ERROR] LogOutputStream:75 - [STDERR_REDIRECT] [Fatal Error] :1:1: Premature end of file.
2026-05-14 14:41:26,279 [ERROR] LogOutputStream:75 - [STDERR_REDIRECT] 
2026-05-14 14:41:27,278 [ERROR] LogOutputStream:75 - [STDERR_REDIRECT] [Fatal Error] :1:1: Premature end of file.
2026-05-14 14:41:27,278 [ERROR] LogOutputStream:75 - [STDERR_REDIRECT] 
2026-05-14 14:41:28,278 [ERROR] LogOutputStream:75 - [STDERR_REDIRECT] [Fatal Error] :1:1: Premature end of file.
2026-05-14 14:41:28,279 [ERROR] LogOutputStream:75 - [STDERR_REDIRECT] 
2026-05-14 14:41:29,280 [ERROR] LogOutputStream:75 - [STDERR_REDIRECT] [Fatal Error] :1:1: Premature end of file.
2026-05-14 14:41:29,280 [ERROR] LogOutputStream:75 - [STDERR_REDIRECT] 
2026-05-14 14:41:30,278 [ERROR] LogOutputStream:75 - [STDERR_REDIRECT] [Fatal Error] :1:1: Premature end of file.
2026-05-14 14:41:30,278 [ERROR] LogOutputStream:75 - [STDERR_REDIRECT] 
2026-05-14 14:41:31,278 [ERROR] LogOutputStream:75 - [STDERR_REDIRECT] [Fatal Error] :1:1: Premature end of file.
2026-05-14 14:41:31,278 [ERROR] LogOutputStream:75 - [STDERR_REDIRECT] 
2026-05-14 14:41:32,278 [ERROR] LogOutputStream:75 - [STDERR_REDIRECT] [Fatal Error] :1:1: Premature end of file.
2026-05-14 14:41:32,278 [ERROR] LogOutputStream:75 - [STDERR_REDIRECT] 
2026-05-14 14:41:33,279 [ERROR] LogOutputStream:75 - [STDERR_REDIRECT] [Fatal Error] :1:1: Premature end of file.
2026-05-14 14:41:33,279 [ERROR] LogOutputStream:75 - [STDERR_REDIRECT] 
2026-05-14 14:41:34,279 [ERROR] LogOutputStream:75 - [STDERR_REDIRECT] [Fatal Error] :1:1: Premature end of file.
2026-05-14 14:41:34,279 [ERROR] LogOutputStream:75 - [STDERR_REDIRECT] 
2026-05-14 14:41:35,278 [ERROR] LogOutputStream:75 - [STDERR_REDIRECT] [Fatal Error] :1:1: Premature end of file.
2026-05-14 14:41:35,278 [ERROR] LogOutputStream:75 - [STDERR_REDIRECT] 
2026-05-14 14:41:36,279 [ERROR] LogOutputStream:75 - [STDERR_REDIRECT] [Fatal Error] :1:1: Premature end of file.
2026-05-14 14:41:36,279 [ERROR] LogOutputStream:75 - [STDERR_REDIRECT] 
2026-05-14 14:41:37,277 [ERROR] LogOutputStream:75 - [STDERR_REDIRECT] [Fatal Error] :1:1: Premature end of file.
2026-05-14 14:41:37,278 [ERROR] LogOutputStream:75 - [STDERR_REDIRECT] 
2026-05-14 14:41:38,278 [ERROR] LogOutputStream:75 - [STDERR_REDIRECT] [Fatal Error] :1:1: Premature end of file.
2026-05-14 14:41:38,278 [ERROR] LogOutputStream:75 - [STDERR_REDIRECT] 
2026-05-14 14:41:39,278 [ERROR] LogOutputStream:75 - [STDERR_REDIRECT] [Fatal Error] :1:1: Premature end of file.
2026-05-14 14:41:39,278 [ERROR] LogOutputStream:75 - [STDERR_REDIRECT] 
2026-05-14 14:41:40,277 [ERROR] LogOutputStream:75 - [STDERR_REDIRECT] [Fatal Error] :1:1: Premature end of file.
2026-05-14 14:41:40,277 [ERROR] LogOutputStream:75 - [STDERR_REDIRECT] 
2026-05-14 14:41:41,278 [ERROR] LogOutputStream:75 - [STDERR_REDIRECT] [Fatal Error] :1:1: Premature end of file.
2026-05-14 14:41:41,278 [ERROR] LogOutputStream:75 - [STDERR_REDIRECT] 
2026-05-14 14:41:42,278 [ERROR] LogOutputStream:75 - [STDERR_REDIRECT] [Fatal Error] :1:1: Premature end of file.
2026-05-14 14:41:42,278 [ERROR] LogOutputStream:75 - [STDERR_REDIRECT] 
2026-05-14 14:41:43,278 [ERROR] LogOutputStream:75 - [STDERR_REDIRECT] [Fatal Error] :1:1: Premature end of file.
2026-05-14 14:41:43,278 [ERROR] LogOutputStream:75 - [STDERR_REDIRECT] 
2026-05-14 14:41:44,277 [ERROR] LogOutputStream:75 - [STDERR_REDIRECT] [Fatal Error] :1:1: Premature end of file.
2026-05-14 14:41:44,277 [ERROR] LogOutputStream:75 - [STDERR_REDIRECT] 
2026-05-14 14:41:45,278 [ERROR] LogOutputStream:75 - [STDERR_REDIRECT] [Fatal Error] :1:1: Premature end of file.
2026-05-14 14:41:45,279 [ERROR] LogOutputStream:75 - [STDERR_REDIRECT] 
2026-05-14 14:41:46,279 [ERROR] LogOutputStream:75 - [STDERR_REDIRECT] [Fatal Error] :1:1: Premature end of file.
2026-05-14 14:41:46,279 [ERROR] LogOutputStream:75 - [STDERR_REDIRECT] 
2026-05-14 14:41:47,280 [ERROR] LogOutputStream:75 - [STDERR_REDIRECT] [Fatal Error] :1:1: Premature end of file.
2026-05-14 14:41:47,280 [ERROR] LogOutputStream:75 - [STDERR_REDIRECT] 
2026-05-14 14:41:48,279 [ERROR] LogOutputStream:75 - [STDERR_REDIRECT] [Fatal Error] :1:1: Premature end of file.
2026-05-14 14:41:48,279 [ERROR] LogOutputStream:75 - [STDERR_REDIRECT] 
2026-05-14 14:41:49,278 [ERROR] LogOutputStream:75 - [STDERR_REDIRECT] [Fatal Error] :1:1: Premature end of file.
2026-05-14 14:41:49,278 [ERROR] LogOutputStream:75 - [STDERR_REDIRECT] 
2026-05-14 14:41:50,274 [ERROR] LogOutputStream:75 - [STDERR_REDIRECT] [Fatal Error] :1:1: Premature end of file.
2026-05-14 14:41:50,274 [ERROR] LogOutputStream:75 - [STDERR_REDIRECT] 
2026-05-14 14:41:51,281 [ERROR] LogOutputStream:75 - [STDERR_REDIRECT] [Fatal Error] :1:1: Premature end of file.
2026-05-14 14:41:51,281 [ERROR] LogOutputStream:75 - [STDERR_REDIRECT] 
2026-05-14 14:41:52,279 [ERROR] LogOutputStream:75 - [STDERR_REDIRECT] [Fatal Error] :1:1: Premature end of file.
2026-05-14 14:41:52,279 [ERROR] LogOutputStream:75 - [STDERR_REDIRECT] 
2026-05-14 14:41:53,277 [ERROR] LogOutputStream:75 - [STDERR_REDIRECT] [Fatal Error] :1:1: Premature end of file.
2026-05-14 14:41:53,277 [ERROR] LogOutputStream:75 - [STDERR_REDIRECT] 
2026-05-14 14:41:54,279 [ERROR] LogOutputStream:75 - [STDERR_REDIRECT] [Fatal Error] :1:1: Premature end of file.
2026-05-14 14:41:54,279 [ERROR] LogOutputStream:75 - [STDERR_REDIRECT] 
2026-05-14 14:41:55,282 [ERROR] LogOutputStream:75 - [STDERR_REDIRECT] [Fatal Error] :1:1: Premature end of file.
2026-05-14 14:41:55,282 [ERROR] LogOutputStream:75 - [STDERR_REDIRECT] 
2026-05-14 14:41:56,279 [ERROR] LogOutputStream:75 - [STDERR_REDIRECT] [Fatal Error] :1:1: Premature end of file.
2026-05-14 14:41:56,279 [ERROR] LogOutputStream:75 - [STDERR_REDIRECT] 
2026-05-14 14:41:57,279 [ERROR] LogOutputStream:75 - [STDERR_REDIRECT] [Fatal Error] :1:1: Premature end of file.
2026-05-14 14:41:57,280 [ERROR] LogOutputStream:75 - [STDERR_REDIRECT] 
2026-05-14 14:41:58,272 [ERROR] LogOutputStream:75 - [STDERR_REDIRECT] [Fatal Error] :1:1: Premature end of file.
2026-05-14 14:41:58,272 [ERROR] LogOutputStream:75 - [STDERR_REDIRECT] 
2026-05-14 14:41:59,279 [ERROR] LogOutputStream:75 - [STDERR_REDIRECT] [Fatal Error] :1:1: Premature end of file.
2026-05-14 14:41:59,279 [ERROR] LogOutputStream:75 - [STDERR_REDIRECT] 
2026-05-14 14:42:00,275 [ERROR] LogOutputStream:75 - [STDERR_REDIRECT] [Fatal Error] :1:1: Premature end of file.
2026-05-14 14:42:00,275 [ERROR] LogOutputStream:75 - [STDERR_REDIRECT] 
2026-05-14 14:42:01,278 [ERROR] LogOutputStream:75 - [STDERR_REDIRECT] [Fatal Error] :1:1: Premature end of file.
2026-05-14 14:42:01,278 [ERROR] LogOutputStream:75 - [STDERR_REDIRECT] 
2026-05-14 14:42:02,278 [ERROR] LogOutputStream:75 - [STDERR_REDIRECT] [Fatal Error] :1:1: Premature end of file.
2026-05-14 14:42:02,278 [ERROR] LogOutputStream:75 - [STDERR_REDIRECT] 
2026-05-14 14:42:03,279 [ERROR] LogOutputStream:75 - [STDERR_REDIRECT] [Fatal Error] :1:1: Premature end of file.
2026-05-14 14:42:03,279 [ERROR] LogOutputStream:75 - [STDERR_REDIRECT] 
2026-05-14 14:42:04,279 [ERROR] LogOutputStream:75 - [STDERR_REDIRECT] [Fatal Error] :1:1: Premature end of file.
2026-05-14 14:42:04,279 [ERROR] LogOutputStream:75 - [STDERR_REDIRECT] 
2026-05-14 14:42:05,278 [ERROR] LogOutputStream:75 - [STDERR_REDIRECT] [Fatal Error] :1:1: Premature end of file.
2026-05-14 14:42:05,278 [ERROR] LogOutputStream:75 - [STDERR_REDIRECT] 
2026-05-14 14:42:06,278 [ERROR] LogOutputStream:75 - [STDERR_REDIRECT] [Fatal Error] :1:1: Premature end of file.
2026-05-14 14:42:06,278 [ERROR] LogOutputStream:75 - [STDERR_REDIRECT] 
2026-05-14 14:42:07,278 [ERROR] LogOutputStream:75 - [STDERR_REDIRECT] [Fatal Error] :1:1: Premature end of file.
2026-05-14 14:42:07,278 [ERROR] LogOutputStream:75 - [STDERR_REDIRECT] 
2026-05-14 14:42:08,279 [ERROR] LogOutputStream:75 - [STDERR_REDIRECT] [Fatal Error] :1:1: Premature end of file.
2026-05-14 14:42:08,279 [ERROR] LogOutputStream:75 - [STDERR_REDIRECT] 
2026-05-14 14:42:09,278 [ERROR] LogOutputStream:75 - [STDERR_REDIRECT] [Fatal Error] :1:1: Premature end of file.
2026-05-14 14:42:09,278 [ERROR] LogOutputStream:75 - [STDERR_REDIRECT] 
2026-05-14 14:42:10,279 [ERROR] LogOutputStream:75 - [STDERR_REDIRECT] [Fatal Error] :1:1: Premature end of file.
2026-05-14 14:42:10,279 [ERROR] LogOutputStream:75 - [STDERR_REDIRECT] 
2026-05-14 14:42:11,278 [ERROR] LogOutputStream:75 - [STDERR_REDIRECT] [Fatal Error] :1:1: Premature end of file.
2026-05-14 14:42:11,278 [ERROR] LogOutputStream:75 - [STDERR_REDIRECT] 
2026-05-14 14:42:12,279 [ERROR] LogOutputStream:75 - [STDERR_REDIRECT] [Fatal Error] :1:1: Premature end of file.
2026-05-14 14:42:12,279 [ERROR] LogOutputStream:75 - [STDERR_REDIRECT] 
2026-05-14 14:42:13,278 [ERROR] LogOutputStream:75 - [STDERR_REDIRECT] [Fatal Error] :1:1: Premature end of file.
2026-05-14 14:42:13,278 [ERROR] LogOutputStream:75 - [STDERR_REDIRECT] 
2026-05-14 14:42:14,278 [ERROR] LogOutputStream:75 - [STDERR_REDIRECT] [Fatal Error] :1:1: Premature end of file.
2026-05-14 14:42:14,278 [ERROR] LogOutputStream:75 - [STDERR_REDIRECT] 
2026-05-14 14:42:15,278 [ERROR] LogOutputStream:75 - [STDERR_REDIRECT] [Fatal Error] :1:1: Premature end of file.
2026-05-14 14:42:15,278 [ERROR] LogOutputStream:75 - [STDERR_REDIRECT] 
2026-05-14 14:42:16,274 [ERROR] LogOutputStream:75 - [STDERR_REDIRECT] [Fatal Error] :1:1: Premature end of file.
2026-05-14 14:42:16,274 [ERROR] LogOutputStream:75 - [STDERR_REDIRECT] 
2026-05-14 14:42:17,272 [ERROR] LogOutputStream:75 - [STDERR_REDIRECT] [Fatal Error] :1:1: Premature end of file.
2026-05-14 14:42:17,272 [ERROR] LogOutputStream:75 - [STDERR_REDIRECT] 
2026-05-14 14:42:18,277 [ERROR] LogOutputStream:75 - [STDERR_REDIRECT] [Fatal Error] :1:1: Premature end of file.
2026-05-14 14:42:18,277 [ERROR] LogOutputStream:75 - [STDERR_REDIRECT] 
2026-05-14 14:42:19,279 [ERROR] LogOutputStream:75 - [STDERR_REDIRECT] [Fatal Error] :1:1: Premature end of file.
2026-05-14 14:42:19,279 [ERROR] LogOutputStream:75 - [STDERR_REDIRECT] 
2026-05-14 14:42:20,278 [ERROR] LogOutputStream:75 - [STDERR_REDIRECT] [Fatal Error] :1:1: Premature end of file.
2026-05-14 14:42:20,278 [ERROR] LogOutputStream:75 - [STDERR_REDIRECT] 
2026-05-14 14:42:21,279 [ERROR] LogOutputStream:75 - [STDERR_REDIRECT] [Fatal Error] :1:1: Premature end of file.
2026-05-14 14:42:21,279 [ERROR] LogOutputStream:75 - [STDERR_REDIRECT] 
2026-05-14 14:42:22,279 [ERROR] LogOutputStream:75 - [STDERR_REDIRECT] [Fatal Error] :1:1: Premature end of file.
2026-05-14 14:42:22,279 [ERROR] LogOutputStream:75 - [STDERR_REDIRECT] 
2026-05-14 14:42:23,278 [ERROR] LogOutputStream:75 - [STDERR_REDIRECT] [Fatal Error] :1:1: Premature end of file.
2026-05-14 14:42:23,278 [ERROR] LogOutputStream:75 - [STDERR_REDIRECT] 
2026-05-14 14:42:24,279 [ERROR] LogOutputStream:75 - [STDERR_REDIRECT] [Fatal Error] :1:1: Premature end of file.
2026-05-14 14:42:24,279 [ERROR] LogOutputStream:75 - [STDERR_REDIRECT] 
2026-05-14 14:42:25,278 [ERROR] LogOutputStream:75 - [STDERR_REDIRECT] [Fatal Error] :1:1: Premature end of file.
2026-05-14 14:42:25,278 [ERROR] LogOutputStream:75 - [STDERR_REDIRECT] 
2026-05-14 14:42:26,278 [ERROR] LogOutputStream:75 - [STDERR_REDIRECT] [Fatal Error] :1:1: Premature end of file.
2026-05-14 14:42:26,278 [ERROR] LogOutputStream:75 - [STDERR_REDIRECT] 
2026-05-14 14:42:27,278 [ERROR] LogOutputStream:75 - [STDERR_REDIRECT] [Fatal Error] :1:1: Premature end of file.
2026-05-14 14:42:27,278 [ERROR] LogOutputStream:75 - [STDERR_REDIRECT] 
2026-05-14 14:42:28,273 [ERROR] LogOutputStream:75 - [STDERR_REDIRECT] [Fatal Error] :1:1: Premature end of file.
2026-05-14 14:42:28,273 [ERROR] LogOutputStream:75 - [STDERR_REDIRECT] 
2026-05-14 14:42:29,277 [ERROR] LogOutputStream:75 - [STDERR_REDIRECT] [Fatal Error] :1:1: Premature end of file.
2026-05-14 14:42:29,277 [ERROR] LogOutputStream:75 - [STDERR_REDIRECT] 
2026-05-14 14:42:30,281 [ERROR] LogOutputStream:75 - [STDERR_REDIRECT] [Fatal Error] :1:1: Premature end of file.
2026-05-14 14:42:30,281 [ERROR] LogOutputStream:75 - [STDERR_REDIRECT] 
2026-05-14 14:42:31,281 [ERROR] LogOutputStream:75 - [STDERR_REDIRECT] [Fatal Error] :1:1: Premature end of file.
2026-05-14 14:42:31,281 [ERROR] LogOutputStream:75 - [STDERR_REDIRECT] 
2026-05-14 14:42:32,285 [ERROR] LogOutputStream:75 - [STDERR_REDIRECT] [Fatal Error] :1:1: Premature end of file.
2026-05-14 14:42:32,285 [ERROR] LogOutputStream:75 - [STDERR_REDIRECT] 
2026-05-14 14:42:33,287 [ERROR] LogOutputStream:75 - [STDERR_REDIRECT] [Fatal Error] :1:1: Premature end of file.
2026-05-14 14:42:33,287 [ERROR] LogOutputStream:75 - [STDERR_REDIRECT] 
2026-05-14 14:42:34,285 [ERROR] LogOutputStream:75 - [STDERR_REDIRECT] [Fatal Error] :1:1: Premature end of file.
2026-05-14 14:42:34,285 [ERROR] LogOutputStream:75 - [STDERR_REDIRECT] 
2026-05-14 14:42:35,284 [ERROR] LogOutputStream:75 - [STDERR_REDIRECT] [Fatal Error] :1:1: Premature end of file.
2026-05-14 14:42:35,284 [ERROR] LogOutputStream:75 - [STDERR_REDIRECT] 
2026-05-14 14:42:36,286 [ERROR] LogOutputStream:75 - [STDERR_REDIRECT] [Fatal Error] :1:1: Premature end of file.
2026-05-14 14:42:36,286 [ERROR] LogOutputStream:75 - [STDERR_REDIRECT] 
2026-05-14 14:42:37,284 [ERROR] LogOutputStream:75 - [STDERR_REDIRECT] [Fatal Error] :1:1: Premature end of file.
2026-05-14 14:42:37,284 [ERROR] LogOutputStream:75 - [STDERR_REDIRECT] 
2026-05-14 14:42:38,287 [ERROR] LogOutputStream:75 - [STDERR_REDIRECT] [Fatal Error] :1:1: Premature end of file.
2026-05-14 14:42:38,287 [ERROR] LogOutputStream:75 - [STDERR_REDIRECT] 
2026-05-14 14:42:39,274 [ERROR] LogOutputStream:75 - [STDERR_REDIRECT] [Fatal Error] :1:1: Premature end of file.
2026-05-14 14:42:39,274 [ERROR] LogOutputStream:75 - [STDERR_REDIRECT] 
2026-05-14 14:42:40,276 [ERROR] LogOutputStream:75 - [STDERR_REDIRECT] [Fatal Error] :1:1: Premature end of file.
2026-05-14 14:42:40,276 [ERROR] LogOutputStream:75 - [STDERR_REDIRECT] 
2026-05-14 14:42:41,276 [ERROR] LogOutputStream:75 - [STDERR_REDIRECT] [Fatal Error] :1:1: Premature end of file.
2026-05-14 14:42:41,276 [ERROR] LogOutputStream:75 - [STDERR_REDIRECT] 
2026-05-14 14:42:42,278 [ERROR] LogOutputStream:75 - [STDERR_REDIRECT] [Fatal Error] :1:1: Premature end of file.
2026-05-14 14:42:42,278 [ERROR] LogOutputStream:75 - [STDERR_REDIRECT] 
2026-05-14 14:42:43,281 [ERROR] LogOutputStream:75 - [STDERR_REDIRECT] [Fatal Error] :1:1: Premature end of file.
2026-05-14 14:42:43,281 [ERROR] LogOutputStream:75 - [STDERR_REDIRECT] 
2026-05-14 14:42:44,282 [ERROR] LogOutputStream:75 - [STDERR_REDIRECT] [Fatal Error] :1:1: Premature end of file.
2026-05-14 14:42:44,282 [ERROR] LogOutputStream:75 - [STDERR_REDIRECT] 
2026-05-14 14:42:45,284 [ERROR] LogOutputStream:75 - [STDERR_REDIRECT] [Fatal Error] :1:1: Premature end of file.
2026-05-14 14:42:45,284 [ERROR] LogOutputStream:75 - [STDERR_REDIRECT] 
2026-05-14 14:42:46,286 [ERROR] LogOutputStream:75 - [STDERR_REDIRECT] [Fatal Error] :1:1: Premature end of file.
2026-05-14 14:42:46,286 [ERROR] LogOutputStream:75 - [STDERR_REDIRECT] 
2026-05-14 14:42:47,282 [ERROR] LogOutputStream:75 - [STDERR_REDIRECT] [Fatal Error] :1:1: Premature end of file.
2026-05-14 14:42:47,282 [ERROR] LogOutputStream:75 - [STDERR_REDIRECT] 
2026-05-14 14:42:48,285 [ERROR] LogOutputStream:75 - [STDERR_REDIRECT] [Fatal Error] :1:1: Premature end of file.
2026-05-14 14:42:48,285 [ERROR] LogOutputStream:75 - [STDERR_REDIRECT] 
2026-05-14 14:42:49,283 [ERROR] LogOutputStream:75 - [STDERR_REDIRECT] [Fatal Error] :1:1: Premature end of file.
2026-05-14 14:42:49,283 [ERROR] LogOutputStream:75 - [STDERR_REDIRECT] 
2026-05-14 14:42:50,285 [ERROR] LogOutputStream:75 - [STDERR_REDIRECT] [Fatal Error] :1:1: Premature end of file.
2026-05-14 14:42:50,285 [ERROR] LogOutputStream:75 - [STDERR_REDIRECT] 
2026-05-14 14:42:51,274 [ERROR] LogOutputStream:75 - [STDERR_REDIRECT] [Fatal Error] :1:1: Premature end of file.
2026-05-14 14:42:51,274 [ERROR] LogOutputStream:75 - [STDERR_REDIRECT] 
2026-05-14 14:42:52,276 [ERROR] LogOutputStream:75 - [STDERR_REDIRECT] [Fatal Error] :1:1: Premature end of file.
2026-05-14 14:42:52,276 [ERROR] LogOutputStream:75 - [STDERR_REDIRECT] 
2026-05-14 14:42:53,279 [ERROR] LogOutputStream:75 - [STDERR_REDIRECT] [Fatal Error] :1:1: Premature end of file.
2026-05-14 14:42:53,279 [ERROR] LogOutputStream:75 - [STDERR_REDIRECT] 
2026-05-14 14:42:54,281 [ERROR] LogOutputStream:75 - [STDERR_REDIRECT] [Fatal Error] :1:1: Premature end of file.
2026-05-14 14:42:54,281 [ERROR] LogOutputStream:75 - [STDERR_REDIRECT] 
2026-05-14 14:42:55,283 [ERROR] LogOutputStream:75 - [STDERR_REDIRECT] [Fatal Error] :1:1: Premature end of file.
2026-05-14 14:42:55,283 [ERROR] LogOutputStream:75 - [STDERR_REDIRECT] 
2026-05-14 14:42:56,286 [ERROR] LogOutputStream:75 - [STDERR_REDIRECT] [Fatal Error] :1:1: Premature end of file.
2026-05-14 14:42:56,286 [ERROR] LogOutputStream:75 - [STDERR_REDIRECT] 
2026-05-14 14:42:57,286 [ERROR] LogOutputStream:75 - [STDERR_REDIRECT] [Fatal Error] :1:1: Premature end of file.
2026-05-14 14:42:57,286 [ERROR] LogOutputStream:75 - [STDERR_REDIRECT] 
2026-05-14 14:42:58,274 [ERROR] LogOutputStream:75 - [STDERR_REDIRECT] [Fatal Error] :1:1: Premature end of file.
2026-05-14 14:42:58,274 [ERROR] LogOutputStream:75 - [STDERR_REDIRECT] 
2026-05-14 14:42:59,272 [ERROR] LogOutputStream:75 - [STDERR_REDIRECT] [Fatal Error] :1:1: Premature end of file.
2026-05-14 14:42:59,272 [ERROR] LogOutputStream:75 - [STDERR_REDIRECT] 
2026-05-14 14:43:00,277 [ERROR] LogOutputStream:75 - [STDERR_REDIRECT] [Fatal Error] :1:1: Premature end of file.
2026-05-14 14:43:00,277 [ERROR] LogOutputStream:75 - [STDERR_REDIRECT] 
2026-05-14 14:43:01,279 [ERROR] LogOutputStream:75 - [STDERR_REDIRECT] [Fatal Error] :1:1: Premature end of file.
2026-05-14 14:43:01,279 [ERROR] LogOutputStream:75 - [STDERR_REDIRECT] 
2026-05-14 14:43:02,277 [ERROR] LogOutputStream:75 - [STDERR_REDIRECT] [Fatal Error] :1:1: Premature end of file.
2026-05-14 14:43:02,277 [ERROR] LogOutputStream:75 - [STDERR_REDIRECT] 
2026-05-14 14:43:03,274 [ERROR] LogOutputStream:75 - [STDERR_REDIRECT] [Fatal Error] :1:1: Premature end of file.
2026-05-14 14:43:03,274 [ERROR] LogOutputStream:75 - [STDERR_REDIRECT] 
2026-05-14 14:43:04,276 [ERROR] LogOutputStream:75 - [STDERR_REDIRECT] [Fatal Error] :1:1: Premature end of file.
2026-05-14 14:43:04,276 [ERROR] LogOutputStream:75 - [STDERR_REDIRECT] 
2026-05-14 14:43:05,278 [ERROR] LogOutputStream:75 - [STDERR_REDIRECT] [Fatal Error] :1:1: Premature end of file.
2026-05-14 14:43:05,278 [ERROR] LogOutputStream:75 - [STDERR_REDIRECT] 
2026-05-14 14:43:06,281 [ERROR] LogOutputStream:75 - [STDERR_REDIRECT] [Fatal Error] :1:1: Premature end of file.
2026-05-14 14:43:06,281 [ERROR] LogOutputStream:75 - [STDERR_REDIRECT] 
2026-05-14 14:43:07,283 [ERROR] LogOutputStream:75 - [STDERR_REDIRECT] [Fatal Error] :1:1: Premature end of file.
2026-05-14 14:43:07,283 [ERROR] LogOutputStream:75 - [STDERR_REDIRECT] 
2026-05-14 14:43:08,284 [ERROR] LogOutputStream:75 - [STDERR_REDIRECT] [Fatal Error] :1:1: Premature end of file.
2026-05-14 14:43:08,284 [ERROR] LogOutputStream:75 - [STDERR_REDIRECT] 
2026-05-14 14:43:09,272 [ERROR] LogOutputStream:75 - [STDERR_REDIRECT] [Fatal Error] :1:1: Premature end of file.
2026-05-14 14:43:09,272 [ERROR] LogOutputStream:75 - [STDERR_REDIRECT] 
2026-05-14 14:43:10,287 [ERROR] LogOutputStream:75 - [STDERR_REDIRECT] [Fatal Error] :1:1: Premature end of file.
2026-05-14 14:43:10,287 [ERROR] LogOutputStream:75 - [STDERR_REDIRECT] 
2026-05-14 14:43:11,272 [ERROR] LogOutputStream:75 - [STDERR_REDIRECT] [Fatal Error] :1:1: Premature end of file.
2026-05-14 14:43:11,272 [ERROR] LogOutputStream:75 - [STDERR_REDIRECT] 
2026-05-14 14:43:12,273 [ERROR] LogOutputStream:75 - [STDERR_REDIRECT] [Fatal Error] :1:1: Premature end of file.
2026-05-14 14:43:12,273 [ERROR] LogOutputStream:75 - [STDERR_REDIRECT] 
2026-05-14 14:43:13,277 [ERROR] LogOutputStream:75 - [STDERR_REDIRECT] [Fatal Error] :1:1: Premature end of file.
2026-05-14 14:43:13,277 [ERROR] LogOutputStream:75 - [STDERR_REDIRECT] 
2026-05-14 14:43:14,279 [ERROR] LogOutputStream:75 - [STDERR_REDIRECT] [Fatal Error] :1:1: Premature end of file.
2026-05-14 14:43:14,279 [ERROR] LogOutputStream:75 - [STDERR_REDIRECT] 
2026-05-14 14:43:15,262 [ERROR] LogOutputStream:75 - [STDERR_REDIRECT] [Fatal Error] :1:1: Premature end of file.
2026-05-14 14:43:15,262 [ERROR] LogOutputStream:75 - [STDERR_REDIRECT] 
2026-05-14 14:43:16,275 [ERROR] LogOutputStream:75 - [STDERR_REDIRECT] [Fatal Error] :1:1: Premature end of file.
2026-05-14 14:43:16,275 [ERROR] LogOutputStream:75 - [STDERR_REDIRECT] 
2026-05-14 14:43:17,292 [ERROR] LogOutputStream:75 - [STDERR_REDIRECT] [Fatal Error] :1:1: Premature end of file.
2026-05-14 14:43:17,292 [ERROR] LogOutputStream:75 - [STDERR_REDIRECT] 
2026-05-14 14:43:18,286 [ERROR] LogOutputStream:75 - [STDERR_REDIRECT] [Fatal Error] :1:1: Premature end of file.
2026-05-14 14:43:18,286 [ERROR] LogOutputStream:75 - [STDERR_REDIRECT] 
2026-05-14 14:43:19,272 [ERROR] LogOutputStream:75 - [STDERR_REDIRECT] [Fatal Error] :1:1: Premature end of file.
2026-05-14 14:43:19,272 [ERROR] LogOutputStream:75 - [STDERR_REDIRECT] 
2026-05-14 14:43:20,286 [ERROR] LogOutputStream:75 - [STDERR_REDIRECT] [Fatal Error] :1:1: Premature end of file.
2026-05-14 14:43:20,286 [ERROR] LogOutputStream:75 - [STDERR_REDIRECT] 
2026-05-14 14:43:21,275 [ERROR] LogOutputStream:75 - [STDERR_REDIRECT] [Fatal Error] :1:1: Premature end of file.
2026-05-14 14:43:21,275 [ERROR] LogOutputStream:75 - [STDERR_REDIRECT] 
2026-05-14 14:43:22,277 [ERROR] LogOutputStream:75 - [STDERR_REDIRECT] [Fatal Error] :1:1: Premature end of file.
2026-05-14 14:43:22,277 [ERROR] LogOutputStream:75 - [STDERR_REDIRECT] 
2026-05-14 14:43:23,279 [ERROR] LogOutputStream:75 - [STDERR_REDIRECT] [Fatal Error] :1:1: Premature end of file.
2026-05-14 14:43:23,279 [ERROR] LogOutputStream:75 - [STDERR_REDIRECT] 
2026-05-14 14:43:24,279 [ERROR] LogOutputStream:75 - [STDERR_REDIRECT] [Fatal Error] :1:1: Premature end of file.
2026-05-14 14:43:24,279 [ERROR] LogOutputStream:75 - [STDERR_REDIRECT] 
2026-05-14 14:43:25,284 [ERROR] LogOutputStream:75 - [STDERR_REDIRECT] [Fatal Error] :1:1: Premature end of file.
2026-05-14 14:43:25,284 [ERROR] LogOutputStream:75 - [STDERR_REDIRECT] 
2026-05-14 14:43:26,273 [ERROR] LogOutputStream:75 - [STDERR_REDIRECT] [Fatal Error] :1:1: Premature end of file.
2026-05-14 14:43:26,273 [ERROR] LogOutputStream:75 - [STDERR_REDIRECT] 
2026-05-14 14:43:27,273 [ERROR] LogOutputStream:75 - [STDERR_REDIRECT] [Fatal Error] :1:1: Premature end of file.
2026-05-14 14:43:27,273 [ERROR] LogOutputStream:75 - [STDERR_REDIRECT] 
2026-05-14 14:43:28,271 [ERROR] LogOutputStream:75 - [STDERR_REDIRECT] [Fatal Error] :1:1: Premature end of file.
2026-05-14 14:43:28,271 [ERROR] LogOutputStream:75 - [STDERR_REDIRECT] 
2026-05-14 14:43:29,272 [ERROR] LogOutputStream:75 - [STDERR_REDIRECT] [Fatal Error] :1:1: Premature end of file.
2026-05-14 14:43:29,272 [ERROR] LogOutputStream:75 - [STDERR_REDIRECT] 
2026-05-14 14:43:30,274 [ERROR] LogOutputStream:75 - [STDERR_REDIRECT] [Fatal Error] :1:1: Premature end of file.
2026-05-14 14:43:30,274 [ERROR] LogOutputStream:75 - [STDERR_REDIRECT] 
2026-05-14 14:43:31,273 [ERROR] LogOutputStream:75 - [STDERR_REDIRECT] [Fatal Error] :1:1: Premature end of file.
2026-05-14 14:43:31,273 [ERROR] LogOutputStream:75 - [STDERR_REDIRECT] 
2026-05-14 14:43:32,276 [ERROR] LogOutputStream:75 - [STDERR_REDIRECT] [Fatal Error] :1:1: Premature end of file.
2026-05-14 14:43:32,276 [ERROR] LogOutputStream:75 - [STDERR_REDIRECT] 
2026-05-14 14:43:33,273 [ERROR] LogOutputStream:75 - [STDERR_REDIRECT] [Fatal Error] :1:1: Premature end of file.
2026-05-14 14:43:33,273 [ERROR] LogOutputStream:75 - [STDERR_REDIRECT] 
2026-05-14 14:43:34,274 [ERROR] LogOutputStream:75 - [STDERR_REDIRECT] [Fatal Error] :1:1: Premature end of file.
2026-05-14 14:43:34,274 [ERROR] LogOutputStream:75 - [STDERR_REDIRECT] 
2026-05-14 14:43:35,272 [ERROR] LogOutputStream:75 - [STDERR_REDIRECT] [Fatal Error] :1:1: Premature end of file.
2026-05-14 14:43:35,272 [ERROR] LogOutputStream:75 - [STDERR_REDIRECT] 
2026-05-14 14:43:36,273 [ERROR] LogOutputStream:75 - [STDERR_REDIRECT] [Fatal Error] :1:1: Premature end of file.
2026-05-14 14:43:36,273 [ERROR] LogOutputStream:75 - [STDERR_REDIRECT] 
2026-05-14 14:43:37,272 [ERROR] LogOutputStream:75 - [STDERR_REDIRECT] [Fatal Error] :1:1: Premature end of file.
2026-05-14 14:43:37,272 [ERROR] LogOutputStream:75 - [STDERR_REDIRECT] 
2026-05-14 14:43:38,274 [ERROR] LogOutputStream:75 - [STDERR_REDIRECT] [Fatal Error] :1:1: Premature end of file.
2026-05-14 14:43:38,274 [ERROR] LogOutputStream:75 - [STDERR_REDIRECT] 
2026-05-14 14:43:39,273 [ERROR] LogOutputStream:75 - [STDERR_REDIRECT] [Fatal Error] :1:1: Premature end of file.
2026-05-14 14:43:39,273 [ERROR] LogOutputStream:75 - [STDERR_REDIRECT] 
2026-05-14 14:43:40,272 [ERROR] LogOutputStream:75 - [STDERR_REDIRECT] [Fatal Error] :1:1: Premature end of file.
2026-05-14 14:43:40,272 [ERROR] LogOutputStream:75 - [STDERR_REDIRECT] 
2026-05-14 14:43:41,272 [ERROR] LogOutputStream:75 - [STDERR_REDIRECT] [Fatal Error] :1:1: Premature end of file.
2026-05-14 14:43:41,272 [ERROR] LogOutputStream:75 - [STDERR_REDIRECT] 
2026-05-14 14:43:42,272 [ERROR] LogOutputStream:75 - [STDERR_REDIRECT] [Fatal Error] :1:1: Premature end of file.
2026-05-14 14:43:42,273 [ERROR] LogOutputStream:75 - [STDERR_REDIRECT] 
2026-05-14 14:43:43,271 [ERROR] LogOutputStream:75 - [STDERR_REDIRECT] [Fatal Error] :1:1: Premature end of file.
2026-05-14 14:43:43,271 [ERROR] LogOutputStream:75 - [STDERR_REDIRECT] 
2026-05-14 14:43:44,272 [ERROR] LogOutputStream:75 - [STDERR_REDIRECT] [Fatal Error] :1:1: Premature end of file.
2026-05-14 14:43:44,272 [ERROR] LogOutputStream:75 - [STDERR_REDIRECT] 
2026-05-14 14:43:45,272 [ERROR] LogOutputStream:75 - [STDERR_REDIRECT] [Fatal Error] :1:1: Premature end of file.
2026-05-14 14:43:45,272 [ERROR] LogOutputStream:75 - [STDERR_REDIRECT] 
2026-05-14 14:43:46,271 [ERROR] LogOutputStream:75 - [STDERR_REDIRECT] [Fatal Error] :1:1: Premature end of file.
2026-05-14 14:43:46,271 [ERROR] LogOutputStream:75 - [STDERR_REDIRECT] 
2026-05-14 14:43:47,272 [ERROR] LogOutputStream:75 - [STDERR_REDIRECT] [Fatal Error] :1:1: Premature end of file.
2026-05-14 14:43:47,272 [ERROR] LogOutputStream:75 - [STDERR_REDIRECT] 
2026-05-14 14:43:48,271 [ERROR] LogOutputStream:75 - [STDERR_REDIRECT] [Fatal Error] :1:1: Premature end of file.
2026-05-14 14:43:48,271 [ERROR] LogOutputStream:75 - [STDERR_REDIRECT] 
2026-05-14 14:43:49,272 [ERROR] LogOutputStream:75 - [STDERR_REDIRECT] [Fatal Error] :1:1: Premature end of file.
2026-05-14 14:43:49,272 [ERROR] LogOutputStream:75 - [STDERR_REDIRECT] 
2026-05-14 14:43:50,272 [ERROR] LogOutputStream:75 - [STDERR_REDIRECT] [Fatal Error] :1:1: Premature end of file.
2026-05-14 14:43:50,272 [ERROR] LogOutputStream:75 - [STDERR_REDIRECT] 
2026-05-14 14:43:51,272 [ERROR] LogOutputStream:75 - [STDERR_REDIRECT] [Fatal Error] :1:1: Premature end of file.
2026-05-14 14:43:51,272 [ERROR] LogOutputStream:75 - [STDERR_REDIRECT] 
2026-05-14 14:43:52,276 [ERROR] LogOutputStream:75 - [STDERR_REDIRECT] [Fatal Error] :1:1: Premature end of file.
2026-05-14 14:43:52,277 [ERROR] LogOutputStream:75 - [STDERR_REDIRECT] 
2026-05-14 14:43:53,273 [ERROR] LogOutputStream:75 - [STDERR_REDIRECT] [Fatal Error] :1:1: Premature end of file.
2026-05-14 14:43:53,273 [ERROR] LogOutputStream:75 - [STDERR_REDIRECT] 
2026-05-14 14:43:54,272 [ERROR] LogOutputStream:75 - [STDERR_REDIRECT] [Fatal Error] :1:1: Premature end of file.
2026-05-14 14:43:54,272 [ERROR] LogOutputStream:75 - [STDERR_REDIRECT] 
2026-05-14 14:43:55,272 [ERROR] LogOutputStream:75 - [STDERR_REDIRECT] [Fatal Error] :1:1: Premature end of file.
2026-05-14 14:43:55,272 [ERROR] LogOutputStream:75 - [STDERR_REDIRECT] 
2026-05-14 14:43:56,272 [ERROR] LogOutputStream:75 - [STDERR_REDIRECT] [Fatal Error] :1:1: Premature end of file.
2026-05-14 14:43:56,272 [ERROR] LogOutputStream:75 - [STDERR_REDIRECT] 
2026-05-14 14:43:57,273 [ERROR] LogOutputStream:75 - [STDERR_REDIRECT] [Fatal Error] :1:1: Premature end of file.
2026-05-14 14:43:57,273 [ERROR] LogOutputStream:75 - [STDERR_REDIRECT] 
2026-05-14 14:43:58,272 [ERROR] LogOutputStream:75 - [STDERR_REDIRECT] [Fatal Error] :1:1: Premature end of file.
2026-05-14 14:43:58,272 [ERROR] LogOutputStream:75 - [STDERR_REDIRECT] 
2026-05-14 14:43:59,273 [ERROR] LogOutputStream:75 - [STDERR_REDIRECT] [Fatal Error] :1:1: Premature end of file.
2026-05-14 14:43:59,273 [ERROR] LogOutputStream:75 - [STDERR_REDIRECT] 
2026-05-14 14:44:00,273 [ERROR] LogOutputStream:75 - [STDERR_REDIRECT] [Fatal Error] :1:1: Premature end of file.
2026-05-14 14:44:00,273 [ERROR] LogOutputStream:75 - [STDERR_REDIRECT] 
2026-05-14 14:44:01,273 [ERROR] LogOutputStream:75 - [STDERR_REDIRECT] [Fatal Error] :1:1: Premature end of file.
2026-05-14 14:44:01,273 [ERROR] LogOutputStream:75 - [STDERR_REDIRECT] 
2026-05-14 14:44:02,271 [ERROR] LogOutputStream:75 - [STDERR_REDIRECT] [Fatal Error] :1:1: Premature end of file.
2026-05-14 14:44:02,271 [ERROR] LogOutputStream:75 - [STDERR_REDIRECT] 
2026-05-14 14:44:03,272 [ERROR] LogOutputStream:75 - [STDERR_REDIRECT] [Fatal Error] :1:1: Premature end of file.
2026-05-14 14:44:03,272 [ERROR] LogOutputStream:75 - [STDERR_REDIRECT] 
2026-05-14 14:44:04,272 [ERROR] LogOutputStream:75 - [STDERR_REDIRECT] [Fatal Error] :1:1: Premature end of file.
2026-05-14 14:44:04,273 [ERROR] LogOutputStream:75 - [STDERR_REDIRECT] 
2026-05-14 14:44:05,276 [ERROR] LogOutputStream:75 - [STDERR_REDIRECT] [Fatal Error] :1:1: Premature end of file.
2026-05-14 14:44:05,276 [ERROR] LogOutputStream:75 - [STDERR_REDIRECT] 
2026-05-14 14:44:06,279 [ERROR] LogOutputStream:75 - [STDERR_REDIRECT] [Fatal Error] :1:1: Premature end of file.
2026-05-14 14:44:06,279 [ERROR] LogOutputStream:75 - [STDERR_REDIRECT] 
2026-05-14 14:44:07,284 [ERROR] LogOutputStream:75 - [STDERR_REDIRECT] [Fatal Error] :1:1: Premature end of file.
2026-05-14 14:44:07,284 [ERROR] LogOutputStream:75 - [STDERR_REDIRECT] 
2026-05-14 14:44:08,276 [ERROR] LogOutputStream:75 - [STDERR_REDIRECT] [Fatal Error] :1:1: Premature end of file.
2026-05-14 14:44:08,276 [ERROR] LogOutputStream:75 - [STDERR_REDIRECT] 
2026-05-14 14:44:09,276 [ERROR] LogOutputStream:75 - [STDERR_REDIRECT] [Fatal Error] :1:1: Premature end of file.
2026-05-14 14:44:09,276 [ERROR] LogOutputStream:75 - [STDERR_REDIRECT] 
2026-05-14 14:44:10,282 [ERROR] LogOutputStream:75 - [STDERR_REDIRECT] [Fatal Error] :1:1: Premature end of file.
2026-05-14 14:44:10,282 [ERROR] LogOutputStream:75 - [STDERR_REDIRECT] 
2026-05-14 14:44:11,285 [ERROR] LogOutputStream:75 - [STDERR_REDIRECT] [Fatal Error] :1:1: Premature end of file.
2026-05-14 14:44:11,285 [ERROR] LogOutputStream:75 - [STDERR_REDIRECT] 
2026-05-14 14:44:12,287 [ERROR] LogOutputStream:75 - [STDERR_REDIRECT] [Fatal Error] :1:1: Premature end of file.
2026-05-14 14:44:12,287 [ERROR] LogOutputStream:75 - [STDERR_REDIRECT] 
2026-05-14 14:44:13,275 [ERROR] LogOutputStream:75 - [STDERR_REDIRECT] [Fatal Error] :1:1: Premature end of file.
2026-05-14 14:44:13,275 [ERROR] LogOutputStream:75 - [STDERR_REDIRECT] 
2026-05-14 14:44:14,279 [ERROR] LogOutputStream:75 - [STDERR_REDIRECT] [Fatal Error] :1:1: Premature end of file.
2026-05-14 14:44:14,279 [ERROR] LogOutputStream:75 - [STDERR_REDIRECT] 
2026-05-14 14:44:15,282 [ERROR] LogOutputStream:75 - [STDERR_REDIRECT] [Fatal Error] :1:1: Premature end of file.
2026-05-14 14:44:15,282 [ERROR] LogOutputStream:75 - [STDERR_REDIRECT] 
2026-05-14 14:44:16,285 [ERROR] LogOutputStream:75 - [STDERR_REDIRECT] [Fatal Error] :1:1: Premature end of file.
2026-05-14 14:44:16,285 [ERROR] LogOutputStream:75 - [STDERR_REDIRECT] 
2026-05-14 14:44:17,273 [ERROR] LogOutputStream:75 - [STDERR_REDIRECT] [Fatal Error] :1:1: Premature end of file.
2026-05-14 14:44:17,273 [ERROR] LogOutputStream:75 - [STDERR_REDIRECT] 
2026-05-14 14:44:18,278 [ERROR] LogOutputStream:75 - [STDERR_REDIRECT] [Fatal Error] :1:1: Premature end of file.
2026-05-14 14:44:18,278 [ERROR] LogOutputStream:75 - [STDERR_REDIRECT] 
2026-05-14 14:44:19,284 [ERROR] LogOutputStream:75 - [STDERR_REDIRECT] [Fatal Error] :1:1: Premature end of file.
2026-05-14 14:44:19,284 [ERROR] LogOutputStream:75 - [STDERR_REDIRECT] 
2026-05-14 14:44:20,286 [ERROR] LogOutputStream:75 - [STDERR_REDIRECT] [Fatal Error] :1:1: Premature end of file.
2026-05-14 14:44:20,286 [ERROR] LogOutputStream:75 - [STDERR_REDIRECT] 
2026-05-14 14:44:21,282 [ERROR] LogOutputStream:75 - [STDERR_REDIRECT] [Fatal Error] :1:1: Premature end of file.
2026-05-14 14:44:21,282 [ERROR] LogOutputStream:75 - [STDERR_REDIRECT] 
2026-05-14 14:44:22,277 [ERROR] LogOutputStream:75 - [STDERR_REDIRECT] [Fatal Error] :1:1: Premature end of file.
2026-05-14 14:44:22,277 [ERROR] LogOutputStream:75 - [STDERR_REDIRECT] 
2026-05-14 14:44:23,274 [ERROR] LogOutputStream:75 - [STDERR_REDIRECT] [Fatal Error] :1:1: Premature end of file.
2026-05-14 14:44:23,274 [ERROR] LogOutputStream:75 - [STDERR_REDIRECT] 
2026-05-14 14:44:24,286 [ERROR] LogOutputStream:75 - [STDERR_REDIRECT] [Fatal Error] :1:1: Premature end of file.
2026-05-14 14:44:24,286 [ERROR] LogOutputStream:75 - [STDERR_REDIRECT] 
2026-05-14 14:44:25,284 [ERROR] LogOutputStream:75 - [STDERR_REDIRECT] [Fatal Error] :1:1: Premature end of file.
2026-05-14 14:44:25,284 [ERROR] LogOutputStream:75 - [STDERR_REDIRECT] 
2026-05-14 14:44:26,279 [ERROR] LogOutputStream:75 - [STDERR_REDIRECT] [Fatal Error] :1:1: Premature end of file.
2026-05-14 14:44:26,281 [ERROR] LogOutputStream:75 - [STDERR_REDIRECT] 
2026-05-14 14:44:27,274 [ERROR] LogOutputStream:75 - [STDERR_REDIRECT] [Fatal Error] :1:1: Premature end of file.
2026-05-14 14:44:27,274 [ERROR] LogOutputStream:75 - [STDERR_REDIRECT] 
2026-05-14 14:44:28,277 [ERROR] LogOutputStream:75 - [STDERR_REDIRECT] [Fatal Error] :1:1: Premature end of file.
2026-05-14 14:44:28,277 [ERROR] LogOutputStream:75 - [STDERR_REDIRECT] 
2026-05-14 14:44:29,281 [ERROR] LogOutputStream:75 - [STDERR_REDIRECT] [Fatal Error] :1:1: Premature end of file.
2026-05-14 14:44:29,281 [ERROR] LogOutputStream:75 - [STDERR_REDIRECT] 
2026-05-14 14:44:30,281 [ERROR] LogOutputStream:75 - [STDERR_REDIRECT] [Fatal Error] :1:1: Premature end of file.
2026-05-14 14:44:30,281 [ERROR] LogOutputStream:75 - [STDERR_REDIRECT] 
2026-05-14 14:44:31,283 [ERROR] LogOutputStream:75 - [STDERR_REDIRECT] [Fatal Error] :1:1: Premature end of file.
2026-05-14 14:44:31,283 [ERROR] LogOutputStream:75 - [STDERR_REDIRECT] 
2026-05-14 14:44:32,287 [ERROR] LogOutputStream:75 - [STDERR_REDIRECT] [Fatal Error] :1:1: Premature end of file.
2026-05-14 14:44:32,287 [ERROR] LogOutputStream:75 - [STDERR_REDIRECT] 
2026-05-14 14:44:33,286 [ERROR] LogOutputStream:75 - [STDERR_REDIRECT] [Fatal Error] :1:1: Premature end of file.
2026-05-14 14:44:33,286 [ERROR] LogOutputStream:75 - [STDERR_REDIRECT] 
2026-05-14 14:44:34,280 [ERROR] LogOutputStream:75 - [STDERR_REDIRECT] [Fatal Error] :1:1: Premature end of file.
2026-05-14 14:44:34,280 [ERROR] LogOutputStream:75 - [STDERR_REDIRECT] 
2026-05-14 14:44:35,284 [ERROR] LogOutputStream:75 - [STDERR_REDIRECT] [Fatal Error] :1:1: Premature end of file.
2026-05-14 14:44:35,284 [ERROR] LogOutputStream:75 - [STDERR_REDIRECT] 
2026-05-14 14:44:36,280 [ERROR] LogOutputStream:75 - [STDERR_REDIRECT] [Fatal Error] :1:1: Premature end of file.
2026-05-14 14:44:36,280 [ERROR] LogOutputStream:75 - [STDERR_REDIRECT] 
2026-05-14 14:44:37,273 [ERROR] LogOutputStream:75 - [STDERR_REDIRECT] [Fatal Error] :1:1: Premature end of file.
2026-05-14 14:44:37,273 [ERROR] LogOutputStream:75 - [STDERR_REDIRECT] 
2026-05-14 14:44:38,277 [ERROR] LogOutputStream:75 - [STDERR_REDIRECT] [Fatal Error] :1:1: Premature end of file.
2026-05-14 14:44:38,277 [ERROR] LogOutputStream:75 - [STDERR_REDIRECT] 
2026-05-14 14:44:39,278 [ERROR] LogOutputStream:75 - [STDERR_REDIRECT] [Fatal Error] :1:1: Premature end of file.
2026-05-14 14:44:39,278 [ERROR] LogOutputStream:75 - [STDERR_REDIRECT] 
2026-05-14 14:44:40,281 [ERROR] LogOutputStream:75 - [STDERR_REDIRECT] [Fatal Error] :1:1: Premature end of file.
2026-05-14 14:44:40,281 [ERROR] LogOutputStream:75 - [STDERR_REDIRECT] 
2026-05-14 14:44:41,277 [ERROR] LogOutputStream:75 - [STDERR_REDIRECT] [Fatal Error] :1:1: Premature end of file.
2026-05-14 14:44:41,277 [ERROR] LogOutputStream:75 - [STDERR_REDIRECT] 
2026-05-14 14:44:42,279 [ERROR] LogOutputStream:75 - [STDERR_REDIRECT] [Fatal Error] :1:1: Premature end of file.
2026-05-14 14:44:42,279 [ERROR] LogOutputStream:75 - [STDERR_REDIRECT] 
2026-05-14 14:44:43,277 [ERROR] LogOutputStream:75 - [STDERR_REDIRECT] [Fatal Error] :1:1: Premature end of file.
2026-05-14 14:44:43,277 [ERROR] LogOutputStream:75 - [STDERR_REDIRECT] 
2026-05-14 14:44:44,279 [ERROR] LogOutputStream:75 - [STDERR_REDIRECT] [Fatal Error] :1:1: Premature end of file.
2026-05-14 14:44:44,279 [ERROR] LogOutputStream:75 - [STDERR_REDIRECT] 
2026-05-14 14:44:45,281 [ERROR] LogOutputStream:75 - [STDERR_REDIRECT] [Fatal Error] :1:1: Premature end of file.
2026-05-14 14:44:45,281 [ERROR] LogOutputStream:75 - [STDERR_REDIRECT] 
2026-05-14 14:44:46,283 [ERROR] LogOutputStream:75 - [STDERR_REDIRECT] [Fatal Error] :1:1: Premature end of file.
2026-05-14 14:44:46,283 [ERROR] LogOutputStream:75 - [STDERR_REDIRECT] 
2026-05-14 14:44:47,288 [ERROR] LogOutputStream:75 - [STDERR_REDIRECT] [Fatal Error] :1:1: Premature end of file.
2026-05-14 14:44:47,288 [ERROR] LogOutputStream:75 - [STDERR_REDIRECT] 
2026-05-14 14:44:48,275 [ERROR] LogOutputStream:75 - [STDERR_REDIRECT] [Fatal Error] :1:1: Premature end of file.
2026-05-14 14:44:48,275 [ERROR] LogOutputStream:75 - [STDERR_REDIRECT] 
2026-05-14 14:44:49,275 [ERROR] LogOutputStream:75 - [STDERR_REDIRECT] [Fatal Error] :1:1: Premature end of file.
2026-05-14 14:44:49,275 [ERROR] LogOutputStream:75 - [STDERR_REDIRECT] 
2026-05-14 14:44:50,276 [ERROR] LogOutputStream:75 - [STDERR_REDIRECT] [Fatal Error] :1:1: Premature end of file.
2026-05-14 14:44:50,276 [ERROR] LogOutputStream:75 - [STDERR_REDIRECT] 
2026-05-14 14:44:51,278 [ERROR] LogOutputStream:75 - [STDERR_REDIRECT] [Fatal Error] :1:1: Premature end of file.
2026-05-14 14:44:51,278 [ERROR] LogOutputStream:75 - [STDERR_REDIRECT] 
2026-05-14 14:44:52,280 [ERROR] LogOutputStream:75 - [STDERR_REDIRECT] [Fatal Error] :1:1: Premature end of file.
2026-05-14 14:44:52,280 [ERROR] LogOutputStream:75 - [STDERR_REDIRECT] 
2026-05-14 14:44:53,280 [ERROR] LogOutputStream:75 - [STDERR_REDIRECT] [Fatal Error] :1:1: Premature end of file.
2026-05-14 14:44:53,280 [ERROR] LogOutputStream:75 - [STDERR_REDIRECT] 
2026-05-14 14:44:54,284 [ERROR] LogOutputStream:75 - [STDERR_REDIRECT] [Fatal Error] :1:1: Premature end of file.
2026-05-14 14:44:54,284 [ERROR] LogOutputStream:75 - [STDERR_REDIRECT] 
2026-05-14 14:44:55,285 [ERROR] LogOutputStream:75 - [STDERR_REDIRECT] [Fatal Error] :1:1: Premature end of file.
2026-05-14 14:44:55,285 [ERROR] LogOutputStream:75 - [STDERR_REDIRECT] 
2026-05-14 14:44:56,288 [ERROR] LogOutputStream:75 - [STDERR_REDIRECT] [Fatal Error] :1:1: Premature end of file.
2026-05-14 14:44:56,288 [ERROR] LogOutputStream:75 - [STDERR_REDIRECT] 
2026-05-14 14:44:57,274 [ERROR] LogOutputStream:75 - [STDERR_REDIRECT] [Fatal Error] :1:1: Premature end of file.
2026-05-14 14:44:57,274 [ERROR] LogOutputStream:75 - [STDERR_REDIRECT] 
2026-05-14 14:44:58,278 [ERROR] LogOutputStream:75 - [STDERR_REDIRECT] [Fatal Error] :1:1: Premature end of file.
2026-05-14 14:44:58,278 [ERROR] LogOutputStream:75 - [STDERR_REDIRECT] 
2026-05-14 14:44:59,280 [ERROR] LogOutputStream:75 - [STDERR_REDIRECT] [Fatal Error] :1:1: Premature end of file.
2026-05-14 14:44:59,280 [ERROR] LogOutputStream:75 - [STDERR_REDIRECT] 
2026-05-14 14:45:00,281 [ERROR] LogOutputStream:75 - [STDERR_REDIRECT] [Fatal Error] :1:1: Premature end of file.
2026-05-14 14:45:00,281 [ERROR] LogOutputStream:75 - [STDERR_REDIRECT] 
2026-05-14 14:45:01,284 [ERROR] LogOutputStream:75 - [STDERR_REDIRECT] [Fatal Error] :1:1: Premature end of file.
2026-05-14 14:45:01,284 [ERROR] LogOutputStream:75 - [STDERR_REDIRECT] 
2026-05-14 14:45:02,288 [ERROR] LogOutputStream:75 - [STDERR_REDIRECT] [Fatal Error] :1:1: Premature end of file.
2026-05-14 14:45:02,288 [ERROR] LogOutputStream:75 - [STDERR_REDIRECT] 
2026-05-14 14:45:03,274 [ERROR] LogOutputStream:75 - [STDERR_REDIRECT] [Fatal Error] :1:1: Premature end of file.
2026-05-14 14:45:03,274 [ERROR] LogOutputStream:75 - [STDERR_REDIRECT] 
2026-05-14 14:45:04,277 [ERROR] LogOutputStream:75 - [STDERR_REDIRECT] [Fatal Error] :1:1: Premature end of file.
2026-05-14 14:45:04,277 [ERROR] LogOutputStream:75 - [STDERR_REDIRECT] 
2026-05-14 14:45:05,280 [ERROR] LogOutputStream:75 - [STDERR_REDIRECT] [Fatal Error] :1:1: Premature end of file.
2026-05-14 14:45:05,280 [ERROR] LogOutputStream:75 - [STDERR_REDIRECT] 
2026-05-14 14:45:06,280 [ERROR] LogOutputStream:75 - [STDERR_REDIRECT] [Fatal Error] :1:1: Premature end of file.
2026-05-14 14:45:06,280 [ERROR] LogOutputStream:75 - [STDERR_REDIRECT] 
2026-05-14 14:45:07,287 [ERROR] LogOutputStream:75 - [STDERR_REDIRECT] [Fatal Error] :1:1: Premature end of file.
2026-05-14 14:45:07,287 [ERROR] LogOutputStream:75 - [STDERR_REDIRECT] 
2026-05-14 14:45:08,276 [ERROR] LogOutputStream:75 - [STDERR_REDIRECT] [Fatal Error] :1:1: Premature end of file.
2026-05-14 14:45:08,276 [ERROR] LogOutputStream:75 - [STDERR_REDIRECT] 
2026-05-14 14:45:09,285 [ERROR] LogOutputStream:75 - [STDERR_REDIRECT] [Fatal Error] :1:1: Premature end of file.
2026-05-14 14:45:09,285 [ERROR] LogOutputStream:75 - [STDERR_REDIRECT] 
2026-05-14 14:45:10,273 [ERROR] LogOutputStream:75 - [STDERR_REDIRECT] [Fatal Error] :1:1: Premature end of file.
2026-05-14 14:45:10,273 [ERROR] LogOutputStream:75 - [STDERR_REDIRECT] 
2026-05-14 14:45:11,283 [ERROR] LogOutputStream:75 - [STDERR_REDIRECT] [Fatal Error] :1:1: Premature end of file.
2026-05-14 14:45:11,283 [ERROR] LogOutputStream:75 - [STDERR_REDIRECT] 
2026-05-14 14:45:12,286 [ERROR] LogOutputStream:75 - [STDERR_REDIRECT] [Fatal Error] :1:1: Premature end of file.
2026-05-14 14:45:12,286 [ERROR] LogOutputStream:75 - [STDERR_REDIRECT] 
2026-05-14 14:45:13,275 [ERROR] LogOutputStream:75 - [STDERR_REDIRECT] [Fatal Error] :1:1: Premature end of file.
2026-05-14 14:45:13,275 [ERROR] LogOutputStream:75 - [STDERR_REDIRECT] 
2026-05-14 14:45:14,274 [ERROR] LogOutputStream:75 - [STDERR_REDIRECT] [Fatal Error] :1:1: Premature end of file.
2026-05-14 14:45:14,274 [ERROR] LogOutputStream:75 - [STDERR_REDIRECT] 
2026-05-14 14:45:15,288 [ERROR] LogOutputStream:75 - [STDERR_REDIRECT] [Fatal Error] :1:1: Premature end of file.
2026-05-14 14:45:15,288 [ERROR] LogOutputStream:75 - [STDERR_REDIRECT] 
2026-05-14 14:45:16,274 [ERROR] LogOutputStream:75 - [STDERR_REDIRECT] [Fatal Error] :1:1: Premature end of file.
2026-05-14 14:45:16,274 [ERROR] LogOutputStream:75 - [STDERR_REDIRECT] 
2026-05-14 14:45:17,274 [ERROR] LogOutputStream:75 - [STDERR_REDIRECT] [Fatal Error] :1:1: Premature end of file.
2026-05-14 14:45:17,274 [ERROR] LogOutputStream:75 - [STDERR_REDIRECT] 
2026-05-14 14:45:18,278 [ERROR] LogOutputStream:75 - [STDERR_REDIRECT] [Fatal Error] :1:1: Premature end of file.
2026-05-14 14:45:18,278 [ERROR] LogOutputStream:75 - [STDERR_REDIRECT] 
2026-05-14 14:45:19,289 [ERROR] LogOutputStream:75 - [STDERR_REDIRECT] [Fatal Error] :1:1: Premature end of file.
2026-05-14 14:45:19,289 [ERROR] LogOutputStream:75 - [STDERR_REDIRECT] 
2026-05-14 14:45:20,276 [ERROR] LogOutputStream:75 - [STDERR_REDIRECT] [Fatal Error] :1:1: Premature end of file.
2026-05-14 14:45:20,276 [ERROR] LogOutputStream:75 - [STDERR_REDIRECT] 
2026-05-14 14:45:21,305 [ERROR] LogOutputStream:75 - [STDERR_REDIRECT] [Fatal Error] :1:1: Premature end of file.
2026-05-14 14:45:21,305 [ERROR] LogOutputStream:75 - [STDERR_REDIRECT] 
2026-05-14 14:45:22,284 [ERROR] LogOutputStream:75 - [STDERR_REDIRECT] [Fatal Error] :1:1: Premature end of file.
2026-05-14 14:45:22,284 [ERROR] LogOutputStream:75 - [STDERR_REDIRECT] 
2026-05-14 14:45:23,275 [ERROR] LogOutputStream:75 - [STDERR_REDIRECT] [Fatal Error] :1:1: Premature end of file.
2026-05-14 14:45:23,275 [ERROR] LogOutputStream:75 - [STDERR_REDIRECT] 
2026-05-14 14:45:24,294 [ERROR] LogOutputStream:75 - [STDERR_REDIRECT] [Fatal Error] :1:1: Premature end of file.
2026-05-14 14:45:24,294 [ERROR] LogOutputStream:75 - [STDERR_REDIRECT] 
2026-05-14 14:45:25,277 [ERROR] LogOutputStream:75 - [STDERR_REDIRECT] [Fatal Error] :1:1: Premature end of file.
2026-05-14 14:45:25,277 [ERROR] LogOutputStream:75 - [STDERR_REDIRECT] 
2026-05-14 14:45:26,280 [ERROR] LogOutputStream:75 - [STDERR_REDIRECT] [Fatal Error] :1:1: Premature end of file.
2026-05-14 14:45:26,280 [ERROR] LogOutputStream:75 - [STDERR_REDIRECT] 
2026-05-14 14:45:27,275 [ERROR] LogOutputStream:75 - [STDERR_REDIRECT] [Fatal Error] :1:1: Premature end of file.
2026-05-14 14:45:27,275 [ERROR] LogOutputStream:75 - [STDERR_REDIRECT] 
2026-05-14 14:45:28,282 [ERROR] LogOutputStream:75 - [STDERR_REDIRECT] [Fatal Error] :1:1: Premature end of file.
2026-05-14 14:45:28,282 [ERROR] LogOutputStream:75 - [STDERR_REDIRECT] 
2026-05-14 14:45:29,287 [ERROR] LogOutputStream:75 - [STDERR_REDIRECT] [Fatal Error] :1:1: Premature end of file.
2026-05-14 14:45:29,287 [ERROR] LogOutputStream:75 - [STDERR_REDIRECT] 
2026-05-14 14:45:30,288 [ERROR] LogOutputStream:75 - [STDERR_REDIRECT] [Fatal Error] :1:1: Premature end of file.
2026-05-14 14:45:30,288 [ERROR] LogOutputStream:75 - [STDERR_REDIRECT] 
2026-05-14 14:45:31,287 [ERROR] LogOutputStream:75 - [STDERR_REDIRECT] [Fatal Error] :1:1: Premature end of file.
2026-05-14 14:45:31,289 [ERROR] LogOutputStream:75 - [STDERR_REDIRECT] 
2026-05-14 14:45:32,279 [ERROR] LogOutputStream:75 - [STDERR_REDIRECT] [Fatal Error] :1:1: Premature end of file.
2026-05-14 14:45:32,279 [ERROR] LogOutputStream:75 - [STDERR_REDIRECT] 
2026-05-14 14:45:33,285 [ERROR] LogOutputStream:75 - [STDERR_REDIRECT] [Fatal Error] :1:1: Premature end of file.
2026-05-14 14:45:33,285 [ERROR] LogOutputStream:75 - [STDERR_REDIRECT] 
2026-05-14 14:45:34,286 [ERROR] LogOutputStream:75 - [STDERR_REDIRECT] [Fatal Error] :1:1: Premature end of file.
2026-05-14 14:45:34,286 [ERROR] LogOutputStream:75 - [STDERR_REDIRECT] 
2026-05-14 14:45:35,286 [ERROR] LogOutputStream:75 - [STDERR_REDIRECT] [Fatal Error] :1:1: Premature end of file.
2026-05-14 14:45:35,286 [ERROR] LogOutputStream:75 - [STDERR_REDIRECT] 
2026-05-14 14:45:36,288 [ERROR] LogOutputStream:75 - [STDERR_REDIRECT] [Fatal Error] :1:1: Premature end of file.
2026-05-14 14:45:36,288 [ERROR] LogOutputStream:75 - [STDERR_REDIRECT] 
2026-05-14 14:45:37,285 [ERROR] LogOutputStream:75 - [STDERR_REDIRECT] [Fatal Error] :1:1: Premature end of file.
2026-05-14 14:45:37,285 [ERROR] LogOutputStream:75 - [STDERR_REDIRECT] 
2026-05-14 14:45:38,272 [ERROR] LogOutputStream:75 - [STDERR_REDIRECT] [Fatal Error] :1:1: Premature end of file.
2026-05-14 14:45:38,272 [ERROR] LogOutputStream:75 - [STDERR_REDIRECT] 
2026-05-14 14:45:39,288 [ERROR] LogOutputStream:75 - [STDERR_REDIRECT] [Fatal Error] :1:1: Premature end of file.
2026-05-14 14:45:39,288 [ERROR] LogOutputStream:75 - [STDERR_REDIRECT] 
2026-05-14 14:45:40,277 [ERROR] LogOutputStream:75 - [STDERR_REDIRECT] [Fatal Error] :1:1: Premature end of file.
2026-05-14 14:45:40,277 [ERROR] LogOutputStream:75 - [STDERR_REDIRECT] 
2026-05-14 14:45:41,276 [ERROR] LogOutputStream:75 - [STDERR_REDIRECT] [Fatal Error] :1:1: Premature end of file.
2026-05-14 14:45:41,276 [ERROR] LogOutputStream:75 - [STDERR_REDIRECT] 
2026-05-14 14:45:42,283 [ERROR] LogOutputStream:75 - [STDERR_REDIRECT] [Fatal Error] :1:1: Premature end of file.
2026-05-14 14:45:42,283 [ERROR] LogOutputStream:75 - [STDERR_REDIRECT] 
2026-05-14 14:45:43,286 [ERROR] LogOutputStream:75 - [STDERR_REDIRECT] [Fatal Error] :1:1: Premature end of file.
2026-05-14 14:45:43,286 [ERROR] LogOutputStream:75 - [STDERR_REDIRECT] 
2026-05-14 14:45:44,277 [ERROR] LogOutputStream:75 - [STDERR_REDIRECT] [Fatal Error] :1:1: Premature end of file.
2026-05-14 14:45:44,277 [ERROR] LogOutputStream:75 - [STDERR_REDIRECT] 
2026-05-14 14:45:45,275 [ERROR] LogOutputStream:75 - [STDERR_REDIRECT] [Fatal Error] :1:1: Premature end of file.
2026-05-14 14:45:45,276 [ERROR] LogOutputStream:75 - [STDERR_REDIRECT] 
2026-05-14 14:45:46,283 [ERROR] LogOutputStream:75 - [STDERR_REDIRECT] [Fatal Error] :1:1: Premature end of file.
2026-05-14 14:45:46,283 [ERROR] LogOutputStream:75 - [STDERR_REDIRECT] 
2026-05-14 14:45:47,285 [ERROR] LogOutputStream:75 - [STDERR_REDIRECT] [Fatal Error] :1:1: Premature end of file.
2026-05-14 14:45:47,285 [ERROR] LogOutputStream:75 - [STDERR_REDIRECT] 
2026-05-14 14:45:48,281 [ERROR] LogOutputStream:75 - [STDERR_REDIRECT] [Fatal Error] :1:1: Premature end of file.
2026-05-14 14:45:48,281 [ERROR] LogOutputStream:75 - [STDERR_REDIRECT] 
2026-05-14 14:45:49,280 [ERROR] LogOutputStream:75 - [STDERR_REDIRECT] [Fatal Error] :1:1: Premature end of file.
2026-05-14 14:45:49,280 [ERROR] LogOutputStream:75 - [STDERR_REDIRECT] 
2026-05-14 14:45:50,280 [ERROR] LogOutputStream:75 - [STDERR_REDIRECT] [Fatal Error] :1:1: Premature end of file.
2026-05-14 14:45:50,280 [ERROR] LogOutputStream:75 - [STDERR_REDIRECT] 
2026-05-14 14:45:51,288 [ERROR] LogOutputStream:75 - [STDERR_REDIRECT] [Fatal Error] :1:1: Premature end of file.
2026-05-14 14:45:51,288 [ERROR] LogOutputStream:75 - [STDERR_REDIRECT] 
2026-05-14 14:45:52,280 [ERROR] LogOutputStream:75 - [STDERR_REDIRECT] [Fatal Error] :1:1: Premature end of file.
2026-05-14 14:45:52,281 [ERROR] LogOutputStream:75 - [STDERR_REDIRECT] 
2026-05-14 14:45:53,280 [ERROR] LogOutputStream:75 - [STDERR_REDIRECT] [Fatal Error] :1:1: Premature end of file.
2026-05-14 14:45:53,280 [ERROR] LogOutputStream:75 - [STDERR_REDIRECT] 
2026-05-14 14:45:54,289 [ERROR] LogOutputStream:75 - [STDERR_REDIRECT] [Fatal Error] :1:1: Premature end of file.
2026-05-14 14:45:54,289 [ERROR] LogOutputStream:75 - [STDERR_REDIRECT] 
2026-05-14 14:45:55,282 [ERROR] LogOutputStream:75 - [STDERR_REDIRECT] [Fatal Error] :1:1: Premature end of file.
2026-05-14 14:45:55,282 [ERROR] LogOutputStream:75 - [STDERR_REDIRECT] 
2026-05-14 14:45:56,284 [ERROR] LogOutputStream:75 - [STDERR_REDIRECT] [Fatal Error] :1:1: Premature end of file.
2026-05-14 14:45:56,284 [ERROR] LogOutputStream:75 - [STDERR_REDIRECT] 
2026-05-14 14:45:57,277 [ERROR] LogOutputStream:75 - [STDERR_REDIRECT] [Fatal Error] :1:1: Premature end of file.
2026-05-14 14:45:57,277 [ERROR] LogOutputStream:75 - [STDERR_REDIRECT] 
2026-05-14 14:45:58,277 [ERROR] LogOutputStream:75 - [STDERR_REDIRECT] [Fatal Error] :1:1: Premature end of file.
2026-05-14 14:45:58,277 [ERROR] LogOutputStream:75 - [STDERR_REDIRECT] 
2026-05-14 14:45:59,278 [ERROR] LogOutputStream:75 - [STDERR_REDIRECT] [Fatal Error] :1:1: Premature end of file.
2026-05-14 14:45:59,278 [ERROR] LogOutputStream:75 - [STDERR_REDIRECT] 
2026-05-14 14:46:00,283 [ERROR] LogOutputStream:75 - [STDERR_REDIRECT] [Fatal Error] :1:1: Premature end of file.
2026-05-14 14:46:00,283 [ERROR] LogOutputStream:75 - [STDERR_REDIRECT] 
2026-05-14 14:46:01,277 [ERROR] LogOutputStream:75 - [STDERR_REDIRECT] [Fatal Error] :1:1: Premature end of file.
2026-05-14 14:46:01,277 [ERROR] LogOutputStream:75 - [STDERR_REDIRECT] 
2026-05-14 14:46:02,288 [ERROR] LogOutputStream:75 - [STDERR_REDIRECT] [Fatal Error] :1:1: Premature end of file.
2026-05-14 14:46:02,288 [ERROR] LogOutputStream:75 - [STDERR_REDIRECT] 
2026-05-14 14:46:03,278 [ERROR] LogOutputStream:75 - [STDERR_REDIRECT] [Fatal Error] :1:1: Premature end of file.
2026-05-14 14:46:03,278 [ERROR] LogOutputStream:75 - [STDERR_REDIRECT] 
2026-05-14 14:46:04,277 [ERROR] LogOutputStream:75 - [STDERR_REDIRECT] [Fatal Error] :1:1: Premature end of file.
2026-05-14 14:46:04,277 [ERROR] LogOutputStream:75 - [STDERR_REDIRECT] 
2026-05-14 14:46:05,274 [ERROR] LogOutputStream:75 - [STDERR_REDIRECT] [Fatal Error] :1:1: Premature end of file.
2026-05-14 14:46:05,274 [ERROR] LogOutputStream:75 - [STDERR_REDIRECT] 
2026-05-14 14:46:06,274 [ERROR] LogOutputStream:75 - [STDERR_REDIRECT] [Fatal Error] :1:1: Premature end of file.
2026-05-14 14:46:06,274 [ERROR] LogOutputStream:75 - [STDERR_REDIRECT] 
2026-05-14 14:46:07,281 [ERROR] LogOutputStream:75 - [STDERR_REDIRECT] [Fatal Error] :1:1: Premature end of file.
2026-05-14 14:46:07,281 [ERROR] LogOutputStream:75 - [STDERR_REDIRECT] 
2026-05-14 14:46:08,278 [ERROR] LogOutputStream:75 - [STDERR_REDIRECT] [Fatal Error] :1:1: Premature end of file.
2026-05-14 14:46:08,278 [ERROR] LogOutputStream:75 - [STDERR_REDIRECT] 
2026-05-14 14:46:09,273 [ERROR] LogOutputStream:75 - [STDERR_REDIRECT] [Fatal Error] :1:1: Premature end of file.
2026-05-14 14:46:09,273 [ERROR] LogOutputStream:75 - [STDERR_REDIRECT] 
2026-05-14 14:46:10,279 [ERROR] LogOutputStream:75 - [STDERR_REDIRECT] [Fatal Error] :1:1: Premature end of file.
2026-05-14 14:46:10,280 [ERROR] LogOutputStream:75 - [STDERR_REDIRECT] 
2026-05-14 14:46:11,278 [ERROR] LogOutputStream:75 - [STDERR_REDIRECT] [Fatal Error] :1:1: Premature end of file.
2026-05-14 14:46:11,278 [ERROR] LogOutputStream:75 - [STDERR_REDIRECT] 
2026-05-14 14:46:12,275 [ERROR] LogOutputStream:75 - [STDERR_REDIRECT] [Fatal Error] :1:1: Premature end of file.
2026-05-14 14:46:12,275 [ERROR] LogOutputStream:75 - [STDERR_REDIRECT] 
2026-05-14 14:46:13,280 [ERROR] LogOutputStream:75 - [STDERR_REDIRECT] [Fatal Error] :1:1: Premature end of file.
2026-05-14 14:46:13,280 [ERROR] LogOutputStream:75 - [STDERR_REDIRECT] 
2026-05-14 14:46:14,272 [ERROR] LogOutputStream:75 - [STDERR_REDIRECT] [Fatal Error] :1:1: Premature end of file.
2026-05-14 14:46:14,272 [ERROR] LogOutputStream:75 - [STDERR_REDIRECT] 
2026-05-14 14:46:15,272 [ERROR] LogOutputStream:75 - [STDERR_REDIRECT] [Fatal Error] :1:1: Premature end of file.
2026-05-14 14:46:15,272 [ERROR] LogOutputStream:75 - [STDERR_REDIRECT] 
2026-05-14 14:46:16,276 [ERROR] LogOutputStream:75 - [STDERR_REDIRECT] [Fatal Error] :1:1: Premature end of file.
2026-05-14 14:46:16,276 [ERROR] LogOutputStream:75 - [STDERR_REDIRECT] 
2026-05-14 14:46:17,287 [ERROR] LogOutputStream:75 - [STDERR_REDIRECT] [Fatal Error] :1:1: Premature end of file.
2026-05-14 14:46:17,287 [ERROR] LogOutputStream:75 - [STDERR_REDIRECT] 
2026-05-14 14:46:18,283 [ERROR] LogOutputStream:75 - [STDERR_REDIRECT] [Fatal Error] :1:1: Premature end of file.
2026-05-14 14:46:18,283 [ERROR] LogOutputStream:75 - [STDERR_REDIRECT] 
2026-05-14 14:46:19,282 [ERROR] LogOutputStream:75 - [STDERR_REDIRECT] [Fatal Error] :1:1: Premature end of file.
2026-05-14 14:46:19,282 [ERROR] LogOutputStream:75 - [STDERR_REDIRECT] 
2026-05-14 14:46:20,295 [ERROR] LogOutputStream:75 - [STDERR_REDIRECT] [Fatal Error] :1:1: Premature end of file.
2026-05-14 14:46:20,295 [ERROR] LogOutputStream:75 - [STDERR_REDIRECT] 
2026-05-14 14:46:21,278 [ERROR] LogOutputStream:75 - [STDERR_REDIRECT] [Fatal Error] :1:1: Premature end of file.
2026-05-14 14:46:21,278 [ERROR] LogOutputStream:75 - [STDERR_REDIRECT] 
2026-05-14 14:46:22,285 [ERROR] LogOutputStream:75 - [STDERR_REDIRECT] [Fatal Error] :1:1: Premature end of file.
2026-05-14 14:46:22,285 [ERROR] LogOutputStream:75 - [STDERR_REDIRECT] 
2026-05-14 14:46:23,287 [ERROR] LogOutputStream:75 - [STDERR_REDIRECT] [Fatal Error] :1:1: Premature end of file.
2026-05-14 14:46:23,287 [ERROR] LogOutputStream:75 - [STDERR_REDIRECT] 
2026-05-14 14:46:24,280 [ERROR] LogOutputStream:75 - [STDERR_REDIRECT] [Fatal Error] :1:1: Premature end of file.
2026-05-14 14:46:24,280 [ERROR] LogOutputStream:75 - [STDERR_REDIRECT] 
2026-05-14 14:46:25,282 [ERROR] LogOutputStream:75 - [STDERR_REDIRECT] [Fatal Error] :1:1: Premature end of file.
2026-05-14 14:46:25,282 [ERROR] LogOutputStream:75 - [STDERR_REDIRECT] 
2026-05-14 14:46:26,282 [ERROR] LogOutputStream:75 - [STDERR_REDIRECT] [Fatal Error] :1:1: Premature end of file.
2026-05-14 14:46:26,282 [ERROR] LogOutputStream:75 - [STDERR_REDIRECT] 
2026-05-14 14:46:27,276 [ERROR] LogOutputStream:75 - [STDERR_REDIRECT] [Fatal Error] :1:1: Premature end of file.
2026-05-14 14:46:27,276 [ERROR] LogOutputStream:75 - [STDERR_REDIRECT] 
2026-05-14 14:46:28,276 [ERROR] LogOutputStream:75 - [STDERR_REDIRECT] [Fatal Error] :1:1: Premature end of file.
2026-05-14 14:46:28,276 [ERROR] LogOutputStream:75 - [STDERR_REDIRECT] 
2026-05-14 14:46:29,280 [ERROR] LogOutputStream:75 - [STDERR_REDIRECT] [Fatal Error] :1:1: Premature end of file.
2026-05-14 14:46:29,280 [ERROR] LogOutputStream:75 - [STDERR_REDIRECT] 
2026-05-14 14:46:30,283 [ERROR] LogOutputStream:75 - [STDERR_REDIRECT] [Fatal Error] :1:1: Premature end of file.
2026-05-14 14:46:30,283 [ERROR] LogOutputStream:75 - [STDERR_REDIRECT] 
2026-05-14 14:46:31,282 [ERROR] LogOutputStream:75 - [STDERR_REDIRECT] [Fatal Error] :1:1: Premature end of file.
2026-05-14 14:46:31,282 [ERROR] LogOutputStream:75 - [STDERR_REDIRECT] 
2026-05-14 14:46:32,284 [ERROR] LogOutputStream:75 - [STDERR_REDIRECT] [Fatal Error] :1:1: Premature end of file.
2026-05-14 14:46:32,284 [ERROR] LogOutputStream:75 - [STDERR_REDIRECT] 
2026-05-14 14:46:33,284 [ERROR] LogOutputStream:75 - [STDERR_REDIRECT] [Fatal Error] :1:1: Premature end of file.
2026-05-14 14:46:33,284 [ERROR] LogOutputStream:75 - [STDERR_REDIRECT] 
2026-05-14 14:46:34,284 [ERROR] LogOutputStream:75 - [STDERR_REDIRECT] [Fatal Error] :1:1: Premature end of file.
2026-05-14 14:46:34,284 [ERROR] LogOutputStream:75 - [STDERR_REDIRECT] 
2026-05-14 14:46:35,286 [ERROR] LogOutputStream:75 - [STDERR_REDIRECT] [Fatal Error] :1:1: Premature end of file.
2026-05-14 14:46:35,286 [ERROR] LogOutputStream:75 - [STDERR_REDIRECT] 
2026-05-14 14:46:36,273 [ERROR] LogOutputStream:75 - [STDERR_REDIRECT] [Fatal Error] :1:1: Premature end of file.
2026-05-14 14:46:36,273 [ERROR] LogOutputStream:75 - [STDERR_REDIRECT] 
2026-05-14 14:46:37,274 [ERROR] LogOutputStream:75 - [STDERR_REDIRECT] [Fatal Error] :1:1: Premature end of file.
2026-05-14 14:46:37,274 [ERROR] LogOutputStream:75 - [STDERR_REDIRECT] 
2026-05-14 14:46:38,278 [ERROR] LogOutputStream:75 - [STDERR_REDIRECT] [Fatal Error] :1:1: Premature end of file.
2026-05-14 14:46:38,278 [ERROR] LogOutputStream:75 - [STDERR_REDIRECT] 
2026-05-14 14:46:39,277 [ERROR] LogOutputStream:75 - [STDERR_REDIRECT] [Fatal Error] :1:1: Premature end of file.
2026-05-14 14:46:39,277 [ERROR] LogOutputStream:75 - [STDERR_REDIRECT] 
2026-05-14 14:46:40,277 [ERROR] LogOutputStream:75 - [STDERR_REDIRECT] [Fatal Error] :1:1: Premature end of file.
2026-05-14 14:46:40,277 [ERROR] LogOutputStream:75 - [STDERR_REDIRECT] 
2026-05-14 14:46:41,278 [ERROR] LogOutputStream:75 - [STDERR_REDIRECT] [Fatal Error] :1:1: Premature end of file.
2026-05-14 14:46:41,279 [ERROR] LogOutputStream:75 - [STDERR_REDIRECT] 
2026-05-14 14:46:42,284 [ERROR] LogOutputStream:75 - [STDERR_REDIRECT] [Fatal Error] :1:1: Premature end of file.
2026-05-14 14:46:42,284 [ERROR] LogOutputStream:75 - [STDERR_REDIRECT] 
2026-05-14 14:46:43,278 [ERROR] LogOutputStream:75 - [STDERR_REDIRECT] [Fatal Error] :1:1: Premature end of file.
2026-05-14 14:46:43,278 [ERROR] LogOutputStream:75 - [STDERR_REDIRECT] 
2026-05-14 14:46:44,279 [ERROR] LogOutputStream:75 - [STDERR_REDIRECT] [Fatal Error] :1:1: Premature end of file.
2026-05-14 14:46:44,279 [ERROR] LogOutputStream:75 - [STDERR_REDIRECT] 
2026-05-14 14:46:45,277 [ERROR] LogOutputStream:75 - [STDERR_REDIRECT] [Fatal Error] :1:1: Premature end of file.
2026-05-14 14:46:45,277 [ERROR] LogOutputStream:75 - [STDERR_REDIRECT] 
2026-05-14 14:46:46,274 [ERROR] LogOutputStream:75 - [STDERR_REDIRECT] [Fatal Error] :1:1: Premature end of file.
2026-05-14 14:46:46,274 [ERROR] LogOutputStream:75 - [STDERR_REDIRECT] 
2026-05-14 14:46:47,286 [ERROR] LogOutputStream:75 - [STDERR_REDIRECT] [Fatal Error] :1:1: Premature end of file.
2026-05-14 14:46:47,287 [ERROR] LogOutputStream:75 - [STDERR_REDIRECT] 
2026-05-14 14:46:48,282 [ERROR] LogOutputStream:75 - [STDERR_REDIRECT] [Fatal Error] :1:1: Premature end of file.
2026-05-14 14:46:48,282 [ERROR] LogOutputStream:75 - [STDERR_REDIRECT] 
2026-05-14 14:46:49,274 [ERROR] LogOutputStream:75 - [STDERR_REDIRECT] [Fatal Error] :1:1: Premature end of file.
2026-05-14 14:46:49,274 [ERROR] LogOutputStream:75 - [STDERR_REDIRECT] 
2026-05-14 14:46:50,278 [ERROR] LogOutputStream:75 - [STDERR_REDIRECT] [Fatal Error] :1:1: Premature end of file.
2026-05-14 14:46:50,278 [ERROR] LogOutputStream:75 - [STDERR_REDIRECT] 
2026-05-14 14:46:51,283 [ERROR] LogOutputStream:75 - [STDERR_REDIRECT] [Fatal Error] :1:1: Premature end of file.
2026-05-14 14:46:51,283 [ERROR] LogOutputStream:75 - [STDERR_REDIRECT] 
2026-05-14 14:46:52,282 [ERROR] LogOutputStream:75 - [STDERR_REDIRECT] [Fatal Error] :1:1: Premature end of file.
2026-05-14 14:46:52,282 [ERROR] LogOutputStream:75 - [STDERR_REDIRECT] 
2026-05-14 14:46:53,287 [ERROR] LogOutputStream:75 - [STDERR_REDIRECT] [Fatal Error] :1:1: Premature end of file.
2026-05-14 14:46:53,287 [ERROR] LogOutputStream:75 - [STDERR_REDIRECT] 
2026-05-14 14:46:54,285 [ERROR] LogOutputStream:75 - [STDERR_REDIRECT] [Fatal Error] :1:1: Premature end of file.
2026-05-14 14:46:54,285 [ERROR] LogOutputStream:75 - [STDERR_REDIRECT] 
2026-05-14 14:46:55,278 [ERROR] LogOutputStream:75 - [STDERR_REDIRECT] [Fatal Error] :1:1: Premature end of file.
2026-05-14 14:46:55,278 [ERROR] LogOutputStream:75 - [STDERR_REDIRECT] 
2026-05-14 14:46:56,276 [ERROR] LogOutputStream:75 - [STDERR_REDIRECT] [Fatal Error] :1:1: Premature end of file.
2026-05-14 14:46:56,276 [ERROR] LogOutputStream:75 - [STDERR_REDIRECT] 
2026-05-14 14:46:57,283 [ERROR] LogOutputStream:75 - [STDERR_REDIRECT] [Fatal Error] :1:1: Premature end of file.
2026-05-14 14:46:57,283 [ERROR] LogOutputStream:75 - [STDERR_REDIRECT] 
2026-05-14 14:46:58,272 [ERROR] LogOutputStream:75 - [STDERR_REDIRECT] [Fatal Error] :1:1: Premature end of file.
2026-05-14 14:46:58,272 [ERROR] LogOutputStream:75 - [STDERR_REDIRECT] 
2026-05-14 14:46:59,285 [ERROR] LogOutputStream:75 - [STDERR_REDIRECT] [Fatal Error] :1:1: Premature end of file.
2026-05-14 14:46:59,285 [ERROR] LogOutputStream:75 - [STDERR_REDIRECT] 
2026-05-14 14:47:00,282 [ERROR] LogOutputStream:75 - [STDERR_REDIRECT] [Fatal Error] :1:1: Premature end of file.
2026-05-14 14:47:00,282 [ERROR] LogOutputStream:75 - [STDERR_REDIRECT] 
2026-05-14 14:47:01,277 [ERROR] LogOutputStream:75 - [STDERR_REDIRECT] [Fatal Error] :1:1: Premature end of file.
2026-05-14 14:47:01,277 [ERROR] LogOutputStream:75 - [STDERR_REDIRECT] 
2026-05-14 14:47:02,275 [ERROR] LogOutputStream:75 - [STDERR_REDIRECT] [Fatal Error] :1:1: Premature end of file.
2026-05-14 14:47:02,276 [ERROR] LogOutputStream:75 - [STDERR_REDIRECT] 
2026-05-14 14:47:03,283 [ERROR] LogOutputStream:75 - [STDERR_REDIRECT] [Fatal Error] :1:1: Premature end of file.
2026-05-14 14:47:03,283 [ERROR] LogOutputStream:75 - [STDERR_REDIRECT] 
2026-05-14 14:47:04,277 [ERROR] LogOutputStream:75 - [STDERR_REDIRECT] [Fatal Error] :1:1: Premature end of file.
2026-05-14 14:47:04,277 [ERROR] LogOutputStream:75 - [STDERR_REDIRECT] 
2026-05-14 14:47:05,276 [ERROR] LogOutputStream:75 - [STDERR_REDIRECT] [Fatal Error] :1:1: Premature end of file.
2026-05-14 14:47:05,276 [ERROR] LogOutputStream:75 - [STDERR_REDIRECT] 
2026-05-14 14:47:06,276 [ERROR] LogOutputStream:75 - [STDERR_REDIRECT] [Fatal Error] :1:1: Premature end of file.
2026-05-14 14:47:06,277 [ERROR] LogOutputStream:75 - [STDERR_REDIRECT] 
2026-05-14 14:47:07,278 [ERROR] LogOutputStream:75 - [STDERR_REDIRECT] [Fatal Error] :1:1: Premature end of file.
2026-05-14 14:47:07,278 [ERROR] LogOutputStream:75 - [STDERR_REDIRECT] 
2026-05-14 14:47:08,277 [ERROR] LogOutputStream:75 - [STDERR_REDIRECT] [Fatal Error] :1:1: Premature end of file.
2026-05-14 14:47:08,277 [ERROR] LogOutputStream:75 - [STDERR_REDIRECT] 
2026-05-14 14:47:09,275 [ERROR] LogOutputStream:75 - [STDERR_REDIRECT] [Fatal Error] :1:1: Premature end of file.
2026-05-14 14:47:09,275 [ERROR] LogOutputStream:75 - [STDERR_REDIRECT] 
2026-05-14 14:47:10,282 [ERROR] LogOutputStream:75 - [STDERR_REDIRECT] [Fatal Error] :1:1: Premature end of file.
2026-05-14 14:47:10,282 [ERROR] LogOutputStream:75 - [STDERR_REDIRECT] 
2026-05-14 14:47:11,285 [ERROR] LogOutputStream:75 - [STDERR_REDIRECT] [Fatal Error] :1:1: Premature end of file.
2026-05-14 14:47:11,285 [ERROR] LogOutputStream:75 - [STDERR_REDIRECT] 
2026-05-14 14:47:12,277 [ERROR] LogOutputStream:75 - [STDERR_REDIRECT] [Fatal Error] :1:1: Premature end of file.
2026-05-14 14:47:12,277 [ERROR] LogOutputStream:75 - [STDERR_REDIRECT] 
2026-05-14 14:47:13,284 [ERROR] LogOutputStream:75 - [STDERR_REDIRECT] [Fatal Error] :1:1: Premature end of file.
2026-05-14 14:47:13,284 [ERROR] LogOutputStream:75 - [STDERR_REDIRECT] 
2026-05-14 14:47:14,285 [ERROR] LogOutputStream:75 - [STDERR_REDIRECT] [Fatal Error] :1:1: Premature end of file.
2026-05-14 14:47:14,285 [ERROR] LogOutputStream:75 - [STDERR_REDIRECT] 
2026-05-14 14:47:15,273 [ERROR] LogOutputStream:75 - [STDERR_REDIRECT] [Fatal Error] :1:1: Premature end of file.
2026-05-14 14:47:15,273 [ERROR] LogOutputStream:75 - [STDERR_REDIRECT] 
2026-05-14 14:47:16,282 [ERROR] LogOutputStream:75 - [STDERR_REDIRECT] [Fatal Error] :1:1: Premature end of file.
2026-05-14 14:47:16,282 [ERROR] LogOutputStream:75 - [STDERR_REDIRECT] 
2026-05-14 14:47:17,284 [ERROR] LogOutputStream:75 - [STDERR_REDIRECT] [Fatal Error] :1:1: Premature end of file.
2026-05-14 14:47:17,284 [ERROR] LogOutputStream:75 - [STDERR_REDIRECT] 
2026-05-14 14:47:18,274 [ERROR] LogOutputStream:75 - [STDERR_REDIRECT] [Fatal Error] :1:1: Premature end of file.
2026-05-14 14:47:18,274 [ERROR] LogOutputStream:75 - [STDERR_REDIRECT] 
2026-05-14 14:47:19,275 [ERROR] LogOutputStream:75 - [STDERR_REDIRECT] [Fatal Error] :1:1: Premature end of file.
2026-05-14 14:47:19,275 [ERROR] LogOutputStream:75 - [STDERR_REDIRECT] 
2026-05-14 14:47:20,281 [ERROR] LogOutputStream:75 - [STDERR_REDIRECT] [Fatal Error] :1:1: Premature end of file.
2026-05-14 14:47:20,281 [ERROR] LogOutputStream:75 - [STDERR_REDIRECT] 
2026-05-14 14:47:21,274 [ERROR] LogOutputStream:75 - [STDERR_REDIRECT] [Fatal Error] :1:1: Premature end of file.
2026-05-14 14:47:21,274 [ERROR] LogOutputStream:75 - [STDERR_REDIRECT] 
2026-05-14 14:47:22,288 [ERROR] LogOutputStream:75 - [STDERR_REDIRECT] [Fatal Error] :1:1: Premature end of file.
2026-05-14 14:47:22,288 [ERROR] LogOutputStream:75 - [STDERR_REDIRECT] 
2026-05-14 14:47:23,272 [ERROR] LogOutputStream:75 - [STDERR_REDIRECT] [Fatal Error] :1:1: Premature end of file.
2026-05-14 14:47:23,272 [ERROR] LogOutputStream:75 - [STDERR_REDIRECT] 
2026-05-14 14:47:24,276 [ERROR] LogOutputStream:75 - [STDERR_REDIRECT] [Fatal Error] :1:1: Premature end of file.
2026-05-14 14:47:24,276 [ERROR] LogOutputStream:75 - [STDERR_REDIRECT] 
2026-05-14 14:47:25,283 [ERROR] LogOutputStream:75 - [STDERR_REDIRECT] [Fatal Error] :1:1: Premature end of file.
2026-05-14 14:47:25,283 [ERROR] LogOutputStream:75 - [STDERR_REDIRECT] 
2026-05-14 14:47:26,283 [ERROR] LogOutputStream:75 - [STDERR_REDIRECT] [Fatal Error] :1:1: Premature end of file.
2026-05-14 14:47:26,283 [ERROR] LogOutputStream:75 - [STDERR_REDIRECT] 
2026-05-14 14:47:27,285 [ERROR] LogOutputStream:75 - [STDERR_REDIRECT] [Fatal Error] :1:1: Premature end of file.
2026-05-14 14:47:27,285 [ERROR] LogOutputStream:75 - [STDERR_REDIRECT] 
2026-05-14 14:47:28,273 [ERROR] LogOutputStream:75 - [STDERR_REDIRECT] [Fatal Error] :1:1: Premature end of file.
2026-05-14 14:47:28,273 [ERROR] LogOutputStream:75 - [STDERR_REDIRECT] 
2026-05-14 14:47:29,277 [ERROR] LogOutputStream:75 - [STDERR_REDIRECT] [Fatal Error] :1:1: Premature end of file.
2026-05-14 14:47:29,277 [ERROR] LogOutputStream:75 - [STDERR_REDIRECT] 
2026-05-14 14:47:30,280 [ERROR] LogOutputStream:75 - [STDERR_REDIRECT] [Fatal Error] :1:1: Premature end of file.
2026-05-14 14:47:30,280 [ERROR] LogOutputStream:75 - [STDERR_REDIRECT] 
2026-05-14 14:47:31,277 [ERROR] LogOutputStream:75 - [STDERR_REDIRECT] [Fatal Error] :1:1: Premature end of file.
2026-05-14 14:47:31,278 [ERROR] LogOutputStream:75 - [STDERR_REDIRECT] 
2026-05-14 14:47:32,279 [ERROR] LogOutputStream:75 - [STDERR_REDIRECT] [Fatal Error] :1:1: Premature end of file.
2026-05-14 14:47:32,279 [ERROR] LogOutputStream:75 - [STDERR_REDIRECT] 
2026-05-14 14:47:33,282 [ERROR] LogOutputStream:75 - [STDERR_REDIRECT] [Fatal Error] :1:1: Premature end of file.
2026-05-14 14:47:33,282 [ERROR] LogOutputStream:75 - [STDERR_REDIRECT] 
2026-05-14 14:47:34,287 [ERROR] LogOutputStream:75 - [STDERR_REDIRECT] [Fatal Error] :1:1: Premature end of file.
2026-05-14 14:47:34,287 [ERROR] LogOutputStream:75 - [STDERR_REDIRECT] 
2026-05-14 14:47:35,293 [ERROR] LogOutputStream:75 - [STDERR_REDIRECT] [Fatal Error] :1:1: Premature end of file.
2026-05-14 14:47:35,293 [ERROR] LogOutputStream:75 - [STDERR_REDIRECT] 
2026-05-14 14:47:36,286 [ERROR] LogOutputStream:75 - [STDERR_REDIRECT] [Fatal Error] :1:1: Premature end of file.
2026-05-14 14:47:36,286 [ERROR] LogOutputStream:75 - [STDERR_REDIRECT] 
2026-05-14 14:47:37,275 [ERROR] LogOutputStream:75 - [STDERR_REDIRECT] [Fatal Error] :1:1: Premature end of file.
2026-05-14 14:47:37,275 [ERROR] LogOutputStream:75 - [STDERR_REDIRECT] 
2026-05-14 14:47:38,273 [ERROR] LogOutputStream:75 - [STDERR_REDIRECT] [Fatal Error] :1:1: Premature end of file.
2026-05-14 14:47:38,273 [ERROR] LogOutputStream:75 - [STDERR_REDIRECT] 
2026-05-14 14:47:39,284 [ERROR] LogOutputStream:75 - [STDERR_REDIRECT] [Fatal Error] :1:1: Premature end of file.
2026-05-14 14:47:39,284 [ERROR] LogOutputStream:75 - [STDERR_REDIRECT] 
2026-05-14 14:47:40,277 [ERROR] LogOutputStream:75 - [STDERR_REDIRECT] [Fatal Error] :1:1: Premature end of file.
2026-05-14 14:47:40,277 [ERROR] LogOutputStream:75 - [STDERR_REDIRECT] 
2026-05-14 14:47:41,279 [ERROR] LogOutputStream:75 - [STDERR_REDIRECT] [Fatal Error] :1:1: Premature end of file.
2026-05-14 14:47:41,279 [ERROR] LogOutputStream:75 - [STDERR_REDIRECT] 
2026-05-14 14:47:42,273 [ERROR] LogOutputStream:75 - [STDERR_REDIRECT] [Fatal Error] :1:1: Premature end of file.
2026-05-14 14:47:42,273 [ERROR] LogOutputStream:75 - [STDERR_REDIRECT] 
2026-05-14 14:47:43,287 [ERROR] LogOutputStream:75 - [STDERR_REDIRECT] [Fatal Error] :1:1: Premature end of file.
2026-05-14 14:47:43,287 [ERROR] LogOutputStream:75 - [STDERR_REDIRECT] 
2026-05-14 14:47:44,274 [ERROR] LogOutputStream:75 - [STDERR_REDIRECT] [Fatal Error] :1:1: Premature end of file.
2026-05-14 14:47:44,274 [ERROR] LogOutputStream:75 - [STDERR_REDIRECT] 
2026-05-14 14:47:45,275 [ERROR] LogOutputStream:75 - [STDERR_REDIRECT] [Fatal Error] :1:1: Premature end of file.
2026-05-14 14:47:45,275 [ERROR] LogOutputStream:75 - [STDERR_REDIRECT] 
2026-05-14 14:47:46,284 [ERROR] LogOutputStream:75 - [STDERR_REDIRECT] [Fatal Error] :1:1: Premature end of file.
2026-05-14 14:47:46,284 [ERROR] LogOutputStream:75 - [STDERR_REDIRECT] 
2026-05-14 14:47:47,285 [ERROR] LogOutputStream:75 - [STDERR_REDIRECT] [Fatal Error] :1:1: Premature end of file.
2026-05-14 14:47:47,285 [ERROR] LogOutputStream:75 - [STDERR_REDIRECT] 
2026-05-14 14:47:48,279 [ERROR] LogOutputStream:75 - [STDERR_REDIRECT] [Fatal Error] :1:1: Premature end of file.
2026-05-14 14:47:48,279 [ERROR] LogOutputStream:75 - [STDERR_REDIRECT] 
2026-05-14 14:47:49,274 [ERROR] LogOutputStream:75 - [STDERR_REDIRECT] [Fatal Error] :1:1: Premature end of file.
2026-05-14 14:47:49,275 [ERROR] LogOutputStream:75 - [STDERR_REDIRECT] 
2026-05-14 14:47:50,286 [ERROR] LogOutputStream:75 - [STDERR_REDIRECT] [Fatal Error] :1:1: Premature end of file.
2026-05-14 14:47:50,286 [ERROR] LogOutputStream:75 - [STDERR_REDIRECT] 
2026-05-14 14:47:51,283 [ERROR] LogOutputStream:75 - [STDERR_REDIRECT] [Fatal Error] :1:1: Premature end of file.
2026-05-14 14:47:51,283 [ERROR] LogOutputStream:75 - [STDERR_REDIRECT] 
2026-05-14 14:47:52,276 [ERROR] LogOutputStream:75 - [STDERR_REDIRECT] [Fatal Error] :1:1: Premature end of file.
2026-05-14 14:47:52,276 [ERROR] LogOutputStream:75 - [STDERR_REDIRECT] 
2026-05-14 14:47:53,285 [ERROR] LogOutputStream:75 - [STDERR_REDIRECT] [Fatal Error] :1:1: Premature end of file.
2026-05-14 14:47:53,285 [ERROR] LogOutputStream:75 - [STDERR_REDIRECT] 
2026-05-14 14:47:54,290 [ERROR] LogOutputStream:75 - [STDERR_REDIRECT] [Fatal Error] :1:1: Premature end of file.
2026-05-14 14:47:54,290 [ERROR] LogOutputStream:75 - [STDERR_REDIRECT] 
2026-05-14 14:47:55,276 [ERROR] LogOutputStream:75 - [STDERR_REDIRECT] [Fatal Error] :1:1: Premature end of file.
2026-05-14 14:47:55,278 [ERROR] LogOutputStream:75 - [STDERR_REDIRECT] 
2026-05-14 14:47:56,286 [ERROR] LogOutputStream:75 - [STDERR_REDIRECT] [Fatal Error] :1:1: Premature end of file.
2026-05-14 14:47:56,286 [ERROR] LogOutputStream:75 - [STDERR_REDIRECT] 
2026-05-14 14:47:57,285 [ERROR] LogOutputStream:75 - [STDERR_REDIRECT] [Fatal Error] :1:1: Premature end of file.
2026-05-14 14:47:57,285 [ERROR] LogOutputStream:75 - [STDERR_REDIRECT] 
2026-05-14 14:47:58,273 [ERROR] LogOutputStream:75 - [STDERR_REDIRECT] [Fatal Error] :1:1: Premature end of file.
2026-05-14 14:47:58,273 [ERROR] LogOutputStream:75 - [STDERR_REDIRECT] 
2026-05-14 14:47:59,273 [ERROR] LogOutputStream:75 - [STDERR_REDIRECT] [Fatal Error] :1:1: Premature end of file.
2026-05-14 14:47:59,273 [ERROR] LogOutputStream:75 - [STDERR_REDIRECT] 
2026-05-14 14:48:00,273 [ERROR] LogOutputStream:75 - [STDERR_REDIRECT] [Fatal Error] :1:1: Premature end of file.
2026-05-14 14:48:00,273 [ERROR] LogOutputStream:75 - [STDERR_REDIRECT] 
2026-05-14 14:48:01,285 [ERROR] LogOutputStream:75 - [STDERR_REDIRECT] [Fatal Error] :1:1: Premature end of file.
2026-05-14 14:48:01,285 [ERROR] LogOutputStream:75 - [STDERR_REDIRECT] 
2026-05-14 14:48:02,275 [ERROR] LogOutputStream:75 - [STDERR_REDIRECT] [Fatal Error] :1:1: Premature end of file.
2026-05-14 14:48:02,276 [ERROR] LogOutputStream:75 - [STDERR_REDIRECT] 
2026-05-14 14:48:03,287 [ERROR] LogOutputStream:75 - [STDERR_REDIRECT] [Fatal Error] :1:1: Premature end of file.
2026-05-14 14:48:03,287 [ERROR] LogOutputStream:75 - [STDERR_REDIRECT] 
2026-05-14 14:48:04,285 [ERROR] LogOutputStream:75 - [STDERR_REDIRECT] [Fatal Error] :1:1: Premature end of file.
2026-05-14 14:48:04,285 [ERROR] LogOutputStream:75 - [STDERR_REDIRECT] 
2026-05-14 14:48:05,276 [ERROR] LogOutputStream:75 - [STDERR_REDIRECT] [Fatal Error] :1:1: Premature end of file.
2026-05-14 14:48:05,276 [ERROR] LogOutputStream:75 - [STDERR_REDIRECT] 
2026-05-14 14:48:06,277 [ERROR] LogOutputStream:75 - [STDERR_REDIRECT] [Fatal Error] :1:1: Premature end of file.
2026-05-14 14:48:06,277 [ERROR] LogOutputStream:75 - [STDERR_REDIRECT] 
2026-05-14 14:48:07,280 [ERROR] LogOutputStream:75 - [STDERR_REDIRECT] [Fatal Error] :1:1: Premature end of file.
2026-05-14 14:48:07,280 [ERROR] LogOutputStream:75 - [STDERR_REDIRECT] 
2026-05-14 14:48:08,280 [ERROR] LogOutputStream:75 - [STDERR_REDIRECT] [Fatal Error] :1:1: Premature end of file.
2026-05-14 14:48:08,281 [ERROR] LogOutputStream:75 - [STDERR_REDIRECT] 
2026-05-14 14:48:09,281 [ERROR] LogOutputStream:75 - [STDERR_REDIRECT] [Fatal Error] :1:1: Premature end of file.
2026-05-14 14:48:09,281 [ERROR] LogOutputStream:75 - [STDERR_REDIRECT] 
2026-05-14 14:48:10,278 [ERROR] LogOutputStream:75 - [STDERR_REDIRECT] [Fatal Error] :1:1: Premature end of file.
2026-05-14 14:48:10,279 [ERROR] LogOutputStream:75 - [STDERR_REDIRECT] 
2026-05-14 14:48:11,276 [ERROR] LogOutputStream:75 - [STDERR_REDIRECT] [Fatal Error] :1:1: Premature end of file.
2026-05-14 14:48:11,276 [ERROR] LogOutputStream:75 - [STDERR_REDIRECT] 
2026-05-14 14:48:12,282 [ERROR] LogOutputStream:75 - [STDERR_REDIRECT] [Fatal Error] :1:1: Premature end of file.
2026-05-14 14:48:12,282 [ERROR] LogOutputStream:75 - [STDERR_REDIRECT] 
2026-05-14 14:48:13,280 [ERROR] LogOutputStream:75 - [STDERR_REDIRECT] [Fatal Error] :1:1: Premature end of file.
2026-05-14 14:48:13,280 [ERROR] LogOutputStream:75 - [STDERR_REDIRECT] 
2026-05-14 14:48:14,286 [ERROR] LogOutputStream:75 - [STDERR_REDIRECT] [Fatal Error] :1:1: Premature end of file.
2026-05-14 14:48:14,286 [ERROR] LogOutputStream:75 - [STDERR_REDIRECT] 
2026-05-14 14:48:15,283 [ERROR] LogOutputStream:75 - [STDERR_REDIRECT] [Fatal Error] :1:1: Premature end of file.
2026-05-14 14:48:15,283 [ERROR] LogOutputStream:75 - [STDERR_REDIRECT] 
2026-05-14 14:48:16,284 [ERROR] LogOutputStream:75 - [STDERR_REDIRECT] [Fatal Error] :1:1: Premature end of file.
2026-05-14 14:48:16,284 [ERROR] LogOutputStream:75 - [STDERR_REDIRECT] 
2026-05-14 14:48:17,285 [ERROR] LogOutputStream:75 - [STDERR_REDIRECT] [Fatal Error] :1:1: Premature end of file.
2026-05-14 14:48:17,285 [ERROR] LogOutputStream:75 - [STDERR_REDIRECT] 
2026-05-14 14:48:18,285 [ERROR] LogOutputStream:75 - [STDERR_REDIRECT] [Fatal Error] :1:1: Premature end of file.
2026-05-14 14:48:18,285 [ERROR] LogOutputStream:75 - [STDERR_REDIRECT] 
2026-05-14 14:48:19,287 [ERROR] LogOutputStream:75 - [STDERR_REDIRECT] [Fatal Error] :1:1: Premature end of file.
2026-05-14 14:48:19,287 [ERROR] LogOutputStream:75 - [STDERR_REDIRECT] 
2026-05-14 14:48:20,273 [ERROR] LogOutputStream:75 - [STDERR_REDIRECT] [Fatal Error] :1:1: Premature end of file.
2026-05-14 14:48:20,273 [ERROR] LogOutputStream:75 - [STDERR_REDIRECT] 
2026-05-14 14:48:21,272 [ERROR] LogOutputStream:75 - [STDERR_REDIRECT] [Fatal Error] :1:1: Premature end of file.
2026-05-14 14:48:21,272 [ERROR] LogOutputStream:75 - [STDERR_REDIRECT] 
2026-05-14 14:48:22,273 [ERROR] LogOutputStream:75 - [STDERR_REDIRECT] [Fatal Error] :1:1: Premature end of file.
2026-05-14 14:48:22,273 [ERROR] LogOutputStream:75 - [STDERR_REDIRECT] 
2026-05-14 14:48:23,285 [ERROR] LogOutputStream:75 - [STDERR_REDIRECT] [Fatal Error] :1:1: Premature end of file.
2026-05-14 14:48:23,285 [ERROR] LogOutputStream:75 - [STDERR_REDIRECT] 
2026-05-14 14:48:24,274 [ERROR] LogOutputStream:75 - [STDERR_REDIRECT] [Fatal Error] :1:1: Premature end of file.
2026-05-14 14:48:24,274 [ERROR] LogOutputStream:75 - [STDERR_REDIRECT] 
2026-05-14 14:48:25,280 [ERROR] LogOutputStream:75 - [STDERR_REDIRECT] [Fatal Error] :1:1: Premature end of file.
2026-05-14 14:48:25,280 [ERROR] LogOutputStream:75 - [STDERR_REDIRECT] 
2026-05-14 14:48:26,289 [ERROR] LogOutputStream:75 - [STDERR_REDIRECT] [Fatal Error] :1:1: Premature end of file.
2026-05-14 14:48:26,289 [ERROR] LogOutputStream:75 - [STDERR_REDIRECT] 
2026-05-14 14:48:27,269 [ERROR] LogOutputStream:75 - [STDERR_REDIRECT] [Fatal Error] :1:1: Premature end of file.
2026-05-14 14:48:27,269 [ERROR] LogOutputStream:75 - [STDERR_REDIRECT] 
2026-05-14 14:48:28,303 [ERROR] LogOutputStream:75 - [STDERR_REDIRECT] [Fatal Error] :1:1: Premature end of file.
2026-05-14 14:48:28,303 [ERROR] LogOutputStream:75 - [STDERR_REDIRECT] 
2026-05-14 14:48:29,276 [ERROR] LogOutputStream:75 - [STDERR_REDIRECT] [Fatal Error] :1:1: Premature end of file.
2026-05-14 14:48:29,276 [ERROR] LogOutputStream:75 - [STDERR_REDIRECT] 
2026-05-14 14:48:30,267 [ERROR] LogOutputStream:75 - [STDERR_REDIRECT] [Fatal Error] :1:1: Premature end of file.
2026-05-14 14:48:30,267 [ERROR] LogOutputStream:75 - [STDERR_REDIRECT] 
2026-05-14 14:48:31,281 [ERROR] LogOutputStream:75 - [STDERR_REDIRECT] [Fatal Error] :1:1: Premature end of file.
2026-05-14 14:48:31,281 [ERROR] LogOutputStream:75 - [STDERR_REDIRECT] 
2026-05-14 14:48:32,285 [ERROR] LogOutputStream:75 - [STDERR_REDIRECT] [Fatal Error] :1:1: Premature end of file.
2026-05-14 14:48:32,285 [ERROR] LogOutputStream:75 - [STDERR_REDIRECT] 
2026-05-14 14:48:33,286 [ERROR] LogOutputStream:75 - [STDERR_REDIRECT] [Fatal Error] :1:1: Premature end of file.
2026-05-14 14:48:33,286 [ERROR] LogOutputStream:75 - [STDERR_REDIRECT] 
2026-05-14 14:48:34,270 [ERROR] LogOutputStream:75 - [STDERR_REDIRECT] [Fatal Error] :1:1: Premature end of file.
2026-05-14 14:48:34,270 [ERROR] LogOutputStream:75 - [STDERR_REDIRECT] 
2026-05-14 14:48:35,280 [ERROR] LogOutputStream:75 - [STDERR_REDIRECT] [Fatal Error] :1:1: Premature end of file.
2026-05-14 14:48:35,280 [ERROR] LogOutputStream:75 - [STDERR_REDIRECT] 
2026-05-14 14:48:36,287 [ERROR] LogOutputStream:75 - [STDERR_REDIRECT] [Fatal Error] :1:1: Premature end of file.
2026-05-14 14:48:36,287 [ERROR] LogOutputStream:75 - [STDERR_REDIRECT] 
2026-05-14 14:48:37,286 [ERROR] LogOutputStream:75 - [STDERR_REDIRECT] [Fatal Error] :1:1: Premature end of file.
2026-05-14 14:48:37,286 [ERROR] LogOutputStream:75 - [STDERR_REDIRECT] 
2026-05-14 14:48:38,286 [ERROR] LogOutputStream:75 - [STDERR_REDIRECT] [Fatal Error] :1:1: Premature end of file.
2026-05-14 14:48:38,286 [ERROR] LogOutputStream:75 - [STDERR_REDIRECT] 
2026-05-14 14:48:39,286 [ERROR] LogOutputStream:75 - [STDERR_REDIRECT] [Fatal Error] :1:1: Premature end of file.
2026-05-14 14:48:39,286 [ERROR] LogOutputStream:75 - [STDERR_REDIRECT] 
2026-05-14 14:48:40,262 [ERROR] LogOutputStream:75 - [STDERR_REDIRECT] [Fatal Error] :1:1: Premature end of file.
2026-05-14 14:48:40,274 [ERROR] LogOutputStream:75 - [STDERR_REDIRECT] 
2026-05-14 14:48:41,273 [ERROR] LogOutputStream:75 - [STDERR_REDIRECT] [Fatal Error] :1:1: Premature end of file.
2026-05-14 14:48:41,273 [ERROR] LogOutputStream:75 - [STDERR_REDIRECT] 
2026-05-14 14:48:42,285 [ERROR] LogOutputStream:75 - [STDERR_REDIRECT] [Fatal Error] :1:1: Premature end of file.
2026-05-14 14:48:42,285 [ERROR] LogOutputStream:75 - [STDERR_REDIRECT] 
2026-05-14 14:48:43,273 [ERROR] LogOutputStream:75 - [STDERR_REDIRECT] [Fatal Error] :1:1: Premature end of file.
2026-05-14 14:48:43,273 [ERROR] LogOutputStream:75 - [STDERR_REDIRECT] 
2026-05-14 14:48:44,277 [ERROR] LogOutputStream:75 - [STDERR_REDIRECT] [Fatal Error] :1:1: Premature end of file.
2026-05-14 14:48:44,277 [ERROR] LogOutputStream:75 - [STDERR_REDIRECT] 
2026-05-14 14:48:45,284 [ERROR] LogOutputStream:75 - [STDERR_REDIRECT] [Fatal Error] :1:1: Premature end of file.
2026-05-14 14:48:45,284 [ERROR] LogOutputStream:75 - [STDERR_REDIRECT] 
2026-05-14 14:48:46,275 [ERROR] LogOutputStream:75 - [STDERR_REDIRECT] [Fatal Error] :1:1: Premature end of file.
2026-05-14 14:48:46,275 [ERROR] LogOutputStream:75 - [STDERR_REDIRECT] 
2026-05-14 14:48:47,278 [ERROR] LogOutputStream:75 - [STDERR_REDIRECT] [Fatal Error] :1:1: Premature end of file.
2026-05-14 14:48:47,278 [ERROR] LogOutputStream:75 - [STDERR_REDIRECT] 
2026-05-14 14:48:48,267 [ERROR] LogOutputStream:75 - [STDERR_REDIRECT] [Fatal Error] :1:1: Premature end of file.
2026-05-14 14:48:48,267 [ERROR] LogOutputStream:75 - [STDERR_REDIRECT] 
2026-05-14 14:48:49,275 [ERROR] LogOutputStream:75 - [STDERR_REDIRECT] [Fatal Error] :1:1: Premature end of file.
2026-05-14 14:48:49,275 [ERROR] LogOutputStream:75 - [STDERR_REDIRECT] 
2026-05-14 14:48:50,282 [ERROR] LogOutputStream:75 - [STDERR_REDIRECT] [Fatal Error] :1:1: Premature end of file.
2026-05-14 14:48:50,282 [ERROR] LogOutputStream:75 - [STDERR_REDIRECT] 
2026-05-14 14:48:51,276 [ERROR] LogOutputStream:75 - [STDERR_REDIRECT] [Fatal Error] :1:1: Premature end of file.
2026-05-14 14:48:51,276 [ERROR] LogOutputStream:75 - [STDERR_REDIRECT] 
2026-05-14 14:48:52,281 [ERROR] LogOutputStream:75 - [STDERR_REDIRECT] [Fatal Error] :1:1: Premature end of file.
2026-05-14 14:48:52,281 [ERROR] LogOutputStream:75 - [STDERR_REDIRECT] 
2026-05-14 14:48:53,284 [ERROR] LogOutputStream:75 - [STDERR_REDIRECT] [Fatal Error] :1:1: Premature end of file.
2026-05-14 14:48:53,284 [ERROR] LogOutputStream:75 - [STDERR_REDIRECT] 
2026-05-14 14:48:54,268 [ERROR] LogOutputStream:75 - [STDERR_REDIRECT] [Fatal Error] :1:1: Premature end of file.
2026-05-14 14:48:54,268 [ERROR] LogOutputStream:75 - [STDERR_REDIRECT] 
2026-05-14 14:48:55,285 [ERROR] LogOutputStream:75 - [STDERR_REDIRECT] [Fatal Error] :1:1: Premature end of file.
2026-05-14 14:48:55,285 [ERROR] LogOutputStream:75 - [STDERR_REDIRECT] 
2026-05-14 14:48:56,285 [ERROR] LogOutputStream:75 - [STDERR_REDIRECT] [Fatal Error] :1:1: Premature end of file.
2026-05-14 14:48:56,285 [ERROR] LogOutputStream:75 - [STDERR_REDIRECT] 
2026-05-14 14:48:57,276 [ERROR] LogOutputStream:75 - [STDERR_REDIRECT] [Fatal Error] :1:1: Premature end of file.
2026-05-14 14:48:57,276 [ERROR] LogOutputStream:75 - [STDERR_REDIRECT] 
2026-05-14 14:48:58,287 [ERROR] LogOutputStream:75 - [STDERR_REDIRECT] [Fatal Error] :1:1: Premature end of file.
2026-05-14 14:48:58,287 [ERROR] LogOutputStream:75 - [STDERR_REDIRECT] 
2026-05-14 14:48:59,300 [ERROR] LogOutputStream:75 - [STDERR_REDIRECT] [Fatal Error] :1:1: Premature end of file.
2026-05-14 14:48:59,300 [ERROR] LogOutputStream:75 - [STDERR_REDIRECT] 
2026-05-14 14:49:00,285 [ERROR] LogOutputStream:75 - [STDERR_REDIRECT] [Fatal Error] :1:1: Premature end of file.
2026-05-14 14:49:00,285 [ERROR] LogOutputStream:75 - [STDERR_REDIRECT] 
2026-05-14 14:49:01,287 [ERROR] LogOutputStream:75 - [STDERR_REDIRECT] [Fatal Error] :1:1: Premature end of file.
2026-05-14 14:49:01,287 [ERROR] LogOutputStream:75 - [STDERR_REDIRECT] 
2026-05-14 14:49:02,290 [ERROR] LogOutputStream:75 - [STDERR_REDIRECT] [Fatal Error] :1:1: Premature end of file.
2026-05-14 14:49:02,290 [ERROR] LogOutputStream:75 - [STDERR_REDIRECT] 
2026-05-14 14:49:03,278 [ERROR] LogOutputStream:75 - [STDERR_REDIRECT] [Fatal Error] :1:1: Premature end of file.
2026-05-14 14:49:03,278 [ERROR] LogOutputStream:75 - [STDERR_REDIRECT] 
2026-05-14 14:49:04,274 [ERROR] LogOutputStream:75 - [STDERR_REDIRECT] [Fatal Error] :1:1: Premature end of file.
2026-05-14 14:49:04,274 [ERROR] LogOutputStream:75 - [STDERR_REDIRECT] 
2026-05-14 14:49:05,274 [ERROR] LogOutputStream:75 - [STDERR_REDIRECT] [Fatal Error] :1:1: Premature end of file.
2026-05-14 14:49:05,274 [ERROR] LogOutputStream:75 - [STDERR_REDIRECT] 
2026-05-14 14:49:06,286 [ERROR] LogOutputStream:75 - [STDERR_REDIRECT] [Fatal Error] :1:1: Premature end of file.
2026-05-14 14:49:06,286 [ERROR] LogOutputStream:75 - [STDERR_REDIRECT] 
2026-05-14 14:49:07,277 [ERROR] LogOutputStream:75 - [STDERR_REDIRECT] [Fatal Error] :1:1: Premature end of file.
2026-05-14 14:49:07,277 [ERROR] LogOutputStream:75 - [STDERR_REDIRECT] 
2026-05-14 14:49:08,287 [ERROR] LogOutputStream:75 - [STDERR_REDIRECT] [Fatal Error] :1:1: Premature end of file.
2026-05-14 14:49:08,287 [ERROR] LogOutputStream:75 - [STDERR_REDIRECT] 
2026-05-14 14:49:09,277 [ERROR] LogOutputStream:75 - [STDERR_REDIRECT] [Fatal Error] :1:1: Premature end of file.
2026-05-14 14:49:09,277 [ERROR] LogOutputStream:75 - [STDERR_REDIRECT] 
2026-05-14 14:49:10,278 [ERROR] LogOutputStream:75 - [STDERR_REDIRECT] [Fatal Error] :1:1: Premature end of file.
2026-05-14 14:49:10,278 [ERROR] LogOutputStream:75 - [STDERR_REDIRECT] 
2026-05-14 14:49:11,281 [ERROR] LogOutputStream:75 - [STDERR_REDIRECT] [Fatal Error] :1:1: Premature end of file.
2026-05-14 14:49:11,282 [ERROR] LogOutputStream:75 - [STDERR_REDIRECT] 
2026-05-14 14:49:12,287 [ERROR] LogOutputStream:75 - [STDERR_REDIRECT] [Fatal Error] :1:1: Premature end of file.
2026-05-14 14:49:12,287 [ERROR] LogOutputStream:75 - [STDERR_REDIRECT] 
2026-05-14 14:49:13,285 [ERROR] LogOutputStream:75 - [STDERR_REDIRECT] [Fatal Error] :1:1: Premature end of file.
2026-05-14 14:49:13,285 [ERROR] LogOutputStream:75 - [STDERR_REDIRECT] 
2026-05-14 14:49:14,283 [ERROR] LogOutputStream:75 - [STDERR_REDIRECT] [Fatal Error] :1:1: Premature end of file.
2026-05-14 14:49:14,283 [ERROR] LogOutputStream:75 - [STDERR_REDIRECT] 
2026-05-14 14:49:15,274 [ERROR] LogOutputStream:75 - [STDERR_REDIRECT] [Fatal Error] :1:1: Premature end of file.
2026-05-14 14:49:15,275 [ERROR] LogOutputStream:75 - [STDERR_REDIRECT] 
2026-05-14 14:49:16,273 [ERROR] LogOutputStream:75 - [STDERR_REDIRECT] [Fatal Error] :1:1: Premature end of file.
2026-05-14 14:49:16,273 [ERROR] LogOutputStream:75 - [STDERR_REDIRECT] 
2026-05-14 14:49:17,284 [ERROR] LogOutputStream:75 - [STDERR_REDIRECT] [Fatal Error] :1:1: Premature end of file.
2026-05-14 14:49:17,284 [ERROR] LogOutputStream:75 - [STDERR_REDIRECT] 
2026-05-14 14:49:18,284 [ERROR] LogOutputStream:75 - [STDERR_REDIRECT] [Fatal Error] :1:1: Premature end of file.
2026-05-14 14:49:18,284 [ERROR] LogOutputStream:75 - [STDERR_REDIRECT] 
2026-05-14 14:49:19,284 [ERROR] LogOutputStream:75 - [STDERR_REDIRECT] [Fatal Error] :1:1: Premature end of file.
2026-05-14 14:49:19,284 [ERROR] LogOutputStream:75 - [STDERR_REDIRECT] 
2026-05-14 14:49:20,288 [ERROR] LogOutputStream:75 - [STDERR_REDIRECT] [Fatal Error] :1:1: Premature end of file.
2026-05-14 14:49:20,288 [ERROR] LogOutputStream:75 - [STDERR_REDIRECT] 
2026-05-14 14:49:21,286 [ERROR] LogOutputStream:75 - [STDERR_REDIRECT] [Fatal Error] :1:1: Premature end of file.
2026-05-14 14:49:21,287 [ERROR] LogOutputStream:75 - [STDERR_REDIRECT] 
2026-05-14 14:49:22,287 [ERROR] LogOutputStream:75 - [STDERR_REDIRECT] [Fatal Error] :1:1: Premature end of file.
2026-05-14 14:49:22,287 [ERROR] LogOutputStream:75 - [STDERR_REDIRECT] 
2026-05-14 14:49:23,286 [ERROR] LogOutputStream:75 - [STDERR_REDIRECT] [Fatal Error] :1:1: Premature end of file.
2026-05-14 14:49:23,286 [ERROR] LogOutputStream:75 - [STDERR_REDIRECT] 
2026-05-14 14:49:24,260 [ERROR] LogOutputStream:75 - [STDERR_REDIRECT] [Fatal Error] :1:1: Premature end of file.
2026-05-14 14:49:24,260 [ERROR] LogOutputStream:75 - [STDERR_REDIRECT] 
2026-05-14 14:49:25,284 [ERROR] LogOutputStream:75 - [STDERR_REDIRECT] [Fatal Error] :1:1: Premature end of file.
2026-05-14 14:49:25,284 [ERROR] LogOutputStream:75 - [STDERR_REDIRECT] 
2026-05-14 14:49:26,277 [ERROR] LogOutputStream:75 - [STDERR_REDIRECT] [Fatal Error] :1:1: Premature end of file.
2026-05-14 14:49:26,277 [ERROR] LogOutputStream:75 - [STDERR_REDIRECT] 
2026-05-14 14:49:27,275 [ERROR] LogOutputStream:75 - [STDERR_REDIRECT] [Fatal Error] :1:1: Premature end of file.
2026-05-14 14:49:27,275 [ERROR] LogOutputStream:75 - [STDERR_REDIRECT] 
2026-05-14 14:49:28,280 [ERROR] LogOutputStream:75 - [STDERR_REDIRECT] [Fatal Error] :1:1: Premature end of file.
2026-05-14 14:49:28,280 [ERROR] LogOutputStream:75 - [STDERR_REDIRECT] 
2026-05-14 14:49:29,276 [ERROR] LogOutputStream:75 - [STDERR_REDIRECT] [Fatal Error] :1:1: Premature end of file.
2026-05-14 14:49:29,276 [ERROR] LogOutputStream:75 - [STDERR_REDIRECT] 
2026-05-14 14:49:30,282 [ERROR] LogOutputStream:75 - [STDERR_REDIRECT] [Fatal Error] :1:1: Premature end of file.
2026-05-14 14:49:30,282 [ERROR] LogOutputStream:75 - [STDERR_REDIRECT] 
2026-05-14 14:49:31,283 [ERROR] LogOutputStream:75 - [STDERR_REDIRECT] [Fatal Error] :1:1: Premature end of file.
2026-05-14 14:49:31,283 [ERROR] LogOutputStream:75 - [STDERR_REDIRECT] 
2026-05-14 14:49:32,283 [ERROR] LogOutputStream:75 - [STDERR_REDIRECT] [Fatal Error] :1:1: Premature end of file.
2026-05-14 14:49:32,283 [ERROR] LogOutputStream:75 - [STDERR_REDIRECT] 
2026-05-14 14:49:33,282 [ERROR] LogOutputStream:75 - [STDERR_REDIRECT] [Fatal Error] :1:1: Premature end of file.
2026-05-14 14:49:33,282 [ERROR] LogOutputStream:75 - [STDERR_REDIRECT] 
2026-05-14 14:49:34,288 [ERROR] LogOutputStream:75 - [STDERR_REDIRECT] [Fatal Error] :1:1: Premature end of file.
2026-05-14 14:49:34,288 [ERROR] LogOutputStream:75 - [STDERR_REDIRECT] 
2026-05-14 14:49:35,273 [ERROR] LogOutputStream:75 - [STDERR_REDIRECT] [Fatal Error] :1:1: Premature end of file.
2026-05-14 14:49:35,273 [ERROR] LogOutputStream:75 - [STDERR_REDIRECT] 
2026-05-14 14:49:36,281 [ERROR] LogOutputStream:75 - [STDERR_REDIRECT] [Fatal Error] :1:1: Premature end of file.
2026-05-14 14:49:36,281 [ERROR] LogOutputStream:75 - [STDERR_REDIRECT] 
2026-05-14 14:49:37,288 [ERROR] LogOutputStream:75 - [STDERR_REDIRECT] [Fatal Error] :1:1: Premature end of file.
2026-05-14 14:49:37,288 [ERROR] LogOutputStream:75 - [STDERR_REDIRECT] 
2026-05-14 14:49:38,283 [ERROR] LogOutputStream:75 - [STDERR_REDIRECT] [Fatal Error] :1:1: Premature end of file.
2026-05-14 14:49:38,283 [ERROR] LogOutputStream:75 - [STDERR_REDIRECT] 
2026-05-14 14:49:39,284 [ERROR] LogOutputStream:75 - [STDERR_REDIRECT] [Fatal Error] :1:1: Premature end of file.
2026-05-14 14:49:39,285 [ERROR] LogOutputStream:75 - [STDERR_REDIRECT] 
2026-05-14 14:49:40,290 [ERROR] LogOutputStream:75 - [STDERR_REDIRECT] [Fatal Error] :1:1: Premature end of file.
2026-05-14 14:49:40,290 [ERROR] LogOutputStream:75 - [STDERR_REDIRECT] 
2026-05-14 14:49:41,283 [ERROR] LogOutputStream:75 - [STDERR_REDIRECT] [Fatal Error] :1:1: Premature end of file.
2026-05-14 14:49:41,283 [ERROR] LogOutputStream:75 - [STDERR_REDIRECT] 
2026-05-14 14:49:42,281 [ERROR] LogOutputStream:75 - [STDERR_REDIRECT] [Fatal Error] :1:1: Premature end of file.
2026-05-14 14:49:42,281 [ERROR] LogOutputStream:75 - [STDERR_REDIRECT] 
2026-05-14 14:49:43,286 [ERROR] LogOutputStream:75 - [STDERR_REDIRECT] [Fatal Error] :1:1: Premature end of file.
2026-05-14 14:49:43,287 [ERROR] LogOutputStream:75 - [STDERR_REDIRECT] 
2026-05-14 14:49:44,285 [ERROR] LogOutputStream:75 - [STDERR_REDIRECT] [Fatal Error] :1:1: Premature end of file.
2026-05-14 14:49:44,292 [ERROR] LogOutputStream:75 - [STDERR_REDIRECT] 
2026-05-14 14:49:45,270 [ERROR] LogOutputStream:75 - [STDERR_REDIRECT] [Fatal Error] :1:1: Premature end of file.
2026-05-14 14:49:45,270 [ERROR] LogOutputStream:75 - [STDERR_REDIRECT] 
2026-05-14 14:49:46,277 [ERROR] LogOutputStream:75 - [STDERR_REDIRECT] [Fatal Error] :1:1: Premature end of file.
2026-05-14 14:49:46,277 [ERROR] LogOutputStream:75 - [STDERR_REDIRECT] 
2026-05-14 14:49:47,284 [ERROR] LogOutputStream:75 - [STDERR_REDIRECT] [Fatal Error] :1:1: Premature end of file.
2026-05-14 14:49:47,284 [ERROR] LogOutputStream:75 - [STDERR_REDIRECT] 
2026-05-14 14:49:48,277 [ERROR] LogOutputStream:75 - [STDERR_REDIRECT] [Fatal Error] :1:1: Premature end of file.
2026-05-14 14:49:48,277 [ERROR] LogOutputStream:75 - [STDERR_REDIRECT] 
2026-05-14 14:49:49,275 [ERROR] LogOutputStream:75 - [STDERR_REDIRECT] [Fatal Error] :1:1: Premature end of file.
2026-05-14 14:49:49,275 [ERROR] LogOutputStream:75 - [STDERR_REDIRECT] 
2026-05-14 14:49:50,280 [ERROR] LogOutputStream:75 - [STDERR_REDIRECT] [Fatal Error] :1:1: Premature end of file.
2026-05-14 14:49:50,280 [ERROR] LogOutputStream:75 - [STDERR_REDIRECT] 
2026-05-14 14:49:51,276 [ERROR] LogOutputStream:75 - [STDERR_REDIRECT] [Fatal Error] :1:1: Premature end of file.
2026-05-14 14:49:51,276 [ERROR] LogOutputStream:75 - [STDERR_REDIRECT] 
2026-05-14 14:49:52,285 [ERROR] LogOutputStream:75 - [STDERR_REDIRECT] [Fatal Error] :1:1: Premature end of file.
2026-05-14 14:49:52,285 [ERROR] LogOutputStream:75 - [STDERR_REDIRECT] 
2026-05-14 14:49:53,287 [ERROR] LogOutputStream:75 - [STDERR_REDIRECT] [Fatal Error] :1:1: Premature end of file.
2026-05-14 14:49:53,287 [ERROR] LogOutputStream:75 - [STDERR_REDIRECT] 
2026-05-14 14:49:54,280 [ERROR] LogOutputStream:75 - [STDERR_REDIRECT] [Fatal Error] :1:1: Premature end of file.
2026-05-14 14:49:54,280 [ERROR] LogOutputStream:75 - [STDERR_REDIRECT] 
2026-05-14 14:49:55,289 [ERROR] LogOutputStream:75 - [STDERR_REDIRECT] [Fatal Error] :1:1: Premature end of file.
2026-05-14 14:49:55,290 [ERROR] LogOutputStream:75 - [STDERR_REDIRECT] 
2026-05-14 14:49:56,277 [ERROR] LogOutputStream:75 - [STDERR_REDIRECT] [Fatal Error] :1:1: Premature end of file.
2026-05-14 14:49:56,279 [ERROR] LogOutputStream:75 - [STDERR_REDIRECT] 
2026-05-14 14:49:57,287 [ERROR] LogOutputStream:75 - [STDERR_REDIRECT] [Fatal Error] :1:1: Premature end of file.
2026-05-14 14:49:57,287 [ERROR] LogOutputStream:75 - [STDERR_REDIRECT] 
2026-05-14 14:49:58,285 [ERROR] LogOutputStream:75 - [STDERR_REDIRECT] [Fatal Error] :1:1: Premature end of file.
2026-05-14 14:49:58,285 [ERROR] LogOutputStream:75 - [STDERR_REDIRECT] 
2026-05-14 14:49:59,275 [ERROR] LogOutputStream:75 - [STDERR_REDIRECT] [Fatal Error] :1:1: Premature end of file.
2026-05-14 14:49:59,275 [ERROR] LogOutputStream:75 - [STDERR_REDIRECT] 
2026-05-14 14:50:00,286 [ERROR] LogOutputStream:75 - [STDERR_REDIRECT] [Fatal Error] :1:1: Premature end of file.
2026-05-14 14:50:00,287 [ERROR] LogOutputStream:75 - [STDERR_REDIRECT] 
2026-05-14 14:50:01,288 [ERROR] LogOutputStream:75 - [STDERR_REDIRECT] [Fatal Error] :1:1: Premature end of file.
2026-05-14 14:50:01,288 [ERROR] LogOutputStream:75 - [STDERR_REDIRECT] 
2026-05-14 14:50:02,295 [ERROR] LogOutputStream:75 - [STDERR_REDIRECT] [Fatal Error] :1:1: Premature end of file.
2026-05-14 14:50:02,295 [ERROR] LogOutputStream:75 - [STDERR_REDIRECT] 
2026-05-14 14:50:03,288 [ERROR] LogOutputStream:75 - [STDERR_REDIRECT] [Fatal Error] :1:1: Premature end of file.
2026-05-14 14:50:03,288 [ERROR] LogOutputStream:75 - [STDERR_REDIRECT] 
2026-05-14 14:50:04,277 [ERROR] LogOutputStream:75 - [STDERR_REDIRECT] [Fatal Error] :1:1: Premature end of file.
2026-05-14 14:50:04,277 [ERROR] LogOutputStream:75 - [STDERR_REDIRECT] 
2026-05-14 14:50:05,273 [ERROR] LogOutputStream:75 - [STDERR_REDIRECT] [Fatal Error] :1:1: Premature end of file.
2026-05-14 14:50:05,273 [ERROR] LogOutputStream:75 - [STDERR_REDIRECT] 
2026-05-14 14:50:06,275 [ERROR] LogOutputStream:75 - [STDERR_REDIRECT] [Fatal Error] :1:1: Premature end of file.
2026-05-14 14:50:06,275 [ERROR] LogOutputStream:75 - [STDERR_REDIRECT] 
2026-05-14 14:50:07,277 [ERROR] LogOutputStream:75 - [STDERR_REDIRECT] [Fatal Error] :1:1: Premature end of file.
2026-05-14 14:50:07,278 [ERROR] LogOutputStream:75 - [STDERR_REDIRECT] 
2026-05-14 14:50:08,273 [ERROR] LogOutputStream:75 - [STDERR_REDIRECT] [Fatal Error] :1:1: Premature end of file.
2026-05-14 14:50:08,273 [ERROR] LogOutputStream:75 - [STDERR_REDIRECT] 
2026-05-14 14:50:09,285 [ERROR] LogOutputStream:75 - [STDERR_REDIRECT] [Fatal Error] :1:1: Premature end of file.
2026-05-14 14:50:09,285 [ERROR] LogOutputStream:75 - [STDERR_REDIRECT] 
2026-05-14 14:50:10,280 [ERROR] LogOutputStream:75 - [STDERR_REDIRECT] [Fatal Error] :1:1: Premature end of file.
2026-05-14 14:50:10,280 [ERROR] LogOutputStream:75 - [STDERR_REDIRECT] 
2026-05-14 14:50:11,285 [ERROR] LogOutputStream:75 - [STDERR_REDIRECT] [Fatal Error] :1:1: Premature end of file.
2026-05-14 14:50:11,285 [ERROR] LogOutputStream:75 - [STDERR_REDIRECT] 
2026-05-14 14:50:12,301 [ERROR] LogOutputStream:75 - [STDERR_REDIRECT] [Fatal Error] :1:1: Premature end of file.
2026-05-14 14:50:12,301 [ERROR] LogOutputStream:75 - [STDERR_REDIRECT] 
2026-05-14 14:50:13,277 [ERROR] LogOutputStream:75 - [STDERR_REDIRECT] [Fatal Error] :1:1: Premature end of file.
2026-05-14 14:50:13,277 [ERROR] LogOutputStream:75 - [STDERR_REDIRECT] 
2026-05-14 14:50:14,267 [ERROR] LogOutputStream:75 - [STDERR_REDIRECT] [Fatal Error] :1:1: Premature end of file.
2026-05-14 14:50:14,267 [ERROR] LogOutputStream:75 - [STDERR_REDIRECT] 
2026-05-14 14:50:15,282 [ERROR] LogOutputStream:75 - [STDERR_REDIRECT] [Fatal Error] :1:1: Premature end of file.
2026-05-14 14:50:15,282 [ERROR] LogOutputStream:75 - [STDERR_REDIRECT] 
2026-05-14 14:50:16,276 [ERROR] LogOutputStream:75 - [STDERR_REDIRECT] [Fatal Error] :1:1: Premature end of file.
2026-05-14 14:50:16,276 [ERROR] LogOutputStream:75 - [STDERR_REDIRECT] 
2026-05-14 14:50:17,283 [ERROR] LogOutputStream:75 - [STDERR_REDIRECT] [Fatal Error] :1:1: Premature end of file.
2026-05-14 14:50:17,283 [ERROR] LogOutputStream:75 - [STDERR_REDIRECT] 
2026-05-14 14:50:18,282 [ERROR] LogOutputStream:75 - [STDERR_REDIRECT] [Fatal Error] :1:1: Premature end of file.
2026-05-14 14:50:18,282 [ERROR] LogOutputStream:75 - [STDERR_REDIRECT] 
2026-05-14 14:50:19,286 [ERROR] LogOutputStream:75 - [STDERR_REDIRECT] [Fatal Error] :1:1: Premature end of file.
2026-05-14 14:50:19,286 [ERROR] LogOutputStream:75 - [STDERR_REDIRECT] 
2026-05-14 14:50:20,285 [ERROR] LogOutputStream:75 - [STDERR_REDIRECT] [Fatal Error] :1:1: Premature end of file.
2026-05-14 14:50:20,285 [ERROR] LogOutputStream:75 - [STDERR_REDIRECT] 
2026-05-14 14:50:21,286 [ERROR] LogOutputStream:75 - [STDERR_REDIRECT] [Fatal Error] :1:1: Premature end of file.
2026-05-14 14:50:21,289 [ERROR] LogOutputStream:75 - [STDERR_REDIRECT] 
2026-05-14 14:50:22,289 [ERROR] LogOutputStream:75 - [STDERR_REDIRECT] [Fatal Error] :1:1: Premature end of file.
2026-05-14 14:50:22,289 [ERROR] LogOutputStream:75 - [STDERR_REDIRECT] 
2026-05-14 14:50:23,287 [ERROR] LogOutputStream:75 - [STDERR_REDIRECT] [Fatal Error] :1:1: Premature end of file.
2026-05-14 14:50:23,287 [ERROR] LogOutputStream:75 - [STDERR_REDIRECT] 
2026-05-14 14:50:24,274 [ERROR] LogOutputStream:75 - [STDERR_REDIRECT] [Fatal Error] :1:1: Premature end of file.
2026-05-14 14:50:24,274 [ERROR] LogOutputStream:75 - [STDERR_REDIRECT] 
2026-05-14 14:50:25,276 [ERROR] LogOutputStream:75 - [STDERR_REDIRECT] [Fatal Error] :1:1: Premature end of file.
2026-05-14 14:50:25,276 [ERROR] LogOutputStream:75 - [STDERR_REDIRECT] 
2026-05-14 14:50:26,275 [ERROR] LogOutputStream:75 - [STDERR_REDIRECT] [Fatal Error] :1:1: Premature end of file.
2026-05-14 14:50:26,275 [ERROR] LogOutputStream:75 - [STDERR_REDIRECT] 
2026-05-14 14:50:27,268 [ERROR] LogOutputStream:75 - [STDERR_REDIRECT] [Fatal Error] :1:1: Premature end of file.
2026-05-14 14:50:27,268 [ERROR] LogOutputStream:75 - [STDERR_REDIRECT] 
2026-05-14 14:50:28,275 [ERROR] LogOutputStream:75 - [STDERR_REDIRECT] [Fatal Error] :1:1: Premature end of file.
2026-05-14 14:50:28,275 [ERROR] LogOutputStream:75 - [STDERR_REDIRECT] 
2026-05-14 14:50:29,276 [ERROR] LogOutputStream:75 - [STDERR_REDIRECT] [Fatal Error] :1:1: Premature end of file.
2026-05-14 14:50:29,276 [ERROR] LogOutputStream:75 - [STDERR_REDIRECT] 
2026-05-14 14:50:30,274 [ERROR] LogOutputStream:75 - [STDERR_REDIRECT] [Fatal Error] :1:1: Premature end of file.
2026-05-14 14:50:30,274 [ERROR] LogOutputStream:75 - [STDERR_REDIRECT] 
2026-05-14 14:50:31,278 [ERROR] LogOutputStream:75 - [STDERR_REDIRECT] [Fatal Error] :1:1: Premature end of file.
2026-05-14 14:50:31,278 [ERROR] LogOutputStream:75 - [STDERR_REDIRECT] 
2026-05-14 14:50:32,286 [ERROR] LogOutputStream:75 - [STDERR_REDIRECT] [Fatal Error] :1:1: Premature end of file.
2026-05-14 14:50:32,286 [ERROR] LogOutputStream:75 - [STDERR_REDIRECT] 
2026-05-14 14:50:33,285 [ERROR] LogOutputStream:75 - [STDERR_REDIRECT] [Fatal Error] :1:1: Premature end of file.
2026-05-14 14:50:33,285 [ERROR] LogOutputStream:75 - [STDERR_REDIRECT] 
2026-05-14 14:50:34,285 [ERROR] LogOutputStream:75 - [STDERR_REDIRECT] [Fatal Error] :1:1: Premature end of file.
2026-05-14 14:50:34,285 [ERROR] LogOutputStream:75 - [STDERR_REDIRECT] 
2026-05-14 14:50:35,270 [ERROR] LogOutputStream:75 - [STDERR_REDIRECT] [Fatal Error] :1:1: Premature end of file.
2026-05-14 14:50:35,270 [ERROR] LogOutputStream:75 - [STDERR_REDIRECT] 
2026-05-14 14:50:36,277 [ERROR] LogOutputStream:75 - [STDERR_REDIRECT] [Fatal Error] :1:1: Premature end of file.
2026-05-14 14:50:36,277 [ERROR] LogOutputStream:75 - [STDERR_REDIRECT] 
2026-05-14 14:50:37,280 [ERROR] LogOutputStream:75 - [STDERR_REDIRECT] [Fatal Error] :1:1: Premature end of file.
2026-05-14 14:50:37,280 [ERROR] LogOutputStream:75 - [STDERR_REDIRECT] 
2026-05-14 14:50:38,286 [ERROR] LogOutputStream:75 - [STDERR_REDIRECT] [Fatal Error] :1:1: Premature end of file.
2026-05-14 14:50:38,286 [ERROR] LogOutputStream:75 - [STDERR_REDIRECT] 
2026-05-14 14:50:39,282 [ERROR] LogOutputStream:75 - [STDERR_REDIRECT] [Fatal Error] :1:1: Premature end of file.
2026-05-14 14:50:39,282 [ERROR] LogOutputStream:75 - [STDERR_REDIRECT] 
2026-05-14 14:50:40,284 [ERROR] LogOutputStream:75 - [STDERR_REDIRECT] [Fatal Error] :1:1: Premature end of file.
2026-05-14 14:50:40,284 [ERROR] LogOutputStream:75 - [STDERR_REDIRECT] 
2026-05-14 14:50:41,286 [ERROR] LogOutputStream:75 - [STDERR_REDIRECT] [Fatal Error] :1:1: Premature end of file.
2026-05-14 14:50:41,286 [ERROR] LogOutputStream:75 - [STDERR_REDIRECT] 
2026-05-14 14:50:42,287 [ERROR] LogOutputStream:75 - [STDERR_REDIRECT] [Fatal Error] :1:1: Premature end of file.
2026-05-14 14:50:42,287 [ERROR] LogOutputStream:75 - [STDERR_REDIRECT] 
2026-05-14 14:50:43,269 [ERROR] LogOutputStream:75 - [STDERR_REDIRECT] [Fatal Error] :1:1: Premature end of file.
2026-05-14 14:50:43,269 [ERROR] LogOutputStream:75 - [STDERR_REDIRECT] 
2026-05-14 14:50:44,278 [ERROR] LogOutputStream:75 - [STDERR_REDIRECT] [Fatal Error] :1:1: Premature end of file.
2026-05-14 14:50:44,278 [ERROR] LogOutputStream:75 - [STDERR_REDIRECT] 
2026-05-14 14:50:45,277 [ERROR] LogOutputStream:75 - [STDERR_REDIRECT] [Fatal Error] :1:1: Premature end of file.
2026-05-14 14:50:45,277 [ERROR] LogOutputStream:75 - [STDERR_REDIRECT] 
2026-05-14 14:50:46,274 [ERROR] LogOutputStream:75 - [STDERR_REDIRECT] [Fatal Error] :1:1: Premature end of file.
2026-05-14 14:50:46,274 [ERROR] LogOutputStream:75 - [STDERR_REDIRECT] 
2026-05-14 14:50:47,261 [ERROR] LogOutputStream:75 - [STDERR_REDIRECT] [Fatal Error] :1:1: Premature end of file.
2026-05-14 14:50:47,261 [ERROR] LogOutputStream:75 - [STDERR_REDIRECT] 
2026-05-14 14:50:48,287 [ERROR] LogOutputStream:75 - [STDERR_REDIRECT] [Fatal Error] :1:1: Premature end of file.
2026-05-14 14:50:48,287 [ERROR] LogOutputStream:75 - [STDERR_REDIRECT] 
2026-05-14 14:50:49,278 [ERROR] LogOutputStream:75 - [STDERR_REDIRECT] [Fatal Error] :1:1: Premature end of file.
2026-05-14 14:50:49,278 [ERROR] LogOutputStream:75 - [STDERR_REDIRECT] 
2026-05-14 14:50:50,287 [ERROR] LogOutputStream:75 - [STDERR_REDIRECT] [Fatal Error] :1:1: Premature end of file.
2026-05-14 14:50:50,287 [ERROR] LogOutputStream:75 - [STDERR_REDIRECT] 
2026-05-14 14:50:51,286 [ERROR] LogOutputStream:75 - [STDERR_REDIRECT] [Fatal Error] :1:1: Premature end of file.
2026-05-14 14:50:51,286 [ERROR] LogOutputStream:75 - [STDERR_REDIRECT] 
2026-05-14 14:50:52,278 [ERROR] LogOutputStream:75 - [STDERR_REDIRECT] [Fatal Error] :1:1: Premature end of file.
2026-05-14 14:50:52,278 [ERROR] LogOutputStream:75 - [STDERR_REDIRECT] 
2026-05-14 14:50:53,276 [ERROR] LogOutputStream:75 - [STDERR_REDIRECT] [Fatal Error] :1:1: Premature end of file.
2026-05-14 14:50:53,276 [ERROR] LogOutputStream:75 - [STDERR_REDIRECT] 
2026-05-14 14:50:54,280 [ERROR] LogOutputStream:75 - [STDERR_REDIRECT] [Fatal Error] :1:1: Premature end of file.
2026-05-14 14:50:54,281 [ERROR] LogOutputStream:75 - [STDERR_REDIRECT] 
2026-05-14 14:50:55,279 [ERROR] LogOutputStream:75 - [STDERR_REDIRECT] [Fatal Error] :1:1: Premature end of file.
2026-05-14 14:50:55,279 [ERROR] LogOutputStream:75 - [STDERR_REDIRECT] 
2026-05-14 14:50:56,286 [ERROR] LogOutputStream:75 - [STDERR_REDIRECT] [Fatal Error] :1:1: Premature end of file.
2026-05-14 14:50:56,286 [ERROR] LogOutputStream:75 - [STDERR_REDIRECT] 
2026-05-14 14:50:57,287 [ERROR] LogOutputStream:75 - [STDERR_REDIRECT] [Fatal Error] :1:1: Premature end of file.
2026-05-14 14:50:57,287 [ERROR] LogOutputStream:75 - [STDERR_REDIRECT] 
2026-05-14 14:50:58,282 [ERROR] LogOutputStream:75 - [STDERR_REDIRECT] [Fatal Error] :1:1: Premature end of file.
2026-05-14 14:50:58,282 [ERROR] LogOutputStream:75 - [STDERR_REDIRECT] 
2026-05-14 14:50:59,285 [ERROR] LogOutputStream:75 - [STDERR_REDIRECT] [Fatal Error] :1:1: Premature end of file.
2026-05-14 14:50:59,285 [ERROR] LogOutputStream:75 - [STDERR_REDIRECT] 
2026-05-14 14:51:00,281 [ERROR] LogOutputStream:75 - [STDERR_REDIRECT] [Fatal Error] :1:1: Premature end of file.
2026-05-14 14:51:00,283 [ERROR] LogOutputStream:75 - [STDERR_REDIRECT] 
2026-05-14 14:51:01,278 [ERROR] LogOutputStream:75 - [STDERR_REDIRECT] [Fatal Error] :1:1: Premature end of file.
2026-05-14 14:51:01,278 [ERROR] LogOutputStream:75 - [STDERR_REDIRECT] 
2026-05-14 14:51:02,288 [ERROR] LogOutputStream:75 - [STDERR_REDIRECT] [Fatal Error] :1:1: Premature end of file.
2026-05-14 14:51:02,289 [ERROR] LogOutputStream:75 - [STDERR_REDIRECT] 
2026-05-14 14:51:03,273 [ERROR] LogOutputStream:75 - [STDERR_REDIRECT] [Fatal Error] :1:1: Premature end of file.
2026-05-14 14:51:03,273 [ERROR] LogOutputStream:75 - [STDERR_REDIRECT] 
2026-05-14 14:51:04,276 [ERROR] LogOutputStream:75 - [STDERR_REDIRECT] [Fatal Error] :1:1: Premature end of file.
2026-05-14 14:51:04,276 [ERROR] LogOutputStream:75 - [STDERR_REDIRECT] 
2026-05-14 14:51:05,273 [ERROR] LogOutputStream:75 - [STDERR_REDIRECT] [Fatal Error] :1:1: Premature end of file.
2026-05-14 14:51:05,273 [ERROR] LogOutputStream:75 - [STDERR_REDIRECT] 
2026-05-14 14:51:06,272 [ERROR] LogOutputStream:75 - [STDERR_REDIRECT] [Fatal Error] :1:1: Premature end of file.
2026-05-14 14:51:06,272 [ERROR] LogOutputStream:75 - [STDERR_REDIRECT] 
2026-05-14 14:51:07,275 [ERROR] LogOutputStream:75 - [STDERR_REDIRECT] [Fatal Error] :1:1: Premature end of file.
2026-05-14 14:51:07,275 [ERROR] LogOutputStream:75 - [STDERR_REDIRECT] 
2026-05-14 14:51:08,276 [ERROR] LogOutputStream:75 - [STDERR_REDIRECT] [Fatal Error] :1:1: Premature end of file.
2026-05-14 14:51:08,276 [ERROR] LogOutputStream:75 - [STDERR_REDIRECT] 
2026-05-14 14:51:09,286 [ERROR] LogOutputStream:75 - [STDERR_REDIRECT] [Fatal Error] :1:1: Premature end of file.
2026-05-14 14:51:09,286 [ERROR] LogOutputStream:75 - [STDERR_REDIRECT] 
2026-05-14 14:51:10,277 [ERROR] LogOutputStream:75 - [STDERR_REDIRECT] [Fatal Error] :1:1: Premature end of file.
2026-05-14 14:51:10,278 [ERROR] LogOutputStream:75 - [STDERR_REDIRECT] 
2026-05-14 14:51:11,274 [ERROR] LogOutputStream:75 - [STDERR_REDIRECT] [Fatal Error] :1:1: Premature end of file.
2026-05-14 14:51:11,274 [ERROR] LogOutputStream:75 - [STDERR_REDIRECT] 
2026-05-14 14:51:12,287 [ERROR] LogOutputStream:75 - [STDERR_REDIRECT] [Fatal Error] :1:1: Premature end of file.
2026-05-14 14:51:12,287 [ERROR] LogOutputStream:75 - [STDERR_REDIRECT] 
2026-05-14 14:51:13,280 [ERROR] LogOutputStream:75 - [STDERR_REDIRECT] [Fatal Error] :1:1: Premature end of file.
2026-05-14 14:51:13,280 [ERROR] LogOutputStream:75 - [STDERR_REDIRECT] 
2026-05-14 14:51:14,275 [ERROR] LogOutputStream:75 - [STDERR_REDIRECT] [Fatal Error] :1:1: Premature end of file.
2026-05-14 14:51:14,275 [ERROR] LogOutputStream:75 - [STDERR_REDIRECT] 
2026-05-14 14:51:15,275 [ERROR] LogOutputStream:75 - [STDERR_REDIRECT] [Fatal Error] :1:1: Premature end of file.
2026-05-14 14:51:15,275 [ERROR] LogOutputStream:75 - [STDERR_REDIRECT] 
2026-05-14 14:51:16,284 [ERROR] LogOutputStream:75 - [STDERR_REDIRECT] [Fatal Error] :1:1: Premature end of file.
2026-05-14 14:51:16,284 [ERROR] LogOutputStream:75 - [STDERR_REDIRECT] 
2026-05-14 14:51:17,284 [ERROR] LogOutputStream:75 - [STDERR_REDIRECT] [Fatal Error] :1:1: Premature end of file.
2026-05-14 14:51:17,284 [ERROR] LogOutputStream:75 - [STDERR_REDIRECT] 
2026-05-14 14:51:18,283 [ERROR] LogOutputStream:75 - [STDERR_REDIRECT] [Fatal Error] :1:1: Premature end of file.
2026-05-14 14:51:18,283 [ERROR] LogOutputStream:75 - [STDERR_REDIRECT] 
2026-05-14 14:51:19,270 [ERROR] LogOutputStream:75 - [STDERR_REDIRECT] [Fatal Error] :1:1: Premature end of file.
2026-05-14 14:51:19,270 [ERROR] LogOutputStream:75 - [STDERR_REDIRECT] 
2026-05-14 14:51:20,284 [ERROR] LogOutputStream:75 - [STDERR_REDIRECT] [Fatal Error] :1:1: Premature end of file.
2026-05-14 14:51:20,284 [ERROR] LogOutputStream:75 - [STDERR_REDIRECT] 
2026-05-14 14:51:21,285 [ERROR] LogOutputStream:75 - [STDERR_REDIRECT] [Fatal Error] :1:1: Premature end of file.
2026-05-14 14:51:21,285 [ERROR] LogOutputStream:75 - [STDERR_REDIRECT] 
2026-05-14 14:51:22,284 [ERROR] LogOutputStream:75 - [STDERR_REDIRECT] [Fatal Error] :1:1: Premature end of file.
2026-05-14 14:51:22,284 [ERROR] LogOutputStream:75 - [STDERR_REDIRECT] 
2026-05-14 14:51:23,302 [ERROR] LogOutputStream:75 - [STDERR_REDIRECT] [Fatal Error] :1:1: Premature end of file.
2026-05-14 14:51:23,302 [ERROR] LogOutputStream:75 - [STDERR_REDIRECT] 
2026-05-14 14:51:24,285 [ERROR] LogOutputStream:75 - [STDERR_REDIRECT] [Fatal Error] :1:1: Premature end of file.
2026-05-14 14:51:24,285 [ERROR] LogOutputStream:75 - [STDERR_REDIRECT] 
2026-05-14 14:51:25,288 [ERROR] LogOutputStream:75 - [STDERR_REDIRECT] [Fatal Error] :1:1: Premature end of file.
2026-05-14 14:51:25,288 [ERROR] LogOutputStream:75 - [STDERR_REDIRECT] 
2026-05-14 14:51:26,285 [ERROR] LogOutputStream:75 - [STDERR_REDIRECT] [Fatal Error] :1:1: Premature end of file.
2026-05-14 14:51:26,285 [ERROR] LogOutputStream:75 - [STDERR_REDIRECT] 
2026-05-14 14:51:27,287 [ERROR] LogOutputStream:75 - [STDERR_REDIRECT] [Fatal Error] :1:1: Premature end of file.
2026-05-14 14:51:27,287 [ERROR] LogOutputStream:75 - [STDERR_REDIRECT] 
2026-05-14 14:51:28,286 [ERROR] LogOutputStream:75 - [STDERR_REDIRECT] [Fatal Error] :1:1: Premature end of file.
2026-05-14 14:51:28,286 [ERROR] LogOutputStream:75 - [STDERR_REDIRECT] 
2026-05-14 14:51:29,274 [ERROR] LogOutputStream:75 - [STDERR_REDIRECT] [Fatal Error] :1:1: Premature end of file.
2026-05-14 14:51:29,274 [ERROR] LogOutputStream:75 - [STDERR_REDIRECT] 
2026-05-14 14:51:30,274 [ERROR] LogOutputStream:75 - [STDERR_REDIRECT] [Fatal Error] :1:1: Premature end of file.
2026-05-14 14:51:30,274 [ERROR] LogOutputStream:75 - [STDERR_REDIRECT] 
2026-05-14 14:51:31,286 [ERROR] LogOutputStream:75 - [STDERR_REDIRECT] [Fatal Error] :1:1: Premature end of file.
2026-05-14 14:51:31,286 [ERROR] LogOutputStream:75 - [STDERR_REDIRECT] 
2026-05-14 14:51:32,277 [ERROR] LogOutputStream:75 - [STDERR_REDIRECT] [Fatal Error] :1:1: Premature end of file.
2026-05-14 14:51:32,277 [ERROR] LogOutputStream:75 - [STDERR_REDIRECT] 
2026-05-14 14:51:33,278 [ERROR] LogOutputStream:75 - [STDERR_REDIRECT] [Fatal Error] :1:1: Premature end of file.
2026-05-14 14:51:33,278 [ERROR] LogOutputStream:75 - [STDERR_REDIRECT] 
2026-05-14 14:51:34,286 [ERROR] LogOutputStream:75 - [STDERR_REDIRECT] [Fatal Error] :1:1: Premature end of file.
2026-05-14 14:51:34,286 [ERROR] LogOutputStream:75 - [STDERR_REDIRECT] 
2026-05-14 14:51:35,277 [ERROR] LogOutputStream:75 - [STDERR_REDIRECT] [Fatal Error] :1:1: Premature end of file.
2026-05-14 14:51:35,277 [ERROR] LogOutputStream:75 - [STDERR_REDIRECT] 
2026-05-14 14:51:36,275 [ERROR] LogOutputStream:75 - [STDERR_REDIRECT] [Fatal Error] :1:1: Premature end of file.
2026-05-14 14:51:36,275 [ERROR] LogOutputStream:75 - [STDERR_REDIRECT] 
2026-05-14 14:51:37,285 [ERROR] LogOutputStream:75 - [STDERR_REDIRECT] [Fatal Error] :1:1: Premature end of file.
2026-05-14 14:51:37,285 [ERROR] LogOutputStream:75 - [STDERR_REDIRECT] 
2026-05-14 14:51:38,285 [ERROR] LogOutputStream:75 - [STDERR_REDIRECT] [Fatal Error] :1:1: Premature end of file.
2026-05-14 14:51:38,285 [ERROR] LogOutputStream:75 - [STDERR_REDIRECT] 
2026-05-14 14:51:39,285 [ERROR] LogOutputStream:75 - [STDERR_REDIRECT] [Fatal Error] :1:1: Premature end of file.
2026-05-14 14:51:39,285 [ERROR] LogOutputStream:75 - [STDERR_REDIRECT] 
2026-05-14 14:51:40,282 [ERROR] LogOutputStream:75 - [STDERR_REDIRECT] [Fatal Error] :1:1: Premature end of file.
2026-05-14 14:51:40,282 [ERROR] LogOutputStream:75 - [STDERR_REDIRECT] 
2026-05-14 14:51:41,286 [ERROR] LogOutputStream:75 - [STDERR_REDIRECT] [Fatal Error] :1:1: Premature end of file.
2026-05-14 14:51:41,286 [ERROR] LogOutputStream:75 - [STDERR_REDIRECT] 
2026-05-14 14:51:42,286 [ERROR] LogOutputStream:75 - [STDERR_REDIRECT] [Fatal Error] :1:1: Premature end of file.
2026-05-14 14:51:42,286 [ERROR] LogOutputStream:75 - [STDERR_REDIRECT] 
2026-05-14 14:51:43,288 [ERROR] LogOutputStream:75 - [STDERR_REDIRECT] [Fatal Error] :1:1: Premature end of file.
2026-05-14 14:51:43,288 [ERROR] LogOutputStream:75 - [STDERR_REDIRECT] 
2026-05-14 14:51:44,301 [ERROR] LogOutputStream:75 - [STDERR_REDIRECT] [Fatal Error] :1:1: Premature end of file.
2026-05-14 14:51:44,301 [ERROR] LogOutputStream:75 - [STDERR_REDIRECT] 
2026-05-14 14:51:45,285 [ERROR] LogOutputStream:75 - [STDERR_REDIRECT] [Fatal Error] :1:1: Premature end of file.
2026-05-14 14:51:45,285 [ERROR] LogOutputStream:75 - [STDERR_REDIRECT] 
2026-05-14 14:51:46,285 [ERROR] LogOutputStream:75 - [STDERR_REDIRECT] [Fatal Error] :1:1: Premature end of file.
2026-05-14 14:51:46,285 [ERROR] LogOutputStream:75 - [STDERR_REDIRECT] 
2026-05-14 14:51:47,301 [ERROR] LogOutputStream:75 - [STDERR_REDIRECT] [Fatal Error] :1:1: Premature end of file.
2026-05-14 14:51:47,301 [ERROR] LogOutputStream:75 - [STDERR_REDIRECT] 
2026-05-14 14:51:48,285 [ERROR] LogOutputStream:75 - [STDERR_REDIRECT] [Fatal Error] :1:1: Premature end of file.
2026-05-14 14:51:48,285 [ERROR] LogOutputStream:75 - [STDERR_REDIRECT] 
2026-05-14 14:51:49,285 [ERROR] LogOutputStream:75 - [STDERR_REDIRECT] [Fatal Error] :1:1: Premature end of file.
2026-05-14 14:51:49,285 [ERROR] LogOutputStream:75 - [STDERR_REDIRECT] 
2026-05-14 14:51:50,285 [ERROR] LogOutputStream:75 - [STDERR_REDIRECT] [Fatal Error] :1:1: Premature end of file.
2026-05-14 14:51:50,285 [ERROR] LogOutputStream:75 - [STDERR_REDIRECT] 
2026-05-14 14:51:51,286 [ERROR] LogOutputStream:75 - [STDERR_REDIRECT] [Fatal Error] :1:1: Premature end of file.
2026-05-14 14:51:51,286 [ERROR] LogOutputStream:75 - [STDERR_REDIRECT] 
2026-05-14 14:51:52,285 [ERROR] LogOutputStream:75 - [STDERR_REDIRECT] [Fatal Error] :1:1: Premature end of file.
2026-05-14 14:51:52,285 [ERROR] LogOutputStream:75 - [STDERR_REDIRECT] 
2026-05-14 14:51:53,277 [ERROR] LogOutputStream:75 - [STDERR_REDIRECT] [Fatal Error] :1:1: Premature end of file.
2026-05-14 14:51:53,277 [ERROR] LogOutputStream:75 - [STDERR_REDIRECT] 
2026-05-14 14:51:54,281 [ERROR] LogOutputStream:75 - [STDERR_REDIRECT] [Fatal Error] :1:1: Premature end of file.
2026-05-14 14:51:54,281 [ERROR] LogOutputStream:75 - [STDERR_REDIRECT] 
2026-05-14 14:51:55,285 [ERROR] LogOutputStream:75 - [STDERR_REDIRECT] [Fatal Error] :1:1: Premature end of file.
2026-05-14 14:51:55,285 [ERROR] LogOutputStream:75 - [STDERR_REDIRECT] 
2026-05-14 14:51:56,286 [ERROR] LogOutputStream:75 - [STDERR_REDIRECT] [Fatal Error] :1:1: Premature end of file.
2026-05-14 14:51:56,286 [ERROR] LogOutputStream:75 - [STDERR_REDIRECT] 
2026-05-14 14:51:57,270 [ERROR] LogOutputStream:75 - [STDERR_REDIRECT] [Fatal Error] :1:1: Premature end of file.
2026-05-14 14:51:57,270 [ERROR] LogOutputStream:75 - [STDERR_REDIRECT] 
2026-05-14 14:51:58,285 [ERROR] LogOutputStream:75 - [STDERR_REDIRECT] [Fatal Error] :1:1: Premature end of file.
2026-05-14 14:51:58,285 [ERROR] LogOutputStream:75 - [STDERR_REDIRECT] 
2026-05-14 14:51:59,276 [ERROR] LogOutputStream:75 - [STDERR_REDIRECT] [Fatal Error] :1:1: Premature end of file.
2026-05-14 14:51:59,276 [ERROR] LogOutputStream:75 - [STDERR_REDIRECT] 
2026-05-14 14:52:00,284 [ERROR] LogOutputStream:75 - [STDERR_REDIRECT] [Fatal Error] :1:1: Premature end of file.
2026-05-14 14:52:00,284 [ERROR] LogOutputStream:75 - [STDERR_REDIRECT] 
2026-05-14 14:52:01,286 [ERROR] LogOutputStream:75 - [STDERR_REDIRECT] [Fatal Error] :1:1: Premature end of file.
2026-05-14 14:52:01,286 [ERROR] LogOutputStream:75 - [STDERR_REDIRECT] 
2026-05-14 14:52:02,272 [ERROR] LogOutputStream:75 - [STDERR_REDIRECT] [Fatal Error] :1:1: Premature end of file.
2026-05-14 14:52:02,272 [ERROR] LogOutputStream:75 - [STDERR_REDIRECT] 
2026-05-14 14:52:03,282 [ERROR] LogOutputStream:75 - [STDERR_REDIRECT] [Fatal Error] :1:1: Premature end of file.
2026-05-14 14:52:03,282 [ERROR] LogOutputStream:75 - [STDERR_REDIRECT] 
2026-05-14 14:52:04,273 [ERROR] LogOutputStream:75 - [STDERR_REDIRECT] [Fatal Error] :1:1: Premature end of file.
2026-05-14 14:52:04,273 [ERROR] LogOutputStream:75 - [STDERR_REDIRECT] 
2026-05-14 14:52:05,287 [ERROR] LogOutputStream:75 - [STDERR_REDIRECT] [Fatal Error] :1:1: Premature end of file.
2026-05-14 14:52:05,287 [ERROR] LogOutputStream:75 - [STDERR_REDIRECT] 
2026-05-14 14:52:06,273 [ERROR] LogOutputStream:75 - [STDERR_REDIRECT] [Fatal Error] :1:1: Premature end of file.
2026-05-14 14:52:06,273 [ERROR] LogOutputStream:75 - [STDERR_REDIRECT] 
2026-05-14 14:52:07,283 [ERROR] LogOutputStream:75 - [STDERR_REDIRECT] [Fatal Error] :1:1: Premature end of file.
2026-05-14 14:52:07,283 [ERROR] LogOutputStream:75 - [STDERR_REDIRECT] 
2026-05-14 14:52:08,287 [ERROR] LogOutputStream:75 - [STDERR_REDIRECT] [Fatal Error] :1:1: Premature end of file.
2026-05-14 14:52:08,287 [ERROR] LogOutputStream:75 - [STDERR_REDIRECT] 
2026-05-14 14:52:09,274 [ERROR] LogOutputStream:75 - [STDERR_REDIRECT] [Fatal Error] :1:1: Premature end of file.
2026-05-14 14:52:09,274 [ERROR] LogOutputStream:75 - [STDERR_REDIRECT] 
2026-05-14 14:52:10,285 [ERROR] LogOutputStream:75 - [STDERR_REDIRECT] [Fatal Error] :1:1: Premature end of file.
2026-05-14 14:52:10,285 [ERROR] LogOutputStream:75 - [STDERR_REDIRECT] 
2026-05-14 14:52:11,277 [ERROR] LogOutputStream:75 - [STDERR_REDIRECT] [Fatal Error] :1:1: Premature end of file.
2026-05-14 14:52:11,277 [ERROR] LogOutputStream:75 - [STDERR_REDIRECT] 
2026-05-14 14:52:12,278 [ERROR] LogOutputStream:75 - [STDERR_REDIRECT] [Fatal Error] :1:1: Premature end of file.
2026-05-14 14:52:12,278 [ERROR] LogOutputStream:75 - [STDERR_REDIRECT] 
2026-05-14 14:52:13,264 [ERROR] LogOutputStream:75 - [STDERR_REDIRECT] [Fatal Error] :1:1: Premature end of file.
2026-05-14 14:52:13,264 [ERROR] LogOutputStream:75 - [STDERR_REDIRECT] 
2026-05-14 14:52:14,280 [ERROR] LogOutputStream:75 - [STDERR_REDIRECT] [Fatal Error] :1:1: Premature end of file.
2026-05-14 14:52:14,280 [ERROR] LogOutputStream:75 - [STDERR_REDIRECT] 
2026-05-14 14:52:15,269 [ERROR] LogOutputStream:75 - [STDERR_REDIRECT] [Fatal Error] :1:1: Premature end of file.
2026-05-14 14:52:15,269 [ERROR] LogOutputStream:75 - [STDERR_REDIRECT] 
2026-05-14 14:52:16,285 [ERROR] LogOutputStream:75 - [STDERR_REDIRECT] [Fatal Error] :1:1: Premature end of file.
2026-05-14 14:52:16,285 [ERROR] LogOutputStream:75 - [STDERR_REDIRECT] 
2026-05-14 14:52:17,267 [ERROR] LogOutputStream:75 - [STDERR_REDIRECT] [Fatal Error] :1:1: Premature end of file.
2026-05-14 14:52:17,267 [ERROR] LogOutputStream:75 - [STDERR_REDIRECT] 
2026-05-14 14:52:18,283 [ERROR] LogOutputStream:75 - [STDERR_REDIRECT] [Fatal Error] :1:1: Premature end of file.
2026-05-14 14:52:18,283 [ERROR] LogOutputStream:75 - [STDERR_REDIRECT] 
2026-05-14 14:52:19,282 [ERROR] LogOutputStream:75 - [STDERR_REDIRECT] [Fatal Error] :1:1: Premature end of file.
2026-05-14 14:52:19,282 [ERROR] LogOutputStream:75 - [STDERR_REDIRECT] 
2026-05-14 14:52:20,283 [ERROR] LogOutputStream:75 - [STDERR_REDIRECT] [Fatal Error] :1:1: Premature end of file.
2026-05-14 14:52:20,283 [ERROR] LogOutputStream:75 - [STDERR_REDIRECT] 
2026-05-14 14:52:21,286 [ERROR] LogOutputStream:75 - [STDERR_REDIRECT] [Fatal Error] :1:1: Premature end of file.
2026-05-14 14:52:21,286 [ERROR] LogOutputStream:75 - [STDERR_REDIRECT] 
2026-05-14 14:52:22,270 [ERROR] LogOutputStream:75 - [STDERR_REDIRECT] [Fatal Error] :1:1: Premature end of file.
2026-05-14 14:52:22,270 [ERROR] LogOutputStream:75 - [STDERR_REDIRECT] 
2026-05-14 14:52:23,286 [ERROR] LogOutputStream:75 - [STDERR_REDIRECT] [Fatal Error] :1:1: Premature end of file.
2026-05-14 14:52:23,286 [ERROR] LogOutputStream:75 - [STDERR_REDIRECT] 
2026-05-14 14:52:24,273 [ERROR] LogOutputStream:75 - [STDERR_REDIRECT] [Fatal Error] :1:1: Premature end of file.
2026-05-14 14:52:24,274 [ERROR] LogOutputStream:75 - [STDERR_REDIRECT] 
2026-05-14 14:52:25,274 [ERROR] LogOutputStream:75 - [STDERR_REDIRECT] [Fatal Error] :1:1: Premature end of file.
2026-05-14 14:52:25,274 [ERROR] LogOutputStream:75 - [STDERR_REDIRECT] 
2026-05-14 14:52:26,286 [ERROR] LogOutputStream:75 - [STDERR_REDIRECT] [Fatal Error] :1:1: Premature end of file.
2026-05-14 14:52:26,286 [ERROR] LogOutputStream:75 - [STDERR_REDIRECT] 
2026-05-14 14:52:27,287 [ERROR] LogOutputStream:75 - [STDERR_REDIRECT] [Fatal Error] :1:1: Premature end of file.
2026-05-14 14:52:27,287 [ERROR] LogOutputStream:75 - [STDERR_REDIRECT] 
2026-05-14 14:52:28,285 [ERROR] LogOutputStream:75 - [STDERR_REDIRECT] [Fatal Error] :1:1: Premature end of file.
2026-05-14 14:52:28,285 [ERROR] LogOutputStream:75 - [STDERR_REDIRECT] 
2026-05-14 14:52:29,285 [ERROR] LogOutputStream:75 - [STDERR_REDIRECT] [Fatal Error] :1:1: Premature end of file.
2026-05-14 14:52:29,285 [ERROR] LogOutputStream:75 - [STDERR_REDIRECT] 
2026-05-14 14:52:30,285 [ERROR] LogOutputStream:75 - [STDERR_REDIRECT] [Fatal Error] :1:1: Premature end of file.
2026-05-14 14:52:30,285 [ERROR] LogOutputStream:75 - [STDERR_REDIRECT] 
2026-05-14 14:52:31,271 [ERROR] LogOutputStream:75 - [STDERR_REDIRECT] [Fatal Error] :1:1: Premature end of file.
2026-05-14 14:52:31,271 [ERROR] LogOutputStream:75 - [STDERR_REDIRECT] 
2026-05-14 14:52:32,285 [ERROR] LogOutputStream:75 - [STDERR_REDIRECT] [Fatal Error] :1:1: Premature end of file.
2026-05-14 14:52:32,285 [ERROR] LogOutputStream:75 - [STDERR_REDIRECT] 
2026-05-14 14:52:33,279 [ERROR] LogOutputStream:75 - [STDERR_REDIRECT] [Fatal Error] :1:1: Premature end of file.
2026-05-14 14:52:33,279 [ERROR] LogOutputStream:75 - [STDERR_REDIRECT] 
2026-05-14 14:52:34,288 [ERROR] LogOutputStream:75 - [STDERR_REDIRECT] [Fatal Error] :1:1: Premature end of file.
2026-05-14 14:52:34,288 [ERROR] LogOutputStream:75 - [STDERR_REDIRECT] 
2026-05-14 14:52:35,286 [ERROR] LogOutputStream:75 - [STDERR_REDIRECT] [Fatal Error] :1:1: Premature end of file.
2026-05-14 14:52:35,286 [ERROR] LogOutputStream:75 - [STDERR_REDIRECT] 
2026-05-14 14:52:36,283 [ERROR] LogOutputStream:75 - [STDERR_REDIRECT] [Fatal Error] :1:1: Premature end of file.
2026-05-14 14:52:36,284 [ERROR] LogOutputStream:75 - [STDERR_REDIRECT] 
2026-05-14 14:52:37,286 [ERROR] LogOutputStream:75 - [STDERR_REDIRECT] [Fatal Error] :1:1: Premature end of file.
2026-05-14 14:52:37,286 [ERROR] LogOutputStream:75 - [STDERR_REDIRECT] 
2026-05-14 14:52:38,286 [ERROR] LogOutputStream:75 - [STDERR_REDIRECT] [Fatal Error] :1:1: Premature end of file.
2026-05-14 14:52:38,286 [ERROR] LogOutputStream:75 - [STDERR_REDIRECT] 
2026-05-14 14:52:39,286 [ERROR] LogOutputStream:75 - [STDERR_REDIRECT] [Fatal Error] :1:1: Premature end of file.
2026-05-14 14:52:39,286 [ERROR] LogOutputStream:75 - [STDERR_REDIRECT] 
2026-05-14 14:52:40,287 [ERROR] LogOutputStream:75 - [STDERR_REDIRECT] [Fatal Error] :1:1: Premature end of file.
2026-05-14 14:52:40,287 [ERROR] LogOutputStream:75 - [STDERR_REDIRECT] 
2026-05-14 14:52:41,284 [ERROR] LogOutputStream:75 - [STDERR_REDIRECT] [Fatal Error] :1:1: Premature end of file.
2026-05-14 14:52:41,284 [ERROR] LogOutputStream:75 - [STDERR_REDIRECT] 
2026-05-14 14:52:42,275 [ERROR] LogOutputStream:75 - [STDERR_REDIRECT] [Fatal Error] :1:1: Premature end of file.
2026-05-14 14:52:42,275 [ERROR] LogOutputStream:75 - [STDERR_REDIRECT] 
2026-05-14 14:52:43,271 [ERROR] LogOutputStream:75 - [STDERR_REDIRECT] [Fatal Error] :1:1: Premature end of file.
2026-05-14 14:52:43,271 [ERROR] LogOutputStream:75 - [STDERR_REDIRECT] 
2026-05-14 14:52:44,274 [ERROR] LogOutputStream:75 - [STDERR_REDIRECT] [Fatal Error] :1:1: Premature end of file.
2026-05-14 14:52:44,274 [ERROR] LogOutputStream:75 - [STDERR_REDIRECT] 
2026-05-14 14:52:45,272 [ERROR] LogOutputStream:75 - [STDERR_REDIRECT] [Fatal Error] :1:1: Premature end of file.
2026-05-14 14:52:45,272 [ERROR] LogOutputStream:75 - [STDERR_REDIRECT] 
2026-05-14 14:52:46,273 [ERROR] LogOutputStream:75 - [STDERR_REDIRECT] [Fatal Error] :1:1: Premature end of file.
2026-05-14 14:52:46,274 [ERROR] LogOutputStream:75 - [STDERR_REDIRECT] 
2026-05-14 14:52:47,272 [ERROR] LogOutputStream:75 - [STDERR_REDIRECT] [Fatal Error] :1:1: Premature end of file.
2026-05-14 14:52:47,272 [ERROR] LogOutputStream:75 - [STDERR_REDIRECT] 
2026-05-14 14:52:48,272 [ERROR] LogOutputStream:75 - [STDERR_REDIRECT] [Fatal Error] :1:1: Premature end of file.
2026-05-14 14:52:48,272 [ERROR] LogOutputStream:75 - [STDERR_REDIRECT] 
2026-05-14 14:52:49,272 [ERROR] LogOutputStream:75 - [STDERR_REDIRECT] [Fatal Error] :1:1: Premature end of file.
2026-05-14 14:52:49,272 [ERROR] LogOutputStream:75 - [STDERR_REDIRECT] 
2026-05-14 14:52:50,273 [ERROR] LogOutputStream:75 - [STDERR_REDIRECT] [Fatal Error] :1:1: Premature end of file.
2026-05-14 14:52:50,274 [ERROR] LogOutputStream:75 - [STDERR_REDIRECT] 
2026-05-14 14:52:51,271 [ERROR] LogOutputStream:75 - [STDERR_REDIRECT] [Fatal Error] :1:1: Premature end of file.
2026-05-14 14:52:51,271 [ERROR] LogOutputStream:75 - [STDERR_REDIRECT] 
2026-05-14 14:52:52,272 [ERROR] LogOutputStream:75 - [STDERR_REDIRECT] [Fatal Error] :1:1: Premature end of file.
2026-05-14 14:52:52,272 [ERROR] LogOutputStream:75 - [STDERR_REDIRECT] 
2026-05-14 14:52:53,274 [ERROR] LogOutputStream:75 - [STDERR_REDIRECT] [Fatal Error] :1:1: Premature end of file.
2026-05-14 14:52:53,274 [ERROR] LogOutputStream:75 - [STDERR_REDIRECT] 
2026-05-14 14:52:54,271 [ERROR] LogOutputStream:75 - [STDERR_REDIRECT] [Fatal Error] :1:1: Premature end of file.
2026-05-14 14:52:54,271 [ERROR] LogOutputStream:75 - [STDERR_REDIRECT] 
2026-05-14 14:52:55,273 [ERROR] LogOutputStream:75 - [STDERR_REDIRECT] [Fatal Error] :1:1: Premature end of file.
2026-05-14 14:52:55,273 [ERROR] LogOutputStream:75 - [STDERR_REDIRECT] 
2026-05-14 14:52:56,272 [ERROR] LogOutputStream:75 - [STDERR_REDIRECT] [Fatal Error] :1:1: Premature end of file.
2026-05-14 14:52:56,272 [ERROR] LogOutputStream:75 - [STDERR_REDIRECT] 
2026-05-14 14:52:57,276 [ERROR] LogOutputStream:75 - [STDERR_REDIRECT] [Fatal Error] :1:1: Premature end of file.
2026-05-14 14:52:57,276 [ERROR] LogOutputStream:75 - [STDERR_REDIRECT] 
2026-05-14 14:52:58,271 [ERROR] LogOutputStream:75 - [STDERR_REDIRECT] [Fatal Error] :1:1: Premature end of file.
2026-05-14 14:52:58,271 [ERROR] LogOutputStream:75 - [STDERR_REDIRECT] 
2026-05-14 14:52:59,273 [ERROR] LogOutputStream:75 - [STDERR_REDIRECT] [Fatal Error] :1:1: Premature end of file.
2026-05-14 14:52:59,273 [ERROR] LogOutputStream:75 - [STDERR_REDIRECT] 
2026-05-14 14:53:00,273 [ERROR] LogOutputStream:75 - [STDERR_REDIRECT] [Fatal Error] :1:1: Premature end of file.
2026-05-14 14:53:00,273 [ERROR] LogOutputStream:75 - [STDERR_REDIRECT] 
2026-05-14 14:53:01,272 [ERROR] LogOutputStream:75 - [STDERR_REDIRECT] [Fatal Error] :1:1: Premature end of file.
2026-05-14 14:53:01,272 [ERROR] LogOutputStream:75 - [STDERR_REDIRECT] 
2026-05-14 14:53:02,272 [ERROR] LogOutputStream:75 - [STDERR_REDIRECT] [Fatal Error] :1:1: Premature end of file.
2026-05-14 14:53:02,272 [ERROR] LogOutputStream:75 - [STDERR_REDIRECT] 
2026-05-14 14:53:03,279 [ERROR] LogOutputStream:75 - [STDERR_REDIRECT] [Fatal Error] :1:1: Premature end of file.
2026-05-14 14:53:03,279 [ERROR] LogOutputStream:75 - [STDERR_REDIRECT] 
2026-05-14 14:53:04,281 [ERROR] LogOutputStream:75 - [STDERR_REDIRECT] [Fatal Error] :1:1: Premature end of file.
2026-05-14 14:53:04,281 [ERROR] LogOutputStream:75 - [STDERR_REDIRECT] 
2026-05-14 14:53:05,282 [ERROR] LogOutputStream:75 - [STDERR_REDIRECT] [Fatal Error] :1:1: Premature end of file.
2026-05-14 14:53:05,282 [ERROR] LogOutputStream:75 - [STDERR_REDIRECT] 
2026-05-14 14:53:06,279 [ERROR] LogOutputStream:75 - [STDERR_REDIRECT] [Fatal Error] :1:1: Premature end of file.
2026-05-14 14:53:06,279 [ERROR] LogOutputStream:75 - [STDERR_REDIRECT] 
2026-05-14 14:53:07,275 [ERROR] LogOutputStream:75 - [STDERR_REDIRECT] [Fatal Error] :1:1: Premature end of file.
2026-05-14 14:53:07,275 [ERROR] LogOutputStream:75 - [STDERR_REDIRECT] 
2026-05-14 14:53:08,287 [ERROR] LogOutputStream:75 - [STDERR_REDIRECT] [Fatal Error] :1:1: Premature end of file.
2026-05-14 14:53:08,287 [ERROR] LogOutputStream:75 - [STDERR_REDIRECT] 
2026-05-14 14:53:09,286 [ERROR] LogOutputStream:75 - [STDERR_REDIRECT] [Fatal Error] :1:1: Premature end of file.
2026-05-14 14:53:09,286 [ERROR] LogOutputStream:75 - [STDERR_REDIRECT] 
2026-05-14 14:53:10,273 [ERROR] LogOutputStream:75 - [STDERR_REDIRECT] [Fatal Error] :1:1: Premature end of file.
2026-05-14 14:53:10,273 [ERROR] LogOutputStream:75 - [STDERR_REDIRECT] 
2026-05-14 14:53:11,276 [ERROR] LogOutputStream:75 - [STDERR_REDIRECT] [Fatal Error] :1:1: Premature end of file.
2026-05-14 14:53:11,276 [ERROR] LogOutputStream:75 - [STDERR_REDIRECT] 
2026-05-14 14:53:12,280 [ERROR] LogOutputStream:75 - [STDERR_REDIRECT] [Fatal Error] :1:1: Premature end of file.
2026-05-14 14:53:12,280 [ERROR] LogOutputStream:75 - [STDERR_REDIRECT] 
2026-05-14 14:53:13,281 [ERROR] LogOutputStream:75 - [STDERR_REDIRECT] [Fatal Error] :1:1: Premature end of file.
2026-05-14 14:53:13,281 [ERROR] LogOutputStream:75 - [STDERR_REDIRECT] 
2026-05-14 14:53:14,285 [ERROR] LogOutputStream:75 - [STDERR_REDIRECT] [Fatal Error] :1:1: Premature end of file.
2026-05-14 14:53:14,285 [ERROR] LogOutputStream:75 - [STDERR_REDIRECT] 
2026-05-14 14:53:15,287 [ERROR] LogOutputStream:75 - [STDERR_REDIRECT] [Fatal Error] :1:1: Premature end of file.
2026-05-14 14:53:15,287 [ERROR] LogOutputStream:75 - [STDERR_REDIRECT] 
2026-05-14 14:53:16,273 [ERROR] LogOutputStream:75 - [STDERR_REDIRECT] [Fatal Error] :1:1: Premature end of file.
2026-05-14 14:53:16,273 [ERROR] LogOutputStream:75 - [STDERR_REDIRECT] 
2026-05-14 14:53:17,275 [ERROR] LogOutputStream:75 - [STDERR_REDIRECT] [Fatal Error] :1:1: Premature end of file.
2026-05-14 14:53:17,275 [ERROR] LogOutputStream:75 - [STDERR_REDIRECT] 
2026-05-14 14:53:18,275 [ERROR] LogOutputStream:75 - [STDERR_REDIRECT] [Fatal Error] :1:1: Premature end of file.
2026-05-14 14:53:18,275 [ERROR] LogOutputStream:75 - [STDERR_REDIRECT] 
2026-05-14 14:53:19,275 [ERROR] LogOutputStream:75 - [STDERR_REDIRECT] [Fatal Error] :1:1: Premature end of file.
2026-05-14 14:53:19,275 [ERROR] LogOutputStream:75 - [STDERR_REDIRECT] 
2026-05-14 14:53:20,287 [ERROR] LogOutputStream:75 - [STDERR_REDIRECT] [Fatal Error] :1:1: Premature end of file.
2026-05-14 14:53:20,287 [ERROR] LogOutputStream:75 - [STDERR_REDIRECT] 
2026-05-14 14:53:21,287 [ERROR] LogOutputStream:75 - [STDERR_REDIRECT] [Fatal Error] :1:1: Premature end of file.
2026-05-14 14:53:21,287 [ERROR] LogOutputStream:75 - [STDERR_REDIRECT] 
2026-05-14 14:53:22,283 [ERROR] LogOutputStream:75 - [STDERR_REDIRECT] [Fatal Error] :1:1: Premature end of file.
2026-05-14 14:53:22,283 [ERROR] LogOutputStream:75 - [STDERR_REDIRECT] 
2026-05-14 14:53:23,287 [ERROR] LogOutputStream:75 - [STDERR_REDIRECT] [Fatal Error] :1:1: Premature end of file.
2026-05-14 14:53:23,287 [ERROR] LogOutputStream:75 - [STDERR_REDIRECT] 
2026-05-14 14:53:24,292 [ERROR] LogOutputStream:75 - [STDERR_REDIRECT] [Fatal Error] :1:1: Premature end of file.
2026-05-14 14:53:24,292 [ERROR] LogOutputStream:75 - [STDERR_REDIRECT] 
2026-05-14 14:53:25,289 [ERROR] LogOutputStream:75 - [STDERR_REDIRECT] [Fatal Error] :1:1: Premature end of file.
2026-05-14 14:53:25,289 [ERROR] LogOutputStream:75 - [STDERR_REDIRECT] 
2026-05-14 14:53:26,278 [ERROR] LogOutputStream:75 - [STDERR_REDIRECT] [Fatal Error] :1:1: Premature end of file.
2026-05-14 14:53:26,278 [ERROR] LogOutputStream:75 - [STDERR_REDIRECT] 
2026-05-14 14:53:27,276 [ERROR] LogOutputStream:75 - [STDERR_REDIRECT] [Fatal Error] :1:1: Premature end of file.
2026-05-14 14:53:27,276 [ERROR] LogOutputStream:75 - [STDERR_REDIRECT] 
2026-05-14 14:53:28,283 [ERROR] LogOutputStream:75 - [STDERR_REDIRECT] [Fatal Error] :1:1: Premature end of file.
2026-05-14 14:53:28,283 [ERROR] LogOutputStream:75 - [STDERR_REDIRECT] 
2026-05-14 14:53:29,284 [ERROR] LogOutputStream:75 - [STDERR_REDIRECT] [Fatal Error] :1:1: Premature end of file.
2026-05-14 14:53:29,284 [ERROR] LogOutputStream:75 - [STDERR_REDIRECT] 
2026-05-14 14:53:30,284 [ERROR] LogOutputStream:75 - [STDERR_REDIRECT] [Fatal Error] :1:1: Premature end of file.
2026-05-14 14:53:30,284 [ERROR] LogOutputStream:75 - [STDERR_REDIRECT] 
2026-05-14 14:53:31,287 [ERROR] LogOutputStream:75 - [STDERR_REDIRECT] [Fatal Error] :1:1: Premature end of file.
2026-05-14 14:53:31,287 [ERROR] LogOutputStream:75 - [STDERR_REDIRECT] 
2026-05-14 14:53:32,272 [ERROR] LogOutputStream:75 - [STDERR_REDIRECT] [Fatal Error] :1:1: Premature end of file.
2026-05-14 14:53:32,272 [ERROR] LogOutputStream:75 - [STDERR_REDIRECT] 
2026-05-14 14:53:33,274 [ERROR] LogOutputStream:75 - [STDERR_REDIRECT] [Fatal Error] :1:1: Premature end of file.
2026-05-14 14:53:33,274 [ERROR] LogOutputStream:75 - [STDERR_REDIRECT] 
2026-05-14 14:53:34,266 [ERROR] LogOutputStream:75 - [STDERR_REDIRECT] [Fatal Error] :1:1: Premature end of file.
2026-05-14 14:53:34,266 [ERROR] LogOutputStream:75 - [STDERR_REDIRECT] 
2026-05-14 14:53:35,286 [ERROR] LogOutputStream:75 - [STDERR_REDIRECT] [Fatal Error] :1:1: Premature end of file.
2026-05-14 14:53:35,286 [ERROR] LogOutputStream:75 - [STDERR_REDIRECT] 
2026-05-14 14:53:36,282 [ERROR] LogOutputStream:75 - [STDERR_REDIRECT] [Fatal Error] :1:1: Premature end of file.
2026-05-14 14:53:36,282 [ERROR] LogOutputStream:75 - [STDERR_REDIRECT] 
2026-05-14 14:53:37,286 [ERROR] LogOutputStream:75 - [STDERR_REDIRECT] [Fatal Error] :1:1: Premature end of file.
2026-05-14 14:53:37,286 [ERROR] LogOutputStream:75 - [STDERR_REDIRECT] 
2026-05-14 14:53:38,273 [ERROR] LogOutputStream:75 - [STDERR_REDIRECT] [Fatal Error] :1:1: Premature end of file.
2026-05-14 14:53:38,273 [ERROR] LogOutputStream:75 - [STDERR_REDIRECT] 
2026-05-14 14:53:39,276 [ERROR] LogOutputStream:75 - [STDERR_REDIRECT] [Fatal Error] :1:1: Premature end of file.
2026-05-14 14:53:39,276 [ERROR] LogOutputStream:75 - [STDERR_REDIRECT] 
2026-05-14 14:53:40,277 [ERROR] LogOutputStream:75 - [STDERR_REDIRECT] [Fatal Error] :1:1: Premature end of file.
2026-05-14 14:53:40,277 [ERROR] LogOutputStream:75 - [STDERR_REDIRECT] 
2026-05-14 14:53:41,273 [ERROR] LogOutputStream:75 - [STDERR_REDIRECT] [Fatal Error] :1:1: Premature end of file.
2026-05-14 14:53:41,273 [ERROR] LogOutputStream:75 - [STDERR_REDIRECT] 
2026-05-14 14:53:42,284 [ERROR] LogOutputStream:75 - [STDERR_REDIRECT] [Fatal Error] :1:1: Premature end of file.
2026-05-14 14:53:42,284 [ERROR] LogOutputStream:75 - [STDERR_REDIRECT] 
2026-05-14 14:53:43,288 [ERROR] LogOutputStream:75 - [STDERR_REDIRECT] [Fatal Error] :1:1: Premature end of file.
2026-05-14 14:53:43,288 [ERROR] LogOutputStream:75 - [STDERR_REDIRECT] 
2026-05-14 14:53:44,285 [ERROR] LogOutputStream:75 - [STDERR_REDIRECT] [Fatal Error] :1:1: Premature end of file.
2026-05-14 14:53:44,285 [ERROR] LogOutputStream:75 - [STDERR_REDIRECT] 
2026-05-14 14:53:45,283 [ERROR] LogOutputStream:75 - [STDERR_REDIRECT] [Fatal Error] :1:1: Premature end of file.
2026-05-14 14:53:45,283 [ERROR] LogOutputStream:75 - [STDERR_REDIRECT] 
2026-05-14 14:53:46,271 [ERROR] LogOutputStream:75 - [STDERR_REDIRECT] [Fatal Error] :1:1: Premature end of file.
2026-05-14 14:53:46,271 [ERROR] LogOutputStream:75 - [STDERR_REDIRECT] 
2026-05-14 14:53:47,285 [ERROR] LogOutputStream:75 - [STDERR_REDIRECT] [Fatal Error] :1:1: Premature end of file.
2026-05-14 14:53:47,285 [ERROR] LogOutputStream:75 - [STDERR_REDIRECT] 
2026-05-14 14:53:48,275 [ERROR] LogOutputStream:75 - [STDERR_REDIRECT] [Fatal Error] :1:1: Premature end of file.
2026-05-14 14:53:48,275 [ERROR] LogOutputStream:75 - [STDERR_REDIRECT] 
2026-05-14 14:53:49,284 [ERROR] LogOutputStream:75 - [STDERR_REDIRECT] [Fatal Error] :1:1: Premature end of file.
2026-05-14 14:53:49,284 [ERROR] LogOutputStream:75 - [STDERR_REDIRECT] 
2026-05-14 14:53:50,281 [ERROR] LogOutputStream:75 - [STDERR_REDIRECT] [Fatal Error] :1:1: Premature end of file.
2026-05-14 14:53:50,281 [ERROR] LogOutputStream:75 - [STDERR_REDIRECT] 
2026-05-14 14:53:51,284 [ERROR] LogOutputStream:75 - [STDERR_REDIRECT] [Fatal Error] :1:1: Premature end of file.
2026-05-14 14:53:51,284 [ERROR] LogOutputStream:75 - [STDERR_REDIRECT] 
2026-05-14 14:53:52,279 [ERROR] LogOutputStream:75 - [STDERR_REDIRECT] [Fatal Error] :1:1: Premature end of file.
2026-05-14 14:53:52,279 [ERROR] LogOutputStream:75 - [STDERR_REDIRECT] 
2026-05-14 14:53:53,285 [ERROR] LogOutputStream:75 - [STDERR_REDIRECT] [Fatal Error] :1:1: Premature end of file.
2026-05-14 14:53:53,285 [ERROR] LogOutputStream:75 - [STDERR_REDIRECT] 
2026-05-14 14:53:54,284 [ERROR] LogOutputStream:75 - [STDERR_REDIRECT] [Fatal Error] :1:1: Premature end of file.
2026-05-14 14:53:54,286 [ERROR] LogOutputStream:75 - [STDERR_REDIRECT] 
2026-05-14 14:53:55,283 [ERROR] LogOutputStream:75 - [STDERR_REDIRECT] [Fatal Error] :1:1: Premature end of file.
2026-05-14 14:53:55,283 [ERROR] LogOutputStream:75 - [STDERR_REDIRECT] 
2026-05-14 14:53:56,284 [ERROR] LogOutputStream:75 - [STDERR_REDIRECT] [Fatal Error] :1:1: Premature end of file.
2026-05-14 14:53:56,284 [ERROR] LogOutputStream:75 - [STDERR_REDIRECT] 
2026-05-14 14:53:57,293 [ERROR] LogOutputStream:75 - [STDERR_REDIRECT] [Fatal Error] :1:1: Premature end of file.
2026-05-14 14:53:57,293 [ERROR] LogOutputStream:75 - [STDERR_REDIRECT] 
2026-05-14 14:53:58,286 [ERROR] LogOutputStream:75 - [STDERR_REDIRECT] [Fatal Error] :1:1: Premature end of file.
2026-05-14 14:53:58,286 [ERROR] LogOutputStream:75 - [STDERR_REDIRECT] 
2026-05-14 14:53:59,279 [ERROR] LogOutputStream:75 - [STDERR_REDIRECT] [Fatal Error] :1:1: Premature end of file.
2026-05-14 14:53:59,279 [ERROR] LogOutputStream:75 - [STDERR_REDIRECT] 
2026-05-14 14:54:00,286 [ERROR] LogOutputStream:75 - [STDERR_REDIRECT] [Fatal Error] :1:1: Premature end of file.
2026-05-14 14:54:00,286 [ERROR] LogOutputStream:75 - [STDERR_REDIRECT] 
2026-05-14 14:54:01,284 [ERROR] LogOutputStream:75 - [STDERR_REDIRECT] [Fatal Error] :1:1: Premature end of file.
2026-05-14 14:54:01,284 [ERROR] LogOutputStream:75 - [STDERR_REDIRECT] 
2026-05-14 14:54:02,285 [ERROR] LogOutputStream:75 - [STDERR_REDIRECT] [Fatal Error] :1:1: Premature end of file.
2026-05-14 14:54:02,285 [ERROR] LogOutputStream:75 - [STDERR_REDIRECT] 
2026-05-14 14:54:03,276 [ERROR] LogOutputStream:75 - [STDERR_REDIRECT] [Fatal Error] :1:1: Premature end of file.
2026-05-14 14:54:03,276 [ERROR] LogOutputStream:75 - [STDERR_REDIRECT] 
2026-05-14 14:54:04,272 [ERROR] LogOutputStream:75 - [STDERR_REDIRECT] [Fatal Error] :1:1: Premature end of file.
2026-05-14 14:54:04,272 [ERROR] LogOutputStream:75 - [STDERR_REDIRECT] 
2026-05-14 14:54:05,281 [ERROR] LogOutputStream:75 - [STDERR_REDIRECT] [Fatal Error] :1:1: Premature end of file.
2026-05-14 14:54:05,281 [ERROR] LogOutputStream:75 - [STDERR_REDIRECT] 
2026-05-14 14:54:06,276 [ERROR] LogOutputStream:75 - [STDERR_REDIRECT] [Fatal Error] :1:1: Premature end of file.
2026-05-14 14:54:06,276 [ERROR] LogOutputStream:75 - [STDERR_REDIRECT] 
2026-05-14 14:54:07,285 [ERROR] LogOutputStream:75 - [STDERR_REDIRECT] [Fatal Error] :1:1: Premature end of file.
2026-05-14 14:54:07,285 [ERROR] LogOutputStream:75 - [STDERR_REDIRECT] 
2026-05-14 14:54:08,276 [ERROR] LogOutputStream:75 - [STDERR_REDIRECT] [Fatal Error] :1:1: Premature end of file.
2026-05-14 14:54:08,276 [ERROR] LogOutputStream:75 - [STDERR_REDIRECT] 
2026-05-14 14:54:09,273 [ERROR] LogOutputStream:75 - [STDERR_REDIRECT] [Fatal Error] :1:1: Premature end of file.
2026-05-14 14:54:09,273 [ERROR] LogOutputStream:75 - [STDERR_REDIRECT] 
2026-05-14 14:54:10,288 [ERROR] LogOutputStream:75 - [STDERR_REDIRECT] [Fatal Error] :1:1: Premature end of file.
2026-05-14 14:54:10,288 [ERROR] LogOutputStream:75 - [STDERR_REDIRECT] 
2026-05-14 14:54:11,275 [ERROR] LogOutputStream:75 - [STDERR_REDIRECT] [Fatal Error] :1:1: Premature end of file.
2026-05-14 14:54:11,275 [ERROR] LogOutputStream:75 - [STDERR_REDIRECT] 
2026-05-14 14:54:12,285 [ERROR] LogOutputStream:75 - [STDERR_REDIRECT] [Fatal Error] :1:1: Premature end of file.
2026-05-14 14:54:12,285 [ERROR] LogOutputStream:75 - [STDERR_REDIRECT] 
2026-05-14 14:54:13,285 [ERROR] LogOutputStream:75 - [STDERR_REDIRECT] [Fatal Error] :1:1: Premature end of file.
2026-05-14 14:54:13,285 [ERROR] LogOutputStream:75 - [STDERR_REDIRECT] 
2026-05-14 14:54:14,278 [ERROR] LogOutputStream:75 - [STDERR_REDIRECT] [Fatal Error] :1:1: Premature end of file.
2026-05-14 14:54:14,278 [ERROR] LogOutputStream:75 - [STDERR_REDIRECT] 
2026-05-14 14:54:15,278 [ERROR] LogOutputStream:75 - [STDERR_REDIRECT] [Fatal Error] :1:1: Premature end of file.
2026-05-14 14:54:15,278 [ERROR] LogOutputStream:75 - [STDERR_REDIRECT] 
2026-05-14 14:54:16,275 [ERROR] LogOutputStream:75 - [STDERR_REDIRECT] [Fatal Error] :1:1: Premature end of file.
2026-05-14 14:54:16,275 [ERROR] LogOutputStream:75 - [STDERR_REDIRECT] 
2026-05-14 14:54:17,280 [ERROR] LogOutputStream:75 - [STDERR_REDIRECT] [Fatal Error] :1:1: Premature end of file.
2026-05-14 14:54:17,280 [ERROR] LogOutputStream:75 - [STDERR_REDIRECT] 
2026-05-14 14:54:18,281 [ERROR] LogOutputStream:75 - [STDERR_REDIRECT] [Fatal Error] :1:1: Premature end of file.
2026-05-14 14:54:18,281 [ERROR] LogOutputStream:75 - [STDERR_REDIRECT] 
2026-05-14 14:54:19,282 [ERROR] LogOutputStream:75 - [STDERR_REDIRECT] [Fatal Error] :1:1: Premature end of file.
2026-05-14 14:54:19,282 [ERROR] LogOutputStream:75 - [STDERR_REDIRECT] 
2026-05-14 14:54:20,300 [ERROR] LogOutputStream:75 - [STDERR_REDIRECT] [Fatal Error] :1:1: Premature end of file.
2026-05-14 14:54:20,300 [ERROR] LogOutputStream:75 - [STDERR_REDIRECT] 
2026-05-14 14:54:21,278 [ERROR] LogOutputStream:75 - [STDERR_REDIRECT] [Fatal Error] :1:1: Premature end of file.
2026-05-14 14:54:21,278 [ERROR] LogOutputStream:75 - [STDERR_REDIRECT] 
2026-05-14 14:54:22,279 [ERROR] LogOutputStream:75 - [STDERR_REDIRECT] [Fatal Error] :1:1: Premature end of file.
2026-05-14 14:54:22,279 [ERROR] LogOutputStream:75 - [STDERR_REDIRECT] 
2026-05-14 14:54:23,272 [ERROR] LogOutputStream:75 - [STDERR_REDIRECT] [Fatal Error] :1:1: Premature end of file.
2026-05-14 14:54:23,272 [ERROR] LogOutputStream:75 - [STDERR_REDIRECT] 
2026-05-14 14:54:24,274 [ERROR] LogOutputStream:75 - [STDERR_REDIRECT] [Fatal Error] :1:1: Premature end of file.
2026-05-14 14:54:24,274 [ERROR] LogOutputStream:75 - [STDERR_REDIRECT] 
2026-05-14 14:54:25,273 [ERROR] LogOutputStream:75 - [STDERR_REDIRECT] [Fatal Error] :1:1: Premature end of file.
2026-05-14 14:54:25,275 [ERROR] LogOutputStream:75 - [STDERR_REDIRECT] 
2026-05-14 14:54:26,272 [ERROR] LogOutputStream:75 - [STDERR_REDIRECT] [Fatal Error] :1:1: Premature end of file.
2026-05-14 14:54:26,272 [ERROR] LogOutputStream:75 - [STDERR_REDIRECT] 
2026-05-14 14:54:27,273 [ERROR] LogOutputStream:75 - [STDERR_REDIRECT] [Fatal Error] :1:1: Premature end of file.
2026-05-14 14:54:27,273 [ERROR] LogOutputStream:75 - [STDERR_REDIRECT] 
2026-05-14 14:54:28,278 [ERROR] LogOutputStream:75 - [STDERR_REDIRECT] [Fatal Error] :1:1: Premature end of file.
2026-05-14 14:54:28,278 [ERROR] LogOutputStream:75 - [STDERR_REDIRECT] 
2026-05-14 14:54:29,278 [ERROR] LogOutputStream:75 - [STDERR_REDIRECT] [Fatal Error] :1:1: Premature end of file.
2026-05-14 14:54:29,278 [ERROR] LogOutputStream:75 - [STDERR_REDIRECT] 
2026-05-14 14:54:30,274 [ERROR] LogOutputStream:75 - [STDERR_REDIRECT] [Fatal Error] :1:1: Premature end of file.
2026-05-14 14:54:30,274 [ERROR] LogOutputStream:75 - [STDERR_REDIRECT] 
2026-05-14 14:54:31,279 [ERROR] LogOutputStream:75 - [STDERR_REDIRECT] [Fatal Error] :1:1: Premature end of file.
2026-05-14 14:54:31,279 [ERROR] LogOutputStream:75 - [STDERR_REDIRECT] 
2026-05-14 14:54:32,279 [ERROR] LogOutputStream:75 - [STDERR_REDIRECT] [Fatal Error] :1:1: Premature end of file.
2026-05-14 14:54:32,280 [ERROR] LogOutputStream:75 - [STDERR_REDIRECT] 
2026-05-14 14:54:33,278 [ERROR] LogOutputStream:75 - [STDERR_REDIRECT] [Fatal Error] :1:1: Premature end of file.
2026-05-14 14:54:33,278 [ERROR] LogOutputStream:75 - [STDERR_REDIRECT] 
2026-05-14 14:54:34,279 [ERROR] LogOutputStream:75 - [STDERR_REDIRECT] [Fatal Error] :1:1: Premature end of file.
2026-05-14 14:54:34,279 [ERROR] LogOutputStream:75 - [STDERR_REDIRECT] 
2026-05-14 14:54:35,279 [ERROR] LogOutputStream:75 - [STDERR_REDIRECT] [Fatal Error] :1:1: Premature end of file.
2026-05-14 14:54:35,279 [ERROR] LogOutputStream:75 - [STDERR_REDIRECT] 
2026-05-14 14:54:36,278 [ERROR] LogOutputStream:75 - [STDERR_REDIRECT] [Fatal Error] :1:1: Premature end of file.
2026-05-14 14:54:36,278 [ERROR] LogOutputStream:75 - [STDERR_REDIRECT] 
2026-05-14 14:54:37,279 [ERROR] LogOutputStream:75 - [STDERR_REDIRECT] [Fatal Error] :1:1: Premature end of file.
2026-05-14 14:54:37,279 [ERROR] LogOutputStream:75 - [STDERR_REDIRECT] 
2026-05-14 14:54:38,278 [ERROR] LogOutputStream:75 - [STDERR_REDIRECT] [Fatal Error] :1:1: Premature end of file.
2026-05-14 14:54:38,278 [ERROR] LogOutputStream:75 - [STDERR_REDIRECT] 
2026-05-14 14:54:39,278 [ERROR] LogOutputStream:75 - [STDERR_REDIRECT] [Fatal Error] :1:1: Premature end of file.
2026-05-14 14:54:39,278 [ERROR] LogOutputStream:75 - [STDERR_REDIRECT] 
2026-05-14 14:54:40,272 [ERROR] LogOutputStream:75 - [STDERR_REDIRECT] [Fatal Error] :1:1: Premature end of file.
2026-05-14 14:54:40,272 [ERROR] LogOutputStream:75 - [STDERR_REDIRECT] 
2026-05-14 14:54:41,274 [ERROR] LogOutputStream:75 - [STDERR_REDIRECT] [Fatal Error] :1:1: Premature end of file.
2026-05-14 14:54:41,274 [ERROR] LogOutputStream:75 - [STDERR_REDIRECT] 
2026-05-14 14:54:42,272 [ERROR] LogOutputStream:75 - [STDERR_REDIRECT] [Fatal Error] :1:1: Premature end of file.
2026-05-14 14:54:42,272 [ERROR] LogOutputStream:75 - [STDERR_REDIRECT] 
2026-05-14 14:54:43,274 [ERROR] LogOutputStream:75 - [STDERR_REDIRECT] [Fatal Error] :1:1: Premature end of file.
2026-05-14 14:54:43,274 [ERROR] LogOutputStream:75 - [STDERR_REDIRECT] 
2026-05-14 14:54:44,274 [ERROR] LogOutputStream:75 - [STDERR_REDIRECT] [Fatal Error] :1:1: Premature end of file.
2026-05-14 14:54:44,274 [ERROR] LogOutputStream:75 - [STDERR_REDIRECT] 
2026-05-14 14:54:45,273 [ERROR] LogOutputStream:75 - [STDERR_REDIRECT] [Fatal Error] :1:1: Premature end of file.
2026-05-14 14:54:45,273 [ERROR] LogOutputStream:75 - [STDERR_REDIRECT] 
2026-05-14 14:54:46,279 [ERROR] LogOutputStream:75 - [STDERR_REDIRECT] [Fatal Error] :1:1: Premature end of file.
2026-05-14 14:54:46,279 [ERROR] LogOutputStream:75 - [STDERR_REDIRECT] 
2026-05-14 14:54:47,274 [ERROR] LogOutputStream:75 - [STDERR_REDIRECT] [Fatal Error] :1:1: Premature end of file.
2026-05-14 14:54:47,274 [ERROR] LogOutputStream:75 - [STDERR_REDIRECT] 
2026-05-14 14:54:48,278 [ERROR] LogOutputStream:75 - [STDERR_REDIRECT] [Fatal Error] :1:1: Premature end of file.
2026-05-14 14:54:48,278 [ERROR] LogOutputStream:75 - [STDERR_REDIRECT] 
2026-05-14 14:54:49,274 [ERROR] LogOutputStream:75 - [STDERR_REDIRECT] [Fatal Error] :1:1: Premature end of file.
2026-05-14 14:54:49,274 [ERROR] LogOutputStream:75 - [STDERR_REDIRECT] 
2026-05-14 14:54:50,276 [ERROR] LogOutputStream:75 - [STDERR_REDIRECT] [Fatal Error] :1:1: Premature end of file.
2026-05-14 14:54:50,276 [ERROR] LogOutputStream:75 - [STDERR_REDIRECT] 
2026-05-14 14:54:51,280 [ERROR] LogOutputStream:75 - [STDERR_REDIRECT] [Fatal Error] :1:1: Premature end of file.
2026-05-14 14:54:51,280 [ERROR] LogOutputStream:75 - [STDERR_REDIRECT] 
2026-05-14 14:54:52,279 [ERROR] LogOutputStream:75 - [STDERR_REDIRECT] [Fatal Error] :1:1: Premature end of file.
2026-05-14 14:54:52,279 [ERROR] LogOutputStream:75 - [STDERR_REDIRECT] 
2026-05-14 14:54:53,280 [ERROR] LogOutputStream:75 - [STDERR_REDIRECT] [Fatal Error] :1:1: Premature end of file.
2026-05-14 14:54:53,280 [ERROR] LogOutputStream:75 - [STDERR_REDIRECT] 
2026-05-14 14:54:54,278 [ERROR] LogOutputStream:75 - [STDERR_REDIRECT] [Fatal Error] :1:1: Premature end of file.
2026-05-14 14:54:54,278 [ERROR] LogOutputStream:75 - [STDERR_REDIRECT] 
2026-05-14 14:54:55,279 [ERROR] LogOutputStream:75 - [STDERR_REDIRECT] [Fatal Error] :1:1: Premature end of file.
2026-05-14 14:54:55,279 [ERROR] LogOutputStream:75 - [STDERR_REDIRECT] 
2026-05-14 14:54:56,278 [ERROR] LogOutputStream:75 - [STDERR_REDIRECT] [Fatal Error] :1:1: Premature end of file.
2026-05-14 14:54:56,278 [ERROR] LogOutputStream:75 - [STDERR_REDIRECT] 
2026-05-14 14:54:57,279 [ERROR] LogOutputStream:75 - [STDERR_REDIRECT] [Fatal Error] :1:1: Premature end of file.
2026-05-14 14:54:57,279 [ERROR] LogOutputStream:75 - [STDERR_REDIRECT] 
2026-05-14 14:54:58,286 [ERROR] LogOutputStream:75 - [STDERR_REDIRECT] [Fatal Error] :1:1: Premature end of file.
2026-05-14 14:54:58,286 [ERROR] LogOutputStream:75 - [STDERR_REDIRECT] 
2026-05-14 14:54:59,280 [ERROR] LogOutputStream:75 - [STDERR_REDIRECT] [Fatal Error] :1:1: Premature end of file.
2026-05-14 14:54:59,280 [ERROR] LogOutputStream:75 - [STDERR_REDIRECT] 
2026-05-14 14:55:00,278 [ERROR] LogOutputStream:75 - [STDERR_REDIRECT] [Fatal Error] :1:1: Premature end of file.
2026-05-14 14:55:00,278 [ERROR] LogOutputStream:75 - [STDERR_REDIRECT] 
2026-05-14 14:55:01,279 [ERROR] LogOutputStream:75 - [STDERR_REDIRECT] [Fatal Error] :1:1: Premature end of file.
2026-05-14 14:55:01,279 [ERROR] LogOutputStream:75 - [STDERR_REDIRECT] 
2026-05-14 14:55:02,278 [ERROR] LogOutputStream:75 - [STDERR_REDIRECT] [Fatal Error] :1:1: Premature end of file.
2026-05-14 14:55:02,279 [ERROR] LogOutputStream:75 - [STDERR_REDIRECT] 
2026-05-14 14:55:03,279 [ERROR] LogOutputStream:75 - [STDERR_REDIRECT] [Fatal Error] :1:1: Premature end of file.
2026-05-14 14:55:03,279 [ERROR] LogOutputStream:75 - [STDERR_REDIRECT] 
2026-05-14 14:55:04,280 [ERROR] LogOutputStream:75 - [STDERR_REDIRECT] [Fatal Error] :1:1: Premature end of file.
2026-05-14 14:55:04,280 [ERROR] LogOutputStream:75 - [STDERR_REDIRECT] 
2026-05-14 14:55:05,273 [ERROR] LogOutputStream:75 - [STDERR_REDIRECT] [Fatal Error] :1:1: Premature end of file.
2026-05-14 14:55:05,274 [ERROR] LogOutputStream:75 - [STDERR_REDIRECT] 
2026-05-14 14:55:06,278 [ERROR] LogOutputStream:75 - [STDERR_REDIRECT] [Fatal Error] :1:1: Premature end of file.
2026-05-14 14:55:06,278 [ERROR] LogOutputStream:75 - [STDERR_REDIRECT] 
2026-05-14 14:55:07,280 [ERROR] LogOutputStream:75 - [STDERR_REDIRECT] [Fatal Error] :1:1: Premature end of file.
2026-05-14 14:55:07,280 [ERROR] LogOutputStream:75 - [STDERR_REDIRECT] 
2026-05-14 14:55:08,293 [ERROR] LogOutputStream:75 - [STDERR_REDIRECT] [Fatal Error] :1:1: Premature end of file.
2026-05-14 14:55:08,293 [ERROR] LogOutputStream:75 - [STDERR_REDIRECT] 
2026-05-14 14:55:09,272 [ERROR] LogOutputStream:75 - [STDERR_REDIRECT] [Fatal Error] :1:1: Premature end of file.
2026-05-14 14:55:09,272 [ERROR] LogOutputStream:75 - [STDERR_REDIRECT] 
2026-05-14 14:55:10,274 [ERROR] LogOutputStream:75 - [STDERR_REDIRECT] [Fatal Error] :1:1: Premature end of file.
2026-05-14 14:55:10,274 [ERROR] LogOutputStream:75 - [STDERR_REDIRECT] 
2026-05-14 14:55:11,273 [ERROR] LogOutputStream:75 - [STDERR_REDIRECT] [Fatal Error] :1:1: Premature end of file.
2026-05-14 14:55:11,273 [ERROR] LogOutputStream:75 - [STDERR_REDIRECT] 
2026-05-14 14:55:12,275 [ERROR] LogOutputStream:75 - [STDERR_REDIRECT] [Fatal Error] :1:1: Premature end of file.
2026-05-14 14:55:12,275 [ERROR] LogOutputStream:75 - [STDERR_REDIRECT] 
2026-05-14 14:55:13,277 [ERROR] LogOutputStream:75 - [STDERR_REDIRECT] [Fatal Error] :1:1: Premature end of file.
2026-05-14 14:55:13,277 [ERROR] LogOutputStream:75 - [STDERR_REDIRECT] 
2026-05-14 14:55:14,260 [ERROR] LogOutputStream:75 - [STDERR_REDIRECT] [Fatal Error] :1:1: Premature end of file.
2026-05-14 14:55:14,260 [ERROR] LogOutputStream:75 - [STDERR_REDIRECT] 
2026-05-14 14:55:15,274 [ERROR] LogOutputStream:75 - [STDERR_REDIRECT] [Fatal Error] :1:1: Premature end of file.
2026-05-14 14:55:15,274 [ERROR] LogOutputStream:75 - [STDERR_REDIRECT] 
2026-05-14 14:55:16,284 [ERROR] LogOutputStream:75 - [STDERR_REDIRECT] [Fatal Error] :1:1: Premature end of file.
2026-05-14 14:55:16,284 [ERROR] LogOutputStream:75 - [STDERR_REDIRECT] 
2026-05-14 14:55:17,280 [ERROR] LogOutputStream:75 - [STDERR_REDIRECT] [Fatal Error] :1:1: Premature end of file.
2026-05-14 14:55:17,280 [ERROR] LogOutputStream:75 - [STDERR_REDIRECT] 
2026-05-14 14:55:18,282 [ERROR] LogOutputStream:75 - [STDERR_REDIRECT] [Fatal Error] :1:1: Premature end of file.
2026-05-14 14:55:18,282 [ERROR] LogOutputStream:75 - [STDERR_REDIRECT] 
2026-05-14 14:55:19,286 [ERROR] LogOutputStream:75 - [STDERR_REDIRECT] [Fatal Error] :1:1: Premature end of file.
2026-05-14 14:55:19,286 [ERROR] LogOutputStream:75 - [STDERR_REDIRECT] 
2026-05-14 14:55:20,278 [ERROR] LogOutputStream:75 - [STDERR_REDIRECT] [Fatal Error] :1:1: Premature end of file.
2026-05-14 14:55:20,278 [ERROR] LogOutputStream:75 - [STDERR_REDIRECT] 
2026-05-14 14:55:21,285 [ERROR] LogOutputStream:75 - [STDERR_REDIRECT] [Fatal Error] :1:1: Premature end of file.
2026-05-14 14:55:21,285 [ERROR] LogOutputStream:75 - [STDERR_REDIRECT] 
2026-05-14 14:55:22,275 [ERROR] LogOutputStream:75 - [STDERR_REDIRECT] [Fatal Error] :1:1: Premature end of file.
2026-05-14 14:55:22,275 [ERROR] LogOutputStream:75 - [STDERR_REDIRECT] 
2026-05-14 14:55:23,282 [ERROR] LogOutputStream:75 - [STDERR_REDIRECT] [Fatal Error] :1:1: Premature end of file.
2026-05-14 14:55:23,282 [ERROR] LogOutputStream:75 - [STDERR_REDIRECT] 
2026-05-14 14:55:24,274 [ERROR] LogOutputStream:75 - [STDERR_REDIRECT] [Fatal Error] :1:1: Premature end of file.
2026-05-14 14:55:24,274 [ERROR] LogOutputStream:75 - [STDERR_REDIRECT] 
2026-05-14 14:55:25,276 [ERROR] LogOutputStream:75 - [STDERR_REDIRECT] [Fatal Error] :1:1: Premature end of file.
2026-05-14 14:55:25,276 [ERROR] LogOutputStream:75 - [STDERR_REDIRECT] 
2026-05-14 14:55:26,279 [ERROR] LogOutputStream:75 - [STDERR_REDIRECT] [Fatal Error] :1:1: Premature end of file.
2026-05-14 14:55:26,281 [ERROR] LogOutputStream:75 - [STDERR_REDIRECT] 
2026-05-14 14:55:27,291 [ERROR] LogOutputStream:75 - [STDERR_REDIRECT] [Fatal Error] :1:1: Premature end of file.
2026-05-14 14:55:27,291 [ERROR] LogOutputStream:75 - [STDERR_REDIRECT] 
2026-05-14 14:55:28,287 [ERROR] LogOutputStream:75 - [STDERR_REDIRECT] [Fatal Error] :1:1: Premature end of file.
2026-05-14 14:55:28,287 [ERROR] LogOutputStream:75 - [STDERR_REDIRECT] 
2026-05-14 14:55:29,273 [ERROR] LogOutputStream:75 - [STDERR_REDIRECT] [Fatal Error] :1:1: Premature end of file.
2026-05-14 14:55:29,273 [ERROR] LogOutputStream:75 - [STDERR_REDIRECT] 
2026-05-14 14:55:30,286 [ERROR] LogOutputStream:75 - [STDERR_REDIRECT] [Fatal Error] :1:1: Premature end of file.
2026-05-14 14:55:30,286 [ERROR] LogOutputStream:75 - [STDERR_REDIRECT] 
2026-05-14 14:55:31,280 [ERROR] LogOutputStream:75 - [STDERR_REDIRECT] [Fatal Error] :1:1: Premature end of file.
2026-05-14 14:55:31,280 [ERROR] LogOutputStream:75 - [STDERR_REDIRECT] 
2026-05-14 14:55:32,283 [ERROR] LogOutputStream:75 - [STDERR_REDIRECT] [Fatal Error] :1:1: Premature end of file.
2026-05-14 14:55:32,283 [ERROR] LogOutputStream:75 - [STDERR_REDIRECT] 
2026-05-14 14:55:33,282 [ERROR] LogOutputStream:75 - [STDERR_REDIRECT] [Fatal Error] :1:1: Premature end of file.
2026-05-14 14:55:33,282 [ERROR] LogOutputStream:75 - [STDERR_REDIRECT] 
2026-05-14 14:55:34,282 [ERROR] LogOutputStream:75 - [STDERR_REDIRECT] [Fatal Error] :1:1: Premature end of file.
2026-05-14 14:55:34,282 [ERROR] LogOutputStream:75 - [STDERR_REDIRECT] 
2026-05-14 14:55:35,278 [ERROR] LogOutputStream:75 - [STDERR_REDIRECT] [Fatal Error] :1:1: Premature end of file.
2026-05-14 14:55:35,278 [ERROR] LogOutputStream:75 - [STDERR_REDIRECT] 
2026-05-14 14:55:36,284 [ERROR] LogOutputStream:75 - [STDERR_REDIRECT] [Fatal Error] :1:1: Premature end of file.
2026-05-14 14:55:36,285 [ERROR] LogOutputStream:75 - [STDERR_REDIRECT] 
2026-05-14 14:55:37,276 [ERROR] LogOutputStream:75 - [STDERR_REDIRECT] [Fatal Error] :1:1: Premature end of file.
2026-05-14 14:55:37,276 [ERROR] LogOutputStream:75 - [STDERR_REDIRECT] 
2026-05-14 14:55:38,283 [ERROR] LogOutputStream:75 - [STDERR_REDIRECT] [Fatal Error] :1:1: Premature end of file.
2026-05-14 14:55:38,283 [ERROR] LogOutputStream:75 - [STDERR_REDIRECT] 
2026-05-14 14:55:39,277 [ERROR] LogOutputStream:75 - [STDERR_REDIRECT] [Fatal Error] :1:1: Premature end of file.
2026-05-14 14:55:39,277 [ERROR] LogOutputStream:75 - [STDERR_REDIRECT] 
2026-05-14 14:55:40,280 [ERROR] LogOutputStream:75 - [STDERR_REDIRECT] [Fatal Error] :1:1: Premature end of file.
2026-05-14 14:55:40,280 [ERROR] LogOutputStream:75 - [STDERR_REDIRECT] 
2026-05-14 14:55:41,283 [ERROR] LogOutputStream:75 - [STDERR_REDIRECT] [Fatal Error] :1:1: Premature end of file.
2026-05-14 14:55:41,283 [ERROR] LogOutputStream:75 - [STDERR_REDIRECT] 
2026-05-14 14:55:42,272 [ERROR] LogOutputStream:75 - [STDERR_REDIRECT] [Fatal Error] :1:1: Premature end of file.
2026-05-14 14:55:42,272 [ERROR] LogOutputStream:75 - [STDERR_REDIRECT] 
2026-05-14 14:55:43,276 [ERROR] LogOutputStream:75 - [STDERR_REDIRECT] [Fatal Error] :1:1: Premature end of file.
2026-05-14 14:55:43,276 [ERROR] LogOutputStream:75 - [STDERR_REDIRECT] 
2026-05-14 14:55:44,280 [ERROR] LogOutputStream:75 - [STDERR_REDIRECT] [Fatal Error] :1:1: Premature end of file.
2026-05-14 14:55:44,280 [ERROR] LogOutputStream:75 - [STDERR_REDIRECT] 
2026-05-14 14:55:45,284 [ERROR] LogOutputStream:75 - [STDERR_REDIRECT] [Fatal Error] :1:1: Premature end of file.
2026-05-14 14:55:45,284 [ERROR] LogOutputStream:75 - [STDERR_REDIRECT] 
2026-05-14 14:55:46,273 [ERROR] LogOutputStream:75 - [STDERR_REDIRECT] [Fatal Error] :1:1: Premature end of file.
2026-05-14 14:55:46,273 [ERROR] LogOutputStream:75 - [STDERR_REDIRECT] 
2026-05-14 14:55:47,278 [ERROR] LogOutputStream:75 - [STDERR_REDIRECT] [Fatal Error] :1:1: Premature end of file.
2026-05-14 14:55:47,278 [ERROR] LogOutputStream:75 - [STDERR_REDIRECT] 
2026-05-14 14:55:48,288 [ERROR] LogOutputStream:75 - [STDERR_REDIRECT] [Fatal Error] :1:1: Premature end of file.
2026-05-14 14:55:48,288 [ERROR] LogOutputStream:75 - [STDERR_REDIRECT] 
2026-05-14 14:55:49,279 [ERROR] LogOutputStream:75 - [STDERR_REDIRECT] [Fatal Error] :1:1: Premature end of file.
2026-05-14 14:55:49,279 [ERROR] LogOutputStream:75 - [STDERR_REDIRECT] 
2026-05-14 14:55:50,287 [ERROR] LogOutputStream:75 - [STDERR_REDIRECT] [Fatal Error] :1:1: Premature end of file.
2026-05-14 14:55:50,287 [ERROR] LogOutputStream:75 - [STDERR_REDIRECT] 
2026-05-14 14:55:51,275 [ERROR] LogOutputStream:75 - [STDERR_REDIRECT] [Fatal Error] :1:1: Premature end of file.
2026-05-14 14:55:51,275 [ERROR] LogOutputStream:75 - [STDERR_REDIRECT] 
2026-05-14 14:55:52,278 [ERROR] LogOutputStream:75 - [STDERR_REDIRECT] [Fatal Error] :1:1: Premature end of file.
2026-05-14 14:55:52,278 [ERROR] LogOutputStream:75 - [STDERR_REDIRECT] 
2026-05-14 14:55:53,281 [ERROR] LogOutputStream:75 - [STDERR_REDIRECT] [Fatal Error] :1:1: Premature end of file.
2026-05-14 14:55:53,281 [ERROR] LogOutputStream:75 - [STDERR_REDIRECT] 
2026-05-14 14:55:54,286 [ERROR] LogOutputStream:75 - [STDERR_REDIRECT] [Fatal Error] :1:1: Premature end of file.
2026-05-14 14:55:54,286 [ERROR] LogOutputStream:75 - [STDERR_REDIRECT] 
2026-05-14 14:55:55,273 [ERROR] LogOutputStream:75 - [STDERR_REDIRECT] [Fatal Error] :1:1: Premature end of file.
2026-05-14 14:55:55,273 [ERROR] LogOutputStream:75 - [STDERR_REDIRECT] 
2026-05-14 14:55:56,277 [ERROR] LogOutputStream:75 - [STDERR_REDIRECT] [Fatal Error] :1:1: Premature end of file.
2026-05-14 14:55:56,277 [ERROR] LogOutputStream:75 - [STDERR_REDIRECT] 
2026-05-14 14:55:57,274 [ERROR] LogOutputStream:75 - [STDERR_REDIRECT] [Fatal Error] :1:1: Premature end of file.
2026-05-14 14:55:57,274 [ERROR] LogOutputStream:75 - [STDERR_REDIRECT] 
2026-05-14 14:55:58,277 [ERROR] LogOutputStream:75 - [STDERR_REDIRECT] [Fatal Error] :1:1: Premature end of file.
2026-05-14 14:55:58,277 [ERROR] LogOutputStream:75 - [STDERR_REDIRECT] 
2026-05-14 14:55:59,282 [ERROR] LogOutputStream:75 - [STDERR_REDIRECT] [Fatal Error] :1:1: Premature end of file.
2026-05-14 14:55:59,282 [ERROR] LogOutputStream:75 - [STDERR_REDIRECT] 
2026-05-14 14:56:00,286 [ERROR] LogOutputStream:75 - [STDERR_REDIRECT] [Fatal Error] :1:1: Premature end of file.
2026-05-14 14:56:00,286 [ERROR] LogOutputStream:75 - [STDERR_REDIRECT] 
2026-05-14 14:56:01,273 [ERROR] LogOutputStream:75 - [STDERR_REDIRECT] [Fatal Error] :1:1: Premature end of file.
2026-05-14 14:56:01,273 [ERROR] LogOutputStream:75 - [STDERR_REDIRECT] 
2026-05-14 14:56:02,273 [ERROR] LogOutputStream:75 - [STDERR_REDIRECT] [Fatal Error] :1:1: Premature end of file.
2026-05-14 14:56:02,273 [ERROR] LogOutputStream:75 - [STDERR_REDIRECT] 
2026-05-14 14:56:03,285 [ERROR] LogOutputStream:75 - [STDERR_REDIRECT] [Fatal Error] :1:1: Premature end of file.
2026-05-14 14:56:03,285 [ERROR] LogOutputStream:75 - [STDERR_REDIRECT] 
2026-05-14 14:56:04,279 [ERROR] LogOutputStream:75 - [STDERR_REDIRECT] [Fatal Error] :1:1: Premature end of file.
2026-05-14 14:56:04,279 [ERROR] LogOutputStream:75 - [STDERR_REDIRECT] 
2026-05-14 14:56:05,277 [ERROR] LogOutputStream:75 - [STDERR_REDIRECT] [Fatal Error] :1:1: Premature end of file.
2026-05-14 14:56:05,277 [ERROR] LogOutputStream:75 - [STDERR_REDIRECT] 
2026-05-14 14:56:06,278 [ERROR] LogOutputStream:75 - [STDERR_REDIRECT] [Fatal Error] :1:1: Premature end of file.
2026-05-14 14:56:06,278 [ERROR] LogOutputStream:75 - [STDERR_REDIRECT] 
2026-05-14 14:56:07,275 [ERROR] LogOutputStream:75 - [STDERR_REDIRECT] [Fatal Error] :1:1: Premature end of file.
2026-05-14 14:56:07,275 [ERROR] LogOutputStream:75 - [STDERR_REDIRECT] 
2026-05-14 14:56:08,277 [ERROR] LogOutputStream:75 - [STDERR_REDIRECT] [Fatal Error] :1:1: Premature end of file.
2026-05-14 14:56:08,277 [ERROR] LogOutputStream:75 - [STDERR_REDIRECT] 
2026-05-14 14:56:09,280 [ERROR] LogOutputStream:75 - [STDERR_REDIRECT] [Fatal Error] :1:1: Premature end of file.
2026-05-14 14:56:09,280 [ERROR] LogOutputStream:75 - [STDERR_REDIRECT] 
2026-05-14 14:56:10,280 [ERROR] LogOutputStream:75 - [STDERR_REDIRECT] [Fatal Error] :1:1: Premature end of file.
2026-05-14 14:56:10,280 [ERROR] LogOutputStream:75 - [STDERR_REDIRECT] 
2026-05-14 14:56:11,279 [ERROR] LogOutputStream:75 - [STDERR_REDIRECT] [Fatal Error] :1:1: Premature end of file.
2026-05-14 14:56:11,279 [ERROR] LogOutputStream:75 - [STDERR_REDIRECT] 
2026-05-14 14:56:12,274 [ERROR] LogOutputStream:75 - [STDERR_REDIRECT] [Fatal Error] :1:1: Premature end of file.
2026-05-14 14:56:12,274 [ERROR] LogOutputStream:75 - [STDERR_REDIRECT] 
2026-05-14 14:56:13,274 [ERROR] LogOutputStream:75 - [STDERR_REDIRECT] [Fatal Error] :1:1: Premature end of file.
2026-05-14 14:56:13,275 [ERROR] LogOutputStream:75 - [STDERR_REDIRECT] 
2026-05-14 14:56:14,275 [ERROR] LogOutputStream:75 - [STDERR_REDIRECT] [Fatal Error] :1:1: Premature end of file.
2026-05-14 14:56:14,275 [ERROR] LogOutputStream:75 - [STDERR_REDIRECT] 
2026-05-14 14:56:15,277 [ERROR] LogOutputStream:75 - [STDERR_REDIRECT] [Fatal Error] :1:1: Premature end of file.
2026-05-14 14:56:15,277 [ERROR] LogOutputStream:75 - [STDERR_REDIRECT] 
2026-05-14 14:56:16,278 [ERROR] LogOutputStream:75 - [STDERR_REDIRECT] [Fatal Error] :1:1: Premature end of file.
2026-05-14 14:56:16,278 [ERROR] LogOutputStream:75 - [STDERR_REDIRECT] 
2026-05-14 14:56:17,278 [ERROR] LogOutputStream:75 - [STDERR_REDIRECT] [Fatal Error] :1:1: Premature end of file.
2026-05-14 14:56:17,278 [ERROR] LogOutputStream:75 - [STDERR_REDIRECT] 
2026-05-14 14:56:18,278 [ERROR] LogOutputStream:75 - [STDERR_REDIRECT] [Fatal Error] :1:1: Premature end of file.
2026-05-14 14:56:18,278 [ERROR] LogOutputStream:75 - [STDERR_REDIRECT] 
2026-05-14 14:56:19,278 [ERROR] LogOutputStream:75 - [STDERR_REDIRECT] [Fatal Error] :1:1: Premature end of file.
2026-05-14 14:56:19,278 [ERROR] LogOutputStream:75 - [STDERR_REDIRECT] 
2026-05-14 14:56:20,281 [ERROR] LogOutputStream:75 - [STDERR_REDIRECT] [Fatal Error] :1:1: Premature end of file.
2026-05-14 14:56:20,281 [ERROR] LogOutputStream:75 - [STDERR_REDIRECT] 
2026-05-14 14:56:21,279 [ERROR] LogOutputStream:75 - [STDERR_REDIRECT] [Fatal Error] :1:1: Premature end of file.
2026-05-14 14:56:21,279 [ERROR] LogOutputStream:75 - [STDERR_REDIRECT] 
2026-05-14 14:56:22,278 [ERROR] LogOutputStream:75 - [STDERR_REDIRECT] [Fatal Error] :1:1: Premature end of file.
2026-05-14 14:56:22,278 [ERROR] LogOutputStream:75 - [STDERR_REDIRECT] 
2026-05-14 14:56:23,287 [ERROR] LogOutputStream:75 - [STDERR_REDIRECT] [Fatal Error] :1:1: Premature end of file.
2026-05-14 14:56:23,288 [ERROR] LogOutputStream:75 - [STDERR_REDIRECT] 
2026-05-14 14:56:24,272 [ERROR] LogOutputStream:75 - [STDERR_REDIRECT] [Fatal Error] :1:1: Premature end of file.
2026-05-14 14:56:24,273 [ERROR] LogOutputStream:75 - [STDERR_REDIRECT] 
2026-05-14 14:56:25,275 [ERROR] LogOutputStream:75 - [STDERR_REDIRECT] [Fatal Error] :1:1: Premature end of file.
2026-05-14 14:56:25,275 [ERROR] LogOutputStream:75 - [STDERR_REDIRECT] 
2026-05-14 14:56:26,275 [ERROR] LogOutputStream:75 - [STDERR_REDIRECT] [Fatal Error] :1:1: Premature end of file.
2026-05-14 14:56:26,275 [ERROR] LogOutputStream:75 - [STDERR_REDIRECT] 
2026-05-14 14:56:27,279 [ERROR] LogOutputStream:75 - [STDERR_REDIRECT] [Fatal Error] :1:1: Premature end of file.
2026-05-14 14:56:27,279 [ERROR] LogOutputStream:75 - [STDERR_REDIRECT] 
2026-05-14 14:56:28,278 [ERROR] LogOutputStream:75 - [STDERR_REDIRECT] [Fatal Error] :1:1: Premature end of file.
2026-05-14 14:56:28,278 [ERROR] LogOutputStream:75 - [STDERR_REDIRECT] 
2026-05-14 14:56:29,278 [ERROR] LogOutputStream:75 - [STDERR_REDIRECT] [Fatal Error] :1:1: Premature end of file.
2026-05-14 14:56:29,279 [ERROR] LogOutputStream:75 - [STDERR_REDIRECT] 
2026-05-14 14:56:30,274 [ERROR] LogOutputStream:75 - [STDERR_REDIRECT] [Fatal Error] :1:1: Premature end of file.
2026-05-14 14:56:30,274 [ERROR] LogOutputStream:75 - [STDERR_REDIRECT] 
2026-05-14 14:56:31,277 [ERROR] LogOutputStream:75 - [STDERR_REDIRECT] [Fatal Error] :1:1: Premature end of file.
2026-05-14 14:56:31,278 [ERROR] LogOutputStream:75 - [STDERR_REDIRECT] 
2026-05-14 14:56:32,279 [ERROR] LogOutputStream:75 - [STDERR_REDIRECT] [Fatal Error] :1:1: Premature end of file.
2026-05-14 14:56:32,279 [ERROR] LogOutputStream:75 - [STDERR_REDIRECT] 
2026-05-14 14:56:33,278 [ERROR] LogOutputStream:75 - [STDERR_REDIRECT] [Fatal Error] :1:1: Premature end of file.
2026-05-14 14:56:33,278 [ERROR] LogOutputStream:75 - [STDERR_REDIRECT] 
2026-05-14 14:56:34,277 [ERROR] LogOutputStream:75 - [STDERR_REDIRECT] [Fatal Error] :1:1: Premature end of file.
2026-05-14 14:56:34,277 [ERROR] LogOutputStream:75 - [STDERR_REDIRECT] 
2026-05-14 14:56:35,278 [ERROR] LogOutputStream:75 - [STDERR_REDIRECT] [Fatal Error] :1:1: Premature end of file.
2026-05-14 14:56:35,278 [ERROR] LogOutputStream:75 - [STDERR_REDIRECT] 
2026-05-14 14:56:36,278 [ERROR] LogOutputStream:75 - [STDERR_REDIRECT] [Fatal Error] :1:1: Premature end of file.
2026-05-14 14:56:36,279 [ERROR] LogOutputStream:75 - [STDERR_REDIRECT] 
2026-05-14 14:56:37,276 [ERROR] LogOutputStream:75 - [STDERR_REDIRECT] [Fatal Error] :1:1: Premature end of file.
2026-05-14 14:56:37,276 [ERROR] LogOutputStream:75 - [STDERR_REDIRECT] 
2026-05-14 14:56:38,274 [ERROR] LogOutputStream:75 - [STDERR_REDIRECT] [Fatal Error] :1:1: Premature end of file.
2026-05-14 14:56:38,274 [ERROR] LogOutputStream:75 - [STDERR_REDIRECT] 
2026-05-14 14:56:39,279 [ERROR] LogOutputStream:75 - [STDERR_REDIRECT] [Fatal Error] :1:1: Premature end of file.
2026-05-14 14:56:39,279 [ERROR] LogOutputStream:75 - [STDERR_REDIRECT] 
2026-05-14 14:56:40,278 [ERROR] LogOutputStream:75 - [STDERR_REDIRECT] [Fatal Error] :1:1: Premature end of file.
2026-05-14 14:56:40,278 [ERROR] LogOutputStream:75 - [STDERR_REDIRECT] 
2026-05-14 14:56:41,274 [ERROR] LogOutputStream:75 - [STDERR_REDIRECT] [Fatal Error] :1:1: Premature end of file.
2026-05-14 14:56:41,274 [ERROR] LogOutputStream:75 - [STDERR_REDIRECT] 
2026-05-14 14:56:42,278 [ERROR] LogOutputStream:75 - [STDERR_REDIRECT] [Fatal Error] :1:1: Premature end of file.
2026-05-14 14:56:42,278 [ERROR] LogOutputStream:75 - [STDERR_REDIRECT] 
2026-05-14 14:56:43,280 [ERROR] LogOutputStream:75 - [STDERR_REDIRECT] [Fatal Error] :1:1: Premature end of file.
2026-05-14 14:56:43,280 [ERROR] LogOutputStream:75 - [STDERR_REDIRECT] 
2026-05-14 14:56:44,276 [ERROR] LogOutputStream:75 - [STDERR_REDIRECT] [Fatal Error] :1:1: Premature end of file.
2026-05-14 14:56:44,276 [ERROR] LogOutputStream:75 - [STDERR_REDIRECT] 
2026-05-14 14:56:45,275 [ERROR] LogOutputStream:75 - [STDERR_REDIRECT] [Fatal Error] :1:1: Premature end of file.
2026-05-14 14:56:45,275 [ERROR] LogOutputStream:75 - [STDERR_REDIRECT] 
2026-05-14 14:56:46,278 [ERROR] LogOutputStream:75 - [STDERR_REDIRECT] [Fatal Error] :1:1: Premature end of file.
2026-05-14 14:56:46,278 [ERROR] LogOutputStream:75 - [STDERR_REDIRECT] 
2026-05-14 14:56:47,274 [ERROR] LogOutputStream:75 - [STDERR_REDIRECT] [Fatal Error] :1:1: Premature end of file.
2026-05-14 14:56:47,274 [ERROR] LogOutputStream:75 - [STDERR_REDIRECT] 
2026-05-14 14:56:48,279 [ERROR] LogOutputStream:75 - [STDERR_REDIRECT] [Fatal Error] :1:1: Premature end of file.
2026-05-14 14:56:48,279 [ERROR] LogOutputStream:75 - [STDERR_REDIRECT] 
2026-05-14 14:56:49,279 [ERROR] LogOutputStream:75 - [STDERR_REDIRECT] [Fatal Error] :1:1: Premature end of file.
2026-05-14 14:56:49,279 [ERROR] LogOutputStream:75 - [STDERR_REDIRECT] 
2026-05-14 14:56:50,278 [ERROR] LogOutputStream:75 - [STDERR_REDIRECT] [Fatal Error] :1:1: Premature end of file.
2026-05-14 14:56:50,278 [ERROR] LogOutputStream:75 - [STDERR_REDIRECT] 
2026-05-14 14:56:51,279 [ERROR] LogOutputStream:75 - [STDERR_REDIRECT] [Fatal Error] :1:1: Premature end of file.
2026-05-14 14:56:51,279 [ERROR] LogOutputStream:75 - [STDERR_REDIRECT] 
2026-05-14 14:56:52,278 [ERROR] LogOutputStream:75 - [STDERR_REDIRECT] [Fatal Error] :1:1: Premature end of file.
2026-05-14 14:56:52,278 [ERROR] LogOutputStream:75 - [STDERR_REDIRECT] 
2026-05-14 14:56:53,278 [ERROR] LogOutputStream:75 - [STDERR_REDIRECT] [Fatal Error] :1:1: Premature end of file.
2026-05-14 14:56:53,278 [ERROR] LogOutputStream:75 - [STDERR_REDIRECT] 
2026-05-14 14:56:54,277 [ERROR] LogOutputStream:75 - [STDERR_REDIRECT] [Fatal Error] :1:1: Premature end of file.
2026-05-14 14:56:54,277 [ERROR] LogOutputStream:75 - [STDERR_REDIRECT] 
2026-05-14 14:56:55,278 [ERROR] LogOutputStream:75 - [STDERR_REDIRECT] [Fatal Error] :1:1: Premature end of file.
2026-05-14 14:56:55,279 [ERROR] LogOutputStream:75 - [STDERR_REDIRECT] 
2026-05-14 14:56:56,277 [ERROR] LogOutputStream:75 - [STDERR_REDIRECT] [Fatal Error] :1:1: Premature end of file.
2026-05-14 14:56:56,277 [ERROR] LogOutputStream:75 - [STDERR_REDIRECT] 
2026-05-14 14:56:57,279 [ERROR] LogOutputStream:75 - [STDERR_REDIRECT] [Fatal Error] :1:1: Premature end of file.
2026-05-14 14:56:57,279 [ERROR] LogOutputStream:75 - [STDERR_REDIRECT] 
2026-05-14 14:56:58,278 [ERROR] LogOutputStream:75 - [STDERR_REDIRECT] [Fatal Error] :1:1: Premature end of file.
2026-05-14 14:56:58,278 [ERROR] LogOutputStream:75 - [STDERR_REDIRECT] 
2026-05-14 14:56:59,282 [ERROR] LogOutputStream:75 - [STDERR_REDIRECT] [Fatal Error] :1:1: Premature end of file.
2026-05-14 14:56:59,283 [ERROR] LogOutputStream:75 - [STDERR_REDIRECT] 
2026-05-14 14:57:00,279 [ERROR] LogOutputStream:75 - [STDERR_REDIRECT] [Fatal Error] :1:1: Premature end of file.
2026-05-14 14:57:00,279 [ERROR] LogOutputStream:75 - [STDERR_REDIRECT] 
2026-05-14 14:57:01,279 [ERROR] LogOutputStream:75 - [STDERR_REDIRECT] [Fatal Error] :1:1: Premature end of file.
2026-05-14 14:57:01,279 [ERROR] LogOutputStream:75 - [STDERR_REDIRECT] 
2026-05-14 14:57:02,274 [ERROR] LogOutputStream:75 - [STDERR_REDIRECT] [Fatal Error] :1:1: Premature end of file.
2026-05-14 14:57:02,274 [ERROR] LogOutputStream:75 - [STDERR_REDIRECT] 
2026-05-14 14:57:03,278 [ERROR] LogOutputStream:75 - [STDERR_REDIRECT] [Fatal Error] :1:1: Premature end of file.
2026-05-14 14:57:03,278 [ERROR] LogOutputStream:75 - [STDERR_REDIRECT] 
2026-05-14 14:57:04,279 [ERROR] LogOutputStream:75 - [STDERR_REDIRECT] [Fatal Error] :1:1: Premature end of file.
2026-05-14 14:57:04,279 [ERROR] LogOutputStream:75 - [STDERR_REDIRECT] 
2026-05-14 14:57:05,278 [ERROR] LogOutputStream:75 - [STDERR_REDIRECT] [Fatal Error] :1:1: Premature end of file.
2026-05-14 14:57:05,279 [ERROR] LogOutputStream:75 - [STDERR_REDIRECT] 
2026-05-14 14:57:06,277 [ERROR] LogOutputStream:75 - [STDERR_REDIRECT] [Fatal Error] :1:1: Premature end of file.
2026-05-14 14:57:06,277 [ERROR] LogOutputStream:75 - [STDERR_REDIRECT] 
2026-05-14 14:57:07,278 [ERROR] LogOutputStream:75 - [STDERR_REDIRECT] [Fatal Error] :1:1: Premature end of file.
2026-05-14 14:57:07,278 [ERROR] LogOutputStream:75 - [STDERR_REDIRECT] 
2026-05-14 14:57:08,278 [ERROR] LogOutputStream:75 - [STDERR_REDIRECT] [Fatal Error] :1:1: Premature end of file.
2026-05-14 14:57:08,278 [ERROR] LogOutputStream:75 - [STDERR_REDIRECT] 
2026-05-14 14:57:09,278 [ERROR] LogOutputStream:75 - [STDERR_REDIRECT] [Fatal Error] :1:1: Premature end of file.
2026-05-14 14:57:09,278 [ERROR] LogOutputStream:75 - [STDERR_REDIRECT] 
2026-05-14 14:57:10,272 [ERROR] LogOutputStream:75 - [STDERR_REDIRECT] [Fatal Error] :1:1: Premature end of file.
2026-05-14 14:57:10,272 [ERROR] LogOutputStream:75 - [STDERR_REDIRECT] 
2026-05-14 14:57:11,279 [ERROR] LogOutputStream:75 - [STDERR_REDIRECT] [Fatal Error] :1:1: Premature end of file.
2026-05-14 14:57:11,279 [ERROR] LogOutputStream:75 - [STDERR_REDIRECT] 
2026-05-14 14:57:12,273 [ERROR] LogOutputStream:75 - [STDERR_REDIRECT] [Fatal Error] :1:1: Premature end of file.
2026-05-14 14:57:12,273 [ERROR] LogOutputStream:75 - [STDERR_REDIRECT] 
2026-05-14 14:57:13,279 [ERROR] LogOutputStream:75 - [STDERR_REDIRECT] [Fatal Error] :1:1: Premature end of file.
2026-05-14 14:57:13,279 [ERROR] LogOutputStream:75 - [STDERR_REDIRECT] 
2026-05-14 14:57:14,276 [ERROR] LogOutputStream:75 - [STDERR_REDIRECT] [Fatal Error] :1:1: Premature end of file.
2026-05-14 14:57:14,276 [ERROR] LogOutputStream:75 - [STDERR_REDIRECT] 
2026-05-14 14:57:15,280 [ERROR] LogOutputStream:75 - [STDERR_REDIRECT] [Fatal Error] :1:1: Premature end of file.
2026-05-14 14:57:15,280 [ERROR] LogOutputStream:75 - [STDERR_REDIRECT] 
2026-05-14 14:57:16,279 [ERROR] LogOutputStream:75 - [STDERR_REDIRECT] [Fatal Error] :1:1: Premature end of file.
2026-05-14 14:57:16,279 [ERROR] LogOutputStream:75 - [STDERR_REDIRECT] 
2026-05-14 14:57:17,278 [ERROR] LogOutputStream:75 - [STDERR_REDIRECT] [Fatal Error] :1:1: Premature end of file.
2026-05-14 14:57:17,279 [ERROR] LogOutputStream:75 - [STDERR_REDIRECT] 
2026-05-14 14:57:18,278 [ERROR] LogOutputStream:75 - [STDERR_REDIRECT] [Fatal Error] :1:1: Premature end of file.
2026-05-14 14:57:18,278 [ERROR] LogOutputStream:75 - [STDERR_REDIRECT] 
2026-05-14 14:57:19,278 [ERROR] LogOutputStream:75 - [STDERR_REDIRECT] [Fatal Error] :1:1: Premature end of file.
2026-05-14 14:57:19,278 [ERROR] LogOutputStream:75 - [STDERR_REDIRECT] 
2026-05-14 14:57:20,278 [ERROR] LogOutputStream:75 - [STDERR_REDIRECT] [Fatal Error] :1:1: Premature end of file.
2026-05-14 14:57:20,278 [ERROR] LogOutputStream:75 - [STDERR_REDIRECT] 
2026-05-14 14:57:21,279 [ERROR] LogOutputStream:75 - [STDERR_REDIRECT] [Fatal Error] :1:1: Premature end of file.
2026-05-14 14:57:21,279 [ERROR] LogOutputStream:75 - [STDERR_REDIRECT] 
2026-05-14 14:57:22,280 [ERROR] LogOutputStream:75 - [STDERR_REDIRECT] [Fatal Error] :1:1: Premature end of file.
2026-05-14 14:57:22,280 [ERROR] LogOutputStream:75 - [STDERR_REDIRECT] 
2026-05-14 14:57:23,273 [ERROR] LogOutputStream:75 - [STDERR_REDIRECT] [Fatal Error] :1:1: Premature end of file.
2026-05-14 14:57:23,273 [ERROR] LogOutputStream:75 - [STDERR_REDIRECT] 
2026-05-14 14:57:24,276 [ERROR] LogOutputStream:75 - [STDERR_REDIRECT] [Fatal Error] :1:1: Premature end of file.
2026-05-14 14:57:24,276 [ERROR] LogOutputStream:75 - [STDERR_REDIRECT] 
2026-05-14 14:57:25,278 [ERROR] LogOutputStream:75 - [STDERR_REDIRECT] [Fatal Error] :1:1: Premature end of file.
2026-05-14 14:57:25,278 [ERROR] LogOutputStream:75 - [STDERR_REDIRECT] 
2026-05-14 14:57:26,278 [ERROR] LogOutputStream:75 - [STDERR_REDIRECT] [Fatal Error] :1:1: Premature end of file.
2026-05-14 14:57:26,278 [ERROR] LogOutputStream:75 - [STDERR_REDIRECT] 
2026-05-14 14:57:27,278 [ERROR] LogOutputStream:75 - [STDERR_REDIRECT] [Fatal Error] :1:1: Premature end of file.
2026-05-14 14:57:27,278 [ERROR] LogOutputStream:75 - [STDERR_REDIRECT] 
2026-05-14 14:57:28,279 [ERROR] LogOutputStream:75 - [STDERR_REDIRECT] [Fatal Error] :1:1: Premature end of file.
2026-05-14 14:57:28,279 [ERROR] LogOutputStream:75 - [STDERR_REDIRECT] 
2026-05-14 14:57:29,278 [ERROR] LogOutputStream:75 - [STDERR_REDIRECT] [Fatal Error] :1:1: Premature end of file.
2026-05-14 14:57:29,278 [ERROR] LogOutputStream:75 - [STDERR_REDIRECT] 
2026-05-14 14:57:30,278 [ERROR] LogOutputStream:75 - [STDERR_REDIRECT] [Fatal Error] :1:1: Premature end of file.
2026-05-14 14:57:30,278 [ERROR] LogOutputStream:75 - [STDERR_REDIRECT] 
2026-05-14 14:57:31,280 [ERROR] LogOutputStream:75 - [STDERR_REDIRECT] [Fatal Error] :1:1: Premature end of file.
2026-05-14 14:57:31,280 [ERROR] LogOutputStream:75 - [STDERR_REDIRECT] 
2026-05-14 14:57:32,279 [ERROR] LogOutputStream:75 - [STDERR_REDIRECT] [Fatal Error] :1:1: Premature end of file.
2026-05-14 14:57:32,279 [ERROR] LogOutputStream:75 - [STDERR_REDIRECT] 
2026-05-14 14:57:33,279 [ERROR] LogOutputStream:75 - [STDERR_REDIRECT] [Fatal Error] :1:1: Premature end of file.
2026-05-14 14:57:33,279 [ERROR] LogOutputStream:75 - [STDERR_REDIRECT] 
2026-05-14 14:57:34,279 [ERROR] LogOutputStream:75 - [STDERR_REDIRECT] [Fatal Error] :1:1: Premature end of file.
2026-05-14 14:57:34,279 [ERROR] LogOutputStream:75 - [STDERR_REDIRECT] 
2026-05-14 14:57:35,278 [ERROR] LogOutputStream:75 - [STDERR_REDIRECT] [Fatal Error] :1:1: Premature end of file.
2026-05-14 14:57:35,278 [ERROR] LogOutputStream:75 - [STDERR_REDIRECT] 
2026-05-14 14:57:36,278 [ERROR] LogOutputStream:75 - [STDERR_REDIRECT] [Fatal Error] :1:1: Premature end of file.
2026-05-14 14:57:36,278 [ERROR] LogOutputStream:75 - [STDERR_REDIRECT] 
2026-05-14 14:57:37,278 [ERROR] LogOutputStream:75 - [STDERR_REDIRECT] [Fatal Error] :1:1: Premature end of file.
2026-05-14 14:57:37,278 [ERROR] LogOutputStream:75 - [STDERR_REDIRECT] 
2026-05-14 14:57:38,279 [ERROR] LogOutputStream:75 - [STDERR_REDIRECT] [Fatal Error] :1:1: Premature end of file.
2026-05-14 14:57:38,279 [ERROR] LogOutputStream:75 - [STDERR_REDIRECT] 
2026-05-14 14:57:39,280 [ERROR] LogOutputStream:75 - [STDERR_REDIRECT] [Fatal Error] :1:1: Premature end of file.
2026-05-14 14:57:39,280 [ERROR] LogOutputStream:75 - [STDERR_REDIRECT] 
2026-05-14 14:57:40,280 [ERROR] LogOutputStream:75 - [STDERR_REDIRECT] [Fatal Error] :1:1: Premature end of file.
2026-05-14 14:57:40,280 [ERROR] LogOutputStream:75 - [STDERR_REDIRECT] 
2026-05-14 14:57:41,278 [ERROR] LogOutputStream:75 - [STDERR_REDIRECT] [Fatal Error] :1:1: Premature end of file.
2026-05-14 14:57:41,278 [ERROR] LogOutputStream:75 - [STDERR_REDIRECT] 
2026-05-14 14:57:42,279 [ERROR] LogOutputStream:75 - [STDERR_REDIRECT] [Fatal Error] :1:1: Premature end of file.
2026-05-14 14:57:42,279 [ERROR] LogOutputStream:75 - [STDERR_REDIRECT] 
2026-05-14 14:57:43,279 [ERROR] LogOutputStream:75 - [STDERR_REDIRECT] [Fatal Error] :1:1: Premature end of file.
2026-05-14 14:57:43,279 [ERROR] LogOutputStream:75 - [STDERR_REDIRECT] 
2026-05-14 14:57:44,276 [ERROR] LogOutputStream:75 - [STDERR_REDIRECT] [Fatal Error] :1:1: Premature end of file.
2026-05-14 14:57:44,276 [ERROR] LogOutputStream:75 - [STDERR_REDIRECT] 
2026-05-14 14:57:45,279 [ERROR] LogOutputStream:75 - [STDERR_REDIRECT] [Fatal Error] :1:1: Premature end of file.
2026-05-14 14:57:45,280 [ERROR] LogOutputStream:75 - [STDERR_REDIRECT] 
2026-05-14 14:57:46,279 [ERROR] LogOutputStream:75 - [STDERR_REDIRECT] [Fatal Error] :1:1: Premature end of file.
2026-05-14 14:57:46,280 [ERROR] LogOutputStream:75 - [STDERR_REDIRECT] 
2026-05-14 14:57:47,278 [ERROR] LogOutputStream:75 - [STDERR_REDIRECT] [Fatal Error] :1:1: Premature end of file.
2026-05-14 14:57:47,278 [ERROR] LogOutputStream:75 - [STDERR_REDIRECT] 
2026-05-14 14:57:48,279 [ERROR] LogOutputStream:75 - [STDERR_REDIRECT] [Fatal Error] :1:1: Premature end of file.
2026-05-14 14:57:48,279 [ERROR] LogOutputStream:75 - [STDERR_REDIRECT] 
2026-05-14 14:57:49,278 [ERROR] LogOutputStream:75 - [STDERR_REDIRECT] [Fatal Error] :1:1: Premature end of file.
2026-05-14 14:57:49,279 [ERROR] LogOutputStream:75 - [STDERR_REDIRECT] 
2026-05-14 14:57:50,277 [ERROR] LogOutputStream:75 - [STDERR_REDIRECT] [Fatal Error] :1:1: Premature end of file.
2026-05-14 14:57:50,277 [ERROR] LogOutputStream:75 - [STDERR_REDIRECT] 
2026-05-14 14:57:51,278 [ERROR] LogOutputStream:75 - [STDERR_REDIRECT] [Fatal Error] :1:1: Premature end of file.
2026-05-14 14:57:51,278 [ERROR] LogOutputStream:75 - [STDERR_REDIRECT] 
2026-05-14 14:57:52,278 [ERROR] LogOutputStream:75 - [STDERR_REDIRECT] [Fatal Error] :1:1: Premature end of file.
2026-05-14 14:57:52,278 [ERROR] LogOutputStream:75 - [STDERR_REDIRECT] 
2026-05-14 14:57:53,279 [ERROR] LogOutputStream:75 - [STDERR_REDIRECT] [Fatal Error] :1:1: Premature end of file.
2026-05-14 14:57:53,279 [ERROR] LogOutputStream:75 - [STDERR_REDIRECT] 
2026-05-14 14:57:54,273 [ERROR] LogOutputStream:75 - [STDERR_REDIRECT] [Fatal Error] :1:1: Premature end of file.
2026-05-14 14:57:54,274 [ERROR] LogOutputStream:75 - [STDERR_REDIRECT] 
2026-05-14 14:57:55,278 [ERROR] LogOutputStream:75 - [STDERR_REDIRECT] [Fatal Error] :1:1: Premature end of file.
2026-05-14 14:57:55,278 [ERROR] LogOutputStream:75 - [STDERR_REDIRECT] 
2026-05-14 14:57:56,277 [ERROR] LogOutputStream:75 - [STDERR_REDIRECT] [Fatal Error] :1:1: Premature end of file.
2026-05-14 14:57:56,277 [ERROR] LogOutputStream:75 - [STDERR_REDIRECT] 
2026-05-14 14:57:57,280 [ERROR] LogOutputStream:75 - [STDERR_REDIRECT] [Fatal Error] :1:1: Premature end of file.
2026-05-14 14:57:57,280 [ERROR] LogOutputStream:75 - [STDERR_REDIRECT] 
2026-05-14 14:57:58,279 [ERROR] LogOutputStream:75 - [STDERR_REDIRECT] [Fatal Error] :1:1: Premature end of file.
2026-05-14 14:57:58,279 [ERROR] LogOutputStream:75 - [STDERR_REDIRECT] 
2026-05-14 14:57:59,275 [ERROR] LogOutputStream:75 - [STDERR_REDIRECT] [Fatal Error] :1:1: Premature end of file.
2026-05-14 14:57:59,275 [ERROR] LogOutputStream:75 - [STDERR_REDIRECT] 
2026-05-14 14:58:00,280 [ERROR] LogOutputStream:75 - [STDERR_REDIRECT] [Fatal Error] :1:1: Premature end of file.
2026-05-14 14:58:00,280 [ERROR] LogOutputStream:75 - [STDERR_REDIRECT] 
2026-05-14 14:58:01,276 [ERROR] LogOutputStream:75 - [STDERR_REDIRECT] [Fatal Error] :1:1: Premature end of file.
2026-05-14 14:58:01,276 [ERROR] LogOutputStream:75 - [STDERR_REDIRECT] 
2026-05-14 14:58:02,279 [ERROR] LogOutputStream:75 - [STDERR_REDIRECT] [Fatal Error] :1:1: Premature end of file.
2026-05-14 14:58:02,279 [ERROR] LogOutputStream:75 - [STDERR_REDIRECT] 
2026-05-14 14:58:03,276 [ERROR] LogOutputStream:75 - [STDERR_REDIRECT] [Fatal Error] :1:1: Premature end of file.
2026-05-14 14:58:03,276 [ERROR] LogOutputStream:75 - [STDERR_REDIRECT] 
2026-05-14 14:58:04,279 [ERROR] LogOutputStream:75 - [STDERR_REDIRECT] [Fatal Error] :1:1: Premature end of file.
2026-05-14 14:58:04,279 [ERROR] LogOutputStream:75 - [STDERR_REDIRECT] 
2026-05-14 14:58:05,279 [ERROR] LogOutputStream:75 - [STDERR_REDIRECT] [Fatal Error] :1:1: Premature end of file.
2026-05-14 14:58:05,279 [ERROR] LogOutputStream:75 - [STDERR_REDIRECT] 
2026-05-14 14:58:06,279 [ERROR] LogOutputStream:75 - [STDERR_REDIRECT] [Fatal Error] :1:1: Premature end of file.
2026-05-14 14:58:06,279 [ERROR] LogOutputStream:75 - [STDERR_REDIRECT] 
2026-05-14 14:58:07,278 [ERROR] LogOutputStream:75 - [STDERR_REDIRECT] [Fatal Error] :1:1: Premature end of file.
2026-05-14 14:58:07,278 [ERROR] LogOutputStream:75 - [STDERR_REDIRECT] 
2026-05-14 14:58:08,277 [ERROR] LogOutputStream:75 - [STDERR_REDIRECT] [Fatal Error] :1:1: Premature end of file.
2026-05-14 14:58:08,277 [ERROR] LogOutputStream:75 - [STDERR_REDIRECT] 
2026-05-14 14:58:09,272 [ERROR] LogOutputStream:75 - [STDERR_REDIRECT] [Fatal Error] :1:1: Premature end of file.
2026-05-14 14:58:09,272 [ERROR] LogOutputStream:75 - [STDERR_REDIRECT] 
2026-05-14 14:58:10,278 [ERROR] LogOutputStream:75 - [STDERR_REDIRECT] [Fatal Error] :1:1: Premature end of file.
2026-05-14 14:58:10,278 [ERROR] LogOutputStream:75 - [STDERR_REDIRECT] 
2026-05-14 14:58:11,280 [ERROR] LogOutputStream:75 - [STDERR_REDIRECT] [Fatal Error] :1:1: Premature end of file.
2026-05-14 14:58:11,280 [ERROR] LogOutputStream:75 - [STDERR_REDIRECT] 
2026-05-14 14:58:12,278 [ERROR] LogOutputStream:75 - [STDERR_REDIRECT] [Fatal Error] :1:1: Premature end of file.
2026-05-14 14:58:12,278 [ERROR] LogOutputStream:75 - [STDERR_REDIRECT] 
2026-05-14 14:58:13,272 [ERROR] LogOutputStream:75 - [STDERR_REDIRECT] [Fatal Error] :1:1: Premature end of file.
2026-05-14 14:58:13,273 [ERROR] LogOutputStream:75 - [STDERR_REDIRECT] 
2026-05-14 14:58:14,279 [ERROR] LogOutputStream:75 - [STDERR_REDIRECT] [Fatal Error] :1:1: Premature end of file.
2026-05-14 14:58:14,279 [ERROR] LogOutputStream:75 - [STDERR_REDIRECT] 
2026-05-14 14:58:15,279 [ERROR] LogOutputStream:75 - [STDERR_REDIRECT] [Fatal Error] :1:1: Premature end of file.
2026-05-14 14:58:15,279 [ERROR] LogOutputStream:75 - [STDERR_REDIRECT] 
2026-05-14 14:58:16,278 [ERROR] LogOutputStream:75 - [STDERR_REDIRECT] [Fatal Error] :1:1: Premature end of file.
2026-05-14 14:58:16,278 [ERROR] LogOutputStream:75 - [STDERR_REDIRECT] 
2026-05-14 14:58:17,279 [ERROR] LogOutputStream:75 - [STDERR_REDIRECT] [Fatal Error] :1:1: Premature end of file.
2026-05-14 14:58:17,279 [ERROR] LogOutputStream:75 - [STDERR_REDIRECT] 
2026-05-14 14:58:18,272 [ERROR] LogOutputStream:75 - [STDERR_REDIRECT] [Fatal Error] :1:1: Premature end of file.
2026-05-14 14:58:18,272 [ERROR] LogOutputStream:75 - [STDERR_REDIRECT] 
2026-05-14 14:58:19,275 [ERROR] LogOutputStream:75 - [STDERR_REDIRECT] [Fatal Error] :1:1: Premature end of file.
2026-05-14 14:58:19,275 [ERROR] LogOutputStream:75 - [STDERR_REDIRECT] 
2026-05-14 14:58:20,278 [ERROR] LogOutputStream:75 - [STDERR_REDIRECT] [Fatal Error] :1:1: Premature end of file.
2026-05-14 14:58:20,278 [ERROR] LogOutputStream:75 - [STDERR_REDIRECT] 
2026-05-14 14:58:21,278 [ERROR] LogOutputStream:75 - [STDERR_REDIRECT] [Fatal Error] :1:1: Premature end of file.
2026-05-14 14:58:21,278 [ERROR] LogOutputStream:75 - [STDERR_REDIRECT] 
2026-05-14 14:58:22,279 [ERROR] LogOutputStream:75 - [STDERR_REDIRECT] [Fatal Error] :1:1: Premature end of file.
2026-05-14 14:58:22,279 [ERROR] LogOutputStream:75 - [STDERR_REDIRECT] 
2026-05-14 14:58:23,272 [ERROR] LogOutputStream:75 - [STDERR_REDIRECT] [Fatal Error] :1:1: Premature end of file.
2026-05-14 14:58:23,273 [ERROR] LogOutputStream:75 - [STDERR_REDIRECT] 
2026-05-14 14:58:24,272 [ERROR] LogOutputStream:75 - [STDERR_REDIRECT] [Fatal Error] :1:1: Premature end of file.
2026-05-14 14:58:24,272 [ERROR] LogOutputStream:75 - [STDERR_REDIRECT] 
2026-05-14 14:58:25,279 [ERROR] LogOutputStream:75 - [STDERR_REDIRECT] [Fatal Error] :1:1: Premature end of file.
2026-05-14 14:58:25,279 [ERROR] LogOutputStream:75 - [STDERR_REDIRECT] 
2026-05-14 14:58:26,278 [ERROR] LogOutputStream:75 - [STDERR_REDIRECT] [Fatal Error] :1:1: Premature end of file.
2026-05-14 14:58:26,278 [ERROR] LogOutputStream:75 - [STDERR_REDIRECT] 
2026-05-14 14:58:27,278 [ERROR] LogOutputStream:75 - [STDERR_REDIRECT] [Fatal Error] :1:1: Premature end of file.
2026-05-14 14:58:27,278 [ERROR] LogOutputStream:75 - [STDERR_REDIRECT] 
2026-05-14 14:58:28,277 [ERROR] LogOutputStream:75 - [STDERR_REDIRECT] [Fatal Error] :1:1: Premature end of file.
2026-05-14 14:58:28,277 [ERROR] LogOutputStream:75 - [STDERR_REDIRECT] 
2026-05-14 14:58:29,278 [ERROR] LogOutputStream:75 - [STDERR_REDIRECT] [Fatal Error] :1:1: Premature end of file.
2026-05-14 14:58:29,278 [ERROR] LogOutputStream:75 - [STDERR_REDIRECT] 
2026-05-14 14:58:30,281 [ERROR] LogOutputStream:75 - [STDERR_REDIRECT] [Fatal Error] :1:1: Premature end of file.
2026-05-14 14:58:30,281 [ERROR] LogOutputStream:75 - [STDERR_REDIRECT] 
2026-05-14 14:58:31,279 [ERROR] LogOutputStream:75 - [STDERR_REDIRECT] [Fatal Error] :1:1: Premature end of file.
2026-05-14 14:58:31,279 [ERROR] LogOutputStream:75 - [STDERR_REDIRECT] 
2026-05-14 14:58:32,278 [ERROR] LogOutputStream:75 - [STDERR_REDIRECT] [Fatal Error] :1:1: Premature end of file.
2026-05-14 14:58:32,278 [ERROR] LogOutputStream:75 - [STDERR_REDIRECT] 
2026-05-14 14:58:33,275 [ERROR] LogOutputStream:75 - [STDERR_REDIRECT] [Fatal Error] :1:1: Premature end of file.
2026-05-14 14:58:33,275 [ERROR] LogOutputStream:75 - [STDERR_REDIRECT] 
2026-05-14 14:58:34,274 [ERROR] LogOutputStream:75 - [STDERR_REDIRECT] [Fatal Error] :1:1: Premature end of file.
2026-05-14 14:58:34,277 [ERROR] LogOutputStream:75 - [STDERR_REDIRECT] 
2026-05-14 14:58:35,273 [ERROR] LogOutputStream:75 - [STDERR_REDIRECT] [Fatal Error] :1:1: Premature end of file.
2026-05-14 14:58:35,273 [ERROR] LogOutputStream:75 - [STDERR_REDIRECT] 
2026-05-14 14:58:36,277 [ERROR] LogOutputStream:75 - [STDERR_REDIRECT] [Fatal Error] :1:1: Premature end of file.
2026-05-14 14:58:36,277 [ERROR] LogOutputStream:75 - [STDERR_REDIRECT] 
2026-05-14 14:58:37,279 [ERROR] LogOutputStream:75 - [STDERR_REDIRECT] [Fatal Error] :1:1: Premature end of file.
2026-05-14 14:58:37,279 [ERROR] LogOutputStream:75 - [STDERR_REDIRECT] 
2026-05-14 14:58:38,274 [ERROR] LogOutputStream:75 - [STDERR_REDIRECT] [Fatal Error] :1:1: Premature end of file.
2026-05-14 14:58:38,274 [ERROR] LogOutputStream:75 - [STDERR_REDIRECT] 
2026-05-14 14:58:39,278 [ERROR] LogOutputStream:75 - [STDERR_REDIRECT] [Fatal Error] :1:1: Premature end of file.
2026-05-14 14:58:39,278 [ERROR] LogOutputStream:75 - [STDERR_REDIRECT] 
2026-05-14 14:58:40,279 [ERROR] LogOutputStream:75 - [STDERR_REDIRECT] [Fatal Error] :1:1: Premature end of file.
2026-05-14 14:58:40,279 [ERROR] LogOutputStream:75 - [STDERR_REDIRECT] 
2026-05-14 14:58:41,276 [ERROR] LogOutputStream:75 - [STDERR_REDIRECT] [Fatal Error] :1:1: Premature end of file.
2026-05-14 14:58:41,276 [ERROR] LogOutputStream:75 - [STDERR_REDIRECT] 
2026-05-14 14:58:42,279 [ERROR] LogOutputStream:75 - [STDERR_REDIRECT] [Fatal Error] :1:1: Premature end of file.
2026-05-14 14:58:42,279 [ERROR] LogOutputStream:75 - [STDERR_REDIRECT] 
2026-05-14 14:58:43,279 [ERROR] LogOutputStream:75 - [STDERR_REDIRECT] [Fatal Error] :1:1: Premature end of file.
2026-05-14 14:58:43,279 [ERROR] LogOutputStream:75 - [STDERR_REDIRECT] 
2026-05-14 14:58:44,275 [ERROR] LogOutputStream:75 - [STDERR_REDIRECT] [Fatal Error] :1:1: Premature end of file.
2026-05-14 14:58:44,275 [ERROR] LogOutputStream:75 - [STDERR_REDIRECT] 
2026-05-14 14:58:45,278 [ERROR] LogOutputStream:75 - [STDERR_REDIRECT] [Fatal Error] :1:1: Premature end of file.
2026-05-14 14:58:45,278 [ERROR] LogOutputStream:75 - [STDERR_REDIRECT] 
2026-05-14 14:58:46,279 [ERROR] LogOutputStream:75 - [STDERR_REDIRECT] [Fatal Error] :1:1: Premature end of file.
2026-05-14 14:58:46,279 [ERROR] LogOutputStream:75 - [STDERR_REDIRECT] 
2026-05-14 14:58:47,278 [ERROR] LogOutputStream:75 - [STDERR_REDIRECT] [Fatal Error] :1:1: Premature end of file.
2026-05-14 14:58:47,278 [ERROR] LogOutputStream:75 - [STDERR_REDIRECT] 
2026-05-14 14:58:48,275 [ERROR] LogOutputStream:75 - [STDERR_REDIRECT] [Fatal Error] :1:1: Premature end of file.
2026-05-14 14:58:48,275 [ERROR] LogOutputStream:75 - [STDERR_REDIRECT] 
2026-05-14 14:58:49,278 [ERROR] LogOutputStream:75 - [STDERR_REDIRECT] [Fatal Error] :1:1: Premature end of file.
2026-05-14 14:58:49,279 [ERROR] LogOutputStream:75 - [STDERR_REDIRECT] 
2026-05-14 14:58:50,278 [ERROR] LogOutputStream:75 - [STDERR_REDIRECT] [Fatal Error] :1:1: Premature end of file.
2026-05-14 14:58:50,278 [ERROR] LogOutputStream:75 - [STDERR_REDIRECT] 
2026-05-14 14:58:51,279 [ERROR] LogOutputStream:75 - [STDERR_REDIRECT] [Fatal Error] :1:1: Premature end of file.
2026-05-14 14:58:51,279 [ERROR] LogOutputStream:75 - [STDERR_REDIRECT] 
2026-05-14 14:58:52,279 [ERROR] LogOutputStream:75 - [STDERR_REDIRECT] [Fatal Error] :1:1: Premature end of file.
2026-05-14 14:58:52,279 [ERROR] LogOutputStream:75 - [STDERR_REDIRECT] 
2026-05-14 14:58:53,279 [ERROR] LogOutputStream:75 - [STDERR_REDIRECT] [Fatal Error] :1:1: Premature end of file.
2026-05-14 14:58:53,279 [ERROR] LogOutputStream:75 - [STDERR_REDIRECT] 
2026-05-14 14:58:54,272 [ERROR] LogOutputStream:75 - [STDERR_REDIRECT] [Fatal Error] :1:1: Premature end of file.
2026-05-14 14:58:54,272 [ERROR] LogOutputStream:75 - [STDERR_REDIRECT] 
2026-05-14 14:58:55,280 [ERROR] LogOutputStream:75 - [STDERR_REDIRECT] [Fatal Error] :1:1: Premature end of file.
2026-05-14 14:58:55,280 [ERROR] LogOutputStream:75 - [STDERR_REDIRECT] 
2026-05-14 14:58:56,277 [ERROR] LogOutputStream:75 - [STDERR_REDIRECT] [Fatal Error] :1:1: Premature end of file.
2026-05-14 14:58:56,277 [ERROR] LogOutputStream:75 - [STDERR_REDIRECT] 
2026-05-14 14:58:57,274 [ERROR] LogOutputStream:75 - [STDERR_REDIRECT] [Fatal Error] :1:1: Premature end of file.
2026-05-14 14:58:57,274 [ERROR] LogOutputStream:75 - [STDERR_REDIRECT] 
2026-05-14 14:58:58,278 [ERROR] LogOutputStream:75 - [STDERR_REDIRECT] [Fatal Error] :1:1: Premature end of file.
2026-05-14 14:58:58,278 [ERROR] LogOutputStream:75 - [STDERR_REDIRECT] 
2026-05-14 14:58:59,280 [ERROR] LogOutputStream:75 - [STDERR_REDIRECT] [Fatal Error] :1:1: Premature end of file.
2026-05-14 14:58:59,280 [ERROR] LogOutputStream:75 - [STDERR_REDIRECT] 
2026-05-14 14:59:00,283 [ERROR] LogOutputStream:75 - [STDERR_REDIRECT] [Fatal Error] :1:1: Premature end of file.
2026-05-14 14:59:00,283 [ERROR] LogOutputStream:75 - [STDERR_REDIRECT] 
2026-05-14 14:59:01,280 [ERROR] LogOutputStream:75 - [STDERR_REDIRECT] [Fatal Error] :1:1: Premature end of file.
2026-05-14 14:59:01,280 [ERROR] LogOutputStream:75 - [STDERR_REDIRECT] 
2026-05-14 14:59:02,279 [ERROR] LogOutputStream:75 - [STDERR_REDIRECT] [Fatal Error] :1:1: Premature end of file.
2026-05-14 14:59:02,280 [ERROR] LogOutputStream:75 - [STDERR_REDIRECT] 
2026-05-14 14:59:03,279 [ERROR] LogOutputStream:75 - [STDERR_REDIRECT] [Fatal Error] :1:1: Premature end of file.
2026-05-14 14:59:03,279 [ERROR] LogOutputStream:75 - [STDERR_REDIRECT] 
2026-05-14 14:59:04,279 [ERROR] LogOutputStream:75 - [STDERR_REDIRECT] [Fatal Error] :1:1: Premature end of file.
2026-05-14 14:59:04,279 [ERROR] LogOutputStream:75 - [STDERR_REDIRECT] 
2026-05-14 14:59:05,273 [ERROR] LogOutputStream:75 - [STDERR_REDIRECT] [Fatal Error] :1:1: Premature end of file.
2026-05-14 14:59:05,273 [ERROR] LogOutputStream:75 - [STDERR_REDIRECT] 
2026-05-14 14:59:06,276 [ERROR] LogOutputStream:75 - [STDERR_REDIRECT] [Fatal Error] :1:1: Premature end of file.
2026-05-14 14:59:06,276 [ERROR] LogOutputStream:75 - [STDERR_REDIRECT] 
2026-05-14 14:59:07,276 [ERROR] LogOutputStream:75 - [STDERR_REDIRECT] [Fatal Error] :1:1: Premature end of file.
2026-05-14 14:59:07,276 [ERROR] LogOutputStream:75 - [STDERR_REDIRECT] 
2026-05-14 14:59:08,279 [ERROR] LogOutputStream:75 - [STDERR_REDIRECT] [Fatal Error] :1:1: Premature end of file.
2026-05-14 14:59:08,279 [ERROR] LogOutputStream:75 - [STDERR_REDIRECT] 
2026-05-14 14:59:09,278 [ERROR] LogOutputStream:75 - [STDERR_REDIRECT] [Fatal Error] :1:1: Premature end of file.
2026-05-14 14:59:09,278 [ERROR] LogOutputStream:75 - [STDERR_REDIRECT] 
2026-05-14 14:59:10,273 [ERROR] LogOutputStream:75 - [STDERR_REDIRECT] [Fatal Error] :1:1: Premature end of file.
2026-05-14 14:59:10,273 [ERROR] LogOutputStream:75 - [STDERR_REDIRECT] 
2026-05-14 14:59:11,272 [ERROR] LogOutputStream:75 - [STDERR_REDIRECT] [Fatal Error] :1:1: Premature end of file.
2026-05-14 14:59:11,273 [ERROR] LogOutputStream:75 - [STDERR_REDIRECT] 
2026-05-14 14:59:12,276 [ERROR] LogOutputStream:75 - [STDERR_REDIRECT] [Fatal Error] :1:1: Premature end of file.
2026-05-14 14:59:12,276 [ERROR] LogOutputStream:75 - [STDERR_REDIRECT] 
2026-05-14 14:59:13,275 [ERROR] LogOutputStream:75 - [STDERR_REDIRECT] [Fatal Error] :1:1: Premature end of file.
2026-05-14 14:59:13,275 [ERROR] LogOutputStream:75 - [STDERR_REDIRECT] 
2026-05-14 14:59:14,279 [ERROR] LogOutputStream:75 - [STDERR_REDIRECT] [Fatal Error] :1:1: Premature end of file.
2026-05-14 14:59:14,279 [ERROR] LogOutputStream:75 - [STDERR_REDIRECT] 
2026-05-14 14:59:15,278 [ERROR] LogOutputStream:75 - [STDERR_REDIRECT] [Fatal Error] :1:1: Premature end of file.
2026-05-14 14:59:15,278 [ERROR] LogOutputStream:75 - [STDERR_REDIRECT] 
2026-05-14 14:59:16,278 [ERROR] LogOutputStream:75 - [STDERR_REDIRECT] [Fatal Error] :1:1: Premature end of file.
2026-05-14 14:59:16,278 [ERROR] LogOutputStream:75 - [STDERR_REDIRECT] 
2026-05-14 14:59:17,279 [ERROR] LogOutputStream:75 - [STDERR_REDIRECT] [Fatal Error] :1:1: Premature end of file.
2026-05-14 14:59:17,279 [ERROR] LogOutputStream:75 - [STDERR_REDIRECT] 
2026-05-14 14:59:18,274 [ERROR] LogOutputStream:75 - [STDERR_REDIRECT] [Fatal Error] :1:1: Premature end of file.
2026-05-14 14:59:18,275 [ERROR] LogOutputStream:75 - [STDERR_REDIRECT] 
2026-05-14 14:59:19,279 [ERROR] LogOutputStream:75 - [STDERR_REDIRECT] [Fatal Error] :1:1: Premature end of file.
2026-05-14 14:59:19,279 [ERROR] LogOutputStream:75 - [STDERR_REDIRECT] 
2026-05-14 14:59:20,273 [ERROR] LogOutputStream:75 - [STDERR_REDIRECT] [Fatal Error] :1:1: Premature end of file.
2026-05-14 14:59:20,273 [ERROR] LogOutputStream:75 - [STDERR_REDIRECT] 
2026-05-14 14:59:21,273 [ERROR] LogOutputStream:75 - [STDERR_REDIRECT] [Fatal Error] :1:1: Premature end of file.
2026-05-14 14:59:21,273 [ERROR] LogOutputStream:75 - [STDERR_REDIRECT] 
2026-05-14 14:59:22,279 [ERROR] LogOutputStream:75 - [STDERR_REDIRECT] [Fatal Error] :1:1: Premature end of file.
2026-05-14 14:59:22,279 [ERROR] LogOutputStream:75 - [STDERR_REDIRECT] 
2026-05-14 14:59:23,278 [ERROR] LogOutputStream:75 - [STDERR_REDIRECT] [Fatal Error] :1:1: Premature end of file.
2026-05-14 14:59:23,278 [ERROR] LogOutputStream:75 - [STDERR_REDIRECT] 
2026-05-14 14:59:24,273 [ERROR] LogOutputStream:75 - [STDERR_REDIRECT] [Fatal Error] :1:1: Premature end of file.
2026-05-14 14:59:24,273 [ERROR] LogOutputStream:75 - [STDERR_REDIRECT] 
2026-05-14 14:59:25,280 [ERROR] LogOutputStream:75 - [STDERR_REDIRECT] [Fatal Error] :1:1: Premature end of file.
2026-05-14 14:59:25,280 [ERROR] LogOutputStream:75 - [STDERR_REDIRECT] 
2026-05-14 14:59:26,278 [ERROR] LogOutputStream:75 - [STDERR_REDIRECT] [Fatal Error] :1:1: Premature end of file.
2026-05-14 14:59:26,278 [ERROR] LogOutputStream:75 - [STDERR_REDIRECT] 
2026-05-14 14:59:27,278 [ERROR] LogOutputStream:75 - [STDERR_REDIRECT] [Fatal Error] :1:1: Premature end of file.
2026-05-14 14:59:27,278 [ERROR] LogOutputStream:75 - [STDERR_REDIRECT] 
2026-05-14 14:59:28,276 [ERROR] LogOutputStream:75 - [STDERR_REDIRECT] [Fatal Error] :1:1: Premature end of file.
2026-05-14 14:59:28,276 [ERROR] LogOutputStream:75 - [STDERR_REDIRECT] 
2026-05-14 14:59:29,279 [ERROR] LogOutputStream:75 - [STDERR_REDIRECT] [Fatal Error] :1:1: Premature end of file.
2026-05-14 14:59:29,279 [ERROR] LogOutputStream:75 - [STDERR_REDIRECT] 
2026-05-14 14:59:30,279 [ERROR] LogOutputStream:75 - [STDERR_REDIRECT] [Fatal Error] :1:1: Premature end of file.
2026-05-14 14:59:30,279 [ERROR] LogOutputStream:75 - [STDERR_REDIRECT] 
2026-05-14 14:59:31,278 [ERROR] LogOutputStream:75 - [STDERR_REDIRECT] [Fatal Error] :1:1: Premature end of file.
2026-05-14 14:59:31,278 [ERROR] LogOutputStream:75 - [STDERR_REDIRECT] 
2026-05-14 14:59:32,279 [ERROR] LogOutputStream:75 - [STDERR_REDIRECT] [Fatal Error] :1:1: Premature end of file.
2026-05-14 14:59:32,279 [ERROR] LogOutputStream:75 - [STDERR_REDIRECT] 
2026-05-14 14:59:33,279 [ERROR] LogOutputStream:75 - [STDERR_REDIRECT] [Fatal Error] :1:1: Premature end of file.
2026-05-14 14:59:33,279 [ERROR] LogOutputStream:75 - [STDERR_REDIRECT] 
2026-05-14 14:59:34,275 [ERROR] LogOutputStream:75 - [STDERR_REDIRECT] [Fatal Error] :1:1: Premature end of file.
2026-05-14 14:59:34,276 [ERROR] LogOutputStream:75 - [STDERR_REDIRECT] 
2026-05-14 14:59:35,279 [ERROR] LogOutputStream:75 - [STDERR_REDIRECT] [Fatal Error] :1:1: Premature end of file.
2026-05-14 14:59:35,280 [ERROR] LogOutputStream:75 - [STDERR_REDIRECT] 
2026-05-14 14:59:36,278 [ERROR] LogOutputStream:75 - [STDERR_REDIRECT] [Fatal Error] :1:1: Premature end of file.
2026-05-14 14:59:36,279 [ERROR] LogOutputStream:75 - [STDERR_REDIRECT] 
2026-05-14 14:59:37,280 [ERROR] LogOutputStream:75 - [STDERR_REDIRECT] [Fatal Error] :1:1: Premature end of file.
2026-05-14 14:59:37,280 [ERROR] LogOutputStream:75 - [STDERR_REDIRECT] 
2026-05-14 14:59:38,275 [ERROR] LogOutputStream:75 - [STDERR_REDIRECT] [Fatal Error] :1:1: Premature end of file.
2026-05-14 14:59:38,275 [ERROR] LogOutputStream:75 - [STDERR_REDIRECT] 
2026-05-14 14:59:39,278 [ERROR] LogOutputStream:75 - [STDERR_REDIRECT] [Fatal Error] :1:1: Premature end of file.
2026-05-14 14:59:39,278 [ERROR] LogOutputStream:75 - [STDERR_REDIRECT] 
2026-05-14 14:59:40,278 [ERROR] LogOutputStream:75 - [STDERR_REDIRECT] [Fatal Error] :1:1: Premature end of file.
2026-05-14 14:59:40,278 [ERROR] LogOutputStream:75 - [STDERR_REDIRECT] 
2026-05-14 14:59:41,279 [ERROR] LogOutputStream:75 - [STDERR_REDIRECT] [Fatal Error] :1:1: Premature end of file.
2026-05-14 14:59:41,279 [ERROR] LogOutputStream:75 - [STDERR_REDIRECT] 
2026-05-14 14:59:42,275 [ERROR] LogOutputStream:75 - [STDERR_REDIRECT] [Fatal Error] :1:1: Premature end of file.
2026-05-14 14:59:42,275 [ERROR] LogOutputStream:75 - [STDERR_REDIRECT] 
2026-05-14 14:59:43,279 [ERROR] LogOutputStream:75 - [STDERR_REDIRECT] [Fatal Error] :1:1: Premature end of file.
2026-05-14 14:59:43,280 [ERROR] LogOutputStream:75 - [STDERR_REDIRECT] 
2026-05-14 14:59:44,278 [ERROR] LogOutputStream:75 - [STDERR_REDIRECT] [Fatal Error] :1:1: Premature end of file.
2026-05-14 14:59:44,280 [ERROR] LogOutputStream:75 - [STDERR_REDIRECT] 
2026-05-14 14:59:45,278 [ERROR] LogOutputStream:75 - [STDERR_REDIRECT] [Fatal Error] :1:1: Premature end of file.
2026-05-14 14:59:45,278 [ERROR] LogOutputStream:75 - [STDERR_REDIRECT] 
2026-05-14 14:59:46,277 [ERROR] LogOutputStream:75 - [STDERR_REDIRECT] [Fatal Error] :1:1: Premature end of file.
2026-05-14 14:59:46,277 [ERROR] LogOutputStream:75 - [STDERR_REDIRECT] 
2026-05-14 14:59:47,274 [ERROR] LogOutputStream:75 - [STDERR_REDIRECT] [Fatal Error] :1:1: Premature end of file.
2026-05-14 14:59:47,274 [ERROR] LogOutputStream:75 - [STDERR_REDIRECT] 
2026-05-14 14:59:48,278 [ERROR] LogOutputStream:75 - [STDERR_REDIRECT] [Fatal Error] :1:1: Premature end of file.
2026-05-14 14:59:48,279 [ERROR] LogOutputStream:75 - [STDERR_REDIRECT] 
2026-05-14 14:59:49,279 [ERROR] LogOutputStream:75 - [STDERR_REDIRECT] [Fatal Error] :1:1: Premature end of file.
2026-05-14 14:59:49,279 [ERROR] LogOutputStream:75 - [STDERR_REDIRECT] 
2026-05-14 14:59:50,279 [ERROR] LogOutputStream:75 - [STDERR_REDIRECT] [Fatal Error] :1:1: Premature end of file.
2026-05-14 14:59:50,279 [ERROR] LogOutputStream:75 - [STDERR_REDIRECT] 
2026-05-14 14:59:51,279 [ERROR] LogOutputStream:75 - [STDERR_REDIRECT] [Fatal Error] :1:1: Premature end of file.
2026-05-14 14:59:51,279 [ERROR] LogOutputStream:75 - [STDERR_REDIRECT] 
2026-05-14 14:59:52,276 [ERROR] LogOutputStream:75 - [STDERR_REDIRECT] [Fatal Error] :1:1: Premature end of file.
2026-05-14 14:59:52,276 [ERROR] LogOutputStream:75 - [STDERR_REDIRECT] 
2026-05-14 14:59:53,279 [ERROR] LogOutputStream:75 - [STDERR_REDIRECT] [Fatal Error] :1:1: Premature end of file.
2026-05-14 14:59:53,279 [ERROR] LogOutputStream:75 - [STDERR_REDIRECT] 
2026-05-14 14:59:54,277 [ERROR] LogOutputStream:75 - [STDERR_REDIRECT] [Fatal Error] :1:1: Premature end of file.
2026-05-14 14:59:54,277 [ERROR] LogOutputStream:75 - [STDERR_REDIRECT] 
2026-05-14 14:59:55,273 [ERROR] LogOutputStream:75 - [STDERR_REDIRECT] [Fatal Error] :1:1: Premature end of file.
2026-05-14 14:59:55,273 [ERROR] LogOutputStream:75 - [STDERR_REDIRECT] 
2026-05-14 14:59:56,278 [ERROR] LogOutputStream:75 - [STDERR_REDIRECT] [Fatal Error] :1:1: Premature end of file.
2026-05-14 14:59:56,279 [ERROR] LogOutputStream:75 - [STDERR_REDIRECT] 
2026-05-14 14:59:57,279 [ERROR] LogOutputStream:75 - [STDERR_REDIRECT] [Fatal Error] :1:1: Premature end of file.
2026-05-14 14:59:57,279 [ERROR] LogOutputStream:75 - [STDERR_REDIRECT] 
2026-05-14 14:59:58,278 [ERROR] LogOutputStream:75 - [STDERR_REDIRECT] [Fatal Error] :1:1: Premature end of file.
2026-05-14 14:59:58,278 [ERROR] LogOutputStream:75 - [STDERR_REDIRECT] 
2026-05-14 14:59:59,278 [ERROR] LogOutputStream:75 - [STDERR_REDIRECT] [Fatal Error] :1:1: Premature end of file.
2026-05-14 14:59:59,278 [ERROR] LogOutputStream:75 - [STDERR_REDIRECT] 
2026-05-14 15:00:00,277 [ERROR] LogOutputStream:75 - [STDERR_REDIRECT] [Fatal Error] :1:1: Premature end of file.
2026-05-14 15:00:00,278 [ERROR] LogOutputStream:75 - [STDERR_REDIRECT] 
2026-05-14 15:00:01,281 [ERROR] LogOutputStream:75 - [STDERR_REDIRECT] [Fatal Error] :1:1: Premature end of file.
2026-05-14 15:00:01,281 [ERROR] LogOutputStream:75 - [STDERR_REDIRECT] 
2026-05-14 15:00:02,278 [ERROR] LogOutputStream:75 - [STDERR_REDIRECT] [Fatal Error] :1:1: Premature end of file.
2026-05-14 15:00:02,278 [ERROR] LogOutputStream:75 - [STDERR_REDIRECT] 
2026-05-14 15:00:03,273 [ERROR] LogOutputStream:75 - [STDERR_REDIRECT] [Fatal Error] :1:1: Premature end of file.
2026-05-14 15:00:03,273 [ERROR] LogOutputStream:75 - [STDERR_REDIRECT] 
2026-05-14 15:00:04,274 [ERROR] LogOutputStream:75 - [STDERR_REDIRECT] [Fatal Error] :1:1: Premature end of file.
2026-05-14 15:00:04,274 [ERROR] LogOutputStream:75 - [STDERR_REDIRECT] 
2026-05-14 15:00:05,273 [ERROR] LogOutputStream:75 - [STDERR_REDIRECT] [Fatal Error] :1:1: Premature end of file.
2026-05-14 15:00:05,273 [ERROR] LogOutputStream:75 - [STDERR_REDIRECT] 
2026-05-14 15:00:06,273 [ERROR] LogOutputStream:75 - [STDERR_REDIRECT] [Fatal Error] :1:1: Premature end of file.
2026-05-14 15:00:06,273 [ERROR] LogOutputStream:75 - [STDERR_REDIRECT] 
2026-05-14 15:00:07,278 [ERROR] LogOutputStream:75 - [STDERR_REDIRECT] [Fatal Error] :1:1: Premature end of file.
2026-05-14 15:00:07,278 [ERROR] LogOutputStream:75 - [STDERR_REDIRECT] 
2026-05-14 15:00:08,278 [ERROR] LogOutputStream:75 - [STDERR_REDIRECT] [Fatal Error] :1:1: Premature end of file.
2026-05-14 15:00:08,278 [ERROR] LogOutputStream:75 - [STDERR_REDIRECT] 
2026-05-14 15:00:09,277 [ERROR] LogOutputStream:75 - [STDERR_REDIRECT] [Fatal Error] :1:1: Premature end of file.
2026-05-14 15:00:09,277 [ERROR] LogOutputStream:75 - [STDERR_REDIRECT] 
2026-05-14 15:00:10,279 [ERROR] LogOutputStream:75 - [STDERR_REDIRECT] [Fatal Error] :1:1: Premature end of file.
2026-05-14 15:00:10,279 [ERROR] LogOutputStream:75 - [STDERR_REDIRECT] 
2026-05-14 15:00:11,279 [ERROR] LogOutputStream:75 - [STDERR_REDIRECT] [Fatal Error] :1:1: Premature end of file.
2026-05-14 15:00:11,279 [ERROR] LogOutputStream:75 - [STDERR_REDIRECT] 
2026-05-14 15:00:12,279 [ERROR] LogOutputStream:75 - [STDERR_REDIRECT] [Fatal Error] :1:1: Premature end of file.
2026-05-14 15:00:12,279 [ERROR] LogOutputStream:75 - [STDERR_REDIRECT] 
2026-05-14 15:00:13,279 [ERROR] LogOutputStream:75 - [STDERR_REDIRECT] [Fatal Error] :1:1: Premature end of file.
2026-05-14 15:00:13,279 [ERROR] LogOutputStream:75 - [STDERR_REDIRECT] 
2026-05-14 15:00:14,278 [ERROR] LogOutputStream:75 - [STDERR_REDIRECT] [Fatal Error] :1:1: Premature end of file.
2026-05-14 15:00:14,279 [ERROR] LogOutputStream:75 - [STDERR_REDIRECT] 
2026-05-14 15:00:15,273 [ERROR] LogOutputStream:75 - [STDERR_REDIRECT] [Fatal Error] :1:1: Premature end of file.
2026-05-14 15:00:15,273 [ERROR] LogOutputStream:75 - [STDERR_REDIRECT] 
2026-05-14 15:00:16,279 [ERROR] LogOutputStream:75 - [STDERR_REDIRECT] [Fatal Error] :1:1: Premature end of file.
2026-05-14 15:00:16,279 [ERROR] LogOutputStream:75 - [STDERR_REDIRECT] 
2026-05-14 15:00:17,273 [ERROR] LogOutputStream:75 - [STDERR_REDIRECT] [Fatal Error] :1:1: Premature end of file.
2026-05-14 15:00:17,273 [ERROR] LogOutputStream:75 - [STDERR_REDIRECT] 
2026-05-14 15:00:18,273 [ERROR] LogOutputStream:75 - [STDERR_REDIRECT] [Fatal Error] :1:1: Premature end of file.
2026-05-14 15:00:18,273 [ERROR] LogOutputStream:75 - [STDERR_REDIRECT] 
2026-05-14 15:00:19,279 [ERROR] LogOutputStream:75 - [STDERR_REDIRECT] [Fatal Error] :1:1: Premature end of file.
2026-05-14 15:00:19,279 [ERROR] LogOutputStream:75 - [STDERR_REDIRECT] 
2026-05-14 15:00:20,273 [ERROR] LogOutputStream:75 - [STDERR_REDIRECT] [Fatal Error] :1:1: Premature end of file.
2026-05-14 15:00:20,273 [ERROR] LogOutputStream:75 - [STDERR_REDIRECT] 
2026-05-14 15:00:21,279 [ERROR] LogOutputStream:75 - [STDERR_REDIRECT] [Fatal Error] :1:1: Premature end of file.
2026-05-14 15:00:21,279 [ERROR] LogOutputStream:75 - [STDERR_REDIRECT] 
2026-05-14 15:00:22,274 [ERROR] LogOutputStream:75 - [STDERR_REDIRECT] [Fatal Error] :1:1: Premature end of file.
2026-05-14 15:00:22,274 [ERROR] LogOutputStream:75 - [STDERR_REDIRECT] 
2026-05-14 15:00:23,276 [ERROR] LogOutputStream:75 - [STDERR_REDIRECT] [Fatal Error] :1:1: Premature end of file.
2026-05-14 15:00:23,276 [ERROR] LogOutputStream:75 - [STDERR_REDIRECT] 
2026-05-14 15:00:24,277 [ERROR] LogOutputStream:75 - [STDERR_REDIRECT] [Fatal Error] :1:1: Premature end of file.
2026-05-14 15:00:24,277 [ERROR] LogOutputStream:75 - [STDERR_REDIRECT] 
2026-05-14 15:00:25,276 [ERROR] LogOutputStream:75 - [STDERR_REDIRECT] [Fatal Error] :1:1: Premature end of file.
2026-05-14 15:00:25,276 [ERROR] LogOutputStream:75 - [STDERR_REDIRECT] 
2026-05-14 15:00:26,287 [ERROR] LogOutputStream:75 - [STDERR_REDIRECT] [Fatal Error] :1:1: Premature end of file.
2026-05-14 15:00:26,287 [ERROR] LogOutputStream:75 - [STDERR_REDIRECT] 
2026-05-14 15:00:27,277 [ERROR] LogOutputStream:75 - [STDERR_REDIRECT] [Fatal Error] :1:1: Premature end of file.
2026-05-14 15:00:27,277 [ERROR] LogOutputStream:75 - [STDERR_REDIRECT] 
2026-05-14 15:00:28,273 [ERROR] LogOutputStream:75 - [STDERR_REDIRECT] [Fatal Error] :1:1: Premature end of file.
2026-05-14 15:00:28,273 [ERROR] LogOutputStream:75 - [STDERR_REDIRECT] 
2026-05-14 15:00:29,275 [ERROR] LogOutputStream:75 - [STDERR_REDIRECT] [Fatal Error] :1:1: Premature end of file.
2026-05-14 15:00:29,275 [ERROR] LogOutputStream:75 - [STDERR_REDIRECT] 
2026-05-14 15:00:30,278 [ERROR] LogOutputStream:75 - [STDERR_REDIRECT] [Fatal Error] :1:1: Premature end of file.
2026-05-14 15:00:30,278 [ERROR] LogOutputStream:75 - [STDERR_REDIRECT] 
2026-05-14 15:00:31,276 [ERROR] LogOutputStream:75 - [STDERR_REDIRECT] [Fatal Error] :1:1: Premature end of file.
2026-05-14 15:00:31,276 [ERROR] LogOutputStream:75 - [STDERR_REDIRECT] 
2026-05-14 15:00:32,278 [ERROR] LogOutputStream:75 - [STDERR_REDIRECT] [Fatal Error] :1:1: Premature end of file.
2026-05-14 15:00:32,278 [ERROR] LogOutputStream:75 - [STDERR_REDIRECT] 
2026-05-14 15:00:33,278 [ERROR] LogOutputStream:75 - [STDERR_REDIRECT] [Fatal Error] :1:1: Premature end of file.
2026-05-14 15:00:33,278 [ERROR] LogOutputStream:75 - [STDERR_REDIRECT] 
2026-05-14 15:00:34,280 [ERROR] LogOutputStream:75 - [STDERR_REDIRECT] [Fatal Error] :1:1: Premature end of file.
2026-05-14 15:00:34,280 [ERROR] LogOutputStream:75 - [STDERR_REDIRECT] 
2026-05-14 15:00:35,271 [ERROR] LogOutputStream:75 - [STDERR_REDIRECT] [Fatal Error] :1:1: Premature end of file.
2026-05-14 15:00:35,271 [ERROR] LogOutputStream:75 - [STDERR_REDIRECT] 
2026-05-14 15:00:36,280 [ERROR] LogOutputStream:75 - [STDERR_REDIRECT] [Fatal Error] :1:1: Premature end of file.
2026-05-14 15:00:36,280 [ERROR] LogOutputStream:75 - [STDERR_REDIRECT] 
2026-05-14 15:00:37,280 [ERROR] LogOutputStream:75 - [STDERR_REDIRECT] [Fatal Error] :1:1: Premature end of file.
2026-05-14 15:00:37,280 [ERROR] LogOutputStream:75 - [STDERR_REDIRECT] 
2026-05-14 15:00:38,279 [ERROR] LogOutputStream:75 - [STDERR_REDIRECT] [Fatal Error] :1:1: Premature end of file.
2026-05-14 15:00:38,279 [ERROR] LogOutputStream:75 - [STDERR_REDIRECT] 
2026-05-14 15:00:39,279 [ERROR] LogOutputStream:75 - [STDERR_REDIRECT] [Fatal Error] :1:1: Premature end of file.
2026-05-14 15:00:39,279 [ERROR] LogOutputStream:75 - [STDERR_REDIRECT] 
2026-05-14 15:00:40,279 [ERROR] LogOutputStream:75 - [STDERR_REDIRECT] [Fatal Error] :1:1: Premature end of file.
2026-05-14 15:00:40,279 [ERROR] LogOutputStream:75 - [STDERR_REDIRECT] 
2026-05-14 15:00:41,279 [ERROR] LogOutputStream:75 - [STDERR_REDIRECT] [Fatal Error] :1:1: Premature end of file.
2026-05-14 15:00:41,279 [ERROR] LogOutputStream:75 - [STDERR_REDIRECT] 
2026-05-14 15:00:42,278 [ERROR] LogOutputStream:75 - [STDERR_REDIRECT] [Fatal Error] :1:1: Premature end of file.
2026-05-14 15:00:42,278 [ERROR] LogOutputStream:75 - [STDERR_REDIRECT] 
2026-05-14 15:00:43,280 [ERROR] LogOutputStream:75 - [STDERR_REDIRECT] [Fatal Error] :1:1: Premature end of file.
2026-05-14 15:00:43,280 [ERROR] LogOutputStream:75 - [STDERR_REDIRECT] 
2026-05-14 15:00:44,277 [ERROR] LogOutputStream:75 - [STDERR_REDIRECT] [Fatal Error] :1:1: Premature end of file.
2026-05-14 15:00:44,277 [ERROR] LogOutputStream:75 - [STDERR_REDIRECT] 
2026-05-14 15:00:45,276 [ERROR] LogOutputStream:75 - [STDERR_REDIRECT] [Fatal Error] :1:1: Premature end of file.
2026-05-14 15:00:45,276 [ERROR] LogOutputStream:75 - [STDERR_REDIRECT] 
2026-05-14 15:00:46,279 [ERROR] LogOutputStream:75 - [STDERR_REDIRECT] [Fatal Error] :1:1: Premature end of file.
2026-05-14 15:00:46,279 [ERROR] LogOutputStream:75 - [STDERR_REDIRECT] 
2026-05-14 15:00:47,279 [ERROR] LogOutputStream:75 - [STDERR_REDIRECT] [Fatal Error] :1:1: Premature end of file.
2026-05-14 15:00:47,279 [ERROR] LogOutputStream:75 - [STDERR_REDIRECT] 
2026-05-14 15:00:48,279 [ERROR] LogOutputStream:75 - [STDERR_REDIRECT] [Fatal Error] :1:1: Premature end of file.
2026-05-14 15:00:48,279 [ERROR] LogOutputStream:75 - [STDERR_REDIRECT] 
2026-05-14 15:00:49,279 [ERROR] LogOutputStream:75 - [STDERR_REDIRECT] [Fatal Error] :1:1: Premature end of file.
2026-05-14 15:00:49,279 [ERROR] LogOutputStream:75 - [STDERR_REDIRECT] 
2026-05-14 15:00:50,278 [ERROR] LogOutputStream:75 - [STDERR_REDIRECT] [Fatal Error] :1:1: Premature end of file.
2026-05-14 15:00:50,278 [ERROR] LogOutputStream:75 - [STDERR_REDIRECT] 
2026-05-14 15:00:51,280 [ERROR] LogOutputStream:75 - [STDERR_REDIRECT] [Fatal Error] :1:1: Premature end of file.
2026-05-14 15:00:51,280 [ERROR] LogOutputStream:75 - [STDERR_REDIRECT] 
2026-05-14 15:00:52,279 [ERROR] LogOutputStream:75 - [STDERR_REDIRECT] [Fatal Error] :1:1: Premature end of file.
2026-05-14 15:00:52,279 [ERROR] LogOutputStream:75 - [STDERR_REDIRECT] 
2026-05-14 15:00:53,278 [ERROR] LogOutputStream:75 - [STDERR_REDIRECT] [Fatal Error] :1:1: Premature end of file.
2026-05-14 15:00:53,278 [ERROR] LogOutputStream:75 - [STDERR_REDIRECT] 
2026-05-14 15:00:54,279 [ERROR] LogOutputStream:75 - [STDERR_REDIRECT] [Fatal Error] :1:1: Premature end of file.
2026-05-14 15:00:54,279 [ERROR] LogOutputStream:75 - [STDERR_REDIRECT] 
2026-05-14 15:00:55,273 [ERROR] LogOutputStream:75 - [STDERR_REDIRECT] [Fatal Error] :1:1: Premature end of file.
2026-05-14 15:00:55,273 [ERROR] LogOutputStream:75 - [STDERR_REDIRECT] 
2026-05-14 15:00:56,273 [ERROR] LogOutputStream:75 - [STDERR_REDIRECT] [Fatal Error] :1:1: Premature end of file.
2026-05-14 15:00:56,273 [ERROR] LogOutputStream:75 - [STDERR_REDIRECT] 
2026-05-14 15:00:57,274 [ERROR] LogOutputStream:75 - [STDERR_REDIRECT] [Fatal Error] :1:1: Premature end of file.
2026-05-14 15:00:57,274 [ERROR] LogOutputStream:75 - [STDERR_REDIRECT] 
2026-05-14 15:00:58,272 [ERROR] LogOutputStream:75 - [STDERR_REDIRECT] [Fatal Error] :1:1: Premature end of file.
2026-05-14 15:00:58,272 [ERROR] LogOutputStream:75 - [STDERR_REDIRECT] 
2026-05-14 15:00:59,273 [ERROR] LogOutputStream:75 - [STDERR_REDIRECT] [Fatal Error] :1:1: Premature end of file.
2026-05-14 15:00:59,273 [ERROR] LogOutputStream:75 - [STDERR_REDIRECT] 
2026-05-14 15:01:00,272 [ERROR] LogOutputStream:75 - [STDERR_REDIRECT] [Fatal Error] :1:1: Premature end of file.
2026-05-14 15:01:00,273 [ERROR] LogOutputStream:75 - [STDERR_REDIRECT] 
2026-05-14 15:01:01,274 [ERROR] LogOutputStream:75 - [STDERR_REDIRECT] [Fatal Error] :1:1: Premature end of file.
2026-05-14 15:01:01,274 [ERROR] LogOutputStream:75 - [STDERR_REDIRECT] 
2026-05-14 15:01:02,276 [ERROR] LogOutputStream:75 - [STDERR_REDIRECT] [Fatal Error] :1:1: Premature end of file.
2026-05-14 15:01:02,276 [ERROR] LogOutputStream:75 - [STDERR_REDIRECT] 
2026-05-14 15:01:03,273 [ERROR] LogOutputStream:75 - [STDERR_REDIRECT] [Fatal Error] :1:1: Premature end of file.
2026-05-14 15:01:03,273 [ERROR] LogOutputStream:75 - [STDERR_REDIRECT] 
2026-05-14 15:01:04,272 [ERROR] LogOutputStream:75 - [STDERR_REDIRECT] [Fatal Error] :1:1: Premature end of file.
2026-05-14 15:01:04,272 [ERROR] LogOutputStream:75 - [STDERR_REDIRECT] 
2026-05-14 15:01:05,272 [ERROR] LogOutputStream:75 - [STDERR_REDIRECT] [Fatal Error] :1:1: Premature end of file.
2026-05-14 15:01:05,272 [ERROR] LogOutputStream:75 - [STDERR_REDIRECT] 
2026-05-14 15:01:06,273 [ERROR] LogOutputStream:75 - [STDERR_REDIRECT] [Fatal Error] :1:1: Premature end of file.
2026-05-14 15:01:06,273 [ERROR] LogOutputStream:75 - [STDERR_REDIRECT] 
2026-05-14 15:01:07,273 [ERROR] LogOutputStream:75 - [STDERR_REDIRECT] [Fatal Error] :1:1: Premature end of file.
2026-05-14 15:01:07,273 [ERROR] LogOutputStream:75 - [STDERR_REDIRECT] 
2026-05-14 15:01:08,273 [ERROR] LogOutputStream:75 - [STDERR_REDIRECT] [Fatal Error] :1:1: Premature end of file.
2026-05-14 15:01:08,273 [ERROR] LogOutputStream:75 - [STDERR_REDIRECT] 
2026-05-14 15:01:09,275 [ERROR] LogOutputStream:75 - [STDERR_REDIRECT] [Fatal Error] :1:1: Premature end of file.
2026-05-14 15:01:09,276 [ERROR] LogOutputStream:75 - [STDERR_REDIRECT] 
2026-05-14 15:01:10,274 [ERROR] LogOutputStream:75 - [STDERR_REDIRECT] [Fatal Error] :1:1: Premature end of file.
2026-05-14 15:01:10,274 [ERROR] LogOutputStream:75 - [STDERR_REDIRECT] 
2026-05-14 15:01:11,274 [ERROR] LogOutputStream:75 - [STDERR_REDIRECT] [Fatal Error] :1:1: Premature end of file.
2026-05-14 15:01:11,274 [ERROR] LogOutputStream:75 - [STDERR_REDIRECT] 
2026-05-14 15:01:12,272 [ERROR] LogOutputStream:75 - [STDERR_REDIRECT] [Fatal Error] :1:1: Premature end of file.
2026-05-14 15:01:12,273 [ERROR] LogOutputStream:75 - [STDERR_REDIRECT] 
2026-05-14 15:01:13,273 [ERROR] LogOutputStream:75 - [STDERR_REDIRECT] [Fatal Error] :1:1: Premature end of file.
2026-05-14 15:01:13,274 [ERROR] LogOutputStream:75 - [STDERR_REDIRECT] 
2026-05-14 15:01:14,273 [ERROR] LogOutputStream:75 - [STDERR_REDIRECT] [Fatal Error] :1:1: Premature end of file.
2026-05-14 15:01:14,273 [ERROR] LogOutputStream:75 - [STDERR_REDIRECT] 
2026-05-14 15:01:15,273 [ERROR] LogOutputStream:75 - [STDERR_REDIRECT] [Fatal Error] :1:1: Premature end of file.
2026-05-14 15:01:15,273 [ERROR] LogOutputStream:75 - [STDERR_REDIRECT] 
2026-05-14 15:01:16,273 [ERROR] LogOutputStream:75 - [STDERR_REDIRECT] [Fatal Error] :1:1: Premature end of file.
2026-05-14 15:01:16,273 [ERROR] LogOutputStream:75 - [STDERR_REDIRECT] 
2026-05-14 15:01:17,274 [ERROR] LogOutputStream:75 - [STDERR_REDIRECT] [Fatal Error] :1:1: Premature end of file.
2026-05-14 15:01:17,274 [ERROR] LogOutputStream:75 - [STDERR_REDIRECT] 
2026-05-14 15:01:18,273 [ERROR] LogOutputStream:75 - [STDERR_REDIRECT] [Fatal Error] :1:1: Premature end of file.
2026-05-14 15:01:18,273 [ERROR] LogOutputStream:75 - [STDERR_REDIRECT] 
2026-05-14 15:01:19,272 [ERROR] LogOutputStream:75 - [STDERR_REDIRECT] [Fatal Error] :1:1: Premature end of file.
2026-05-14 15:01:19,272 [ERROR] LogOutputStream:75 - [STDERR_REDIRECT] 
2026-05-14 15:01:20,273 [ERROR] LogOutputStream:75 - [STDERR_REDIRECT] [Fatal Error] :1:1: Premature end of file.
2026-05-14 15:01:20,273 [ERROR] LogOutputStream:75 - [STDERR_REDIRECT] 
2026-05-14 15:01:21,273 [ERROR] LogOutputStream:75 - [STDERR_REDIRECT] [Fatal Error] :1:1: Premature end of file.
2026-05-14 15:01:21,273 [ERROR] LogOutputStream:75 - [STDERR_REDIRECT] 
2026-05-14 15:01:22,273 [ERROR] LogOutputStream:75 - [STDERR_REDIRECT] [Fatal Error] :1:1: Premature end of file.
2026-05-14 15:01:22,273 [ERROR] LogOutputStream:75 - [STDERR_REDIRECT] 
2026-05-14 15:01:23,273 [ERROR] LogOutputStream:75 - [STDERR_REDIRECT] [Fatal Error] :1:1: Premature end of file.
2026-05-14 15:01:23,273 [ERROR] LogOutputStream:75 - [STDERR_REDIRECT] 
2026-05-14 15:01:24,272 [ERROR] LogOutputStream:75 - [STDERR_REDIRECT] [Fatal Error] :1:1: Premature end of file.
2026-05-14 15:01:24,273 [ERROR] LogOutputStream:75 - [STDERR_REDIRECT] 
2026-05-14 15:01:25,273 [ERROR] LogOutputStream:75 - [STDERR_REDIRECT] [Fatal Error] :1:1: Premature end of file.
2026-05-14 15:01:25,273 [ERROR] LogOutputStream:75 - [STDERR_REDIRECT] 
2026-05-14 15:01:26,273 [ERROR] LogOutputStream:75 - [STDERR_REDIRECT] [Fatal Error] :1:1: Premature end of file.
2026-05-14 15:01:26,273 [ERROR] LogOutputStream:75 - [STDERR_REDIRECT] 
2026-05-14 15:01:27,272 [ERROR] LogOutputStream:75 - [STDERR_REDIRECT] [Fatal Error] :1:1: Premature end of file.
2026-05-14 15:01:27,272 [ERROR] LogOutputStream:75 - [STDERR_REDIRECT] 
2026-05-14 15:01:28,273 [ERROR] LogOutputStream:75 - [STDERR_REDIRECT] [Fatal Error] :1:1: Premature end of file.
2026-05-14 15:01:28,273 [ERROR] LogOutputStream:75 - [STDERR_REDIRECT] 
2026-05-14 15:01:29,274 [ERROR] LogOutputStream:75 - [STDERR_REDIRECT] [Fatal Error] :1:1: Premature end of file.
2026-05-14 15:01:29,274 [ERROR] LogOutputStream:75 - [STDERR_REDIRECT] 
2026-05-14 15:01:30,272 [ERROR] LogOutputStream:75 - [STDERR_REDIRECT] [Fatal Error] :1:1: Premature end of file.
2026-05-14 15:01:30,273 [ERROR] LogOutputStream:75 - [STDERR_REDIRECT] 
2026-05-14 15:01:31,273 [ERROR] LogOutputStream:75 - [STDERR_REDIRECT] [Fatal Error] :1:1: Premature end of file.
2026-05-14 15:01:31,273 [ERROR] LogOutputStream:75 - [STDERR_REDIRECT] 
2026-05-14 15:01:32,273 [ERROR] LogOutputStream:75 - [STDERR_REDIRECT] [Fatal Error] :1:1: Premature end of file.
2026-05-14 15:01:32,273 [ERROR] LogOutputStream:75 - [STDERR_REDIRECT] 
2026-05-14 15:01:33,274 [ERROR] LogOutputStream:75 - [STDERR_REDIRECT] [Fatal Error] :1:1: Premature end of file.
2026-05-14 15:01:33,274 [ERROR] LogOutputStream:75 - [STDERR_REDIRECT] 
2026-05-14 15:01:34,274 [ERROR] LogOutputStream:75 - [STDERR_REDIRECT] [Fatal Error] :1:1: Premature end of file.
2026-05-14 15:01:34,274 [ERROR] LogOutputStream:75 - [STDERR_REDIRECT] 
2026-05-14 15:01:35,273 [ERROR] LogOutputStream:75 - [STDERR_REDIRECT] [Fatal Error] :1:1: Premature end of file.
2026-05-14 15:01:35,273 [ERROR] LogOutputStream:75 - [STDERR_REDIRECT] 
2026-05-14 15:01:36,273 [ERROR] LogOutputStream:75 - [STDERR_REDIRECT] [Fatal Error] :1:1: Premature end of file.
2026-05-14 15:01:36,273 [ERROR] LogOutputStream:75 - [STDERR_REDIRECT] 
2026-05-14 15:01:37,272 [ERROR] LogOutputStream:75 - [STDERR_REDIRECT] [Fatal Error] :1:1: Premature end of file.
2026-05-14 15:01:37,272 [ERROR] LogOutputStream:75 - [STDERR_REDIRECT] 
2026-05-14 15:01:38,272 [ERROR] LogOutputStream:75 - [STDERR_REDIRECT] [Fatal Error] :1:1: Premature end of file.
2026-05-14 15:01:38,273 [ERROR] LogOutputStream:75 - [STDERR_REDIRECT] 
2026-05-14 15:01:39,273 [ERROR] LogOutputStream:75 - [STDERR_REDIRECT] [Fatal Error] :1:1: Premature end of file.
2026-05-14 15:01:39,273 [ERROR] LogOutputStream:75 - [STDERR_REDIRECT] 
2026-05-14 15:01:40,272 [ERROR] LogOutputStream:75 - [STDERR_REDIRECT] [Fatal Error] :1:1: Premature end of file.
2026-05-14 15:01:40,272 [ERROR] LogOutputStream:75 - [STDERR_REDIRECT] 
2026-05-14 15:01:41,273 [ERROR] LogOutputStream:75 - [STDERR_REDIRECT] [Fatal Error] :1:1: Premature end of file.
2026-05-14 15:01:41,273 [ERROR] LogOutputStream:75 - [STDERR_REDIRECT] 
2026-05-14 15:01:42,274 [ERROR] LogOutputStream:75 - [STDERR_REDIRECT] [Fatal Error] :1:1: Premature end of file.
2026-05-14 15:01:42,274 [ERROR] LogOutputStream:75 - [STDERR_REDIRECT] 
2026-05-14 15:01:43,273 [ERROR] LogOutputStream:75 - [STDERR_REDIRECT] [Fatal Error] :1:1: Premature end of file.
2026-05-14 15:01:43,273 [ERROR] LogOutputStream:75 - [STDERR_REDIRECT] 
2026-05-14 15:01:44,273 [ERROR] LogOutputStream:75 - [STDERR_REDIRECT] [Fatal Error] :1:1: Premature end of file.
2026-05-14 15:01:44,273 [ERROR] LogOutputStream:75 - [STDERR_REDIRECT] 
2026-05-14 15:01:45,274 [ERROR] LogOutputStream:75 - [STDERR_REDIRECT] [Fatal Error] :1:1: Premature end of file.
2026-05-14 15:01:45,274 [ERROR] LogOutputStream:75 - [STDERR_REDIRECT] 
2026-05-14 15:01:46,272 [ERROR] LogOutputStream:75 - [STDERR_REDIRECT] [Fatal Error] :1:1: Premature end of file.
2026-05-14 15:01:46,272 [ERROR] LogOutputStream:75 - [STDERR_REDIRECT] 
2026-05-14 15:01:47,273 [ERROR] LogOutputStream:75 - [STDERR_REDIRECT] [Fatal Error] :1:1: Premature end of file.
2026-05-14 15:01:47,273 [ERROR] LogOutputStream:75 - [STDERR_REDIRECT] 
2026-05-14 15:01:48,273 [ERROR] LogOutputStream:75 - [STDERR_REDIRECT] [Fatal Error] :1:1: Premature end of file.
2026-05-14 15:01:48,273 [ERROR] LogOutputStream:75 - [STDERR_REDIRECT] 
2026-05-14 15:01:49,272 [ERROR] LogOutputStream:75 - [STDERR_REDIRECT] [Fatal Error] :1:1: Premature end of file.
2026-05-14 15:01:49,272 [ERROR] LogOutputStream:75 - [STDERR_REDIRECT] 
2026-05-14 15:01:50,273 [ERROR] LogOutputStream:75 - [STDERR_REDIRECT] [Fatal Error] :1:1: Premature end of file.
2026-05-14 15:01:50,273 [ERROR] LogOutputStream:75 - [STDERR_REDIRECT] 
2026-05-14 15:01:51,274 [ERROR] LogOutputStream:75 - [STDERR_REDIRECT] [Fatal Error] :1:1: Premature end of file.
2026-05-14 15:01:51,274 [ERROR] LogOutputStream:75 - [STDERR_REDIRECT] 
2026-05-14 15:01:52,272 [ERROR] LogOutputStream:75 - [STDERR_REDIRECT] [Fatal Error] :1:1: Premature end of file.
2026-05-14 15:01:52,272 [ERROR] LogOutputStream:75 - [STDERR_REDIRECT] 
2026-05-14 15:01:53,273 [ERROR] LogOutputStream:75 - [STDERR_REDIRECT] [Fatal Error] :1:1: Premature end of file.
2026-05-14 15:01:53,274 [ERROR] LogOutputStream:75 - [STDERR_REDIRECT] 
2026-05-14 15:01:54,272 [ERROR] LogOutputStream:75 - [STDERR_REDIRECT] [Fatal Error] :1:1: Premature end of file.
2026-05-14 15:01:54,272 [ERROR] LogOutputStream:75 - [STDERR_REDIRECT] 
2026-05-14 15:01:55,274 [ERROR] LogOutputStream:75 - [STDERR_REDIRECT] [Fatal Error] :1:1: Premature end of file.
2026-05-14 15:01:55,274 [ERROR] LogOutputStream:75 - [STDERR_REDIRECT] 
2026-05-14 15:01:56,273 [ERROR] LogOutputStream:75 - [STDERR_REDIRECT] [Fatal Error] :1:1: Premature end of file.
2026-05-14 15:01:56,273 [ERROR] LogOutputStream:75 - [STDERR_REDIRECT] 
2026-05-14 15:01:57,273 [ERROR] LogOutputStream:75 - [STDERR_REDIRECT] [Fatal Error] :1:1: Premature end of file.
2026-05-14 15:01:57,274 [ERROR] LogOutputStream:75 - [STDERR_REDIRECT] 
2026-05-14 15:01:58,272 [ERROR] LogOutputStream:75 - [STDERR_REDIRECT] [Fatal Error] :1:1: Premature end of file.
2026-05-14 15:01:58,272 [ERROR] LogOutputStream:75 - [STDERR_REDIRECT] 
2026-05-14 15:01:59,272 [ERROR] LogOutputStream:75 - [STDERR_REDIRECT] [Fatal Error] :1:1: Premature end of file.
2026-05-14 15:01:59,272 [ERROR] LogOutputStream:75 - [STDERR_REDIRECT] 
2026-05-14 15:02:00,273 [ERROR] LogOutputStream:75 - [STDERR_REDIRECT] [Fatal Error] :1:1: Premature end of file.
2026-05-14 15:02:00,273 [ERROR] LogOutputStream:75 - [STDERR_REDIRECT] 
2026-05-14 15:02:01,274 [ERROR] LogOutputStream:75 - [STDERR_REDIRECT] [Fatal Error] :1:1: Premature end of file.
2026-05-14 15:02:01,274 [ERROR] LogOutputStream:75 - [STDERR_REDIRECT] 
2026-05-14 15:02:02,277 [ERROR] LogOutputStream:75 - [STDERR_REDIRECT] [Fatal Error] :1:1: Premature end of file.
2026-05-14 15:02:02,277 [ERROR] LogOutputStream:75 - [STDERR_REDIRECT] 
2026-05-14 15:02:03,274 [ERROR] LogOutputStream:75 - [STDERR_REDIRECT] [Fatal Error] :1:1: Premature end of file.
2026-05-14 15:02:03,275 [ERROR] LogOutputStream:75 - [STDERR_REDIRECT] 
2026-05-14 15:02:04,273 [ERROR] LogOutputStream:75 - [STDERR_REDIRECT] [Fatal Error] :1:1: Premature end of file.
2026-05-14 15:02:04,273 [ERROR] LogOutputStream:75 - [STDERR_REDIRECT] 
2026-05-14 15:02:05,274 [ERROR] LogOutputStream:75 - [STDERR_REDIRECT] [Fatal Error] :1:1: Premature end of file.
2026-05-14 15:02:05,274 [ERROR] LogOutputStream:75 - [STDERR_REDIRECT] 
2026-05-14 15:02:06,273 [ERROR] LogOutputStream:75 - [STDERR_REDIRECT] [Fatal Error] :1:1: Premature end of file.
2026-05-14 15:02:06,273 [ERROR] LogOutputStream:75 - [STDERR_REDIRECT] 
2026-05-14 15:02:07,272 [ERROR] LogOutputStream:75 - [STDERR_REDIRECT] [Fatal Error] :1:1: Premature end of file.
2026-05-14 15:02:07,272 [ERROR] LogOutputStream:75 - [STDERR_REDIRECT] 
2026-05-14 15:02:08,273 [ERROR] LogOutputStream:75 - [STDERR_REDIRECT] [Fatal Error] :1:1: Premature end of file.
2026-05-14 15:02:08,273 [ERROR] LogOutputStream:75 - [STDERR_REDIRECT] 
2026-05-14 15:02:09,273 [ERROR] LogOutputStream:75 - [STDERR_REDIRECT] [Fatal Error] :1:1: Premature end of file.
2026-05-14 15:02:09,273 [ERROR] LogOutputStream:75 - [STDERR_REDIRECT] 
2026-05-14 15:02:10,274 [ERROR] LogOutputStream:75 - [STDERR_REDIRECT] [Fatal Error] :1:1: Premature end of file.
2026-05-14 15:02:10,274 [ERROR] LogOutputStream:75 - [STDERR_REDIRECT] 
2026-05-14 15:02:11,274 [ERROR] LogOutputStream:75 - [STDERR_REDIRECT] [Fatal Error] :1:1: Premature end of file.
2026-05-14 15:02:11,274 [ERROR] LogOutputStream:75 - [STDERR_REDIRECT] 
2026-05-14 15:02:12,273 [ERROR] LogOutputStream:75 - [STDERR_REDIRECT] [Fatal Error] :1:1: Premature end of file.
2026-05-14 15:02:12,273 [ERROR] LogOutputStream:75 - [STDERR_REDIRECT] 
2026-05-14 15:02:13,274 [ERROR] LogOutputStream:75 - [STDERR_REDIRECT] [Fatal Error] :1:1: Premature end of file.
2026-05-14 15:02:13,274 [ERROR] LogOutputStream:75 - [STDERR_REDIRECT] 
2026-05-14 15:02:14,272 [ERROR] LogOutputStream:75 - [STDERR_REDIRECT] [Fatal Error] :1:1: Premature end of file.
2026-05-14 15:02:14,273 [ERROR] LogOutputStream:75 - [STDERR_REDIRECT] 
2026-05-14 15:02:15,274 [ERROR] LogOutputStream:75 - [STDERR_REDIRECT] [Fatal Error] :1:1: Premature end of file.
2026-05-14 15:02:15,274 [ERROR] LogOutputStream:75 - [STDERR_REDIRECT] 
2026-05-14 15:02:16,273 [ERROR] LogOutputStream:75 - [STDERR_REDIRECT] [Fatal Error] :1:1: Premature end of file.
2026-05-14 15:02:16,273 [ERROR] LogOutputStream:75 - [STDERR_REDIRECT] 
2026-05-14 15:02:17,273 [ERROR] LogOutputStream:75 - [STDERR_REDIRECT] [Fatal Error] :1:1: Premature end of file.
2026-05-14 15:02:17,273 [ERROR] LogOutputStream:75 - [STDERR_REDIRECT] 
2026-05-14 15:02:18,276 [ERROR] LogOutputStream:75 - [STDERR_REDIRECT] [Fatal Error] :1:1: Premature end of file.
2026-05-14 15:02:18,277 [ERROR] LogOutputStream:75 - [STDERR_REDIRECT] 
2026-05-14 15:02:19,273 [ERROR] LogOutputStream:75 - [STDERR_REDIRECT] [Fatal Error] :1:1: Premature end of file.
2026-05-14 15:02:19,273 [ERROR] LogOutputStream:75 - [STDERR_REDIRECT] 
2026-05-14 15:02:20,272 [ERROR] LogOutputStream:75 - [STDERR_REDIRECT] [Fatal Error] :1:1: Premature end of file.
2026-05-14 15:02:20,272 [ERROR] LogOutputStream:75 - [STDERR_REDIRECT] 
2026-05-14 15:02:21,272 [ERROR] LogOutputStream:75 - [STDERR_REDIRECT] [Fatal Error] :1:1: Premature end of file.
2026-05-14 15:02:21,272 [ERROR] LogOutputStream:75 - [STDERR_REDIRECT] 
2026-05-14 15:02:22,273 [ERROR] LogOutputStream:75 - [STDERR_REDIRECT] [Fatal Error] :1:1: Premature end of file.
2026-05-14 15:02:22,273 [ERROR] LogOutputStream:75 - [STDERR_REDIRECT] 
2026-05-14 15:02:23,273 [ERROR] LogOutputStream:75 - [STDERR_REDIRECT] [Fatal Error] :1:1: Premature end of file.
2026-05-14 15:02:23,273 [ERROR] LogOutputStream:75 - [STDERR_REDIRECT] 
2026-05-14 15:02:24,272 [ERROR] LogOutputStream:75 - [STDERR_REDIRECT] [Fatal Error] :1:1: Premature end of file.
2026-05-14 15:02:24,272 [ERROR] LogOutputStream:75 - [STDERR_REDIRECT] 
2026-05-14 15:02:25,277 [ERROR] LogOutputStream:75 - [STDERR_REDIRECT] [Fatal Error] :1:1: Premature end of file.
2026-05-14 15:02:25,277 [ERROR] LogOutputStream:75 - [STDERR_REDIRECT] 
2026-05-14 15:02:26,292 [ERROR] LogOutputStream:75 - [STDERR_REDIRECT] [Fatal Error] :1:1: Premature end of file.
2026-05-14 15:02:26,292 [ERROR] LogOutputStream:75 - [STDERR_REDIRECT] 
2026-05-14 15:02:27,276 [ERROR] LogOutputStream:75 - [STDERR_REDIRECT] [Fatal Error] :1:1: Premature end of file.
2026-05-14 15:02:27,276 [ERROR] LogOutputStream:75 - [STDERR_REDIRECT] 
2026-05-14 15:02:28,276 [ERROR] LogOutputStream:75 - [STDERR_REDIRECT] [Fatal Error] :1:1: Premature end of file.
2026-05-14 15:02:28,276 [ERROR] LogOutputStream:75 - [STDERR_REDIRECT] 
2026-05-14 15:02:29,264 [ERROR] LogOutputStream:75 - [STDERR_REDIRECT] [Fatal Error] :1:1: Premature end of file.
2026-05-14 15:02:29,264 [ERROR] LogOutputStream:75 - [STDERR_REDIRECT] 
2026-05-14 15:02:30,280 [ERROR] LogOutputStream:75 - [STDERR_REDIRECT] [Fatal Error] :1:1: Premature end of file.
2026-05-14 15:02:30,280 [ERROR] LogOutputStream:75 - [STDERR_REDIRECT] 
2026-05-14 15:02:31,276 [ERROR] LogOutputStream:75 - [STDERR_REDIRECT] [Fatal Error] :1:1: Premature end of file.
2026-05-14 15:02:31,277 [ERROR] LogOutputStream:75 - [STDERR_REDIRECT] 
2026-05-14 15:02:32,267 [ERROR] LogOutputStream:75 - [STDERR_REDIRECT] [Fatal Error] :1:1: Premature end of file.
2026-05-14 15:02:32,267 [ERROR] LogOutputStream:75 - [STDERR_REDIRECT] 
2026-05-14 15:02:33,280 [ERROR] LogOutputStream:75 - [STDERR_REDIRECT] [Fatal Error] :1:1: Premature end of file.
2026-05-14 15:02:33,280 [ERROR] LogOutputStream:75 - [STDERR_REDIRECT] 
2026-05-14 15:02:34,282 [ERROR] LogOutputStream:75 - [STDERR_REDIRECT] [Fatal Error] :1:1: Premature end of file.
2026-05-14 15:02:34,282 [ERROR] LogOutputStream:75 - [STDERR_REDIRECT] 
2026-05-14 15:02:35,273 [ERROR] LogOutputStream:75 - [STDERR_REDIRECT] [Fatal Error] :1:1: Premature end of file.
2026-05-14 15:02:35,273 [ERROR] LogOutputStream:75 - [STDERR_REDIRECT] 
2026-05-14 15:02:36,283 [ERROR] LogOutputStream:75 - [STDERR_REDIRECT] [Fatal Error] :1:1: Premature end of file.
2026-05-14 15:02:36,283 [ERROR] LogOutputStream:75 - [STDERR_REDIRECT] 
2026-05-14 15:02:37,276 [ERROR] LogOutputStream:75 - [STDERR_REDIRECT] [Fatal Error] :1:1: Premature end of file.
2026-05-14 15:02:37,276 [ERROR] LogOutputStream:75 - [STDERR_REDIRECT] 
2026-05-14 15:02:38,287 [ERROR] LogOutputStream:75 - [STDERR_REDIRECT] [Fatal Error] :1:1: Premature end of file.
2026-05-14 15:02:38,287 [ERROR] LogOutputStream:75 - [STDERR_REDIRECT] 
2026-05-14 15:02:39,280 [ERROR] LogOutputStream:75 - [STDERR_REDIRECT] [Fatal Error] :1:1: Premature end of file.
2026-05-14 15:02:39,280 [ERROR] LogOutputStream:75 - [STDERR_REDIRECT] 
2026-05-14 15:02:40,285 [ERROR] LogOutputStream:75 - [STDERR_REDIRECT] [Fatal Error] :1:1: Premature end of file.
2026-05-14 15:02:40,285 [ERROR] LogOutputStream:75 - [STDERR_REDIRECT] 
2026-05-14 15:02:41,278 [ERROR] LogOutputStream:75 - [STDERR_REDIRECT] [Fatal Error] :1:1: Premature end of file.
2026-05-14 15:02:41,279 [ERROR] LogOutputStream:75 - [STDERR_REDIRECT] 
2026-05-14 15:02:42,274 [ERROR] LogOutputStream:75 - [STDERR_REDIRECT] [Fatal Error] :1:1: Premature end of file.
2026-05-14 15:02:42,274 [ERROR] LogOutputStream:75 - [STDERR_REDIRECT] 
2026-05-14 15:02:43,284 [ERROR] LogOutputStream:75 - [STDERR_REDIRECT] [Fatal Error] :1:1: Premature end of file.
2026-05-14 15:02:43,284 [ERROR] LogOutputStream:75 - [STDERR_REDIRECT] 
2026-05-14 15:02:44,275 [ERROR] LogOutputStream:75 - [STDERR_REDIRECT] [Fatal Error] :1:1: Premature end of file.
2026-05-14 15:02:44,275 [ERROR] LogOutputStream:75 - [STDERR_REDIRECT] 
2026-05-14 15:02:45,260 [ERROR] LogOutputStream:75 - [STDERR_REDIRECT] [Fatal Error] :1:1: Premature end of file.
2026-05-14 15:02:45,260 [ERROR] LogOutputStream:75 - [STDERR_REDIRECT] 
2026-05-14 15:02:46,274 [ERROR] LogOutputStream:75 - [STDERR_REDIRECT] [Fatal Error] :1:1: Premature end of file.
2026-05-14 15:02:46,274 [ERROR] LogOutputStream:75 - [STDERR_REDIRECT] 
2026-05-14 15:02:47,276 [ERROR] LogOutputStream:75 - [STDERR_REDIRECT] [Fatal Error] :1:1: Premature end of file.
2026-05-14 15:02:47,276 [ERROR] LogOutputStream:75 - [STDERR_REDIRECT] 
2026-05-14 15:02:48,276 [ERROR] LogOutputStream:75 - [STDERR_REDIRECT] [Fatal Error] :1:1: Premature end of file.
2026-05-14 15:02:48,276 [ERROR] LogOutputStream:75 - [STDERR_REDIRECT] 
2026-05-14 15:02:49,279 [ERROR] LogOutputStream:75 - [STDERR_REDIRECT] [Fatal Error] :1:1: Premature end of file.
2026-05-14 15:02:49,280 [ERROR] LogOutputStream:75 - [STDERR_REDIRECT] 
2026-05-14 15:02:50,278 [ERROR] LogOutputStream:75 - [STDERR_REDIRECT] [Fatal Error] :1:1: Premature end of file.
2026-05-14 15:02:50,278 [ERROR] LogOutputStream:75 - [STDERR_REDIRECT] 
2026-05-14 15:02:51,276 [ERROR] LogOutputStream:75 - [STDERR_REDIRECT] [Fatal Error] :1:1: Premature end of file.
2026-05-14 15:02:51,276 [ERROR] LogOutputStream:75 - [STDERR_REDIRECT] 
2026-05-14 15:02:52,279 [ERROR] LogOutputStream:75 - [STDERR_REDIRECT] [Fatal Error] :1:1: Premature end of file.
2026-05-14 15:02:52,279 [ERROR] LogOutputStream:75 - [STDERR_REDIRECT] 
2026-05-14 15:02:53,281 [ERROR] LogOutputStream:75 - [STDERR_REDIRECT] [Fatal Error] :1:1: Premature end of file.
2026-05-14 15:02:53,281 [ERROR] LogOutputStream:75 - [STDERR_REDIRECT] 
2026-05-14 15:02:54,281 [ERROR] LogOutputStream:75 - [STDERR_REDIRECT] [Fatal Error] :1:1: Premature end of file.
2026-05-14 15:02:54,281 [ERROR] LogOutputStream:75 - [STDERR_REDIRECT] 
2026-05-14 15:02:55,280 [ERROR] LogOutputStream:75 - [STDERR_REDIRECT] [Fatal Error] :1:1: Premature end of file.
2026-05-14 15:02:55,280 [ERROR] LogOutputStream:75 - [STDERR_REDIRECT] 
2026-05-14 15:02:56,279 [ERROR] LogOutputStream:75 - [STDERR_REDIRECT] [Fatal Error] :1:1: Premature end of file.
2026-05-14 15:02:56,279 [ERROR] LogOutputStream:75 - [STDERR_REDIRECT] 
2026-05-14 15:02:57,283 [ERROR] LogOutputStream:75 - [STDERR_REDIRECT] [Fatal Error] :1:1: Premature end of file.
2026-05-14 15:02:57,284 [ERROR] LogOutputStream:75 - [STDERR_REDIRECT] 
2026-05-14 15:02:58,280 [ERROR] LogOutputStream:75 - [STDERR_REDIRECT] [Fatal Error] :1:1: Premature end of file.
2026-05-14 15:02:58,280 [ERROR] LogOutputStream:75 - [STDERR_REDIRECT] 
2026-05-14 15:02:59,272 [ERROR] LogOutputStream:75 - [STDERR_REDIRECT] [Fatal Error] :1:1: Premature end of file.
2026-05-14 15:02:59,272 [ERROR] LogOutputStream:75 - [STDERR_REDIRECT] 
2026-05-14 15:03:00,273 [ERROR] LogOutputStream:75 - [STDERR_REDIRECT] [Fatal Error] :1:1: Premature end of file.
2026-05-14 15:03:00,273 [ERROR] LogOutputStream:75 - [STDERR_REDIRECT] 
2026-05-14 15:03:01,288 [ERROR] LogOutputStream:75 - [STDERR_REDIRECT] [Fatal Error] :1:1: Premature end of file.
2026-05-14 15:03:01,288 [ERROR] LogOutputStream:75 - [STDERR_REDIRECT] 
2026-05-14 15:03:02,288 [ERROR] LogOutputStream:75 - [STDERR_REDIRECT] [Fatal Error] :1:1: Premature end of file.
2026-05-14 15:03:02,288 [ERROR] LogOutputStream:75 - [STDERR_REDIRECT] 
2026-05-14 15:03:03,288 [ERROR] LogOutputStream:75 - [STDERR_REDIRECT] [Fatal Error] :1:1: Premature end of file.
2026-05-14 15:03:03,288 [ERROR] LogOutputStream:75 - [STDERR_REDIRECT] 
2026-05-14 15:03:04,275 [ERROR] LogOutputStream:75 - [STDERR_REDIRECT] [Fatal Error] :1:1: Premature end of file.
2026-05-14 15:03:04,275 [ERROR] LogOutputStream:75 - [STDERR_REDIRECT] 
2026-05-14 15:03:05,285 [ERROR] LogOutputStream:75 - [STDERR_REDIRECT] [Fatal Error] :1:1: Premature end of file.
2026-05-14 15:03:05,285 [ERROR] LogOutputStream:75 - [STDERR_REDIRECT] 
2026-05-14 15:03:06,273 [ERROR] LogOutputStream:75 - [STDERR_REDIRECT] [Fatal Error] :1:1: Premature end of file.
2026-05-14 15:03:06,273 [ERROR] LogOutputStream:75 - [STDERR_REDIRECT] 
2026-05-14 15:03:07,277 [ERROR] LogOutputStream:75 - [STDERR_REDIRECT] [Fatal Error] :1:1: Premature end of file.
2026-05-14 15:03:07,278 [ERROR] LogOutputStream:75 - [STDERR_REDIRECT] 
2026-05-14 15:03:08,261 [ERROR] LogOutputStream:75 - [STDERR_REDIRECT] [Fatal Error] :1:1: Premature end of file.
2026-05-14 15:03:08,261 [ERROR] LogOutputStream:75 - [STDERR_REDIRECT] 
2026-05-14 15:03:09,276 [ERROR] LogOutputStream:75 - [STDERR_REDIRECT] [Fatal Error] :1:1: Premature end of file.
2026-05-14 15:03:09,276 [ERROR] LogOutputStream:75 - [STDERR_REDIRECT] 
2026-05-14 15:03:10,285 [ERROR] LogOutputStream:75 - [STDERR_REDIRECT] [Fatal Error] :1:1: Premature end of file.
2026-05-14 15:03:10,285 [ERROR] LogOutputStream:75 - [STDERR_REDIRECT] 
2026-05-14 15:03:11,277 [ERROR] LogOutputStream:75 - [STDERR_REDIRECT] [Fatal Error] :1:1: Premature end of file.
2026-05-14 15:03:11,277 [ERROR] LogOutputStream:75 - [STDERR_REDIRECT] 
2026-05-14 15:03:12,281 [ERROR] LogOutputStream:75 - [STDERR_REDIRECT] [Fatal Error] :1:1: Premature end of file.
2026-05-14 15:03:12,281 [ERROR] LogOutputStream:75 - [STDERR_REDIRECT] 
2026-05-14 15:03:13,281 [ERROR] LogOutputStream:75 - [STDERR_REDIRECT] [Fatal Error] :1:1: Premature end of file.
2026-05-14 15:03:13,281 [ERROR] LogOutputStream:75 - [STDERR_REDIRECT] 
2026-05-14 15:03:14,267 [ERROR] LogOutputStream:75 - [STDERR_REDIRECT] [Fatal Error] :1:1: Premature end of file.
2026-05-14 15:03:14,267 [ERROR] LogOutputStream:75 - [STDERR_REDIRECT] 
2026-05-14 15:03:15,283 [ERROR] LogOutputStream:75 - [STDERR_REDIRECT] [Fatal Error] :1:1: Premature end of file.
2026-05-14 15:03:15,283 [ERROR] LogOutputStream:75 - [STDERR_REDIRECT] 
2026-05-14 15:03:16,268 [ERROR] LogOutputStream:75 - [STDERR_REDIRECT] [Fatal Error] :1:1: Premature end of file.
2026-05-14 15:03:16,268 [ERROR] LogOutputStream:75 - [STDERR_REDIRECT] 
2026-05-14 15:03:17,284 [ERROR] LogOutputStream:75 - [STDERR_REDIRECT] [Fatal Error] :1:1: Premature end of file.
2026-05-14 15:03:17,284 [ERROR] LogOutputStream:75 - [STDERR_REDIRECT] 
2026-05-14 15:03:18,283 [ERROR] LogOutputStream:75 - [STDERR_REDIRECT] [Fatal Error] :1:1: Premature end of file.
2026-05-14 15:03:18,284 [ERROR] LogOutputStream:75 - [STDERR_REDIRECT] 
2026-05-14 15:03:19,285 [ERROR] LogOutputStream:75 - [STDERR_REDIRECT] [Fatal Error] :1:1: Premature end of file.
2026-05-14 15:03:19,285 [ERROR] LogOutputStream:75 - [STDERR_REDIRECT] 
2026-05-14 15:03:20,285 [ERROR] LogOutputStream:75 - [STDERR_REDIRECT] [Fatal Error] :1:1: Premature end of file.
2026-05-14 15:03:20,285 [ERROR] LogOutputStream:75 - [STDERR_REDIRECT] 
2026-05-14 15:03:21,288 [ERROR] LogOutputStream:75 - [STDERR_REDIRECT] [Fatal Error] :1:1: Premature end of file.
2026-05-14 15:03:21,288 [ERROR] LogOutputStream:75 - [STDERR_REDIRECT] 
2026-05-14 15:03:22,287 [ERROR] LogOutputStream:75 - [STDERR_REDIRECT] [Fatal Error] :1:1: Premature end of file.
2026-05-14 15:03:22,287 [ERROR] LogOutputStream:75 - [STDERR_REDIRECT] 
2026-05-14 15:03:23,273 [ERROR] LogOutputStream:75 - [STDERR_REDIRECT] [Fatal Error] :1:1: Premature end of file.
2026-05-14 15:03:23,274 [ERROR] LogOutputStream:75 - [STDERR_REDIRECT] 
2026-05-14 15:03:24,258 [ERROR] LogOutputStream:75 - [STDERR_REDIRECT] [Fatal Error] :1:1: Premature end of file.
2026-05-14 15:03:24,258 [ERROR] LogOutputStream:75 - [STDERR_REDIRECT] 
2026-05-14 15:03:25,272 [ERROR] LogOutputStream:75 - [STDERR_REDIRECT] [Fatal Error] :1:1: Premature end of file.
2026-05-14 15:03:25,272 [ERROR] LogOutputStream:75 - [STDERR_REDIRECT] 
2026-05-14 15:03:26,274 [ERROR] LogOutputStream:75 - [STDERR_REDIRECT] [Fatal Error] :1:1: Premature end of file.
2026-05-14 15:03:26,274 [ERROR] LogOutputStream:75 - [STDERR_REDIRECT] 
2026-05-14 15:03:27,275 [ERROR] LogOutputStream:75 - [STDERR_REDIRECT] [Fatal Error] :1:1: Premature end of file.
2026-05-14 15:03:27,275 [ERROR] LogOutputStream:75 - [STDERR_REDIRECT] 
2026-05-14 15:03:28,278 [ERROR] LogOutputStream:75 - [STDERR_REDIRECT] [Fatal Error] :1:1: Premature end of file.
2026-05-14 15:03:28,278 [ERROR] LogOutputStream:75 - [STDERR_REDIRECT] 
2026-05-14 15:03:29,281 [ERROR] LogOutputStream:75 - [STDERR_REDIRECT] [Fatal Error] :1:1: Premature end of file.
2026-05-14 15:03:29,281 [ERROR] LogOutputStream:75 - [STDERR_REDIRECT] 
2026-05-14 15:03:30,279 [ERROR] LogOutputStream:75 - [STDERR_REDIRECT] [Fatal Error] :1:1: Premature end of file.
2026-05-14 15:03:30,280 [ERROR] LogOutputStream:75 - [STDERR_REDIRECT] 
2026-05-14 15:03:31,267 [ERROR] LogOutputStream:75 - [STDERR_REDIRECT] [Fatal Error] :1:1: Premature end of file.
2026-05-14 15:03:31,267 [ERROR] LogOutputStream:75 - [STDERR_REDIRECT] 
2026-05-14 15:03:32,265 [ERROR] LogOutputStream:75 - [STDERR_REDIRECT] [Fatal Error] :1:1: Premature end of file.
2026-05-14 15:03:32,265 [ERROR] LogOutputStream:75 - [STDERR_REDIRECT] 
2026-05-14 15:03:33,283 [ERROR] LogOutputStream:75 - [STDERR_REDIRECT] [Fatal Error] :1:1: Premature end of file.
2026-05-14 15:03:33,283 [ERROR] LogOutputStream:75 - [STDERR_REDIRECT] 
2026-05-14 15:03:34,283 [ERROR] LogOutputStream:75 - [STDERR_REDIRECT] [Fatal Error] :1:1: Premature end of file.
2026-05-14 15:03:34,283 [ERROR] LogOutputStream:75 - [STDERR_REDIRECT] 
2026-05-14 15:03:35,268 [ERROR] LogOutputStream:75 - [STDERR_REDIRECT] [Fatal Error] :1:1: Premature end of file.
2026-05-14 15:03:35,268 [ERROR] LogOutputStream:75 - [STDERR_REDIRECT] 
2026-05-14 15:03:36,282 [ERROR] LogOutputStream:75 - [STDERR_REDIRECT] [Fatal Error] :1:1: Premature end of file.
2026-05-14 15:03:36,282 [ERROR] LogOutputStream:75 - [STDERR_REDIRECT] 
2026-05-14 15:03:37,288 [ERROR] LogOutputStream:75 - [STDERR_REDIRECT] [Fatal Error] :1:1: Premature end of file.
2026-05-14 15:03:37,288 [ERROR] LogOutputStream:75 - [STDERR_REDIRECT] 
2026-05-14 15:03:38,287 [ERROR] LogOutputStream:75 - [STDERR_REDIRECT] [Fatal Error] :1:1: Premature end of file.
2026-05-14 15:03:38,287 [ERROR] LogOutputStream:75 - [STDERR_REDIRECT] 
2026-05-14 15:03:39,270 [ERROR] LogOutputStream:75 - [STDERR_REDIRECT] [Fatal Error] :1:1: Premature end of file.
2026-05-14 15:03:39,270 [ERROR] LogOutputStream:75 - [STDERR_REDIRECT] 
2026-05-14 15:03:40,277 [ERROR] LogOutputStream:75 - [STDERR_REDIRECT] [Fatal Error] :1:1: Premature end of file.
2026-05-14 15:03:40,277 [ERROR] LogOutputStream:75 - [STDERR_REDIRECT] 
2026-05-14 15:03:41,289 [ERROR] LogOutputStream:75 - [STDERR_REDIRECT] [Fatal Error] :1:1: Premature end of file.
2026-05-14 15:03:41,289 [ERROR] LogOutputStream:75 - [STDERR_REDIRECT] 
2026-05-14 15:03:42,283 [ERROR] LogOutputStream:75 - [STDERR_REDIRECT] [Fatal Error] :1:1: Premature end of file.
2026-05-14 15:03:42,283 [ERROR] LogOutputStream:75 - [STDERR_REDIRECT] 
2026-05-14 15:03:43,289 [ERROR] LogOutputStream:75 - [STDERR_REDIRECT] [Fatal Error] :1:1: Premature end of file.
2026-05-14 15:03:43,289 [ERROR] LogOutputStream:75 - [STDERR_REDIRECT] 
2026-05-14 15:03:44,274 [ERROR] LogOutputStream:75 - [STDERR_REDIRECT] [Fatal Error] :1:1: Premature end of file.
2026-05-14 15:03:44,274 [ERROR] LogOutputStream:75 - [STDERR_REDIRECT] 
2026-05-14 15:03:45,274 [ERROR] LogOutputStream:75 - [STDERR_REDIRECT] [Fatal Error] :1:1: Premature end of file.
2026-05-14 15:03:45,274 [ERROR] LogOutputStream:75 - [STDERR_REDIRECT] 
2026-05-14 15:03:46,274 [ERROR] LogOutputStream:75 - [STDERR_REDIRECT] [Fatal Error] :1:1: Premature end of file.
2026-05-14 15:03:46,274 [ERROR] LogOutputStream:75 - [STDERR_REDIRECT] 
2026-05-14 15:03:47,277 [ERROR] LogOutputStream:75 - [STDERR_REDIRECT] [Fatal Error] :1:1: Premature end of file.
2026-05-14 15:03:47,277 [ERROR] LogOutputStream:75 - [STDERR_REDIRECT] 
2026-05-14 15:03:48,281 [ERROR] LogOutputStream:75 - [STDERR_REDIRECT] [Fatal Error] :1:1: Premature end of file.
2026-05-14 15:03:48,281 [ERROR] LogOutputStream:75 - [STDERR_REDIRECT] 
2026-05-14 15:03:49,277 [ERROR] LogOutputStream:75 - [STDERR_REDIRECT] [Fatal Error] :1:1: Premature end of file.
2026-05-14 15:03:49,277 [ERROR] LogOutputStream:75 - [STDERR_REDIRECT] 
2026-05-14 15:03:50,269 [ERROR] LogOutputStream:75 - [STDERR_REDIRECT] [Fatal Error] :1:1: Premature end of file.
2026-05-14 15:03:50,269 [ERROR] LogOutputStream:75 - [STDERR_REDIRECT] 
2026-05-14 15:03:51,271 [ERROR] LogOutputStream:75 - [STDERR_REDIRECT] [Fatal Error] :1:1: Premature end of file.
2026-05-14 15:03:51,271 [ERROR] LogOutputStream:75 - [STDERR_REDIRECT] 
2026-05-14 15:03:52,278 [ERROR] LogOutputStream:75 - [STDERR_REDIRECT] [Fatal Error] :1:1: Premature end of file.
2026-05-14 15:03:52,278 [ERROR] LogOutputStream:75 - [STDERR_REDIRECT] 
2026-05-14 15:03:53,285 [ERROR] LogOutputStream:75 - [STDERR_REDIRECT] [Fatal Error] :1:1: Premature end of file.
2026-05-14 15:03:53,286 [ERROR] LogOutputStream:75 - [STDERR_REDIRECT] 
2026-05-14 15:03:54,284 [ERROR] LogOutputStream:75 - [STDERR_REDIRECT] [Fatal Error] :1:1: Premature end of file.
2026-05-14 15:03:54,284 [ERROR] LogOutputStream:75 - [STDERR_REDIRECT] 
2026-05-14 15:03:55,285 [ERROR] LogOutputStream:75 - [STDERR_REDIRECT] [Fatal Error] :1:1: Premature end of file.
2026-05-14 15:03:55,285 [ERROR] LogOutputStream:75 - [STDERR_REDIRECT] 
2026-05-14 15:03:56,287 [ERROR] LogOutputStream:75 - [STDERR_REDIRECT] [Fatal Error] :1:1: Premature end of file.
2026-05-14 15:03:56,287 [ERROR] LogOutputStream:75 - [STDERR_REDIRECT] 
2026-05-14 15:03:57,277 [ERROR] LogOutputStream:75 - [STDERR_REDIRECT] [Fatal Error] :1:1: Premature end of file.
2026-05-14 15:03:57,277 [ERROR] LogOutputStream:75 - [STDERR_REDIRECT] 
2026-05-14 15:03:58,283 [ERROR] LogOutputStream:75 - [STDERR_REDIRECT] [Fatal Error] :1:1: Premature end of file.
2026-05-14 15:03:58,283 [ERROR] LogOutputStream:75 - [STDERR_REDIRECT] 
2026-05-14 15:03:59,286 [ERROR] LogOutputStream:75 - [STDERR_REDIRECT] [Fatal Error] :1:1: Premature end of file.
2026-05-14 15:03:59,286 [ERROR] LogOutputStream:75 - [STDERR_REDIRECT] 
2026-05-14 15:04:00,270 [ERROR] LogOutputStream:75 - [STDERR_REDIRECT] [Fatal Error] :1:1: Premature end of file.
2026-05-14 15:04:00,270 [ERROR] LogOutputStream:75 - [STDERR_REDIRECT] 
2026-05-14 15:04:01,287 [ERROR] LogOutputStream:75 - [STDERR_REDIRECT] [Fatal Error] :1:1: Premature end of file.
2026-05-14 15:04:01,287 [ERROR] LogOutputStream:75 - [STDERR_REDIRECT] 
2026-05-14 15:04:02,273 [ERROR] LogOutputStream:75 - [STDERR_REDIRECT] [Fatal Error] :1:1: Premature end of file.
2026-05-14 15:04:02,273 [ERROR] LogOutputStream:75 - [STDERR_REDIRECT] 
2026-05-14 15:04:03,288 [ERROR] LogOutputStream:75 - [STDERR_REDIRECT] [Fatal Error] :1:1: Premature end of file.
2026-05-14 15:04:03,289 [ERROR] LogOutputStream:75 - [STDERR_REDIRECT] 
2026-05-14 15:04:04,274 [ERROR] LogOutputStream:75 - [STDERR_REDIRECT] [Fatal Error] :1:1: Premature end of file.
2026-05-14 15:04:04,274 [ERROR] LogOutputStream:75 - [STDERR_REDIRECT] 
2026-05-14 15:04:05,276 [ERROR] LogOutputStream:75 - [STDERR_REDIRECT] [Fatal Error] :1:1: Premature end of file.
2026-05-14 15:04:05,276 [ERROR] LogOutputStream:75 - [STDERR_REDIRECT] 
2026-05-14 15:04:06,275 [ERROR] LogOutputStream:75 - [STDERR_REDIRECT] [Fatal Error] :1:1: Premature end of file.
2026-05-14 15:04:06,275 [ERROR] LogOutputStream:75 - [STDERR_REDIRECT] 
2026-05-14 15:04:07,276 [ERROR] LogOutputStream:75 - [STDERR_REDIRECT] [Fatal Error] :1:1: Premature end of file.
2026-05-14 15:04:07,276 [ERROR] LogOutputStream:75 - [STDERR_REDIRECT] 
2026-05-14 15:04:08,260 [ERROR] LogOutputStream:75 - [STDERR_REDIRECT] [Fatal Error] :1:1: Premature end of file.
2026-05-14 15:04:08,260 [ERROR] LogOutputStream:75 - [STDERR_REDIRECT] 
2026-05-14 15:04:09,277 [ERROR] LogOutputStream:75 - [STDERR_REDIRECT] [Fatal Error] :1:1: Premature end of file.
2026-05-14 15:04:09,277 [ERROR] LogOutputStream:75 - [STDERR_REDIRECT] 
2026-05-14 15:04:10,280 [ERROR] LogOutputStream:75 - [STDERR_REDIRECT] [Fatal Error] :1:1: Premature end of file.
2026-05-14 15:04:10,280 [ERROR] LogOutputStream:75 - [STDERR_REDIRECT] 
2026-05-14 15:04:11,277 [ERROR] LogOutputStream:75 - [STDERR_REDIRECT] [Fatal Error] :1:1: Premature end of file.
2026-05-14 15:04:11,278 [ERROR] LogOutputStream:75 - [STDERR_REDIRECT] 
2026-05-14 15:04:12,278 [ERROR] LogOutputStream:75 - [STDERR_REDIRECT] [Fatal Error] :1:1: Premature end of file.
2026-05-14 15:04:12,279 [ERROR] LogOutputStream:75 - [STDERR_REDIRECT] 
2026-05-14 15:04:13,279 [ERROR] LogOutputStream:75 - [STDERR_REDIRECT] [Fatal Error] :1:1: Premature end of file.
2026-05-14 15:04:13,279 [ERROR] LogOutputStream:75 - [STDERR_REDIRECT] 
2026-05-14 15:04:14,279 [ERROR] LogOutputStream:75 - [STDERR_REDIRECT] [Fatal Error] :1:1: Premature end of file.
2026-05-14 15:04:14,279 [ERROR] LogOutputStream:75 - [STDERR_REDIRECT] 
2026-05-14 15:04:15,280 [ERROR] LogOutputStream:75 - [STDERR_REDIRECT] [Fatal Error] :1:1: Premature end of file.
2026-05-14 15:04:15,280 [ERROR] LogOutputStream:75 - [STDERR_REDIRECT] 
2026-05-14 15:04:16,281 [ERROR] LogOutputStream:75 - [STDERR_REDIRECT] [Fatal Error] :1:1: Premature end of file.
2026-05-14 15:04:16,281 [ERROR] LogOutputStream:75 - [STDERR_REDIRECT] 
2026-05-14 15:04:17,284 [ERROR] LogOutputStream:75 - [STDERR_REDIRECT] [Fatal Error] :1:1: Premature end of file.
2026-05-14 15:04:17,284 [ERROR] LogOutputStream:75 - [STDERR_REDIRECT] 
2026-05-14 15:04:18,284 [ERROR] LogOutputStream:75 - [STDERR_REDIRECT] [Fatal Error] :1:1: Premature end of file.
2026-05-14 15:04:18,284 [ERROR] LogOutputStream:75 - [STDERR_REDIRECT] 
2026-05-14 15:04:19,287 [ERROR] LogOutputStream:75 - [STDERR_REDIRECT] [Fatal Error] :1:1: Premature end of file.
2026-05-14 15:04:19,287 [ERROR] LogOutputStream:75 - [STDERR_REDIRECT] 
2026-05-14 15:04:20,275 [ERROR] LogOutputStream:75 - [STDERR_REDIRECT] [Fatal Error] :1:1: Premature end of file.
2026-05-14 15:04:20,275 [ERROR] LogOutputStream:75 - [STDERR_REDIRECT] 
2026-05-14 15:04:21,275 [ERROR] LogOutputStream:75 - [STDERR_REDIRECT] [Fatal Error] :1:1: Premature end of file.
2026-05-14 15:04:21,275 [ERROR] LogOutputStream:75 - [STDERR_REDIRECT] 
2026-05-14 15:04:22,276 [ERROR] LogOutputStream:75 - [STDERR_REDIRECT] [Fatal Error] :1:1: Premature end of file.
2026-05-14 15:04:22,276 [ERROR] LogOutputStream:75 - [STDERR_REDIRECT] 
2026-05-14 15:04:23,276 [ERROR] LogOutputStream:75 - [STDERR_REDIRECT] [Fatal Error] :1:1: Premature end of file.
2026-05-14 15:04:23,276 [ERROR] LogOutputStream:75 - [STDERR_REDIRECT] 
2026-05-14 15:04:24,281 [ERROR] LogOutputStream:75 - [STDERR_REDIRECT] [Fatal Error] :1:1: Premature end of file.
2026-05-14 15:04:24,281 [ERROR] LogOutputStream:75 - [STDERR_REDIRECT] 
2026-05-14 15:04:25,283 [ERROR] LogOutputStream:75 - [STDERR_REDIRECT] [Fatal Error] :1:1: Premature end of file.
2026-05-14 15:04:25,283 [ERROR] LogOutputStream:75 - [STDERR_REDIRECT] 
2026-05-14 15:04:26,284 [ERROR] LogOutputStream:75 - [STDERR_REDIRECT] [Fatal Error] :1:1: Premature end of file.
2026-05-14 15:04:26,284 [ERROR] LogOutputStream:75 - [STDERR_REDIRECT] 
2026-05-14 15:04:27,275 [ERROR] LogOutputStream:75 - [STDERR_REDIRECT] [Fatal Error] :1:1: Premature end of file.
2026-05-14 15:04:27,275 [ERROR] LogOutputStream:75 - [STDERR_REDIRECT] 
2026-05-14 15:04:28,274 [ERROR] LogOutputStream:75 - [STDERR_REDIRECT] [Fatal Error] :1:1: Premature end of file.
2026-05-14 15:04:28,274 [ERROR] LogOutputStream:75 - [STDERR_REDIRECT] 
2026-05-14 15:04:29,275 [ERROR] LogOutputStream:75 - [STDERR_REDIRECT] [Fatal Error] :1:1: Premature end of file.
2026-05-14 15:04:29,275 [ERROR] LogOutputStream:75 - [STDERR_REDIRECT] 
2026-05-14 15:04:30,276 [ERROR] LogOutputStream:75 - [STDERR_REDIRECT] [Fatal Error] :1:1: Premature end of file.
2026-05-14 15:04:30,276 [ERROR] LogOutputStream:75 - [STDERR_REDIRECT] 
2026-05-14 15:04:31,278 [ERROR] LogOutputStream:75 - [STDERR_REDIRECT] [Fatal Error] :1:1: Premature end of file.
2026-05-14 15:04:31,278 [ERROR] LogOutputStream:75 - [STDERR_REDIRECT] 
2026-05-14 15:04:32,279 [ERROR] LogOutputStream:75 - [STDERR_REDIRECT] [Fatal Error] :1:1: Premature end of file.
2026-05-14 15:04:32,279 [ERROR] LogOutputStream:75 - [STDERR_REDIRECT] 
2026-05-14 15:04:33,277 [ERROR] LogOutputStream:75 - [STDERR_REDIRECT] [Fatal Error] :1:1: Premature end of file.
2026-05-14 15:04:33,277 [ERROR] LogOutputStream:75 - [STDERR_REDIRECT] 
2026-05-14 15:04:34,264 [ERROR] LogOutputStream:75 - [STDERR_REDIRECT] [Fatal Error] :1:1: Premature end of file.
2026-05-14 15:04:34,264 [ERROR] LogOutputStream:75 - [STDERR_REDIRECT] 
2026-05-14 15:04:35,272 [ERROR] LogOutputStream:75 - [STDERR_REDIRECT] [Fatal Error] :1:1: Premature end of file.
2026-05-14 15:04:35,272 [ERROR] LogOutputStream:75 - [STDERR_REDIRECT] 
2026-05-14 15:04:36,287 [ERROR] LogOutputStream:75 - [STDERR_REDIRECT] [Fatal Error] :1:1: Premature end of file.
2026-05-14 15:04:36,287 [ERROR] LogOutputStream:75 - [STDERR_REDIRECT] 
2026-05-14 15:04:37,284 [ERROR] LogOutputStream:75 - [STDERR_REDIRECT] [Fatal Error] :1:1: Premature end of file.
2026-05-14 15:04:37,284 [ERROR] LogOutputStream:75 - [STDERR_REDIRECT] 
2026-05-14 15:04:38,285 [ERROR] LogOutputStream:75 - [STDERR_REDIRECT] [Fatal Error] :1:1: Premature end of file.
2026-05-14 15:04:38,285 [ERROR] LogOutputStream:75 - [STDERR_REDIRECT] 
2026-05-14 15:04:39,284 [ERROR] LogOutputStream:75 - [STDERR_REDIRECT] [Fatal Error] :1:1: Premature end of file.
2026-05-14 15:04:39,284 [ERROR] LogOutputStream:75 - [STDERR_REDIRECT] 
2026-05-14 15:04:40,277 [ERROR] LogOutputStream:75 - [STDERR_REDIRECT] [Fatal Error] :1:1: Premature end of file.
2026-05-14 15:04:40,277 [ERROR] LogOutputStream:75 - [STDERR_REDIRECT] 
2026-05-14 15:04:41,279 [ERROR] LogOutputStream:75 - [STDERR_REDIRECT] [Fatal Error] :1:1: Premature end of file.
2026-05-14 15:04:41,279 [ERROR] LogOutputStream:75 - [STDERR_REDIRECT] 
2026-05-14 15:04:42,273 [ERROR] LogOutputStream:75 - [STDERR_REDIRECT] [Fatal Error] :1:1: Premature end of file.
2026-05-14 15:04:42,273 [ERROR] LogOutputStream:75 - [STDERR_REDIRECT] 
2026-05-14 15:04:43,280 [ERROR] LogOutputStream:75 - [STDERR_REDIRECT] [Fatal Error] :1:1: Premature end of file.
2026-05-14 15:04:43,280 [ERROR] LogOutputStream:75 - [STDERR_REDIRECT] 
2026-05-14 15:04:44,275 [ERROR] LogOutputStream:75 - [STDERR_REDIRECT] [Fatal Error] :1:1: Premature end of file.
2026-05-14 15:04:44,275 [ERROR] LogOutputStream:75 - [STDERR_REDIRECT] 
2026-05-14 15:04:45,281 [ERROR] LogOutputStream:75 - [STDERR_REDIRECT] [Fatal Error] :1:1: Premature end of file.
2026-05-14 15:04:45,281 [ERROR] LogOutputStream:75 - [STDERR_REDIRECT] 
2026-05-14 15:04:46,285 [ERROR] LogOutputStream:75 - [STDERR_REDIRECT] [Fatal Error] :1:1: Premature end of file.
2026-05-14 15:04:46,285 [ERROR] LogOutputStream:75 - [STDERR_REDIRECT] 
2026-05-14 15:04:47,275 [ERROR] LogOutputStream:75 - [STDERR_REDIRECT] [Fatal Error] :1:1: Premature end of file.
2026-05-14 15:04:47,275 [ERROR] LogOutputStream:75 - [STDERR_REDIRECT] 
2026-05-14 15:04:48,275 [ERROR] LogOutputStream:75 - [STDERR_REDIRECT] [Fatal Error] :1:1: Premature end of file.
2026-05-14 15:04:48,276 [ERROR] LogOutputStream:75 - [STDERR_REDIRECT] 
2026-05-14 15:04:49,277 [ERROR] LogOutputStream:75 - [STDERR_REDIRECT] [Fatal Error] :1:1: Premature end of file.
2026-05-14 15:04:49,278 [ERROR] LogOutputStream:75 - [STDERR_REDIRECT] 
2026-05-14 15:04:50,276 [ERROR] LogOutputStream:75 - [STDERR_REDIRECT] [Fatal Error] :1:1: Premature end of file.
2026-05-14 15:04:50,277 [ERROR] LogOutputStream:75 - [STDERR_REDIRECT] 
2026-05-14 15:04:51,275 [ERROR] LogOutputStream:75 - [STDERR_REDIRECT] [Fatal Error] :1:1: Premature end of file.
2026-05-14 15:04:51,275 [ERROR] LogOutputStream:75 - [STDERR_REDIRECT] 
2026-05-14 15:04:52,276 [ERROR] LogOutputStream:75 - [STDERR_REDIRECT] [Fatal Error] :1:1: Premature end of file.
2026-05-14 15:04:52,276 [ERROR] LogOutputStream:75 - [STDERR_REDIRECT] 
2026-05-14 15:04:53,280 [ERROR] LogOutputStream:75 - [STDERR_REDIRECT] [Fatal Error] :1:1: Premature end of file.
2026-05-14 15:04:53,280 [ERROR] LogOutputStream:75 - [STDERR_REDIRECT] 
2026-05-14 15:04:54,278 [ERROR] LogOutputStream:75 - [STDERR_REDIRECT] [Fatal Error] :1:1: Premature end of file.
2026-05-14 15:04:54,278 [ERROR] LogOutputStream:75 - [STDERR_REDIRECT] 
2026-05-14 15:04:55,279 [ERROR] LogOutputStream:75 - [STDERR_REDIRECT] [Fatal Error] :1:1: Premature end of file.
2026-05-14 15:04:55,279 [ERROR] LogOutputStream:75 - [STDERR_REDIRECT] 
2026-05-14 15:04:56,280 [ERROR] LogOutputStream:75 - [STDERR_REDIRECT] [Fatal Error] :1:1: Premature end of file.
2026-05-14 15:04:56,281 [ERROR] LogOutputStream:75 - [STDERR_REDIRECT] 
2026-05-14 15:04:57,280 [ERROR] LogOutputStream:75 - [STDERR_REDIRECT] [Fatal Error] :1:1: Premature end of file.
2026-05-14 15:04:57,280 [ERROR] LogOutputStream:75 - [STDERR_REDIRECT] 
2026-05-14 15:04:58,281 [ERROR] LogOutputStream:75 - [STDERR_REDIRECT] [Fatal Error] :1:1: Premature end of file.
2026-05-14 15:04:58,281 [ERROR] LogOutputStream:75 - [STDERR_REDIRECT] 
2026-05-14 15:04:59,283 [ERROR] LogOutputStream:75 - [STDERR_REDIRECT] [Fatal Error] :1:1: Premature end of file.
2026-05-14 15:04:59,283 [ERROR] LogOutputStream:75 - [STDERR_REDIRECT] 
2026-05-14 15:05:00,283 [ERROR] LogOutputStream:75 - [STDERR_REDIRECT] [Fatal Error] :1:1: Premature end of file.
2026-05-14 15:05:00,283 [ERROR] LogOutputStream:75 - [STDERR_REDIRECT] 
2026-05-14 15:05:01,284 [ERROR] LogOutputStream:75 - [STDERR_REDIRECT] [Fatal Error] :1:1: Premature end of file.
2026-05-14 15:05:01,284 [ERROR] LogOutputStream:75 - [STDERR_REDIRECT] 
2026-05-14 15:05:02,285 [ERROR] LogOutputStream:75 - [STDERR_REDIRECT] [Fatal Error] :1:1: Premature end of file.
2026-05-14 15:05:02,285 [ERROR] LogOutputStream:75 - [STDERR_REDIRECT] 
2026-05-14 15:05:03,285 [ERROR] LogOutputStream:75 - [STDERR_REDIRECT] [Fatal Error] :1:1: Premature end of file.
2026-05-14 15:05:03,285 [ERROR] LogOutputStream:75 - [STDERR_REDIRECT] 
2026-05-14 15:05:04,290 [ERROR] LogOutputStream:75 - [STDERR_REDIRECT] [Fatal Error] :1:1: Premature end of file.
2026-05-14 15:05:04,290 [ERROR] LogOutputStream:75 - [STDERR_REDIRECT] 
2026-05-14 15:05:05,274 [ERROR] LogOutputStream:75 - [STDERR_REDIRECT] [Fatal Error] :1:1: Premature end of file.
2026-05-14 15:05:05,274 [ERROR] LogOutputStream:75 - [STDERR_REDIRECT] 
2026-05-14 15:05:06,258 [ERROR] LogOutputStream:75 - [STDERR_REDIRECT] [Fatal Error] :1:1: Premature end of file.
2026-05-14 15:05:06,258 [ERROR] LogOutputStream:75 - [STDERR_REDIRECT] 
2026-05-14 15:05:07,275 [ERROR] LogOutputStream:75 - [STDERR_REDIRECT] [Fatal Error] :1:1: Premature end of file.
2026-05-14 15:05:07,275 [ERROR] LogOutputStream:75 - [STDERR_REDIRECT] 
2026-05-14 15:05:08,260 [ERROR] LogOutputStream:75 - [STDERR_REDIRECT] [Fatal Error] :1:1: Premature end of file.
2026-05-14 15:05:08,260 [ERROR] LogOutputStream:75 - [STDERR_REDIRECT] 
2026-05-14 15:05:09,276 [ERROR] LogOutputStream:75 - [STDERR_REDIRECT] [Fatal Error] :1:1: Premature end of file.
2026-05-14 15:05:09,276 [ERROR] LogOutputStream:75 - [STDERR_REDIRECT] 
2026-05-14 15:05:10,277 [ERROR] LogOutputStream:75 - [STDERR_REDIRECT] [Fatal Error] :1:1: Premature end of file.
2026-05-14 15:05:10,277 [ERROR] LogOutputStream:75 - [STDERR_REDIRECT] 
2026-05-14 15:05:11,263 [ERROR] LogOutputStream:75 - [STDERR_REDIRECT] [Fatal Error] :1:1: Premature end of file.
2026-05-14 15:05:11,263 [ERROR] LogOutputStream:75 - [STDERR_REDIRECT] 
2026-05-14 15:05:12,277 [ERROR] LogOutputStream:75 - [STDERR_REDIRECT] [Fatal Error] :1:1: Premature end of file.
2026-05-14 15:05:12,277 [ERROR] LogOutputStream:75 - [STDERR_REDIRECT] 
2026-05-14 15:05:13,280 [ERROR] LogOutputStream:75 - [STDERR_REDIRECT] [Fatal Error] :1:1: Premature end of file.
2026-05-14 15:05:13,280 [ERROR] LogOutputStream:75 - [STDERR_REDIRECT] 
2026-05-14 15:05:14,276 [ERROR] LogOutputStream:75 - [STDERR_REDIRECT] [Fatal Error] :1:1: Premature end of file.
2026-05-14 15:05:14,276 [ERROR] LogOutputStream:75 - [STDERR_REDIRECT] 
2026-05-14 15:05:15,278 [ERROR] LogOutputStream:75 - [STDERR_REDIRECT] [Fatal Error] :1:1: Premature end of file.
2026-05-14 15:05:15,279 [ERROR] LogOutputStream:75 - [STDERR_REDIRECT] 
2026-05-14 15:05:16,280 [ERROR] LogOutputStream:75 - [STDERR_REDIRECT] [Fatal Error] :1:1: Premature end of file.
2026-05-14 15:05:16,280 [ERROR] LogOutputStream:75 - [STDERR_REDIRECT] 
2026-05-14 15:05:17,280 [ERROR] LogOutputStream:75 - [STDERR_REDIRECT] [Fatal Error] :1:1: Premature end of file.
2026-05-14 15:05:17,280 [ERROR] LogOutputStream:75 - [STDERR_REDIRECT] 
2026-05-14 15:05:18,281 [ERROR] LogOutputStream:75 - [STDERR_REDIRECT] [Fatal Error] :1:1: Premature end of file.
2026-05-14 15:05:18,281 [ERROR] LogOutputStream:75 - [STDERR_REDIRECT] 
2026-05-14 15:05:19,274 [ERROR] LogOutputStream:75 - [STDERR_REDIRECT] [Fatal Error] :1:1: Premature end of file.
2026-05-14 15:05:19,274 [ERROR] LogOutputStream:75 - [STDERR_REDIRECT] 
2026-05-14 15:05:20,275 [ERROR] LogOutputStream:75 - [STDERR_REDIRECT] [Fatal Error] :1:1: Premature end of file.
2026-05-14 15:05:20,275 [ERROR] LogOutputStream:75 - [STDERR_REDIRECT] 
2026-05-14 15:05:21,285 [ERROR] LogOutputStream:75 - [STDERR_REDIRECT] [Fatal Error] :1:1: Premature end of file.
2026-05-14 15:05:21,285 [ERROR] LogOutputStream:75 - [STDERR_REDIRECT] 
2026-05-14 15:05:22,278 [ERROR] LogOutputStream:75 - [STDERR_REDIRECT] [Fatal Error] :1:1: Premature end of file.
2026-05-14 15:05:22,278 [ERROR] LogOutputStream:75 - [STDERR_REDIRECT] 
2026-05-14 15:05:23,273 [ERROR] LogOutputStream:75 - [STDERR_REDIRECT] [Fatal Error] :1:1: Premature end of file.
2026-05-14 15:05:23,273 [ERROR] LogOutputStream:75 - [STDERR_REDIRECT] 
2026-05-14 15:05:24,274 [ERROR] LogOutputStream:75 - [STDERR_REDIRECT] [Fatal Error] :1:1: Premature end of file.
2026-05-14 15:05:24,274 [ERROR] LogOutputStream:75 - [STDERR_REDIRECT] 
2026-05-14 15:05:25,289 [ERROR] LogOutputStream:75 - [STDERR_REDIRECT] [Fatal Error] :1:1: Premature end of file.
2026-05-14 15:05:25,289 [ERROR] LogOutputStream:75 - [STDERR_REDIRECT] 
2026-05-14 15:05:26,287 [ERROR] LogOutputStream:75 - [STDERR_REDIRECT] [Fatal Error] :1:1: Premature end of file.
2026-05-14 15:05:26,287 [ERROR] LogOutputStream:75 - [STDERR_REDIRECT] 
2026-05-14 15:05:27,284 [ERROR] LogOutputStream:75 - [STDERR_REDIRECT] [Fatal Error] :1:1: Premature end of file.
2026-05-14 15:05:27,284 [ERROR] LogOutputStream:75 - [STDERR_REDIRECT] 
2026-05-14 15:05:28,286 [ERROR] LogOutputStream:75 - [STDERR_REDIRECT] [Fatal Error] :1:1: Premature end of file.
2026-05-14 15:05:28,286 [ERROR] LogOutputStream:75 - [STDERR_REDIRECT] 
2026-05-14 15:05:29,273 [ERROR] LogOutputStream:75 - [STDERR_REDIRECT] [Fatal Error] :1:1: Premature end of file.
2026-05-14 15:05:29,273 [ERROR] LogOutputStream:75 - [STDERR_REDIRECT] 
2026-05-14 15:05:30,276 [ERROR] LogOutputStream:75 - [STDERR_REDIRECT] [Fatal Error] :1:1: Premature end of file.
2026-05-14 15:05:30,276 [ERROR] LogOutputStream:75 - [STDERR_REDIRECT] 
2026-05-14 15:05:31,283 [ERROR] LogOutputStream:75 - [STDERR_REDIRECT] [Fatal Error] :1:1: Premature end of file.
2026-05-14 15:05:31,284 [ERROR] LogOutputStream:75 - [STDERR_REDIRECT] 
2026-05-14 15:05:32,279 [ERROR] LogOutputStream:75 - [STDERR_REDIRECT] [Fatal Error] :1:1: Premature end of file.
2026-05-14 15:05:32,279 [ERROR] LogOutputStream:75 - [STDERR_REDIRECT] 
2026-05-14 15:05:33,277 [ERROR] LogOutputStream:75 - [STDERR_REDIRECT] [Fatal Error] :1:1: Premature end of file.
2026-05-14 15:05:33,277 [ERROR] LogOutputStream:75 - [STDERR_REDIRECT] 
2026-05-14 15:05:34,278 [ERROR] LogOutputStream:75 - [STDERR_REDIRECT] [Fatal Error] :1:1: Premature end of file.
2026-05-14 15:05:34,278 [ERROR] LogOutputStream:75 - [STDERR_REDIRECT] 
2026-05-14 15:05:35,279 [ERROR] LogOutputStream:75 - [STDERR_REDIRECT] [Fatal Error] :1:1: Premature end of file.
2026-05-14 15:05:35,279 [ERROR] LogOutputStream:75 - [STDERR_REDIRECT] 
2026-05-14 15:05:36,280 [ERROR] LogOutputStream:75 - [STDERR_REDIRECT] [Fatal Error] :1:1: Premature end of file.
2026-05-14 15:05:36,280 [ERROR] LogOutputStream:75 - [STDERR_REDIRECT] 
2026-05-14 15:05:37,276 [ERROR] LogOutputStream:75 - [STDERR_REDIRECT] [Fatal Error] :1:1: Premature end of file.
2026-05-14 15:05:37,281 [ERROR] LogOutputStream:75 - [STDERR_REDIRECT] 
2026-05-14 15:05:38,266 [ERROR] LogOutputStream:75 - [STDERR_REDIRECT] [Fatal Error] :1:1: Premature end of file.
2026-05-14 15:05:38,266 [ERROR] LogOutputStream:75 - [STDERR_REDIRECT] 
2026-05-14 15:05:39,274 [ERROR] LogOutputStream:75 - [STDERR_REDIRECT] [Fatal Error] :1:1: Premature end of file.
2026-05-14 15:05:39,274 [ERROR] LogOutputStream:75 - [STDERR_REDIRECT] 
2026-05-14 15:05:40,272 [ERROR] LogOutputStream:75 - [STDERR_REDIRECT] [Fatal Error] :1:1: Premature end of file.
2026-05-14 15:05:40,272 [ERROR] LogOutputStream:75 - [STDERR_REDIRECT] 
2026-05-14 15:05:41,273 [ERROR] LogOutputStream:75 - [STDERR_REDIRECT] [Fatal Error] :1:1: Premature end of file.
2026-05-14 15:05:41,274 [ERROR] LogOutputStream:75 - [STDERR_REDIRECT] 
2026-05-14 15:05:42,272 [ERROR] LogOutputStream:75 - [STDERR_REDIRECT] [Fatal Error] :1:1: Premature end of file.
2026-05-14 15:05:42,272 [ERROR] LogOutputStream:75 - [STDERR_REDIRECT] 
2026-05-14 15:05:43,272 [ERROR] LogOutputStream:75 - [STDERR_REDIRECT] [Fatal Error] :1:1: Premature end of file.
2026-05-14 15:05:43,272 [ERROR] LogOutputStream:75 - [STDERR_REDIRECT] 
2026-05-14 15:05:44,273 [ERROR] LogOutputStream:75 - [STDERR_REDIRECT] [Fatal Error] :1:1: Premature end of file.
2026-05-14 15:05:44,273 [ERROR] LogOutputStream:75 - [STDERR_REDIRECT] 
2026-05-14 15:05:45,273 [ERROR] LogOutputStream:75 - [STDERR_REDIRECT] [Fatal Error] :1:1: Premature end of file.
2026-05-14 15:05:45,273 [ERROR] LogOutputStream:75 - [STDERR_REDIRECT] 
2026-05-14 15:05:46,273 [ERROR] LogOutputStream:75 - [STDERR_REDIRECT] [Fatal Error] :1:1: Premature end of file.
2026-05-14 15:05:46,273 [ERROR] LogOutputStream:75 - [STDERR_REDIRECT] 
2026-05-14 15:05:47,273 [ERROR] LogOutputStream:75 - [STDERR_REDIRECT] [Fatal Error] :1:1: Premature end of file.
2026-05-14 15:05:47,273 [ERROR] LogOutputStream:75 - [STDERR_REDIRECT] 
2026-05-14 15:05:48,284 [ERROR] LogOutputStream:75 - [STDERR_REDIRECT] [Fatal Error] :1:1: Premature end of file.
2026-05-14 15:05:48,284 [ERROR] LogOutputStream:75 - [STDERR_REDIRECT] 
2026-05-14 15:05:49,275 [ERROR] LogOutputStream:75 - [STDERR_REDIRECT] [Fatal Error] :1:1: Premature end of file.
2026-05-14 15:05:49,275 [ERROR] LogOutputStream:75 - [STDERR_REDIRECT] 
2026-05-14 15:05:50,287 [ERROR] LogOutputStream:75 - [STDERR_REDIRECT] [Fatal Error] :1:1: Premature end of file.
2026-05-14 15:05:50,287 [ERROR] LogOutputStream:75 - [STDERR_REDIRECT] 
2026-05-14 15:05:51,261 [ERROR] LogOutputStream:75 - [STDERR_REDIRECT] [Fatal Error] :1:1: Premature end of file.
2026-05-14 15:05:51,261 [ERROR] LogOutputStream:75 - [STDERR_REDIRECT] 
2026-05-14 15:05:52,284 [ERROR] LogOutputStream:75 - [STDERR_REDIRECT] [Fatal Error] :1:1: Premature end of file.
2026-05-14 15:05:52,284 [ERROR] LogOutputStream:75 - [STDERR_REDIRECT] 
2026-05-14 15:05:53,278 [ERROR] LogOutputStream:75 - [STDERR_REDIRECT] [Fatal Error] :1:1: Premature end of file.
2026-05-14 15:05:53,278 [ERROR] LogOutputStream:75 - [STDERR_REDIRECT] 
2026-05-14 15:05:54,278 [ERROR] LogOutputStream:75 - [STDERR_REDIRECT] [Fatal Error] :1:1: Premature end of file.
2026-05-14 15:05:54,278 [ERROR] LogOutputStream:75 - [STDERR_REDIRECT] 
2026-05-14 15:05:55,286 [ERROR] LogOutputStream:75 - [STDERR_REDIRECT] [Fatal Error] :1:1: Premature end of file.
2026-05-14 15:05:55,286 [ERROR] LogOutputStream:75 - [STDERR_REDIRECT] 
2026-05-14 15:05:56,279 [ERROR] LogOutputStream:75 - [STDERR_REDIRECT] [Fatal Error] :1:1: Premature end of file.
2026-05-14 15:05:56,279 [ERROR] LogOutputStream:75 - [STDERR_REDIRECT] 
2026-05-14 15:05:57,281 [ERROR] LogOutputStream:75 - [STDERR_REDIRECT] [Fatal Error] :1:1: Premature end of file.
2026-05-14 15:05:57,281 [ERROR] LogOutputStream:75 - [STDERR_REDIRECT] 
2026-05-14 15:05:58,281 [ERROR] LogOutputStream:75 - [STDERR_REDIRECT] [Fatal Error] :1:1: Premature end of file.
2026-05-14 15:05:58,281 [ERROR] LogOutputStream:75 - [STDERR_REDIRECT] 
2026-05-14 15:05:59,267 [ERROR] LogOutputStream:75 - [STDERR_REDIRECT] [Fatal Error] :1:1: Premature end of file.
2026-05-14 15:05:59,267 [ERROR] LogOutputStream:75 - [STDERR_REDIRECT] 
2026-05-14 15:06:00,283 [ERROR] LogOutputStream:75 - [STDERR_REDIRECT] [Fatal Error] :1:1: Premature end of file.
2026-05-14 15:06:00,283 [ERROR] LogOutputStream:75 - [STDERR_REDIRECT] 
2026-05-14 15:06:01,275 [ERROR] LogOutputStream:75 - [STDERR_REDIRECT] [Fatal Error] :1:1: Premature end of file.
2026-05-14 15:06:01,275 [ERROR] LogOutputStream:75 - [STDERR_REDIRECT] 
2026-05-14 15:06:02,278 [ERROR] LogOutputStream:75 - [STDERR_REDIRECT] [Fatal Error] :1:1: Premature end of file.
2026-05-14 15:06:02,278 [ERROR] LogOutputStream:75 - [STDERR_REDIRECT] 
2026-05-14 15:06:03,285 [ERROR] LogOutputStream:75 - [STDERR_REDIRECT] [Fatal Error] :1:1: Premature end of file.
2026-05-14 15:06:03,285 [ERROR] LogOutputStream:75 - [STDERR_REDIRECT] 
2026-05-14 15:06:04,288 [ERROR] LogOutputStream:75 - [STDERR_REDIRECT] [Fatal Error] :1:1: Premature end of file.
2026-05-14 15:06:04,288 [ERROR] LogOutputStream:75 - [STDERR_REDIRECT] 
2026-05-14 15:06:05,286 [ERROR] LogOutputStream:75 - [STDERR_REDIRECT] [Fatal Error] :1:1: Premature end of file.
2026-05-14 15:06:05,286 [ERROR] LogOutputStream:75 - [STDERR_REDIRECT] 
2026-05-14 15:06:06,285 [ERROR] LogOutputStream:75 - [STDERR_REDIRECT] [Fatal Error] :1:1: Premature end of file.
2026-05-14 15:06:06,285 [ERROR] LogOutputStream:75 - [STDERR_REDIRECT] 
2026-05-14 15:06:07,273 [ERROR] LogOutputStream:75 - [STDERR_REDIRECT] [Fatal Error] :1:1: Premature end of file.
2026-05-14 15:06:07,273 [ERROR] LogOutputStream:75 - [STDERR_REDIRECT] 
2026-05-14 15:06:08,280 [ERROR] LogOutputStream:75 - [STDERR_REDIRECT] [Fatal Error] :1:1: Premature end of file.
2026-05-14 15:06:08,280 [ERROR] LogOutputStream:75 - [STDERR_REDIRECT] 
2026-05-14 15:06:09,286 [ERROR] LogOutputStream:75 - [STDERR_REDIRECT] [Fatal Error] :1:1: Premature end of file.
2026-05-14 15:06:09,286 [ERROR] LogOutputStream:75 - [STDERR_REDIRECT] 
2026-05-14 15:06:10,279 [ERROR] LogOutputStream:75 - [STDERR_REDIRECT] [Fatal Error] :1:1: Premature end of file.
2026-05-14 15:06:10,279 [ERROR] LogOutputStream:75 - [STDERR_REDIRECT] 
2026-05-14 15:06:11,280 [ERROR] LogOutputStream:75 - [STDERR_REDIRECT] [Fatal Error] :1:1: Premature end of file.
2026-05-14 15:06:11,280 [ERROR] LogOutputStream:75 - [STDERR_REDIRECT] 
2026-05-14 15:06:12,283 [ERROR] LogOutputStream:75 - [STDERR_REDIRECT] [Fatal Error] :1:1: Premature end of file.
2026-05-14 15:06:12,283 [ERROR] LogOutputStream:75 - [STDERR_REDIRECT] 
2026-05-14 15:06:13,285 [ERROR] LogOutputStream:75 - [STDERR_REDIRECT] [Fatal Error] :1:1: Premature end of file.
2026-05-14 15:06:13,285 [ERROR] LogOutputStream:75 - [STDERR_REDIRECT] 
2026-05-14 15:06:14,273 [ERROR] LogOutputStream:75 - [STDERR_REDIRECT] [Fatal Error] :1:1: Premature end of file.
2026-05-14 15:06:14,273 [ERROR] LogOutputStream:75 - [STDERR_REDIRECT] 
2026-05-14 15:06:15,284 [ERROR] LogOutputStream:75 - [STDERR_REDIRECT] [Fatal Error] :1:1: Premature end of file.
2026-05-14 15:06:15,284 [ERROR] LogOutputStream:75 - [STDERR_REDIRECT] 
2026-05-14 15:06:16,286 [ERROR] LogOutputStream:75 - [STDERR_REDIRECT] [Fatal Error] :1:1: Premature end of file.
2026-05-14 15:06:16,286 [ERROR] LogOutputStream:75 - [STDERR_REDIRECT] 
2026-05-14 15:06:17,286 [ERROR] LogOutputStream:75 - [STDERR_REDIRECT] [Fatal Error] :1:1: Premature end of file.
2026-05-14 15:06:17,286 [ERROR] LogOutputStream:75 - [STDERR_REDIRECT] 
2026-05-14 15:06:18,285 [ERROR] LogOutputStream:75 - [STDERR_REDIRECT] [Fatal Error] :1:1: Premature end of file.
2026-05-14 15:06:18,285 [ERROR] LogOutputStream:75 - [STDERR_REDIRECT] 
2026-05-14 15:06:19,280 [ERROR] LogOutputStream:75 - [STDERR_REDIRECT] [Fatal Error] :1:1: Premature end of file.
2026-05-14 15:06:19,280 [ERROR] LogOutputStream:75 - [STDERR_REDIRECT] 
2026-05-14 15:06:20,274 [ERROR] LogOutputStream:75 - [STDERR_REDIRECT] [Fatal Error] :1:1: Premature end of file.
2026-05-14 15:06:20,274 [ERROR] LogOutputStream:75 - [STDERR_REDIRECT] 
2026-05-14 15:06:21,283 [ERROR] LogOutputStream:75 - [STDERR_REDIRECT] [Fatal Error] :1:1: Premature end of file.
2026-05-14 15:06:21,283 [ERROR] LogOutputStream:75 - [STDERR_REDIRECT] 
2026-05-14 15:06:22,283 [ERROR] LogOutputStream:75 - [STDERR_REDIRECT] [Fatal Error] :1:1: Premature end of file.
2026-05-14 15:06:22,283 [ERROR] LogOutputStream:75 - [STDERR_REDIRECT] 
2026-05-14 15:06:23,284 [ERROR] LogOutputStream:75 - [STDERR_REDIRECT] [Fatal Error] :1:1: Premature end of file.
2026-05-14 15:06:23,284 [ERROR] LogOutputStream:75 - [STDERR_REDIRECT] 
2026-05-14 15:06:24,272 [ERROR] LogOutputStream:75 - [STDERR_REDIRECT] [Fatal Error] :1:1: Premature end of file.
2026-05-14 15:06:24,272 [ERROR] LogOutputStream:75 - [STDERR_REDIRECT] 
2026-05-14 15:06:25,279 [ERROR] LogOutputStream:75 - [STDERR_REDIRECT] [Fatal Error] :1:1: Premature end of file.
2026-05-14 15:06:25,279 [ERROR] LogOutputStream:75 - [STDERR_REDIRECT] 
2026-05-14 15:06:26,283 [ERROR] LogOutputStream:75 - [STDERR_REDIRECT] [Fatal Error] :1:1: Premature end of file.
2026-05-14 15:06:26,283 [ERROR] LogOutputStream:75 - [STDERR_REDIRECT] 
2026-05-14 15:06:27,284 [ERROR] LogOutputStream:75 - [STDERR_REDIRECT] [Fatal Error] :1:1: Premature end of file.
2026-05-14 15:06:27,284 [ERROR] LogOutputStream:75 - [STDERR_REDIRECT] 
2026-05-14 15:06:28,273 [ERROR] LogOutputStream:75 - [STDERR_REDIRECT] [Fatal Error] :1:1: Premature end of file.
2026-05-14 15:06:28,273 [ERROR] LogOutputStream:75 - [STDERR_REDIRECT] 
2026-05-14 15:06:29,284 [ERROR] LogOutputStream:75 - [STDERR_REDIRECT] [Fatal Error] :1:1: Premature end of file.
2026-05-14 15:06:29,284 [ERROR] LogOutputStream:75 - [STDERR_REDIRECT] 
2026-05-14 15:06:30,285 [ERROR] LogOutputStream:75 - [STDERR_REDIRECT] [Fatal Error] :1:1: Premature end of file.
2026-05-14 15:06:30,285 [ERROR] LogOutputStream:75 - [STDERR_REDIRECT] 
2026-05-14 15:06:31,286 [ERROR] LogOutputStream:75 - [STDERR_REDIRECT] [Fatal Error] :1:1: Premature end of file.
2026-05-14 15:06:31,286 [ERROR] LogOutputStream:75 - [STDERR_REDIRECT] 
2026-05-14 15:06:32,288 [ERROR] LogOutputStream:75 - [STDERR_REDIRECT] [Fatal Error] :1:1: Premature end of file.
2026-05-14 15:06:32,288 [ERROR] LogOutputStream:75 - [STDERR_REDIRECT] 
2026-05-14 15:06:33,274 [ERROR] LogOutputStream:75 - [STDERR_REDIRECT] [Fatal Error] :1:1: Premature end of file.
2026-05-14 15:06:33,274 [ERROR] LogOutputStream:75 - [STDERR_REDIRECT] 
2026-05-14 15:06:34,279 [ERROR] LogOutputStream:75 - [STDERR_REDIRECT] [Fatal Error] :1:1: Premature end of file.
2026-05-14 15:06:34,279 [ERROR] LogOutputStream:75 - [STDERR_REDIRECT] 
2026-05-14 15:06:35,277 [ERROR] LogOutputStream:75 - [STDERR_REDIRECT] [Fatal Error] :1:1: Premature end of file.
2026-05-14 15:06:35,277 [ERROR] LogOutputStream:75 - [STDERR_REDIRECT] 
2026-05-14 15:06:36,281 [ERROR] LogOutputStream:75 - [STDERR_REDIRECT] [Fatal Error] :1:1: Premature end of file.
2026-05-14 15:06:36,281 [ERROR] LogOutputStream:75 - [STDERR_REDIRECT] 
2026-05-14 15:06:37,278 [ERROR] LogOutputStream:75 - [STDERR_REDIRECT] [Fatal Error] :1:1: Premature end of file.
2026-05-14 15:06:37,278 [ERROR] LogOutputStream:75 - [STDERR_REDIRECT] 
2026-05-14 15:06:38,278 [ERROR] LogOutputStream:75 - [STDERR_REDIRECT] [Fatal Error] :1:1: Premature end of file.
2026-05-14 15:06:38,278 [ERROR] LogOutputStream:75 - [STDERR_REDIRECT] 
2026-05-14 15:06:39,281 [ERROR] LogOutputStream:75 - [STDERR_REDIRECT] [Fatal Error] :1:1: Premature end of file.
2026-05-14 15:06:39,281 [ERROR] LogOutputStream:75 - [STDERR_REDIRECT] 
2026-05-14 15:06:40,280 [ERROR] LogOutputStream:75 - [STDERR_REDIRECT] [Fatal Error] :1:1: Premature end of file.
2026-05-14 15:06:40,280 [ERROR] LogOutputStream:75 - [STDERR_REDIRECT] 
2026-05-14 15:06:41,284 [ERROR] LogOutputStream:75 - [STDERR_REDIRECT] [Fatal Error] :1:1: Premature end of file.
2026-05-14 15:06:41,284 [ERROR] LogOutputStream:75 - [STDERR_REDIRECT] 
2026-05-14 15:06:42,278 [ERROR] LogOutputStream:75 - [STDERR_REDIRECT] [Fatal Error] :1:1: Premature end of file.
2026-05-14 15:06:42,278 [ERROR] LogOutputStream:75 - [STDERR_REDIRECT] 
2026-05-14 15:06:43,276 [ERROR] LogOutputStream:75 - [STDERR_REDIRECT] [Fatal Error] :1:1: Premature end of file.
2026-05-14 15:06:43,276 [ERROR] LogOutputStream:75 - [STDERR_REDIRECT] 
2026-05-14 15:06:44,284 [ERROR] LogOutputStream:75 - [STDERR_REDIRECT] [Fatal Error] :1:1: Premature end of file.
2026-05-14 15:06:44,284 [ERROR] LogOutputStream:75 - [STDERR_REDIRECT] 
2026-05-14 15:06:45,285 [ERROR] LogOutputStream:75 - [STDERR_REDIRECT] [Fatal Error] :1:1: Premature end of file.
2026-05-14 15:06:45,285 [ERROR] LogOutputStream:75 - [STDERR_REDIRECT] 
2026-05-14 15:06:46,288 [ERROR] LogOutputStream:75 - [STDERR_REDIRECT] [Fatal Error] :1:1: Premature end of file.
2026-05-14 15:06:46,288 [ERROR] LogOutputStream:75 - [STDERR_REDIRECT] 
2026-05-14 15:06:47,287 [ERROR] LogOutputStream:75 - [STDERR_REDIRECT] [Fatal Error] :1:1: Premature end of file.
2026-05-14 15:06:47,287 [ERROR] LogOutputStream:75 - [STDERR_REDIRECT] 
2026-05-14 15:06:48,274 [ERROR] LogOutputStream:75 - [STDERR_REDIRECT] [Fatal Error] :1:1: Premature end of file.
2026-05-14 15:06:48,274 [ERROR] LogOutputStream:75 - [STDERR_REDIRECT] 
2026-05-14 15:06:49,273 [ERROR] LogOutputStream:75 - [STDERR_REDIRECT] [Fatal Error] :1:1: Premature end of file.
2026-05-14 15:06:49,273 [ERROR] LogOutputStream:75 - [STDERR_REDIRECT] 
2026-05-14 15:06:50,265 [ERROR] LogOutputStream:75 - [STDERR_REDIRECT] [Fatal Error] :1:1: Premature end of file.
2026-05-14 15:06:50,265 [ERROR] LogOutputStream:75 - [STDERR_REDIRECT] 
2026-05-14 15:06:51,273 [ERROR] LogOutputStream:75 - [STDERR_REDIRECT] [Fatal Error] :1:1: Premature end of file.
2026-05-14 15:06:51,273 [ERROR] LogOutputStream:75 - [STDERR_REDIRECT] 
2026-05-14 15:06:52,274 [ERROR] LogOutputStream:75 - [STDERR_REDIRECT] [Fatal Error] :1:1: Premature end of file.
2026-05-14 15:06:52,274 [ERROR] LogOutputStream:75 - [STDERR_REDIRECT] 
2026-05-14 15:06:53,275 [ERROR] LogOutputStream:75 - [STDERR_REDIRECT] [Fatal Error] :1:1: Premature end of file.
2026-05-14 15:06:53,275 [ERROR] LogOutputStream:75 - [STDERR_REDIRECT] 
2026-05-14 15:06:54,275 [ERROR] LogOutputStream:75 - [STDERR_REDIRECT] [Fatal Error] :1:1: Premature end of file.
2026-05-14 15:06:54,275 [ERROR] LogOutputStream:75 - [STDERR_REDIRECT] 
2026-05-14 15:06:55,269 [ERROR] LogOutputStream:75 - [STDERR_REDIRECT] [Fatal Error] :1:1: Premature end of file.
2026-05-14 15:06:55,269 [ERROR] LogOutputStream:75 - [STDERR_REDIRECT] 
2026-05-14 15:06:56,276 [ERROR] LogOutputStream:75 - [STDERR_REDIRECT] [Fatal Error] :1:1: Premature end of file.
2026-05-14 15:06:56,276 [ERROR] LogOutputStream:75 - [STDERR_REDIRECT] 
2026-05-14 15:06:57,278 [ERROR] LogOutputStream:75 - [STDERR_REDIRECT] [Fatal Error] :1:1: Premature end of file.
2026-05-14 15:06:57,278 [ERROR] LogOutputStream:75 - [STDERR_REDIRECT] 
2026-05-14 15:06:58,279 [ERROR] LogOutputStream:75 - [STDERR_REDIRECT] [Fatal Error] :1:1: Premature end of file.
2026-05-14 15:06:58,279 [ERROR] LogOutputStream:75 - [STDERR_REDIRECT] 
2026-05-14 15:06:59,267 [ERROR] LogOutputStream:75 - [STDERR_REDIRECT] [Fatal Error] :1:1: Premature end of file.
2026-05-14 15:06:59,282 [ERROR] LogOutputStream:75 - [STDERR_REDIRECT] 
2026-05-14 15:07:00,280 [ERROR] LogOutputStream:75 - [STDERR_REDIRECT] [Fatal Error] :1:1: Premature end of file.
2026-05-14 15:07:00,280 [ERROR] LogOutputStream:75 - [STDERR_REDIRECT] 
2026-05-14 15:07:01,278 [ERROR] LogOutputStream:75 - [STDERR_REDIRECT] [Fatal Error] :1:1: Premature end of file.
2026-05-14 15:07:01,278 [ERROR] LogOutputStream:75 - [STDERR_REDIRECT] 
2026-05-14 15:07:02,282 [ERROR] LogOutputStream:75 - [STDERR_REDIRECT] [Fatal Error] :1:1: Premature end of file.
2026-05-14 15:07:02,282 [ERROR] LogOutputStream:75 - [STDERR_REDIRECT] 
2026-05-14 15:07:03,284 [ERROR] LogOutputStream:75 - [STDERR_REDIRECT] [Fatal Error] :1:1: Premature end of file.
2026-05-14 15:07:03,284 [ERROR] LogOutputStream:75 - [STDERR_REDIRECT] 
2026-05-14 15:07:04,271 [ERROR] LogOutputStream:75 - [STDERR_REDIRECT] [Fatal Error] :1:1: Premature end of file.
2026-05-14 15:07:04,271 [ERROR] LogOutputStream:75 - [STDERR_REDIRECT] 
2026-05-14 15:07:05,289 [ERROR] LogOutputStream:75 - [STDERR_REDIRECT] [Fatal Error] :1:1: Premature end of file.
2026-05-14 15:07:05,290 [ERROR] LogOutputStream:75 - [STDERR_REDIRECT] 
2026-05-14 15:07:06,285 [ERROR] LogOutputStream:75 - [STDERR_REDIRECT] [Fatal Error] :1:1: Premature end of file.
2026-05-14 15:07:06,285 [ERROR] LogOutputStream:75 - [STDERR_REDIRECT] 
2026-05-14 15:07:07,286 [ERROR] LogOutputStream:75 - [STDERR_REDIRECT] [Fatal Error] :1:1: Premature end of file.
2026-05-14 15:07:07,286 [ERROR] LogOutputStream:75 - [STDERR_REDIRECT] 
2026-05-14 15:07:08,272 [ERROR] LogOutputStream:75 - [STDERR_REDIRECT] [Fatal Error] :1:1: Premature end of file.
2026-05-14 15:07:08,273 [ERROR] LogOutputStream:75 - [STDERR_REDIRECT] 
2026-05-14 15:07:09,274 [ERROR] LogOutputStream:75 - [STDERR_REDIRECT] [Fatal Error] :1:1: Premature end of file.
2026-05-14 15:07:09,274 [ERROR] LogOutputStream:75 - [STDERR_REDIRECT] 
2026-05-14 15:07:10,273 [ERROR] LogOutputStream:75 - [STDERR_REDIRECT] [Fatal Error] :1:1: Premature end of file.
2026-05-14 15:07:10,273 [ERROR] LogOutputStream:75 - [STDERR_REDIRECT] 
2026-05-14 15:07:11,273 [ERROR] LogOutputStream:75 - [STDERR_REDIRECT] [Fatal Error] :1:1: Premature end of file.
2026-05-14 15:07:11,273 [ERROR] LogOutputStream:75 - [STDERR_REDIRECT] 
2026-05-14 15:07:12,273 [ERROR] LogOutputStream:75 - [STDERR_REDIRECT] [Fatal Error] :1:1: Premature end of file.
2026-05-14 15:07:12,273 [ERROR] LogOutputStream:75 - [STDERR_REDIRECT] 
2026-05-14 15:07:13,277 [ERROR] LogOutputStream:75 - [STDERR_REDIRECT] [Fatal Error] :1:1: Premature end of file.
2026-05-14 15:07:13,277 [ERROR] LogOutputStream:75 - [STDERR_REDIRECT] 
2026-05-14 15:07:14,274 [ERROR] LogOutputStream:75 - [STDERR_REDIRECT] [Fatal Error] :1:1: Premature end of file.
2026-05-14 15:07:14,274 [ERROR] LogOutputStream:75 - [STDERR_REDIRECT] 
2026-05-14 15:07:15,278 [ERROR] LogOutputStream:75 - [STDERR_REDIRECT] [Fatal Error] :1:1: Premature end of file.
2026-05-14 15:07:15,278 [ERROR] LogOutputStream:75 - [STDERR_REDIRECT] 
2026-05-14 15:07:16,277 [ERROR] LogOutputStream:75 - [STDERR_REDIRECT] [Fatal Error] :1:1: Premature end of file.
2026-05-14 15:07:16,277 [ERROR] LogOutputStream:75 - [STDERR_REDIRECT] 
2026-05-14 15:07:17,278 [ERROR] LogOutputStream:75 - [STDERR_REDIRECT] [Fatal Error] :1:1: Premature end of file.
2026-05-14 15:07:17,278 [ERROR] LogOutputStream:75 - [STDERR_REDIRECT] 
2026-05-14 15:07:18,278 [ERROR] LogOutputStream:75 - [STDERR_REDIRECT] [Fatal Error] :1:1: Premature end of file.
2026-05-14 15:07:18,279 [ERROR] LogOutputStream:75 - [STDERR_REDIRECT] 
2026-05-14 15:07:19,279 [ERROR] LogOutputStream:75 - [STDERR_REDIRECT] [Fatal Error] :1:1: Premature end of file.
2026-05-14 15:07:19,279 [ERROR] LogOutputStream:75 - [STDERR_REDIRECT] 
2026-05-14 15:07:20,282 [ERROR] LogOutputStream:75 - [STDERR_REDIRECT] [Fatal Error] :1:1: Premature end of file.
2026-05-14 15:07:20,282 [ERROR] LogOutputStream:75 - [STDERR_REDIRECT] 
2026-05-14 15:07:21,280 [ERROR] LogOutputStream:75 - [STDERR_REDIRECT] [Fatal Error] :1:1: Premature end of file.
2026-05-14 15:07:21,280 [ERROR] LogOutputStream:75 - [STDERR_REDIRECT] 
2026-05-14 15:07:22,283 [ERROR] LogOutputStream:75 - [STDERR_REDIRECT] [Fatal Error] :1:1: Premature end of file.
2026-05-14 15:07:22,283 [ERROR] LogOutputStream:75 - [STDERR_REDIRECT] 
2026-05-14 15:07:23,282 [ERROR] LogOutputStream:75 - [STDERR_REDIRECT] [Fatal Error] :1:1: Premature end of file.
2026-05-14 15:07:23,282 [ERROR] LogOutputStream:75 - [STDERR_REDIRECT] 
2026-05-14 15:07:24,283 [ERROR] LogOutputStream:75 - [STDERR_REDIRECT] [Fatal Error] :1:1: Premature end of file.
2026-05-14 15:07:24,283 [ERROR] LogOutputStream:75 - [STDERR_REDIRECT] 
2026-05-14 15:07:25,285 [ERROR] LogOutputStream:75 - [STDERR_REDIRECT] [Fatal Error] :1:1: Premature end of file.
2026-05-14 15:07:25,285 [ERROR] LogOutputStream:75 - [STDERR_REDIRECT] 
2026-05-14 15:07:26,284 [ERROR] LogOutputStream:75 - [STDERR_REDIRECT] [Fatal Error] :1:1: Premature end of file.
2026-05-14 15:07:26,284 [ERROR] LogOutputStream:75 - [STDERR_REDIRECT] 
2026-05-14 15:07:27,286 [ERROR] LogOutputStream:75 - [STDERR_REDIRECT] [Fatal Error] :1:1: Premature end of file.
2026-05-14 15:07:27,286 [ERROR] LogOutputStream:75 - [STDERR_REDIRECT] 
2026-05-14 15:07:28,279 [ERROR] LogOutputStream:75 - [STDERR_REDIRECT] [Fatal Error] :1:1: Premature end of file.
2026-05-14 15:07:28,279 [ERROR] LogOutputStream:75 - [STDERR_REDIRECT] 
2026-05-14 15:07:29,278 [ERROR] LogOutputStream:75 - [STDERR_REDIRECT] [Fatal Error] :1:1: Premature end of file.
2026-05-14 15:07:29,278 [ERROR] LogOutputStream:75 - [STDERR_REDIRECT] 
2026-05-14 15:07:30,273 [ERROR] LogOutputStream:75 - [STDERR_REDIRECT] [Fatal Error] :1:1: Premature end of file.
2026-05-14 15:07:30,273 [ERROR] LogOutputStream:75 - [STDERR_REDIRECT] 
2026-05-14 15:07:31,288 [ERROR] LogOutputStream:75 - [STDERR_REDIRECT] [Fatal Error] :1:1: Premature end of file.
2026-05-14 15:07:31,288 [ERROR] LogOutputStream:75 - [STDERR_REDIRECT] 
2026-05-14 15:07:32,265 [ERROR] LogOutputStream:75 - [STDERR_REDIRECT] [Fatal Error] :1:1: Premature end of file.
2026-05-14 15:07:32,265 [ERROR] LogOutputStream:75 - [STDERR_REDIRECT] 
2026-05-14 15:07:33,276 [ERROR] LogOutputStream:75 - [STDERR_REDIRECT] [Fatal Error] :1:1: Premature end of file.
2026-05-14 15:07:33,276 [ERROR] LogOutputStream:75 - [STDERR_REDIRECT] 
2026-05-14 15:07:34,276 [ERROR] LogOutputStream:75 - [STDERR_REDIRECT] [Fatal Error] :1:1: Premature end of file.
2026-05-14 15:07:34,276 [ERROR] LogOutputStream:75 - [STDERR_REDIRECT] 
2026-05-14 15:07:35,276 [ERROR] LogOutputStream:75 - [STDERR_REDIRECT] [Fatal Error] :1:1: Premature end of file.
2026-05-14 15:07:35,276 [ERROR] LogOutputStream:75 - [STDERR_REDIRECT] 
2026-05-14 15:07:36,263 [ERROR] LogOutputStream:75 - [STDERR_REDIRECT] [Fatal Error] :1:1: Premature end of file.
2026-05-14 15:07:36,263 [ERROR] LogOutputStream:75 - [STDERR_REDIRECT] 
2026-05-14 15:07:37,277 [ERROR] LogOutputStream:75 - [STDERR_REDIRECT] [Fatal Error] :1:1: Premature end of file.
2026-05-14 15:07:37,277 [ERROR] LogOutputStream:75 - [STDERR_REDIRECT] 
2026-05-14 15:07:38,278 [ERROR] LogOutputStream:75 - [STDERR_REDIRECT] [Fatal Error] :1:1: Premature end of file.
2026-05-14 15:07:38,278 [ERROR] LogOutputStream:75 - [STDERR_REDIRECT] 
2026-05-14 15:07:39,266 [ERROR] LogOutputStream:75 - [STDERR_REDIRECT] [Fatal Error] :1:1: Premature end of file.
2026-05-14 15:07:39,266 [ERROR] LogOutputStream:75 - [STDERR_REDIRECT] 
2026-05-14 15:07:40,267 [ERROR] LogOutputStream:75 - [STDERR_REDIRECT] [Fatal Error] :1:1: Premature end of file.
2026-05-14 15:07:40,267 [ERROR] LogOutputStream:75 - [STDERR_REDIRECT] 
2026-05-14 15:07:41,267 [ERROR] LogOutputStream:75 - [STDERR_REDIRECT] [Fatal Error] :1:1: Premature end of file.
2026-05-14 15:07:41,267 [ERROR] LogOutputStream:75 - [STDERR_REDIRECT] 
2026-05-14 15:07:42,268 [ERROR] LogOutputStream:75 - [STDERR_REDIRECT] [Fatal Error] :1:1: Premature end of file.
2026-05-14 15:07:42,268 [ERROR] LogOutputStream:75 - [STDERR_REDIRECT] 
2026-05-14 15:07:43,269 [ERROR] LogOutputStream:75 - [STDERR_REDIRECT] [Fatal Error] :1:1: Premature end of file.
2026-05-14 15:07:43,269 [ERROR] LogOutputStream:75 - [STDERR_REDIRECT] 
2026-05-14 15:07:44,270 [ERROR] LogOutputStream:75 - [STDERR_REDIRECT] [Fatal Error] :1:1: Premature end of file.
2026-05-14 15:07:44,270 [ERROR] LogOutputStream:75 - [STDERR_REDIRECT] 
2026-05-14 15:07:45,271 [ERROR] LogOutputStream:75 - [STDERR_REDIRECT] [Fatal Error] :1:1: Premature end of file.
2026-05-14 15:07:45,271 [ERROR] LogOutputStream:75 - [STDERR_REDIRECT] 
2026-05-14 15:07:46,271 [ERROR] LogOutputStream:75 - [STDERR_REDIRECT] [Fatal Error] :1:1: Premature end of file.
2026-05-14 15:07:46,271 [ERROR] LogOutputStream:75 - [STDERR_REDIRECT] 
2026-05-14 15:07:47,272 [ERROR] LogOutputStream:75 - [STDERR_REDIRECT] [Fatal Error] :1:1: Premature end of file.
2026-05-14 15:07:47,272 [ERROR] LogOutputStream:75 - [STDERR_REDIRECT] 
2026-05-14 15:07:48,273 [ERROR] LogOutputStream:75 - [STDERR_REDIRECT] [Fatal Error] :1:1: Premature end of file.
2026-05-14 15:07:48,289 [ERROR] LogOutputStream:75 - [STDERR_REDIRECT] 
2026-05-14 15:07:49,273 [ERROR] LogOutputStream:75 - [STDERR_REDIRECT] [Fatal Error] :1:1: Premature end of file.
2026-05-14 15:07:49,273 [ERROR] LogOutputStream:75 - [STDERR_REDIRECT] 
2026-05-14 15:07:50,274 [ERROR] LogOutputStream:75 - [STDERR_REDIRECT] [Fatal Error] :1:1: Premature end of file.
2026-05-14 15:07:50,274 [ERROR] LogOutputStream:75 - [STDERR_REDIRECT] 
2026-05-14 15:07:51,275 [ERROR] LogOutputStream:75 - [STDERR_REDIRECT] [Fatal Error] :1:1: Premature end of file.
2026-05-14 15:07:51,275 [ERROR] LogOutputStream:75 - [STDERR_REDIRECT] 
2026-05-14 15:07:52,409 [ERROR] LogOutputStream:75 - [STDERR_REDIRECT] [Fatal Error] :1:1: Premature end of file.
2026-05-14 15:07:52,409 [ERROR] LogOutputStream:75 - [STDERR_REDIRECT] 
2026-05-14 15:07:53,274 [ERROR] LogOutputStream:75 - [STDERR_REDIRECT] [Fatal Error] :1:1: Premature end of file.
2026-05-14 15:07:53,274 [ERROR] LogOutputStream:75 - [STDERR_REDIRECT] 
2026-05-14 15:07:54,275 [ERROR] LogOutputStream:75 - [STDERR_REDIRECT] [Fatal Error] :1:1: Premature end of file.
2026-05-14 15:07:54,276 [ERROR] LogOutputStream:75 - [STDERR_REDIRECT] 
2026-05-14 15:07:55,279 [ERROR] LogOutputStream:75 - [STDERR_REDIRECT] [Fatal Error] :1:1: Premature end of file.
2026-05-14 15:07:55,279 [ERROR] LogOutputStream:75 - [STDERR_REDIRECT] 
2026-05-14 15:07:56,280 [ERROR] LogOutputStream:75 - [STDERR_REDIRECT] [Fatal Error] :1:1: Premature end of file.
2026-05-14 15:07:56,280 [ERROR] LogOutputStream:75 - [STDERR_REDIRECT] 
2026-05-14 15:07:57,281 [ERROR] LogOutputStream:75 - [STDERR_REDIRECT] [Fatal Error] :1:1: Premature end of file.
2026-05-14 15:07:57,281 [ERROR] LogOutputStream:75 - [STDERR_REDIRECT] 
2026-05-14 15:07:58,281 [ERROR] LogOutputStream:75 - [STDERR_REDIRECT] [Fatal Error] :1:1: Premature end of file.
2026-05-14 15:07:58,281 [ERROR] LogOutputStream:75 - [STDERR_REDIRECT] 
2026-05-14 15:07:59,279 [ERROR] LogOutputStream:75 - [STDERR_REDIRECT] [Fatal Error] :1:1: Premature end of file.
2026-05-14 15:07:59,279 [ERROR] LogOutputStream:75 - [STDERR_REDIRECT] 
2026-05-14 15:08:00,281 [ERROR] LogOutputStream:75 - [STDERR_REDIRECT] [Fatal Error] :1:1: Premature end of file.
2026-05-14 15:08:00,281 [ERROR] LogOutputStream:75 - [STDERR_REDIRECT] 
2026-05-14 15:08:01,281 [ERROR] LogOutputStream:75 - [STDERR_REDIRECT] [Fatal Error] :1:1: Premature end of file.
2026-05-14 15:08:01,281 [ERROR] LogOutputStream:75 - [STDERR_REDIRECT] 
2026-05-14 15:08:02,284 [ERROR] LogOutputStream:75 - [STDERR_REDIRECT] [Fatal Error] :1:1: Premature end of file.
2026-05-14 15:08:02,284 [ERROR] LogOutputStream:75 - [STDERR_REDIRECT] 
2026-05-14 15:08:03,283 [ERROR] LogOutputStream:75 - [STDERR_REDIRECT] [Fatal Error] :1:1: Premature end of file.
2026-05-14 15:08:03,283 [ERROR] LogOutputStream:75 - [STDERR_REDIRECT] 
2026-05-14 15:08:04,283 [ERROR] LogOutputStream:75 - [STDERR_REDIRECT] [Fatal Error] :1:1: Premature end of file.
2026-05-14 15:08:04,283 [ERROR] LogOutputStream:75 - [STDERR_REDIRECT] 
2026-05-14 15:08:05,288 [ERROR] LogOutputStream:75 - [STDERR_REDIRECT] [Fatal Error] :1:1: Premature end of file.
2026-05-14 15:08:05,288 [ERROR] LogOutputStream:75 - [STDERR_REDIRECT] 
2026-05-14 15:08:06,288 [ERROR] LogOutputStream:75 - [STDERR_REDIRECT] [Fatal Error] :1:1: Premature end of file.
2026-05-14 15:08:06,288 [ERROR] LogOutputStream:75 - [STDERR_REDIRECT] 
2026-05-14 15:08:07,289 [ERROR] LogOutputStream:75 - [STDERR_REDIRECT] [Fatal Error] :1:1: Premature end of file.
2026-05-14 15:08:07,289 [ERROR] LogOutputStream:75 - [STDERR_REDIRECT] 
2026-05-14 15:08:08,291 [ERROR] LogOutputStream:75 - [STDERR_REDIRECT] [Fatal Error] :1:1: Premature end of file.
2026-05-14 15:08:08,291 [ERROR] LogOutputStream:75 - [STDERR_REDIRECT] 
2026-05-14 15:08:09,289 [ERROR] LogOutputStream:75 - [STDERR_REDIRECT] [Fatal Error] :1:1: Premature end of file.
2026-05-14 15:08:09,289 [ERROR] LogOutputStream:75 - [STDERR_REDIRECT] 
2026-05-14 15:08:10,275 [ERROR] LogOutputStream:75 - [STDERR_REDIRECT] [Fatal Error] :1:1: Premature end of file.
2026-05-14 15:08:10,275 [ERROR] LogOutputStream:75 - [STDERR_REDIRECT] 
2026-05-14 15:08:11,273 [ERROR] LogOutputStream:75 - [STDERR_REDIRECT] [Fatal Error] :1:1: Premature end of file.
2026-05-14 15:08:11,273 [ERROR] LogOutputStream:75 - [STDERR_REDIRECT] 
2026-05-14 15:08:12,273 [ERROR] LogOutputStream:75 - [STDERR_REDIRECT] [Fatal Error] :1:1: Premature end of file.
2026-05-14 15:08:12,274 [ERROR] LogOutputStream:75 - [STDERR_REDIRECT] 
2026-05-14 15:08:13,275 [ERROR] LogOutputStream:75 - [STDERR_REDIRECT] [Fatal Error] :1:1: Premature end of file.
2026-05-14 15:08:13,275 [ERROR] LogOutputStream:75 - [STDERR_REDIRECT] 
2026-05-14 15:08:14,275 [ERROR] LogOutputStream:75 - [STDERR_REDIRECT] [Fatal Error] :1:1: Premature end of file.
2026-05-14 15:08:14,276 [ERROR] LogOutputStream:75 - [STDERR_REDIRECT] 
2026-05-14 15:08:15,277 [ERROR] LogOutputStream:75 - [STDERR_REDIRECT] [Fatal Error] :1:1: Premature end of file.
2026-05-14 15:08:15,277 [ERROR] LogOutputStream:75 - [STDERR_REDIRECT] 
2026-05-14 15:08:16,275 [ERROR] LogOutputStream:75 - [STDERR_REDIRECT] [Fatal Error] :1:1: Premature end of file.
2026-05-14 15:08:16,275 [ERROR] LogOutputStream:75 - [STDERR_REDIRECT] 
2026-05-14 15:08:17,264 [ERROR] LogOutputStream:75 - [STDERR_REDIRECT] [Fatal Error] :1:1: Premature end of file.
2026-05-14 15:08:17,264 [ERROR] LogOutputStream:75 - [STDERR_REDIRECT] 
2026-05-14 15:08:18,277 [ERROR] LogOutputStream:75 - [STDERR_REDIRECT] [Fatal Error] :1:1: Premature end of file.
2026-05-14 15:08:18,277 [ERROR] LogOutputStream:75 - [STDERR_REDIRECT] 
2026-05-14 15:08:19,277 [ERROR] LogOutputStream:75 - [STDERR_REDIRECT] [Fatal Error] :1:1: Premature end of file.
2026-05-14 15:08:19,277 [ERROR] LogOutputStream:75 - [STDERR_REDIRECT] 
2026-05-14 15:08:20,279 [ERROR] LogOutputStream:75 - [STDERR_REDIRECT] [Fatal Error] :1:1: Premature end of file.
2026-05-14 15:08:20,279 [ERROR] LogOutputStream:75 - [STDERR_REDIRECT] 
2026-05-14 15:08:21,280 [ERROR] LogOutputStream:75 - [STDERR_REDIRECT] [Fatal Error] :1:1: Premature end of file.
2026-05-14 15:08:21,280 [ERROR] LogOutputStream:75 - [STDERR_REDIRECT] 
2026-05-14 15:08:22,283 [ERROR] LogOutputStream:75 - [STDERR_REDIRECT] [Fatal Error] :1:1: Premature end of file.
2026-05-14 15:08:22,283 [ERROR] LogOutputStream:75 - [STDERR_REDIRECT] 
2026-05-14 15:08:23,281 [ERROR] LogOutputStream:75 - [STDERR_REDIRECT] [Fatal Error] :1:1: Premature end of file.
2026-05-14 15:08:23,281 [ERROR] LogOutputStream:75 - [STDERR_REDIRECT] 
2026-05-14 15:08:24,282 [ERROR] LogOutputStream:75 - [STDERR_REDIRECT] [Fatal Error] :1:1: Premature end of file.
2026-05-14 15:08:24,283 [ERROR] LogOutputStream:75 - [STDERR_REDIRECT] 
2026-05-14 15:08:25,280 [ERROR] LogOutputStream:75 - [STDERR_REDIRECT] [Fatal Error] :1:1: Premature end of file.
2026-05-14 15:08:25,280 [ERROR] LogOutputStream:75 - [STDERR_REDIRECT] 
2026-05-14 15:08:26,285 [ERROR] LogOutputStream:75 - [STDERR_REDIRECT] [Fatal Error] :1:1: Premature end of file.
2026-05-14 15:08:26,286 [ERROR] LogOutputStream:75 - [STDERR_REDIRECT] 
2026-05-14 15:08:27,276 [ERROR] LogOutputStream:75 - [STDERR_REDIRECT] [Fatal Error] :1:1: Premature end of file.
2026-05-14 15:08:27,276 [ERROR] LogOutputStream:75 - [STDERR_REDIRECT] 
2026-05-14 15:08:28,285 [ERROR] LogOutputStream:75 - [STDERR_REDIRECT] [Fatal Error] :1:1: Premature end of file.
2026-05-14 15:08:28,285 [ERROR] LogOutputStream:75 - [STDERR_REDIRECT] 
2026-05-14 15:08:29,273 [ERROR] LogOutputStream:75 - [STDERR_REDIRECT] [Fatal Error] :1:1: Premature end of file.
2026-05-14 15:08:29,273 [ERROR] LogOutputStream:75 - [STDERR_REDIRECT] 
2026-05-14 15:08:30,289 [ERROR] LogOutputStream:75 - [STDERR_REDIRECT] [Fatal Error] :1:1: Premature end of file.
2026-05-14 15:08:30,289 [ERROR] LogOutputStream:75 - [STDERR_REDIRECT] 
2026-05-14 15:08:31,272 [ERROR] LogOutputStream:75 - [STDERR_REDIRECT] [Fatal Error] :1:1: Premature end of file.
2026-05-14 15:08:31,272 [ERROR] LogOutputStream:75 - [STDERR_REDIRECT] 
2026-05-14 15:08:32,275 [ERROR] LogOutputStream:75 - [STDERR_REDIRECT] [Fatal Error] :1:1: Premature end of file.
2026-05-14 15:08:32,275 [ERROR] LogOutputStream:75 - [STDERR_REDIRECT] 
2026-05-14 15:08:33,284 [ERROR] LogOutputStream:75 - [STDERR_REDIRECT] [Fatal Error] :1:1: Premature end of file.
2026-05-14 15:08:33,284 [ERROR] LogOutputStream:75 - [STDERR_REDIRECT] 
2026-05-14 15:08:34,277 [ERROR] LogOutputStream:75 - [STDERR_REDIRECT] [Fatal Error] :1:1: Premature end of file.
2026-05-14 15:08:34,277 [ERROR] LogOutputStream:75 - [STDERR_REDIRECT] 
2026-05-14 15:08:35,276 [ERROR] LogOutputStream:75 - [STDERR_REDIRECT] [Fatal Error] :1:1: Premature end of file.
2026-05-14 15:08:35,276 [ERROR] LogOutputStream:75 - [STDERR_REDIRECT] 
2026-05-14 15:08:36,278 [ERROR] LogOutputStream:75 - [STDERR_REDIRECT] [Fatal Error] :1:1: Premature end of file.
2026-05-14 15:08:36,278 [ERROR] LogOutputStream:75 - [STDERR_REDIRECT] 
2026-05-14 15:08:37,278 [ERROR] LogOutputStream:75 - [STDERR_REDIRECT] [Fatal Error] :1:1: Premature end of file.
2026-05-14 15:08:37,278 [ERROR] LogOutputStream:75 - [STDERR_REDIRECT] 
2026-05-14 15:08:38,278 [ERROR] LogOutputStream:75 - [STDERR_REDIRECT] [Fatal Error] :1:1: Premature end of file.
2026-05-14 15:08:38,278 [ERROR] LogOutputStream:75 - [STDERR_REDIRECT] 
2026-05-14 15:08:39,277 [ERROR] LogOutputStream:75 - [STDERR_REDIRECT] [Fatal Error] :1:1: Premature end of file.
2026-05-14 15:08:39,277 [ERROR] LogOutputStream:75 - [STDERR_REDIRECT] 
2026-05-14 15:08:40,265 [ERROR] LogOutputStream:75 - [STDERR_REDIRECT] [Fatal Error] :1:1: Premature end of file.
2026-05-14 15:08:40,265 [ERROR] LogOutputStream:75 - [STDERR_REDIRECT] 
2026-05-14 15:08:41,282 [ERROR] LogOutputStream:75 - [STDERR_REDIRECT] [Fatal Error] :1:1: Premature end of file.
2026-05-14 15:08:41,282 [ERROR] LogOutputStream:75 - [STDERR_REDIRECT] 
2026-05-14 15:08:42,268 [ERROR] LogOutputStream:75 - [STDERR_REDIRECT] [Fatal Error] :1:1: Premature end of file.
2026-05-14 15:08:42,268 [ERROR] LogOutputStream:75 - [STDERR_REDIRECT] 
2026-05-14 15:08:43,278 [ERROR] LogOutputStream:75 - [STDERR_REDIRECT] [Fatal Error] :1:1: Premature end of file.
2026-05-14 15:08:43,279 [ERROR] LogOutputStream:75 - [STDERR_REDIRECT] 
2026-05-14 15:08:44,278 [ERROR] LogOutputStream:75 - [STDERR_REDIRECT] [Fatal Error] :1:1: Premature end of file.
2026-05-14 15:08:44,279 [ERROR] LogOutputStream:75 - [STDERR_REDIRECT] 
2026-05-14 15:08:45,282 [ERROR] LogOutputStream:75 - [STDERR_REDIRECT] [Fatal Error] :1:1: Premature end of file.
2026-05-14 15:08:45,282 [ERROR] LogOutputStream:75 - [STDERR_REDIRECT] 
2026-05-14 15:08:46,284 [ERROR] LogOutputStream:75 - [STDERR_REDIRECT] [Fatal Error] :1:1: Premature end of file.
2026-05-14 15:08:46,284 [ERROR] LogOutputStream:75 - [STDERR_REDIRECT] 
2026-05-14 15:08:47,286 [ERROR] LogOutputStream:75 - [STDERR_REDIRECT] [Fatal Error] :1:1: Premature end of file.
2026-05-14 15:08:47,286 [ERROR] LogOutputStream:75 - [STDERR_REDIRECT] 
2026-05-14 15:08:48,288 [ERROR] LogOutputStream:75 - [STDERR_REDIRECT] [Fatal Error] :1:1: Premature end of file.
2026-05-14 15:08:48,288 [ERROR] LogOutputStream:75 - [STDERR_REDIRECT] 
2026-05-14 15:08:49,273 [ERROR] LogOutputStream:75 - [STDERR_REDIRECT] [Fatal Error] :1:1: Premature end of file.
2026-05-14 15:08:49,273 [ERROR] LogOutputStream:75 - [STDERR_REDIRECT] 
2026-05-14 15:08:50,273 [ERROR] LogOutputStream:75 - [STDERR_REDIRECT] [Fatal Error] :1:1: Premature end of file.
2026-05-14 15:08:50,273 [ERROR] LogOutputStream:75 - [STDERR_REDIRECT] 
2026-05-14 15:08:51,287 [ERROR] LogOutputStream:75 - [STDERR_REDIRECT] [Fatal Error] :1:1: Premature end of file.
2026-05-14 15:08:51,287 [ERROR] LogOutputStream:75 - [STDERR_REDIRECT] 
2026-05-14 15:08:52,274 [ERROR] LogOutputStream:75 - [STDERR_REDIRECT] [Fatal Error] :1:1: Premature end of file.
2026-05-14 15:08:52,274 [ERROR] LogOutputStream:75 - [STDERR_REDIRECT] 
2026-05-14 15:08:53,275 [ERROR] LogOutputStream:75 - [STDERR_REDIRECT] [Fatal Error] :1:1: Premature end of file.
2026-05-14 15:08:53,275 [ERROR] LogOutputStream:75 - [STDERR_REDIRECT] 
2026-05-14 15:08:54,281 [ERROR] LogOutputStream:75 - [STDERR_REDIRECT] [Fatal Error] :1:1: Premature end of file.
2026-05-14 15:08:54,281 [ERROR] LogOutputStream:75 - [STDERR_REDIRECT] 
2026-05-14 15:08:55,275 [ERROR] LogOutputStream:75 - [STDERR_REDIRECT] [Fatal Error] :1:1: Premature end of file.
2026-05-14 15:08:55,275 [ERROR] LogOutputStream:75 - [STDERR_REDIRECT] 
2026-05-14 15:08:56,262 [ERROR] LogOutputStream:75 - [STDERR_REDIRECT] [Fatal Error] :1:1: Premature end of file.
2026-05-14 15:08:56,262 [ERROR] LogOutputStream:75 - [STDERR_REDIRECT] 
2026-05-14 15:08:57,278 [ERROR] LogOutputStream:75 - [STDERR_REDIRECT] [Fatal Error] :1:1: Premature end of file.
2026-05-14 15:08:57,278 [ERROR] LogOutputStream:75 - [STDERR_REDIRECT] 
2026-05-14 15:08:58,276 [ERROR] LogOutputStream:75 - [STDERR_REDIRECT] [Fatal Error] :1:1: Premature end of file.
2026-05-14 15:08:58,276 [ERROR] LogOutputStream:75 - [STDERR_REDIRECT] 
2026-05-14 15:08:59,276 [ERROR] LogOutputStream:75 - [STDERR_REDIRECT] [Fatal Error] :1:1: Premature end of file.
2026-05-14 15:08:59,276 [ERROR] LogOutputStream:75 - [STDERR_REDIRECT] 
2026-05-14 15:09:00,278 [ERROR] LogOutputStream:75 - [STDERR_REDIRECT] [Fatal Error] :1:1: Premature end of file.
2026-05-14 15:09:00,278 [ERROR] LogOutputStream:75 - [STDERR_REDIRECT] 
2026-05-14 15:09:01,280 [ERROR] LogOutputStream:75 - [STDERR_REDIRECT] [Fatal Error] :1:1: Premature end of file.
2026-05-14 15:09:01,281 [ERROR] LogOutputStream:75 - [STDERR_REDIRECT] 
2026-05-14 15:09:02,266 [ERROR] LogOutputStream:75 - [STDERR_REDIRECT] [Fatal Error] :1:1: Premature end of file.
2026-05-14 15:09:02,266 [ERROR] LogOutputStream:75 - [STDERR_REDIRECT] 
2026-05-14 15:09:03,278 [ERROR] LogOutputStream:75 - [STDERR_REDIRECT] [Fatal Error] :1:1: Premature end of file.
2026-05-14 15:09:03,278 [ERROR] LogOutputStream:75 - [STDERR_REDIRECT] 
2026-05-14 15:09:04,282 [ERROR] LogOutputStream:75 - [STDERR_REDIRECT] [Fatal Error] :1:1: Premature end of file.
2026-05-14 15:09:04,282 [ERROR] LogOutputStream:75 - [STDERR_REDIRECT] 
2026-05-14 15:09:05,278 [ERROR] LogOutputStream:75 - [STDERR_REDIRECT] [Fatal Error] :1:1: Premature end of file.
2026-05-14 15:09:05,278 [ERROR] LogOutputStream:75 - [STDERR_REDIRECT] 
2026-05-14 15:09:06,285 [ERROR] LogOutputStream:75 - [STDERR_REDIRECT] [Fatal Error] :1:1: Premature end of file.
2026-05-14 15:09:06,285 [ERROR] LogOutputStream:75 - [STDERR_REDIRECT] 
2026-05-14 15:09:07,284 [ERROR] LogOutputStream:75 - [STDERR_REDIRECT] [Fatal Error] :1:1: Premature end of file.
2026-05-14 15:09:07,284 [ERROR] LogOutputStream:75 - [STDERR_REDIRECT] 
2026-05-14 15:09:08,278 [ERROR] LogOutputStream:75 - [STDERR_REDIRECT] [Fatal Error] :1:1: Premature end of file.
2026-05-14 15:09:08,278 [ERROR] LogOutputStream:75 - [STDERR_REDIRECT] 
2026-05-14 15:09:09,279 [ERROR] LogOutputStream:75 - [STDERR_REDIRECT] [Fatal Error] :1:1: Premature end of file.
2026-05-14 15:09:09,279 [ERROR] LogOutputStream:75 - [STDERR_REDIRECT] 
2026-05-14 15:09:10,278 [ERROR] LogOutputStream:75 - [STDERR_REDIRECT] [Fatal Error] :1:1: Premature end of file.
2026-05-14 15:09:10,278 [ERROR] LogOutputStream:75 - [STDERR_REDIRECT] 
2026-05-14 15:09:11,273 [ERROR] LogOutputStream:75 - [STDERR_REDIRECT] [Fatal Error] :1:1: Premature end of file.
2026-05-14 15:09:11,274 [ERROR] LogOutputStream:75 - [STDERR_REDIRECT] 
2026-05-14 15:09:12,274 [ERROR] LogOutputStream:75 - [STDERR_REDIRECT] [Fatal Error] :1:1: Premature end of file.
2026-05-14 15:09:12,274 [ERROR] LogOutputStream:75 - [STDERR_REDIRECT] 
2026-05-14 15:09:13,275 [ERROR] LogOutputStream:75 - [STDERR_REDIRECT] [Fatal Error] :1:1: Premature end of file.
2026-05-14 15:09:13,275 [ERROR] LogOutputStream:75 - [STDERR_REDIRECT] 
2026-05-14 15:09:14,272 [ERROR] LogOutputStream:75 - [STDERR_REDIRECT] [Fatal Error] :1:1: Premature end of file.
2026-05-14 15:09:14,273 [ERROR] LogOutputStream:75 - [STDERR_REDIRECT] 
2026-05-14 15:09:15,276 [ERROR] LogOutputStream:75 - [STDERR_REDIRECT] [Fatal Error] :1:1: Premature end of file.
2026-05-14 15:09:15,276 [ERROR] LogOutputStream:75 - [STDERR_REDIRECT] 
2026-05-14 15:09:16,274 [ERROR] LogOutputStream:75 - [STDERR_REDIRECT] [Fatal Error] :1:1: Premature end of file.
2026-05-14 15:09:16,274 [ERROR] LogOutputStream:75 - [STDERR_REDIRECT] 
2026-05-14 15:09:17,276 [ERROR] LogOutputStream:75 - [STDERR_REDIRECT] [Fatal Error] :1:1: Premature end of file.
2026-05-14 15:09:17,276 [ERROR] LogOutputStream:75 - [STDERR_REDIRECT] 
2026-05-14 15:09:18,276 [ERROR] LogOutputStream:75 - [STDERR_REDIRECT] [Fatal Error] :1:1: Premature end of file.
2026-05-14 15:09:18,276 [ERROR] LogOutputStream:75 - [STDERR_REDIRECT] 
2026-05-14 15:09:19,278 [ERROR] LogOutputStream:75 - [STDERR_REDIRECT] [Fatal Error] :1:1: Premature end of file.
2026-05-14 15:09:19,278 [ERROR] LogOutputStream:75 - [STDERR_REDIRECT] 
2026-05-14 15:09:20,279 [ERROR] LogOutputStream:75 - [STDERR_REDIRECT] [Fatal Error] :1:1: Premature end of file.
2026-05-14 15:09:20,279 [ERROR] LogOutputStream:75 - [STDERR_REDIRECT] 
2026-05-14 15:09:21,280 [ERROR] LogOutputStream:75 - [STDERR_REDIRECT] [Fatal Error] :1:1: Premature end of file.
2026-05-14 15:09:21,280 [ERROR] LogOutputStream:75 - [STDERR_REDIRECT] 
2026-05-14 15:09:22,279 [ERROR] LogOutputStream:75 - [STDERR_REDIRECT] [Fatal Error] :1:1: Premature end of file.
2026-05-14 15:09:22,279 [ERROR] LogOutputStream:75 - [STDERR_REDIRECT] 
2026-05-14 15:09:23,281 [ERROR] LogOutputStream:75 - [STDERR_REDIRECT] [Fatal Error] :1:1: Premature end of file.
2026-05-14 15:09:23,281 [ERROR] LogOutputStream:75 - [STDERR_REDIRECT] 
2026-05-14 15:09:24,280 [ERROR] LogOutputStream:75 - [STDERR_REDIRECT] [Fatal Error] :1:1: Premature end of file.
2026-05-14 15:09:24,280 [ERROR] LogOutputStream:75 - [STDERR_REDIRECT] 
2026-05-14 15:09:25,283 [ERROR] LogOutputStream:75 - [STDERR_REDIRECT] [Fatal Error] :1:1: Premature end of file.
2026-05-14 15:09:25,283 [ERROR] LogOutputStream:75 - [STDERR_REDIRECT] 
2026-05-14 15:09:26,283 [ERROR] LogOutputStream:75 - [STDERR_REDIRECT] [Fatal Error] :1:1: Premature end of file.
2026-05-14 15:09:26,284 [ERROR] LogOutputStream:75 - [STDERR_REDIRECT] 
2026-05-14 15:09:27,283 [ERROR] LogOutputStream:75 - [STDERR_REDIRECT] [Fatal Error] :1:1: Premature end of file.
2026-05-14 15:09:27,283 [ERROR] LogOutputStream:75 - [STDERR_REDIRECT] 
2026-05-14 15:09:28,285 [ERROR] LogOutputStream:75 - [STDERR_REDIRECT] [Fatal Error] :1:1: Premature end of file.
2026-05-14 15:09:28,285 [ERROR] LogOutputStream:75 - [STDERR_REDIRECT] 
2026-05-14 15:09:29,278 [ERROR] LogOutputStream:75 - [STDERR_REDIRECT] [Fatal Error] :1:1: Premature end of file.
2026-05-14 15:09:29,279 [ERROR] LogOutputStream:75 - [STDERR_REDIRECT] 
2026-05-14 15:09:30,287 [ERROR] LogOutputStream:75 - [STDERR_REDIRECT] [Fatal Error] :1:1: Premature end of file.
2026-05-14 15:09:30,288 [ERROR] LogOutputStream:75 - [STDERR_REDIRECT] 
2026-05-14 15:09:31,273 [ERROR] LogOutputStream:75 - [STDERR_REDIRECT] [Fatal Error] :1:1: Premature end of file.
2026-05-14 15:09:31,273 [ERROR] LogOutputStream:75 - [STDERR_REDIRECT] 
2026-05-14 15:09:32,273 [ERROR] LogOutputStream:75 - [STDERR_REDIRECT] [Fatal Error] :1:1: Premature end of file.
2026-05-14 15:09:32,273 [ERROR] LogOutputStream:75 - [STDERR_REDIRECT] 
2026-05-14 15:09:33,272 [ERROR] LogOutputStream:75 - [STDERR_REDIRECT] [Fatal Error] :1:1: Premature end of file.
2026-05-14 15:09:33,272 [ERROR] LogOutputStream:75 - [STDERR_REDIRECT] 
2026-05-14 15:09:34,274 [ERROR] LogOutputStream:75 - [STDERR_REDIRECT] [Fatal Error] :1:1: Premature end of file.
2026-05-14 15:09:34,274 [ERROR] LogOutputStream:75 - [STDERR_REDIRECT] 
2026-05-14 15:09:35,273 [ERROR] LogOutputStream:75 - [STDERR_REDIRECT] [Fatal Error] :1:1: Premature end of file.
2026-05-14 15:09:35,273 [ERROR] LogOutputStream:75 - [STDERR_REDIRECT] 
2026-05-14 15:09:36,273 [ERROR] LogOutputStream:75 - [STDERR_REDIRECT] [Fatal Error] :1:1: Premature end of file.
2026-05-14 15:09:36,273 [ERROR] LogOutputStream:75 - [STDERR_REDIRECT] 
2026-05-14 15:09:37,277 [ERROR] LogOutputStream:75 - [STDERR_REDIRECT] [Fatal Error] :1:1: Premature end of file.
2026-05-14 15:09:37,277 [ERROR] LogOutputStream:75 - [STDERR_REDIRECT] 
2026-05-14 15:09:38,277 [ERROR] LogOutputStream:75 - [STDERR_REDIRECT] [Fatal Error] :1:1: Premature end of file.
2026-05-14 15:09:38,277 [ERROR] LogOutputStream:75 - [STDERR_REDIRECT] 
2026-05-14 15:09:39,279 [ERROR] LogOutputStream:75 - [STDERR_REDIRECT] [Fatal Error] :1:1: Premature end of file.
2026-05-14 15:09:39,279 [ERROR] LogOutputStream:75 - [STDERR_REDIRECT] 
2026-05-14 15:09:40,277 [ERROR] LogOutputStream:75 - [STDERR_REDIRECT] [Fatal Error] :1:1: Premature end of file.
2026-05-14 15:09:40,277 [ERROR] LogOutputStream:75 - [STDERR_REDIRECT] 
2026-05-14 15:09:41,280 [ERROR] LogOutputStream:75 - [STDERR_REDIRECT] [Fatal Error] :1:1: Premature end of file.
2026-05-14 15:09:41,280 [ERROR] LogOutputStream:75 - [STDERR_REDIRECT] 
2026-05-14 15:09:42,280 [ERROR] LogOutputStream:75 - [STDERR_REDIRECT] [Fatal Error] :1:1: Premature end of file.
2026-05-14 15:09:42,280 [ERROR] LogOutputStream:75 - [STDERR_REDIRECT] 
2026-05-14 15:09:43,267 [ERROR] LogOutputStream:75 - [STDERR_REDIRECT] [Fatal Error] :1:1: Premature end of file.
2026-05-14 15:09:43,267 [ERROR] LogOutputStream:75 - [STDERR_REDIRECT] 
2026-05-14 15:09:44,283 [ERROR] LogOutputStream:75 - [STDERR_REDIRECT] [Fatal Error] :1:1: Premature end of file.
2026-05-14 15:09:44,283 [ERROR] LogOutputStream:75 - [STDERR_REDIRECT] 
2026-05-14 15:09:45,281 [ERROR] LogOutputStream:75 - [STDERR_REDIRECT] [Fatal Error] :1:1: Premature end of file.
2026-05-14 15:09:45,281 [ERROR] LogOutputStream:75 - [STDERR_REDIRECT] 
2026-05-14 15:09:46,276 [ERROR] LogOutputStream:75 - [STDERR_REDIRECT] [Fatal Error] :1:1: Premature end of file.
2026-05-14 15:09:46,276 [ERROR] LogOutputStream:75 - [STDERR_REDIRECT] 
2026-05-14 15:09:47,278 [ERROR] LogOutputStream:75 - [STDERR_REDIRECT] [Fatal Error] :1:1: Premature end of file.
2026-05-14 15:09:47,278 [ERROR] LogOutputStream:75 - [STDERR_REDIRECT] 
2026-05-14 15:09:48,284 [ERROR] LogOutputStream:75 - [STDERR_REDIRECT] [Fatal Error] :1:1: Premature end of file.
2026-05-14 15:09:48,284 [ERROR] LogOutputStream:75 - [STDERR_REDIRECT] 
2026-05-14 15:09:49,285 [ERROR] LogOutputStream:75 - [STDERR_REDIRECT] [Fatal Error] :1:1: Premature end of file.
2026-05-14 15:09:49,285 [ERROR] LogOutputStream:75 - [STDERR_REDIRECT] 
2026-05-14 15:09:50,287 [ERROR] LogOutputStream:75 - [STDERR_REDIRECT] [Fatal Error] :1:1: Premature end of file.
2026-05-14 15:09:50,287 [ERROR] LogOutputStream:75 - [STDERR_REDIRECT] 
2026-05-14 15:09:51,273 [ERROR] LogOutputStream:75 - [STDERR_REDIRECT] [Fatal Error] :1:1: Premature end of file.
2026-05-14 15:09:51,273 [ERROR] LogOutputStream:75 - [STDERR_REDIRECT] 
2026-05-14 15:09:52,273 [ERROR] LogOutputStream:75 - [STDERR_REDIRECT] [Fatal Error] :1:1: Premature end of file.
2026-05-14 15:09:52,274 [ERROR] LogOutputStream:75 - [STDERR_REDIRECT] 
2026-05-14 15:09:53,273 [ERROR] LogOutputStream:75 - [STDERR_REDIRECT] [Fatal Error] :1:1: Premature end of file.
2026-05-14 15:09:53,273 [ERROR] LogOutputStream:75 - [STDERR_REDIRECT] 
2026-05-14 15:09:54,273 [ERROR] LogOutputStream:75 - [STDERR_REDIRECT] [Fatal Error] :1:1: Premature end of file.
2026-05-14 15:09:54,273 [ERROR] LogOutputStream:75 - [STDERR_REDIRECT] 
2026-05-14 15:09:55,274 [ERROR] LogOutputStream:75 - [STDERR_REDIRECT] [Fatal Error] :1:1: Premature end of file.
2026-05-14 15:09:55,275 [ERROR] LogOutputStream:75 - [STDERR_REDIRECT] 
2026-05-14 15:09:56,276 [ERROR] LogOutputStream:75 - [STDERR_REDIRECT] [Fatal Error] :1:1: Premature end of file.
2026-05-14 15:09:56,276 [ERROR] LogOutputStream:75 - [STDERR_REDIRECT] 
2026-05-14 15:09:57,277 [ERROR] LogOutputStream:75 - [STDERR_REDIRECT] [Fatal Error] :1:1: Premature end of file.
2026-05-14 15:09:57,277 [ERROR] LogOutputStream:75 - [STDERR_REDIRECT] 
2026-05-14 15:09:58,278 [ERROR] LogOutputStream:75 - [STDERR_REDIRECT] [Fatal Error] :1:1: Premature end of file.
2026-05-14 15:09:58,278 [ERROR] LogOutputStream:75 - [STDERR_REDIRECT] 
2026-05-14 15:09:59,277 [ERROR] LogOutputStream:75 - [STDERR_REDIRECT] [Fatal Error] :1:1: Premature end of file.
2026-05-14 15:09:59,277 [ERROR] LogOutputStream:75 - [STDERR_REDIRECT] 
2026-05-14 15:10:00,280 [ERROR] LogOutputStream:75 - [STDERR_REDIRECT] [Fatal Error] :1:1: Premature end of file.
2026-05-14 15:10:00,280 [ERROR] LogOutputStream:75 - [STDERR_REDIRECT] 
2026-05-14 15:10:01,281 [ERROR] LogOutputStream:75 - [STDERR_REDIRECT] [Fatal Error] :1:1: Premature end of file.
2026-05-14 15:10:01,281 [ERROR] LogOutputStream:75 - [STDERR_REDIRECT] 
2026-05-14 15:10:02,266 [ERROR] LogOutputStream:75 - [STDERR_REDIRECT] [Fatal Error] :1:1: Premature end of file.
2026-05-14 15:10:02,266 [ERROR] LogOutputStream:75 - [STDERR_REDIRECT] 
2026-05-14 15:10:03,278 [ERROR] LogOutputStream:75 - [STDERR_REDIRECT] [Fatal Error] :1:1: Premature end of file.
2026-05-14 15:10:03,278 [ERROR] LogOutputStream:75 - [STDERR_REDIRECT] 
2026-05-14 15:10:04,279 [ERROR] LogOutputStream:75 - [STDERR_REDIRECT] [Fatal Error] :1:1: Premature end of file.
2026-05-14 15:10:04,279 [ERROR] LogOutputStream:75 - [STDERR_REDIRECT] 
2026-05-14 15:10:05,284 [ERROR] LogOutputStream:75 - [STDERR_REDIRECT] [Fatal Error] :1:1: Premature end of file.
2026-05-14 15:10:05,284 [ERROR] LogOutputStream:75 - [STDERR_REDIRECT] 
2026-05-14 15:10:06,281 [ERROR] LogOutputStream:75 - [STDERR_REDIRECT] [Fatal Error] :1:1: Premature end of file.
2026-05-14 15:10:06,281 [ERROR] LogOutputStream:75 - [STDERR_REDIRECT] 
2026-05-14 15:10:07,287 [ERROR] LogOutputStream:75 - [STDERR_REDIRECT] [Fatal Error] :1:1: Premature end of file.
2026-05-14 15:10:07,287 [ERROR] LogOutputStream:75 - [STDERR_REDIRECT] 
2026-05-14 15:10:08,286 [ERROR] LogOutputStream:75 - [STDERR_REDIRECT] [Fatal Error] :1:1: Premature end of file.
2026-05-14 15:10:08,286 [ERROR] LogOutputStream:75 - [STDERR_REDIRECT] 
2026-05-14 15:10:09,285 [ERROR] LogOutputStream:75 - [STDERR_REDIRECT] [Fatal Error] :1:1: Premature end of file.
2026-05-14 15:10:09,285 [ERROR] LogOutputStream:75 - [STDERR_REDIRECT] 
2026-05-14 15:10:10,283 [ERROR] LogOutputStream:75 - [STDERR_REDIRECT] [Fatal Error] :1:1: Premature end of file.
2026-05-14 15:10:10,283 [ERROR] LogOutputStream:75 - [STDERR_REDIRECT] 
2026-05-14 15:10:11,285 [ERROR] LogOutputStream:75 - [STDERR_REDIRECT] [Fatal Error] :1:1: Premature end of file.
2026-05-14 15:10:11,285 [ERROR] LogOutputStream:75 - [STDERR_REDIRECT] 
2026-05-14 15:10:12,286 [ERROR] LogOutputStream:75 - [STDERR_REDIRECT] [Fatal Error] :1:1: Premature end of file.
2026-05-14 15:10:12,286 [ERROR] LogOutputStream:75 - [STDERR_REDIRECT] 
2026-05-14 15:10:13,291 [ERROR] LogOutputStream:75 - [STDERR_REDIRECT] [Fatal Error] :1:1: Premature end of file.
2026-05-14 15:10:13,291 [ERROR] LogOutputStream:75 - [STDERR_REDIRECT] 
2026-05-14 15:10:14,285 [ERROR] LogOutputStream:75 - [STDERR_REDIRECT] [Fatal Error] :1:1: Premature end of file.
2026-05-14 15:10:14,285 [ERROR] LogOutputStream:75 - [STDERR_REDIRECT] 
2026-05-14 15:10:15,275 [ERROR] LogOutputStream:75 - [STDERR_REDIRECT] [Fatal Error] :1:1: Premature end of file.
2026-05-14 15:10:15,275 [ERROR] LogOutputStream:75 - [STDERR_REDIRECT] 
2026-05-14 15:10:16,275 [ERROR] LogOutputStream:75 - [STDERR_REDIRECT] [Fatal Error] :1:1: Premature end of file.
2026-05-14 15:10:16,275 [ERROR] LogOutputStream:75 - [STDERR_REDIRECT] 
2026-05-14 15:10:17,276 [ERROR] LogOutputStream:75 - [STDERR_REDIRECT] [Fatal Error] :1:1: Premature end of file.
2026-05-14 15:10:17,276 [ERROR] LogOutputStream:75 - [STDERR_REDIRECT] 
2026-05-14 15:10:18,276 [ERROR] LogOutputStream:75 - [STDERR_REDIRECT] [Fatal Error] :1:1: Premature end of file.
2026-05-14 15:10:18,276 [ERROR] LogOutputStream:75 - [STDERR_REDIRECT] 
2026-05-14 15:10:19,277 [ERROR] LogOutputStream:75 - [STDERR_REDIRECT] [Fatal Error] :1:1: Premature end of file.
2026-05-14 15:10:19,278 [ERROR] LogOutputStream:75 - [STDERR_REDIRECT] 
2026-05-14 15:10:20,263 [ERROR] LogOutputStream:75 - [STDERR_REDIRECT] [Fatal Error] :1:1: Premature end of file.
2026-05-14 15:10:20,263 [ERROR] LogOutputStream:75 - [STDERR_REDIRECT] 
2026-05-14 15:10:21,279 [ERROR] LogOutputStream:75 - [STDERR_REDIRECT] [Fatal Error] :1:1: Premature end of file.
2026-05-14 15:10:21,279 [ERROR] LogOutputStream:75 - [STDERR_REDIRECT] 
2026-05-14 15:10:22,277 [ERROR] LogOutputStream:75 - [STDERR_REDIRECT] [Fatal Error] :1:1: Premature end of file.
2026-05-14 15:10:22,278 [ERROR] LogOutputStream:75 - [STDERR_REDIRECT] 
2026-05-14 15:10:23,280 [ERROR] LogOutputStream:75 - [STDERR_REDIRECT] [Fatal Error] :1:1: Premature end of file.
2026-05-14 15:10:23,280 [ERROR] LogOutputStream:75 - [STDERR_REDIRECT] 
2026-05-14 15:10:24,282 [ERROR] LogOutputStream:75 - [STDERR_REDIRECT] [Fatal Error] :1:1: Premature end of file.
2026-05-14 15:10:24,282 [ERROR] LogOutputStream:75 - [STDERR_REDIRECT] 
2026-05-14 15:10:25,282 [ERROR] LogOutputStream:75 - [STDERR_REDIRECT] [Fatal Error] :1:1: Premature end of file.
2026-05-14 15:10:25,282 [ERROR] LogOutputStream:75 - [STDERR_REDIRECT] 
2026-05-14 15:10:26,284 [ERROR] LogOutputStream:75 - [STDERR_REDIRECT] [Fatal Error] :1:1: Premature end of file.
2026-05-14 15:10:26,284 [ERROR] LogOutputStream:75 - [STDERR_REDIRECT] 
2026-05-14 15:10:27,279 [ERROR] LogOutputStream:75 - [STDERR_REDIRECT] [Fatal Error] :1:1: Premature end of file.
2026-05-14 15:10:27,279 [ERROR] LogOutputStream:75 - [STDERR_REDIRECT] 
2026-05-14 15:10:28,283 [ERROR] LogOutputStream:75 - [STDERR_REDIRECT] [Fatal Error] :1:1: Premature end of file.
2026-05-14 15:10:28,283 [ERROR] LogOutputStream:75 - [STDERR_REDIRECT] 
2026-05-14 15:10:29,283 [ERROR] LogOutputStream:75 - [STDERR_REDIRECT] [Fatal Error] :1:1: Premature end of file.
2026-05-14 15:10:29,283 [ERROR] LogOutputStream:75 - [STDERR_REDIRECT] 
2026-05-14 15:10:30,278 [ERROR] LogOutputStream:75 - [STDERR_REDIRECT] [Fatal Error] :1:1: Premature end of file.
2026-05-14 15:10:30,278 [ERROR] LogOutputStream:75 - [STDERR_REDIRECT] 
2026-05-14 15:10:31,287 [ERROR] LogOutputStream:75 - [STDERR_REDIRECT] [Fatal Error] :1:1: Premature end of file.
2026-05-14 15:10:31,287 [ERROR] LogOutputStream:75 - [STDERR_REDIRECT] 
2026-05-14 15:10:32,273 [ERROR] LogOutputStream:75 - [STDERR_REDIRECT] [Fatal Error] :1:1: Premature end of file.
2026-05-14 15:10:32,273 [ERROR] LogOutputStream:75 - [STDERR_REDIRECT] 
2026-05-14 15:10:33,274 [ERROR] LogOutputStream:75 - [STDERR_REDIRECT] [Fatal Error] :1:1: Premature end of file.
2026-05-14 15:10:33,274 [ERROR] LogOutputStream:75 - [STDERR_REDIRECT] 
2026-05-14 15:10:34,287 [ERROR] LogOutputStream:75 - [STDERR_REDIRECT] [Fatal Error] :1:1: Premature end of file.
2026-05-14 15:10:34,287 [ERROR] LogOutputStream:75 - [STDERR_REDIRECT] 
2026-05-14 15:10:35,273 [ERROR] LogOutputStream:75 - [STDERR_REDIRECT] [Fatal Error] :1:1: Premature end of file.
2026-05-14 15:10:35,273 [ERROR] LogOutputStream:75 - [STDERR_REDIRECT] 
2026-05-14 15:10:36,290 [ERROR] LogOutputStream:75 - [STDERR_REDIRECT] [Fatal Error] :1:1: Premature end of file.
2026-05-14 15:10:36,290 [ERROR] LogOutputStream:75 - [STDERR_REDIRECT] 
2026-05-14 15:10:37,273 [ERROR] LogOutputStream:75 - [STDERR_REDIRECT] [Fatal Error] :1:1: Premature end of file.
2026-05-14 15:10:37,273 [ERROR] LogOutputStream:75 - [STDERR_REDIRECT] 
2026-05-14 15:10:38,276 [ERROR] LogOutputStream:75 - [STDERR_REDIRECT] [Fatal Error] :1:1: Premature end of file.
2026-05-14 15:10:38,276 [ERROR] LogOutputStream:75 - [STDERR_REDIRECT] 
2026-05-14 15:10:39,275 [ERROR] LogOutputStream:75 - [STDERR_REDIRECT] [Fatal Error] :1:1: Premature end of file.
2026-05-14 15:10:39,276 [ERROR] LogOutputStream:75 - [STDERR_REDIRECT] 
2026-05-14 15:10:40,278 [ERROR] LogOutputStream:75 - [STDERR_REDIRECT] [Fatal Error] :1:1: Premature end of file.
2026-05-14 15:10:40,279 [ERROR] LogOutputStream:75 - [STDERR_REDIRECT] 
2026-05-14 15:10:41,279 [ERROR] LogOutputStream:75 - [STDERR_REDIRECT] [Fatal Error] :1:1: Premature end of file.
2026-05-14 15:10:41,279 [ERROR] LogOutputStream:75 - [STDERR_REDIRECT] 
2026-05-14 15:10:42,282 [ERROR] LogOutputStream:75 - [STDERR_REDIRECT] [Fatal Error] :1:1: Premature end of file.
2026-05-14 15:10:42,282 [ERROR] LogOutputStream:75 - [STDERR_REDIRECT] 
2026-05-14 15:10:43,280 [ERROR] LogOutputStream:75 - [STDERR_REDIRECT] [Fatal Error] :1:1: Premature end of file.
2026-05-14 15:10:43,280 [ERROR] LogOutputStream:75 - [STDERR_REDIRECT] 
2026-05-14 15:10:44,266 [ERROR] LogOutputStream:75 - [STDERR_REDIRECT] [Fatal Error] :1:1: Premature end of file.
2026-05-14 15:10:44,266 [ERROR] LogOutputStream:75 - [STDERR_REDIRECT] 
2026-05-14 15:10:45,281 [ERROR] LogOutputStream:75 - [STDERR_REDIRECT] [Fatal Error] :1:1: Premature end of file.
2026-05-14 15:10:45,281 [ERROR] LogOutputStream:75 - [STDERR_REDIRECT] 
2026-05-14 15:10:46,281 [ERROR] LogOutputStream:75 - [STDERR_REDIRECT] [Fatal Error] :1:1: Premature end of file.
2026-05-14 15:10:46,281 [ERROR] LogOutputStream:75 - [STDERR_REDIRECT] 
2026-05-14 15:10:47,281 [ERROR] LogOutputStream:75 - [STDERR_REDIRECT] [Fatal Error] :1:1: Premature end of file.
2026-05-14 15:10:47,281 [ERROR] LogOutputStream:75 - [STDERR_REDIRECT] 
2026-05-14 15:10:48,283 [ERROR] LogOutputStream:75 - [STDERR_REDIRECT] [Fatal Error] :1:1: Premature end of file.
2026-05-14 15:10:48,283 [ERROR] LogOutputStream:75 - [STDERR_REDIRECT] 
2026-05-14 15:10:49,283 [ERROR] LogOutputStream:75 - [STDERR_REDIRECT] [Fatal Error] :1:1: Premature end of file.
2026-05-14 15:10:49,283 [ERROR] LogOutputStream:75 - [STDERR_REDIRECT] 
2026-05-14 15:10:50,287 [ERROR] LogOutputStream:75 - [STDERR_REDIRECT] [Fatal Error] :1:1: Premature end of file.
2026-05-14 15:10:50,287 [ERROR] LogOutputStream:75 - [STDERR_REDIRECT] 
2026-05-14 15:10:51,280 [ERROR] LogOutputStream:75 - [STDERR_REDIRECT] [Fatal Error] :1:1: Premature end of file.
2026-05-14 15:10:51,280 [ERROR] LogOutputStream:75 - [STDERR_REDIRECT] 
2026-05-14 15:10:52,279 [ERROR] LogOutputStream:75 - [STDERR_REDIRECT] [Fatal Error] :1:1: Premature end of file.
2026-05-14 15:10:52,279 [ERROR] LogOutputStream:75 - [STDERR_REDIRECT] 
2026-05-14 15:10:53,287 [ERROR] LogOutputStream:75 - [STDERR_REDIRECT] [Fatal Error] :1:1: Premature end of file.
2026-05-14 15:10:53,287 [ERROR] LogOutputStream:75 - [STDERR_REDIRECT] 
2026-05-14 15:10:54,287 [ERROR] LogOutputStream:75 - [STDERR_REDIRECT] [Fatal Error] :1:1: Premature end of file.
2026-05-14 15:10:54,287 [ERROR] LogOutputStream:75 - [STDERR_REDIRECT] 
2026-05-14 15:10:55,276 [ERROR] LogOutputStream:75 - [STDERR_REDIRECT] [Fatal Error] :1:1: Premature end of file.
2026-05-14 15:10:55,276 [ERROR] LogOutputStream:75 - [STDERR_REDIRECT] 
2026-05-14 15:10:56,273 [ERROR] LogOutputStream:75 - [STDERR_REDIRECT] [Fatal Error] :1:1: Premature end of file.
2026-05-14 15:10:56,273 [ERROR] LogOutputStream:75 - [STDERR_REDIRECT] 
2026-05-14 15:10:57,274 [ERROR] LogOutputStream:75 - [STDERR_REDIRECT] [Fatal Error] :1:1: Premature end of file.
2026-05-14 15:10:57,274 [ERROR] LogOutputStream:75 - [STDERR_REDIRECT] 
2026-05-14 15:10:58,275 [ERROR] LogOutputStream:75 - [STDERR_REDIRECT] [Fatal Error] :1:1: Premature end of file.
2026-05-14 15:10:58,276 [ERROR] LogOutputStream:75 - [STDERR_REDIRECT] 
2026-05-14 15:10:59,287 [ERROR] LogOutputStream:75 - [STDERR_REDIRECT] [Fatal Error] :1:1: Premature end of file.
2026-05-14 15:10:59,287 [ERROR] LogOutputStream:75 - [STDERR_REDIRECT] 
2026-05-14 15:11:00,276 [ERROR] LogOutputStream:75 - [STDERR_REDIRECT] [Fatal Error] :1:1: Premature end of file.
2026-05-14 15:11:00,276 [ERROR] LogOutputStream:75 - [STDERR_REDIRECT] 
2026-05-14 15:11:01,277 [ERROR] LogOutputStream:75 - [STDERR_REDIRECT] [Fatal Error] :1:1: Premature end of file.
2026-05-14 15:11:01,277 [ERROR] LogOutputStream:75 - [STDERR_REDIRECT] 
2026-05-14 15:11:02,264 [ERROR] LogOutputStream:75 - [STDERR_REDIRECT] [Fatal Error] :1:1: Premature end of file.
2026-05-14 15:11:02,264 [ERROR] LogOutputStream:75 - [STDERR_REDIRECT] 
2026-05-14 15:11:03,280 [ERROR] LogOutputStream:75 - [STDERR_REDIRECT] [Fatal Error] :1:1: Premature end of file.
2026-05-14 15:11:03,280 [ERROR] LogOutputStream:75 - [STDERR_REDIRECT] 
2026-05-14 15:11:04,280 [ERROR] LogOutputStream:75 - [STDERR_REDIRECT] [Fatal Error] :1:1: Premature end of file.
2026-05-14 15:11:04,280 [ERROR] LogOutputStream:75 - [STDERR_REDIRECT] 
2026-05-14 15:11:05,282 [ERROR] LogOutputStream:75 - [STDERR_REDIRECT] [Fatal Error] :1:1: Premature end of file.
2026-05-14 15:11:05,282 [ERROR] LogOutputStream:75 - [STDERR_REDIRECT] 
2026-05-14 15:11:06,279 [ERROR] LogOutputStream:75 - [STDERR_REDIRECT] [Fatal Error] :1:1: Premature end of file.
2026-05-14 15:11:06,279 [ERROR] LogOutputStream:75 - [STDERR_REDIRECT] 
2026-05-14 15:11:07,284 [ERROR] LogOutputStream:75 - [STDERR_REDIRECT] [Fatal Error] :1:1: Premature end of file.
2026-05-14 15:11:07,284 [ERROR] LogOutputStream:75 - [STDERR_REDIRECT] 
2026-05-14 15:11:08,285 [ERROR] LogOutputStream:75 - [STDERR_REDIRECT] [Fatal Error] :1:1: Premature end of file.
2026-05-14 15:11:08,285 [ERROR] LogOutputStream:75 - [STDERR_REDIRECT] 
2026-05-14 15:11:09,279 [ERROR] LogOutputStream:75 - [STDERR_REDIRECT] [Fatal Error] :1:1: Premature end of file.
2026-05-14 15:11:09,280 [ERROR] LogOutputStream:75 - [STDERR_REDIRECT] 
2026-05-14 15:11:10,285 [ERROR] LogOutputStream:75 - [STDERR_REDIRECT] [Fatal Error] :1:1: Premature end of file.
2026-05-14 15:11:10,285 [ERROR] LogOutputStream:75 - [STDERR_REDIRECT] 
2026-05-14 15:11:11,284 [ERROR] LogOutputStream:75 - [STDERR_REDIRECT] [Fatal Error] :1:1: Premature end of file.
2026-05-14 15:11:11,284 [ERROR] LogOutputStream:75 - [STDERR_REDIRECT] 
2026-05-14 15:11:12,271 [ERROR] LogOutputStream:75 - [STDERR_REDIRECT] [Fatal Error] :1:1: Premature end of file.
2026-05-14 15:11:12,271 [ERROR] LogOutputStream:75 - [STDERR_REDIRECT] 
2026-05-14 15:11:13,286 [ERROR] LogOutputStream:75 - [STDERR_REDIRECT] [Fatal Error] :1:1: Premature end of file.
2026-05-14 15:11:13,286 [ERROR] LogOutputStream:75 - [STDERR_REDIRECT] 
2026-05-14 15:11:14,273 [ERROR] LogOutputStream:75 - [STDERR_REDIRECT] [Fatal Error] :1:1: Premature end of file.
2026-05-14 15:11:14,273 [ERROR] LogOutputStream:75 - [STDERR_REDIRECT] 
2026-05-14 15:11:15,272 [ERROR] LogOutputStream:75 - [STDERR_REDIRECT] [Fatal Error] :1:1: Premature end of file.
2026-05-14 15:11:15,272 [ERROR] LogOutputStream:75 - [STDERR_REDIRECT] 
2026-05-14 15:11:16,273 [ERROR] LogOutputStream:75 - [STDERR_REDIRECT] [Fatal Error] :1:1: Premature end of file.
2026-05-14 15:11:16,274 [ERROR] LogOutputStream:75 - [STDERR_REDIRECT] 
2026-05-14 15:11:17,275 [ERROR] LogOutputStream:75 - [STDERR_REDIRECT] [Fatal Error] :1:1: Premature end of file.
2026-05-14 15:11:17,275 [ERROR] LogOutputStream:75 - [STDERR_REDIRECT] 
2026-05-14 15:11:18,276 [ERROR] LogOutputStream:75 - [STDERR_REDIRECT] [Fatal Error] :1:1: Premature end of file.
2026-05-14 15:11:18,276 [ERROR] LogOutputStream:75 - [STDERR_REDIRECT] 
2026-05-14 15:11:19,275 [ERROR] LogOutputStream:75 - [STDERR_REDIRECT] [Fatal Error] :1:1: Premature end of file.
2026-05-14 15:11:19,275 [ERROR] LogOutputStream:75 - [STDERR_REDIRECT] 
2026-05-14 15:11:20,277 [ERROR] LogOutputStream:75 - [STDERR_REDIRECT] [Fatal Error] :1:1: Premature end of file.
2026-05-14 15:11:20,277 [ERROR] LogOutputStream:75 - [STDERR_REDIRECT] 
2026-05-14 15:11:21,279 [ERROR] LogOutputStream:75 - [STDERR_REDIRECT] [Fatal Error] :1:1: Premature end of file.
2026-05-14 15:11:21,279 [ERROR] LogOutputStream:75 - [STDERR_REDIRECT] 
2026-05-14 15:11:22,278 [ERROR] LogOutputStream:75 - [STDERR_REDIRECT] [Fatal Error] :1:1: Premature end of file.
2026-05-14 15:11:22,278 [ERROR] LogOutputStream:75 - [STDERR_REDIRECT] 
2026-05-14 15:11:23,280 [ERROR] LogOutputStream:75 - [STDERR_REDIRECT] [Fatal Error] :1:1: Premature end of file.
2026-05-14 15:11:23,280 [ERROR] LogOutputStream:75 - [STDERR_REDIRECT] 
2026-05-14 15:11:24,265 [ERROR] LogOutputStream:75 - [STDERR_REDIRECT] [Fatal Error] :1:1: Premature end of file.
2026-05-14 15:11:24,281 [ERROR] LogOutputStream:75 - [STDERR_REDIRECT] 
2026-05-14 15:11:25,281 [ERROR] LogOutputStream:75 - [STDERR_REDIRECT] [Fatal Error] :1:1: Premature end of file.
2026-05-14 15:11:25,281 [ERROR] LogOutputStream:75 - [STDERR_REDIRECT] 
2026-05-14 15:11:26,279 [ERROR] LogOutputStream:75 - [STDERR_REDIRECT] [Fatal Error] :1:1: Premature end of file.
2026-05-14 15:11:26,279 [ERROR] LogOutputStream:75 - [STDERR_REDIRECT] 
2026-05-14 15:11:27,278 [ERROR] LogOutputStream:75 - [STDERR_REDIRECT] [Fatal Error] :1:1: Premature end of file.
2026-05-14 15:11:27,278 [ERROR] LogOutputStream:75 - [STDERR_REDIRECT] 
2026-05-14 15:11:28,281 [ERROR] LogOutputStream:75 - [STDERR_REDIRECT] [Fatal Error] :1:1: Premature end of file.
2026-05-14 15:11:28,281 [ERROR] LogOutputStream:75 - [STDERR_REDIRECT] 
2026-05-14 15:11:29,275 [ERROR] LogOutputStream:75 - [STDERR_REDIRECT] [Fatal Error] :1:1: Premature end of file.
2026-05-14 15:11:29,275 [ERROR] LogOutputStream:75 - [STDERR_REDIRECT] 
2026-05-14 15:11:30,275 [ERROR] LogOutputStream:75 - [STDERR_REDIRECT] [Fatal Error] :1:1: Premature end of file.
2026-05-14 15:11:30,275 [ERROR] LogOutputStream:75 - [STDERR_REDIRECT] 
2026-05-14 15:11:31,286 [ERROR] LogOutputStream:75 - [STDERR_REDIRECT] [Fatal Error] :1:1: Premature end of file.
2026-05-14 15:11:31,286 [ERROR] LogOutputStream:75 - [STDERR_REDIRECT] 
2026-05-14 15:11:32,275 [ERROR] LogOutputStream:75 - [STDERR_REDIRECT] [Fatal Error] :1:1: Premature end of file.
2026-05-14 15:11:32,275 [ERROR] LogOutputStream:75 - [STDERR_REDIRECT] 
2026-05-14 15:11:33,287 [ERROR] LogOutputStream:75 - [STDERR_REDIRECT] [Fatal Error] :1:1: Premature end of file.
2026-05-14 15:11:33,287 [ERROR] LogOutputStream:75 - [STDERR_REDIRECT] 
2026-05-14 15:11:34,278 [ERROR] LogOutputStream:75 - [STDERR_REDIRECT] [Fatal Error] :1:1: Premature end of file.
2026-05-14 15:11:34,278 [ERROR] LogOutputStream:75 - [STDERR_REDIRECT] 
2026-05-14 15:11:35,288 [ERROR] LogOutputStream:75 - [STDERR_REDIRECT] [Fatal Error] :1:1: Premature end of file.
2026-05-14 15:11:35,288 [ERROR] LogOutputStream:75 - [STDERR_REDIRECT] 
2026-05-14 15:11:36,274 [ERROR] LogOutputStream:75 - [STDERR_REDIRECT] [Fatal Error] :1:1: Premature end of file.
2026-05-14 15:11:36,274 [ERROR] LogOutputStream:75 - [STDERR_REDIRECT] 
2026-05-14 15:11:37,274 [ERROR] LogOutputStream:75 - [STDERR_REDIRECT] [Fatal Error] :1:1: Premature end of file.
2026-05-14 15:11:37,274 [ERROR] LogOutputStream:75 - [STDERR_REDIRECT] 
2026-05-14 15:11:38,274 [ERROR] LogOutputStream:75 - [STDERR_REDIRECT] [Fatal Error] :1:1: Premature end of file.
2026-05-14 15:11:38,275 [ERROR] LogOutputStream:75 - [STDERR_REDIRECT] 
2026-05-14 15:11:39,280 [ERROR] LogOutputStream:75 - [STDERR_REDIRECT] [Fatal Error] :1:1: Premature end of file.
2026-05-14 15:11:39,280 [ERROR] LogOutputStream:75 - [STDERR_REDIRECT] 
2026-05-14 15:11:40,276 [ERROR] LogOutputStream:75 - [STDERR_REDIRECT] [Fatal Error] :1:1: Premature end of file.
2026-05-14 15:11:40,277 [ERROR] LogOutputStream:75 - [STDERR_REDIRECT] 
2026-05-14 15:11:41,275 [ERROR] LogOutputStream:75 - [STDERR_REDIRECT] [Fatal Error] :1:1: Premature end of file.
2026-05-14 15:11:41,275 [ERROR] LogOutputStream:75 - [STDERR_REDIRECT] 
2026-05-14 15:11:42,279 [ERROR] LogOutputStream:75 - [STDERR_REDIRECT] [Fatal Error] :1:1: Premature end of file.
2026-05-14 15:11:42,279 [ERROR] LogOutputStream:75 - [STDERR_REDIRECT] 
2026-05-14 15:11:43,277 [ERROR] LogOutputStream:75 - [STDERR_REDIRECT] [Fatal Error] :1:1: Premature end of file.
2026-05-14 15:11:43,277 [ERROR] LogOutputStream:75 - [STDERR_REDIRECT] 
2026-05-14 15:11:44,263 [ERROR] LogOutputStream:75 - [STDERR_REDIRECT] [Fatal Error] :1:1: Premature end of file.
2026-05-14 15:11:44,263 [ERROR] LogOutputStream:75 - [STDERR_REDIRECT] 
2026-05-14 15:11:45,282 [ERROR] LogOutputStream:75 - [STDERR_REDIRECT] [Fatal Error] :1:1: Premature end of file.
2026-05-14 15:11:45,282 [ERROR] LogOutputStream:75 - [STDERR_REDIRECT] 
2026-05-14 15:11:46,282 [ERROR] LogOutputStream:75 - [STDERR_REDIRECT] [Fatal Error] :1:1: Premature end of file.
2026-05-14 15:11:46,282 [ERROR] LogOutputStream:75 - [STDERR_REDIRECT] 
2026-05-14 15:11:47,281 [ERROR] LogOutputStream:75 - [STDERR_REDIRECT] [Fatal Error] :1:1: Premature end of file.
2026-05-14 15:11:47,281 [ERROR] LogOutputStream:75 - [STDERR_REDIRECT] 
2026-05-14 15:11:48,278 [ERROR] LogOutputStream:75 - [STDERR_REDIRECT] [Fatal Error] :1:1: Premature end of file.
2026-05-14 15:11:48,278 [ERROR] LogOutputStream:75 - [STDERR_REDIRECT] 
2026-05-14 15:11:49,281 [ERROR] LogOutputStream:75 - [STDERR_REDIRECT] [Fatal Error] :1:1: Premature end of file.
2026-05-14 15:11:49,281 [ERROR] LogOutputStream:75 - [STDERR_REDIRECT] 
2026-05-14 15:11:50,269 [ERROR] LogOutputStream:75 - [STDERR_REDIRECT] [Fatal Error] :1:1: Premature end of file.
2026-05-14 15:11:50,269 [ERROR] LogOutputStream:75 - [STDERR_REDIRECT] 
2026-05-14 15:11:51,286 [ERROR] LogOutputStream:75 - [STDERR_REDIRECT] [Fatal Error] :1:1: Premature end of file.
2026-05-14 15:11:51,286 [ERROR] LogOutputStream:75 - [STDERR_REDIRECT] 
2026-05-14 15:11:52,287 [ERROR] LogOutputStream:75 - [STDERR_REDIRECT] [Fatal Error] :1:1: Premature end of file.
2026-05-14 15:11:52,288 [ERROR] LogOutputStream:75 - [STDERR_REDIRECT] 
2026-05-14 15:11:53,285 [ERROR] LogOutputStream:75 - [STDERR_REDIRECT] [Fatal Error] :1:1: Premature end of file.
2026-05-14 15:11:53,285 [ERROR] LogOutputStream:75 - [STDERR_REDIRECT] 
2026-05-14 15:11:54,287 [ERROR] LogOutputStream:75 - [STDERR_REDIRECT] [Fatal Error] :1:1: Premature end of file.
2026-05-14 15:11:54,287 [ERROR] LogOutputStream:75 - [STDERR_REDIRECT] 
2026-05-14 15:11:55,287 [ERROR] LogOutputStream:75 - [STDERR_REDIRECT] [Fatal Error] :1:1: Premature end of file.
2026-05-14 15:11:55,287 [ERROR] LogOutputStream:75 - [STDERR_REDIRECT] 
2026-05-14 15:11:56,273 [ERROR] LogOutputStream:75 - [STDERR_REDIRECT] [Fatal Error] :1:1: Premature end of file.
2026-05-14 15:11:56,273 [ERROR] LogOutputStream:75 - [STDERR_REDIRECT] 
2026-05-14 15:11:57,259 [ERROR] LogOutputStream:75 - [STDERR_REDIRECT] [Fatal Error] :1:1: Premature end of file.
2026-05-14 15:11:57,259 [ERROR] LogOutputStream:75 - [STDERR_REDIRECT] 
2026-05-14 15:11:58,274 [ERROR] LogOutputStream:75 - [STDERR_REDIRECT] [Fatal Error] :1:1: Premature end of file.
2026-05-14 15:11:58,274 [ERROR] LogOutputStream:75 - [STDERR_REDIRECT] 
2026-05-14 15:11:59,259 [ERROR] LogOutputStream:75 - [STDERR_REDIRECT] [Fatal Error] :1:1: Premature end of file.
2026-05-14 15:11:59,259 [ERROR] LogOutputStream:75 - [STDERR_REDIRECT] 
2026-05-14 15:12:00,260 [ERROR] LogOutputStream:75 - [STDERR_REDIRECT] [Fatal Error] :1:1: Premature end of file.
2026-05-14 15:12:00,260 [ERROR] LogOutputStream:75 - [STDERR_REDIRECT] 
2026-05-14 15:12:01,262 [ERROR] LogOutputStream:75 - [STDERR_REDIRECT] [Fatal Error] :1:1: Premature end of file.
2026-05-14 15:12:01,262 [ERROR] LogOutputStream:75 - [STDERR_REDIRECT] 
2026-05-14 15:12:02,263 [ERROR] LogOutputStream:75 - [STDERR_REDIRECT] [Fatal Error] :1:1: Premature end of file.
2026-05-14 15:12:02,263 [ERROR] LogOutputStream:75 - [STDERR_REDIRECT] 
2026-05-14 15:12:03,276 [ERROR] LogOutputStream:75 - [STDERR_REDIRECT] [Fatal Error] :1:1: Premature end of file.
2026-05-14 15:12:03,276 [ERROR] LogOutputStream:75 - [STDERR_REDIRECT] 
2026-05-14 15:12:04,277 [ERROR] LogOutputStream:75 - [STDERR_REDIRECT] [Fatal Error] :1:1: Premature end of file.
2026-05-14 15:12:04,277 [ERROR] LogOutputStream:75 - [STDERR_REDIRECT] 
2026-05-14 15:12:05,280 [ERROR] LogOutputStream:75 - [STDERR_REDIRECT] [Fatal Error] :1:1: Premature end of file.
2026-05-14 15:12:05,280 [ERROR] LogOutputStream:75 - [STDERR_REDIRECT] 
2026-05-14 15:12:06,267 [ERROR] LogOutputStream:75 - [STDERR_REDIRECT] [Fatal Error] :1:1: Premature end of file.
2026-05-14 15:12:06,267 [ERROR] LogOutputStream:75 - [STDERR_REDIRECT] 
2026-05-14 15:12:07,282 [ERROR] LogOutputStream:75 - [STDERR_REDIRECT] [Fatal Error] :1:1: Premature end of file.
2026-05-14 15:12:07,282 [ERROR] LogOutputStream:75 - [STDERR_REDIRECT] 
2026-05-14 15:12:08,283 [ERROR] LogOutputStream:75 - [STDERR_REDIRECT] [Fatal Error] :1:1: Premature end of file.
2026-05-14 15:12:08,283 [ERROR] LogOutputStream:75 - [STDERR_REDIRECT] 
2026-05-14 15:12:09,282 [ERROR] LogOutputStream:75 - [STDERR_REDIRECT] [Fatal Error] :1:1: Premature end of file.
2026-05-14 15:12:09,282 [ERROR] LogOutputStream:75 - [STDERR_REDIRECT] 
2026-05-14 15:12:10,283 [ERROR] LogOutputStream:75 - [STDERR_REDIRECT] [Fatal Error] :1:1: Premature end of file.
2026-05-14 15:12:10,283 [ERROR] LogOutputStream:75 - [STDERR_REDIRECT] 
2026-05-14 15:12:11,286 [ERROR] LogOutputStream:75 - [STDERR_REDIRECT] [Fatal Error] :1:1: Premature end of file.
2026-05-14 15:12:11,286 [ERROR] LogOutputStream:75 - [STDERR_REDIRECT] 
2026-05-14 15:12:12,282 [ERROR] LogOutputStream:75 - [STDERR_REDIRECT] [Fatal Error] :1:1: Premature end of file.
2026-05-14 15:12:12,282 [ERROR] LogOutputStream:75 - [STDERR_REDIRECT] 
2026-05-14 15:12:13,271 [ERROR] LogOutputStream:75 - [STDERR_REDIRECT] [Fatal Error] :1:1: Premature end of file.
2026-05-14 15:12:13,271 [ERROR] LogOutputStream:75 - [STDERR_REDIRECT] 
2026-05-14 15:12:14,283 [ERROR] LogOutputStream:75 - [STDERR_REDIRECT] [Fatal Error] :1:1: Premature end of file.
2026-05-14 15:12:14,283 [ERROR] LogOutputStream:75 - [STDERR_REDIRECT] 
2026-05-14 15:12:15,289 [ERROR] LogOutputStream:75 - [STDERR_REDIRECT] [Fatal Error] :1:1: Premature end of file.
2026-05-14 15:12:15,289 [ERROR] LogOutputStream:75 - [STDERR_REDIRECT] 
2026-05-14 15:12:16,279 [ERROR] LogOutputStream:75 - [STDERR_REDIRECT] [Fatal Error] :1:1: Premature end of file.
2026-05-14 15:12:16,279 [ERROR] LogOutputStream:75 - [STDERR_REDIRECT] 
2026-05-14 15:12:17,272 [ERROR] LogOutputStream:75 - [STDERR_REDIRECT] [Fatal Error] :1:1: Premature end of file.
2026-05-14 15:12:17,273 [ERROR] LogOutputStream:75 - [STDERR_REDIRECT] 
2026-05-14 15:12:18,258 [ERROR] LogOutputStream:75 - [STDERR_REDIRECT] [Fatal Error] :1:1: Premature end of file.
2026-05-14 15:12:18,258 [ERROR] LogOutputStream:75 - [STDERR_REDIRECT] 
2026-05-14 15:12:19,274 [ERROR] LogOutputStream:75 - [STDERR_REDIRECT] [Fatal Error] :1:1: Premature end of file.
2026-05-14 15:12:19,274 [ERROR] LogOutputStream:75 - [STDERR_REDIRECT] 
2026-05-14 15:12:20,275 [ERROR] LogOutputStream:75 - [STDERR_REDIRECT] [Fatal Error] :1:1: Premature end of file.
2026-05-14 15:12:20,276 [ERROR] LogOutputStream:75 - [STDERR_REDIRECT] 
2026-05-14 15:12:21,277 [ERROR] LogOutputStream:75 - [STDERR_REDIRECT] [Fatal Error] :1:1: Premature end of file.
2026-05-14 15:12:21,277 [ERROR] LogOutputStream:75 - [STDERR_REDIRECT] 
2026-05-14 15:12:22,276 [ERROR] LogOutputStream:75 - [STDERR_REDIRECT] [Fatal Error] :1:1: Premature end of file.
2026-05-14 15:12:22,276 [ERROR] LogOutputStream:75 - [STDERR_REDIRECT] 
2026-05-14 15:12:23,278 [ERROR] LogOutputStream:75 - [STDERR_REDIRECT] [Fatal Error] :1:1: Premature end of file.
2026-05-14 15:12:23,278 [ERROR] LogOutputStream:75 - [STDERR_REDIRECT] 
2026-05-14 15:12:24,278 [ERROR] LogOutputStream:75 - [STDERR_REDIRECT] [Fatal Error] :1:1: Premature end of file.
2026-05-14 15:12:24,278 [ERROR] LogOutputStream:75 - [STDERR_REDIRECT] 
2026-05-14 15:12:25,277 [ERROR] LogOutputStream:75 - [STDERR_REDIRECT] [Fatal Error] :1:1: Premature end of file.
2026-05-14 15:12:25,277 [ERROR] LogOutputStream:75 - [STDERR_REDIRECT] 
2026-05-14 15:12:26,266 [ERROR] LogOutputStream:75 - [STDERR_REDIRECT] [Fatal Error] :1:1: Premature end of file.
2026-05-14 15:12:26,266 [ERROR] LogOutputStream:75 - [STDERR_REDIRECT] 
2026-05-14 15:12:27,279 [ERROR] LogOutputStream:75 - [STDERR_REDIRECT] [Fatal Error] :1:1: Premature end of file.
2026-05-14 15:12:27,279 [ERROR] LogOutputStream:75 - [STDERR_REDIRECT] 
2026-05-14 15:12:28,278 [ERROR] LogOutputStream:75 - [STDERR_REDIRECT] [Fatal Error] :1:1: Premature end of file.
2026-05-14 15:12:28,278 [ERROR] LogOutputStream:75 - [STDERR_REDIRECT] 
2026-05-14 15:12:29,280 [ERROR] LogOutputStream:75 - [STDERR_REDIRECT] [Fatal Error] :1:1: Premature end of file.
2026-05-14 15:12:29,280 [ERROR] LogOutputStream:75 - [STDERR_REDIRECT] 
2026-05-14 15:12:30,280 [ERROR] LogOutputStream:75 - [STDERR_REDIRECT] [Fatal Error] :1:1: Premature end of file.
2026-05-14 15:12:30,281 [ERROR] LogOutputStream:75 - [STDERR_REDIRECT] 
2026-05-14 15:12:31,285 [ERROR] LogOutputStream:75 - [STDERR_REDIRECT] [Fatal Error] :1:1: Premature end of file.
2026-05-14 15:12:31,285 [ERROR] LogOutputStream:75 - [STDERR_REDIRECT] 
2026-05-14 15:12:32,273 [ERROR] LogOutputStream:75 - [STDERR_REDIRECT] [Fatal Error] :1:1: Premature end of file.
2026-05-14 15:12:32,273 [ERROR] LogOutputStream:75 - [STDERR_REDIRECT] 
2026-05-14 15:12:33,284 [ERROR] LogOutputStream:75 - [STDERR_REDIRECT] [Fatal Error] :1:1: Premature end of file.
2026-05-14 15:12:33,284 [ERROR] LogOutputStream:75 - [STDERR_REDIRECT] 
2026-05-14 15:12:34,286 [ERROR] LogOutputStream:75 - [STDERR_REDIRECT] [Fatal Error] :1:1: Premature end of file.
2026-05-14 15:12:34,286 [ERROR] LogOutputStream:75 - [STDERR_REDIRECT] 
2026-05-14 15:12:35,287 [ERROR] LogOutputStream:75 - [STDERR_REDIRECT] [Fatal Error] :1:1: Premature end of file.
2026-05-14 15:12:35,288 [ERROR] LogOutputStream:75 - [STDERR_REDIRECT] 
2026-05-14 15:12:36,275 [ERROR] LogOutputStream:75 - [STDERR_REDIRECT] [Fatal Error] :1:1: Premature end of file.
2026-05-14 15:12:36,275 [ERROR] LogOutputStream:75 - [STDERR_REDIRECT] 
2026-05-14 15:12:37,290 [ERROR] LogOutputStream:75 - [STDERR_REDIRECT] [Fatal Error] :1:1: Premature end of file.
2026-05-14 15:12:37,290 [ERROR] LogOutputStream:75 - [STDERR_REDIRECT] 
2026-05-14 15:12:38,277 [ERROR] LogOutputStream:75 - [STDERR_REDIRECT] [Fatal Error] :1:1: Premature end of file.
2026-05-14 15:12:38,277 [ERROR] LogOutputStream:75 - [STDERR_REDIRECT] 
2026-05-14 15:12:39,275 [ERROR] LogOutputStream:75 - [STDERR_REDIRECT] [Fatal Error] :1:1: Premature end of file.
2026-05-14 15:12:39,276 [ERROR] LogOutputStream:75 - [STDERR_REDIRECT] 
2026-05-14 15:12:40,274 [ERROR] LogOutputStream:75 - [STDERR_REDIRECT] [Fatal Error] :1:1: Premature end of file.
2026-05-14 15:12:40,274 [ERROR] LogOutputStream:75 - [STDERR_REDIRECT] 
2026-05-14 15:12:41,273 [ERROR] LogOutputStream:75 - [STDERR_REDIRECT] [Fatal Error] :1:1: Premature end of file.
2026-05-14 15:12:41,273 [ERROR] LogOutputStream:75 - [STDERR_REDIRECT] 
2026-05-14 15:12:42,277 [ERROR] LogOutputStream:75 - [STDERR_REDIRECT] [Fatal Error] :1:1: Premature end of file.
2026-05-14 15:12:42,277 [ERROR] LogOutputStream:75 - [STDERR_REDIRECT] 
2026-05-14 15:12:43,273 [ERROR] LogOutputStream:75 - [STDERR_REDIRECT] [Fatal Error] :1:1: Premature end of file.
2026-05-14 15:12:43,274 [ERROR] LogOutputStream:75 - [STDERR_REDIRECT] 
2026-05-14 15:12:44,273 [ERROR] LogOutputStream:75 - [STDERR_REDIRECT] [Fatal Error] :1:1: Premature end of file.
2026-05-14 15:12:44,273 [ERROR] LogOutputStream:75 - [STDERR_REDIRECT] 
2026-05-14 15:12:45,273 [ERROR] LogOutputStream:75 - [STDERR_REDIRECT] [Fatal Error] :1:1: Premature end of file.
2026-05-14 15:12:45,273 [ERROR] LogOutputStream:75 - [STDERR_REDIRECT] 
2026-05-14 15:12:46,274 [ERROR] LogOutputStream:75 - [STDERR_REDIRECT] [Fatal Error] :1:1: Premature end of file.
2026-05-14 15:12:46,276 [ERROR] LogOutputStream:75 - [STDERR_REDIRECT] 
2026-05-14 15:12:47,276 [ERROR] LogOutputStream:75 - [STDERR_REDIRECT] [Fatal Error] :1:1: Premature end of file.
2026-05-14 15:12:47,276 [ERROR] LogOutputStream:75 - [STDERR_REDIRECT] 
2026-05-14 15:12:48,274 [ERROR] LogOutputStream:75 - [STDERR_REDIRECT] [Fatal Error] :1:1: Premature end of file.
2026-05-14 15:12:48,274 [ERROR] LogOutputStream:75 - [STDERR_REDIRECT] 
2026-05-14 15:12:49,275 [ERROR] LogOutputStream:75 - [STDERR_REDIRECT] [Fatal Error] :1:1: Premature end of file.
2026-05-14 15:12:49,275 [ERROR] LogOutputStream:75 - [STDERR_REDIRECT] 
2026-05-14 15:12:50,272 [ERROR] LogOutputStream:75 - [STDERR_REDIRECT] [Fatal Error] :1:1: Premature end of file.
2026-05-14 15:12:50,272 [ERROR] LogOutputStream:75 - [STDERR_REDIRECT] 
2026-05-14 15:12:51,274 [ERROR] LogOutputStream:75 - [STDERR_REDIRECT] [Fatal Error] :1:1: Premature end of file.
2026-05-14 15:12:51,274 [ERROR] LogOutputStream:75 - [STDERR_REDIRECT] 
2026-05-14 15:12:52,274 [ERROR] LogOutputStream:75 - [STDERR_REDIRECT] [Fatal Error] :1:1: Premature end of file.
2026-05-14 15:12:52,274 [ERROR] LogOutputStream:75 - [STDERR_REDIRECT] 
2026-05-14 15:12:53,274 [ERROR] LogOutputStream:75 - [STDERR_REDIRECT] [Fatal Error] :1:1: Premature end of file.
2026-05-14 15:12:53,274 [ERROR] LogOutputStream:75 - [STDERR_REDIRECT] 
2026-05-14 15:12:54,276 [ERROR] LogOutputStream:75 - [STDERR_REDIRECT] [Fatal Error] :1:1: Premature end of file.
2026-05-14 15:12:54,276 [ERROR] LogOutputStream:75 - [STDERR_REDIRECT] 
2026-05-14 15:12:55,271 [ERROR] LogOutputStream:75 - [STDERR_REDIRECT] [Fatal Error] :1:1: Premature end of file.
2026-05-14 15:12:55,271 [ERROR] LogOutputStream:75 - [STDERR_REDIRECT] 
2026-05-14 15:12:56,274 [ERROR] LogOutputStream:75 - [STDERR_REDIRECT] [Fatal Error] :1:1: Premature end of file.
2026-05-14 15:12:56,274 [ERROR] LogOutputStream:75 - [STDERR_REDIRECT] 
2026-05-14 15:12:57,274 [ERROR] LogOutputStream:75 - [STDERR_REDIRECT] [Fatal Error] :1:1: Premature end of file.
2026-05-14 15:12:57,274 [ERROR] LogOutputStream:75 - [STDERR_REDIRECT] 
2026-05-14 15:12:58,275 [ERROR] LogOutputStream:75 - [STDERR_REDIRECT] [Fatal Error] :1:1: Premature end of file.
2026-05-14 15:12:58,275 [ERROR] LogOutputStream:75 - [STDERR_REDIRECT] 
2026-05-14 15:12:59,274 [ERROR] LogOutputStream:75 - [STDERR_REDIRECT] [Fatal Error] :1:1: Premature end of file.
2026-05-14 15:12:59,274 [ERROR] LogOutputStream:75 - [STDERR_REDIRECT] 
2026-05-14 15:13:00,272 [ERROR] LogOutputStream:75 - [STDERR_REDIRECT] [Fatal Error] :1:1: Premature end of file.
2026-05-14 15:13:00,272 [ERROR] LogOutputStream:75 - [STDERR_REDIRECT] 
2026-05-14 15:13:01,276 [ERROR] LogOutputStream:75 - [STDERR_REDIRECT] [Fatal Error] :1:1: Premature end of file.
2026-05-14 15:13:01,276 [ERROR] LogOutputStream:75 - [STDERR_REDIRECT] 
2026-05-14 15:13:02,280 [ERROR] LogOutputStream:75 - [STDERR_REDIRECT] [Fatal Error] :1:1: Premature end of file.
2026-05-14 15:13:02,280 [ERROR] LogOutputStream:75 - [STDERR_REDIRECT] 
2026-05-14 15:13:03,284 [ERROR] LogOutputStream:75 - [STDERR_REDIRECT] [Fatal Error] :1:1: Premature end of file.
2026-05-14 15:13:03,284 [ERROR] LogOutputStream:75 - [STDERR_REDIRECT] 
2026-05-14 15:13:04,282 [ERROR] LogOutputStream:75 - [STDERR_REDIRECT] [Fatal Error] :1:1: Premature end of file.
2026-05-14 15:13:04,282 [ERROR] LogOutputStream:75 - [STDERR_REDIRECT] 
2026-05-14 15:13:05,285 [ERROR] LogOutputStream:75 - [STDERR_REDIRECT] [Fatal Error] :1:1: Premature end of file.
2026-05-14 15:13:05,285 [ERROR] LogOutputStream:75 - [STDERR_REDIRECT] 
2026-05-14 15:13:06,286 [ERROR] LogOutputStream:75 - [STDERR_REDIRECT] [Fatal Error] :1:1: Premature end of file.
2026-05-14 15:13:06,286 [ERROR] LogOutputStream:75 - [STDERR_REDIRECT] 
2026-05-14 15:13:07,274 [ERROR] LogOutputStream:75 - [STDERR_REDIRECT] [Fatal Error] :1:1: Premature end of file.
2026-05-14 15:13:07,274 [ERROR] LogOutputStream:75 - [STDERR_REDIRECT] 
2026-05-14 15:13:08,275 [ERROR] LogOutputStream:75 - [STDERR_REDIRECT] [Fatal Error] :1:1: Premature end of file.
2026-05-14 15:13:08,275 [ERROR] LogOutputStream:75 - [STDERR_REDIRECT] 
2026-05-14 15:13:09,278 [ERROR] LogOutputStream:75 - [STDERR_REDIRECT] [Fatal Error] :1:1: Premature end of file.
2026-05-14 15:13:09,278 [ERROR] LogOutputStream:75 - [STDERR_REDIRECT] 
2026-05-14 15:13:10,279 [ERROR] LogOutputStream:75 - [STDERR_REDIRECT] [Fatal Error] :1:1: Premature end of file.
2026-05-14 15:13:10,279 [ERROR] LogOutputStream:75 - [STDERR_REDIRECT] 
2026-05-14 15:13:11,282 [ERROR] LogOutputStream:75 - [STDERR_REDIRECT] [Fatal Error] :1:1: Premature end of file.
2026-05-14 15:13:11,282 [ERROR] LogOutputStream:75 - [STDERR_REDIRECT] 
2026-05-14 15:13:12,281 [ERROR] LogOutputStream:75 - [STDERR_REDIRECT] [Fatal Error] :1:1: Premature end of file.
2026-05-14 15:13:12,281 [ERROR] LogOutputStream:75 - [STDERR_REDIRECT] 
2026-05-14 15:13:13,282 [ERROR] LogOutputStream:75 - [STDERR_REDIRECT] [Fatal Error] :1:1: Premature end of file.
2026-05-14 15:13:13,282 [ERROR] LogOutputStream:75 - [STDERR_REDIRECT] 
2026-05-14 15:13:14,285 [ERROR] LogOutputStream:75 - [STDERR_REDIRECT] [Fatal Error] :1:1: Premature end of file.
2026-05-14 15:13:14,285 [ERROR] LogOutputStream:75 - [STDERR_REDIRECT] 
2026-05-14 15:13:15,284 [ERROR] LogOutputStream:75 - [STDERR_REDIRECT] [Fatal Error] :1:1: Premature end of file.
2026-05-14 15:13:15,284 [ERROR] LogOutputStream:75 - [STDERR_REDIRECT] 
2026-05-14 15:13:16,287 [ERROR] LogOutputStream:75 - [STDERR_REDIRECT] [Fatal Error] :1:1: Premature end of file.
2026-05-14 15:13:16,287 [ERROR] LogOutputStream:75 - [STDERR_REDIRECT] 
2026-05-14 15:13:17,290 [ERROR] LogOutputStream:75 - [STDERR_REDIRECT] [Fatal Error] :1:1: Premature end of file.
2026-05-14 15:13:17,290 [ERROR] LogOutputStream:75 - [STDERR_REDIRECT] 
2026-05-14 15:13:18,290 [ERROR] LogOutputStream:75 - [STDERR_REDIRECT] [Fatal Error] :1:1: Premature end of file.
2026-05-14 15:13:18,290 [ERROR] LogOutputStream:75 - [STDERR_REDIRECT] 
2026-05-14 15:13:19,290 [ERROR] LogOutputStream:75 - [STDERR_REDIRECT] [Fatal Error] :1:1: Premature end of file.
2026-05-14 15:13:19,292 [ERROR] LogOutputStream:75 - [STDERR_REDIRECT] 
2026-05-14 15:13:20,280 [ERROR] LogOutputStream:75 - [STDERR_REDIRECT] [Fatal Error] :1:1: Premature end of file.
2026-05-14 15:13:20,280 [ERROR] LogOutputStream:75 - [STDERR_REDIRECT] 
2026-05-14 15:13:21,281 [ERROR] LogOutputStream:75 - [STDERR_REDIRECT] [Fatal Error] :1:1: Premature end of file.
2026-05-14 15:13:21,281 [ERROR] LogOutputStream:75 - [STDERR_REDIRECT] 
2026-05-14 15:13:22,284 [ERROR] LogOutputStream:75 - [STDERR_REDIRECT] [Fatal Error] :1:1: Premature end of file.
2026-05-14 15:13:22,286 [ERROR] LogOutputStream:75 - [STDERR_REDIRECT] 
2026-05-14 15:13:23,287 [ERROR] LogOutputStream:75 - [STDERR_REDIRECT] [Fatal Error] :1:1: Premature end of file.
2026-05-14 15:13:23,287 [ERROR] LogOutputStream:75 - [STDERR_REDIRECT] 
2026-05-14 15:13:24,290 [ERROR] LogOutputStream:75 - [STDERR_REDIRECT] [Fatal Error] :1:1: Premature end of file.
2026-05-14 15:13:24,290 [ERROR] LogOutputStream:75 - [STDERR_REDIRECT] 
2026-05-14 15:13:25,277 [ERROR] LogOutputStream:75 - [STDERR_REDIRECT] [Fatal Error] :1:1: Premature end of file.
2026-05-14 15:13:25,277 [ERROR] LogOutputStream:75 - [STDERR_REDIRECT] 
2026-05-14 15:13:26,280 [ERROR] LogOutputStream:75 - [STDERR_REDIRECT] [Fatal Error] :1:1: Premature end of file.
2026-05-14 15:13:26,280 [ERROR] LogOutputStream:75 - [STDERR_REDIRECT] 
2026-05-14 15:13:27,290 [ERROR] LogOutputStream:75 - [STDERR_REDIRECT] [Fatal Error] :1:1: Premature end of file.
2026-05-14 15:13:27,292 [ERROR] LogOutputStream:75 - [STDERR_REDIRECT] 
2026-05-14 15:13:28,298 [ERROR] LogOutputStream:75 - [STDERR_REDIRECT] [Fatal Error] :1:1: Premature end of file.
2026-05-14 15:13:28,298 [ERROR] LogOutputStream:75 - [STDERR_REDIRECT] 
2026-05-14 15:13:29,283 [ERROR] LogOutputStream:75 - [STDERR_REDIRECT] [Fatal Error] :1:1: Premature end of file.
2026-05-14 15:13:29,283 [ERROR] LogOutputStream:75 - [STDERR_REDIRECT] 
2026-05-14 15:13:30,279 [ERROR] LogOutputStream:75 - [STDERR_REDIRECT] [Fatal Error] :1:1: Premature end of file.
2026-05-14 15:13:30,279 [ERROR] LogOutputStream:75 - [STDERR_REDIRECT] 
2026-05-14 15:13:31,273 [ERROR] LogOutputStream:75 - [STDERR_REDIRECT] [Fatal Error] :1:1: Premature end of file.
2026-05-14 15:13:31,273 [ERROR] LogOutputStream:75 - [STDERR_REDIRECT] 
2026-05-14 15:13:32,278 [ERROR] LogOutputStream:75 - [STDERR_REDIRECT] [Fatal Error] :1:1: Premature end of file.
2026-05-14 15:13:32,278 [ERROR] LogOutputStream:75 - [STDERR_REDIRECT] 
2026-05-14 15:13:33,279 [ERROR] LogOutputStream:75 - [STDERR_REDIRECT] [Fatal Error] :1:1: Premature end of file.
2026-05-14 15:13:33,279 [ERROR] LogOutputStream:75 - [STDERR_REDIRECT] 
2026-05-14 15:13:34,279 [ERROR] LogOutputStream:75 - [STDERR_REDIRECT] [Fatal Error] :1:1: Premature end of file.
2026-05-14 15:13:34,279 [ERROR] LogOutputStream:75 - [STDERR_REDIRECT] 
2026-05-14 15:13:35,274 [ERROR] LogOutputStream:75 - [STDERR_REDIRECT] [Fatal Error] :1:1: Premature end of file.
2026-05-14 15:13:35,274 [ERROR] LogOutputStream:75 - [STDERR_REDIRECT] 
2026-05-14 15:13:36,280 [ERROR] LogOutputStream:75 - [STDERR_REDIRECT] [Fatal Error] :1:1: Premature end of file.
2026-05-14 15:13:36,280 [ERROR] LogOutputStream:75 - [STDERR_REDIRECT] 
2026-05-14 15:13:37,280 [ERROR] LogOutputStream:75 - [STDERR_REDIRECT] [Fatal Error] :1:1: Premature end of file.
2026-05-14 15:13:37,280 [ERROR] LogOutputStream:75 - [STDERR_REDIRECT] 
2026-05-14 15:13:38,277 [ERROR] LogOutputStream:75 - [STDERR_REDIRECT] [Fatal Error] :1:1: Premature end of file.
2026-05-14 15:13:38,277 [ERROR] LogOutputStream:75 - [STDERR_REDIRECT] 
2026-05-14 15:13:39,281 [ERROR] LogOutputStream:75 - [STDERR_REDIRECT] [Fatal Error] :1:1: Premature end of file.
2026-05-14 15:13:39,281 [ERROR] LogOutputStream:75 - [STDERR_REDIRECT] 
2026-05-14 15:13:40,283 [ERROR] LogOutputStream:75 - [STDERR_REDIRECT] [Fatal Error] :1:1: Premature end of file.
2026-05-14 15:13:40,283 [ERROR] LogOutputStream:75 - [STDERR_REDIRECT] 
2026-05-14 15:13:41,280 [ERROR] LogOutputStream:75 - [STDERR_REDIRECT] [Fatal Error] :1:1: Premature end of file.
2026-05-14 15:13:41,280 [ERROR] LogOutputStream:75 - [STDERR_REDIRECT] 
2026-05-14 15:13:42,281 [ERROR] LogOutputStream:75 - [STDERR_REDIRECT] [Fatal Error] :1:1: Premature end of file.
2026-05-14 15:13:42,281 [ERROR] LogOutputStream:75 - [STDERR_REDIRECT] 
2026-05-14 15:13:43,284 [ERROR] LogOutputStream:75 - [STDERR_REDIRECT] [Fatal Error] :1:1: Premature end of file.
2026-05-14 15:13:43,284 [ERROR] LogOutputStream:75 - [STDERR_REDIRECT] 
2026-05-14 15:13:44,287 [ERROR] LogOutputStream:75 - [STDERR_REDIRECT] [Fatal Error] :1:1: Premature end of file.
2026-05-14 15:13:44,287 [ERROR] LogOutputStream:75 - [STDERR_REDIRECT] 
2026-05-14 15:13:45,275 [ERROR] LogOutputStream:75 - [STDERR_REDIRECT] [Fatal Error] :1:1: Premature end of file.
2026-05-14 15:13:45,275 [ERROR] LogOutputStream:75 - [STDERR_REDIRECT] 
2026-05-14 15:13:46,279 [ERROR] LogOutputStream:75 - [STDERR_REDIRECT] [Fatal Error] :1:1: Premature end of file.
2026-05-14 15:13:46,279 [ERROR] LogOutputStream:75 - [STDERR_REDIRECT] 
2026-05-14 15:13:47,283 [ERROR] LogOutputStream:75 - [STDERR_REDIRECT] [Fatal Error] :1:1: Premature end of file.
2026-05-14 15:13:47,283 [ERROR] LogOutputStream:75 - [STDERR_REDIRECT] 
2026-05-14 15:13:48,287 [ERROR] LogOutputStream:75 - [STDERR_REDIRECT] [Fatal Error] :1:1: Premature end of file.
2026-05-14 15:13:48,287 [ERROR] LogOutputStream:75 - [STDERR_REDIRECT] 
2026-05-14 15:13:49,275 [ERROR] LogOutputStream:75 - [STDERR_REDIRECT] [Fatal Error] :1:1: Premature end of file.
2026-05-14 15:13:49,275 [ERROR] LogOutputStream:75 - [STDERR_REDIRECT] 
2026-05-14 15:13:50,297 [ERROR] LogOutputStream:75 - [STDERR_REDIRECT] [Fatal Error] :1:1: Premature end of file.
2026-05-14 15:13:50,297 [ERROR] LogOutputStream:75 - [STDERR_REDIRECT] 
2026-05-14 15:13:51,277 [ERROR] LogOutputStream:75 - [STDERR_REDIRECT] [Fatal Error] :1:1: Premature end of file.
2026-05-14 15:13:51,277 [ERROR] LogOutputStream:75 - [STDERR_REDIRECT] 
2026-05-14 15:13:52,281 [ERROR] LogOutputStream:75 - [STDERR_REDIRECT] [Fatal Error] :1:1: Premature end of file.
2026-05-14 15:13:52,281 [ERROR] LogOutputStream:75 - [STDERR_REDIRECT] 
2026-05-14 15:13:53,286 [ERROR] LogOutputStream:75 - [STDERR_REDIRECT] [Fatal Error] :1:1: Premature end of file.
2026-05-14 15:13:53,286 [ERROR] LogOutputStream:75 - [STDERR_REDIRECT] 
2026-05-14 15:13:54,289 [ERROR] LogOutputStream:75 - [STDERR_REDIRECT] [Fatal Error] :1:1: Premature end of file.
2026-05-14 15:13:54,289 [ERROR] LogOutputStream:75 - [STDERR_REDIRECT] 
2026-05-14 15:13:55,280 [ERROR] LogOutputStream:75 - [STDERR_REDIRECT] [Fatal Error] :1:1: Premature end of file.
2026-05-14 15:13:55,280 [ERROR] LogOutputStream:75 - [STDERR_REDIRECT] 
2026-05-14 15:13:56,292 [ERROR] LogOutputStream:75 - [STDERR_REDIRECT] [Fatal Error] :1:1: Premature end of file.
2026-05-14 15:13:56,292 [ERROR] LogOutputStream:75 - [STDERR_REDIRECT] 
2026-05-14 15:13:57,282 [ERROR] LogOutputStream:75 - [STDERR_REDIRECT] [Fatal Error] :1:1: Premature end of file.
2026-05-14 15:13:57,282 [ERROR] LogOutputStream:75 - [STDERR_REDIRECT] 
2026-05-14 15:13:58,284 [ERROR] LogOutputStream:75 - [STDERR_REDIRECT] [Fatal Error] :1:1: Premature end of file.
2026-05-14 15:13:58,284 [ERROR] LogOutputStream:75 - [STDERR_REDIRECT] 
2026-05-14 15:13:59,273 [ERROR] LogOutputStream:75 - [STDERR_REDIRECT] [Fatal Error] :1:1: Premature end of file.
2026-05-14 15:13:59,273 [ERROR] LogOutputStream:75 - [STDERR_REDIRECT] 
2026-05-14 15:14:00,280 [ERROR] LogOutputStream:75 - [STDERR_REDIRECT] [Fatal Error] :1:1: Premature end of file.
2026-05-14 15:14:00,280 [ERROR] LogOutputStream:75 - [STDERR_REDIRECT] 
2026-05-14 15:14:01,282 [ERROR] LogOutputStream:75 - [STDERR_REDIRECT] [Fatal Error] :1:1: Premature end of file.
2026-05-14 15:14:01,282 [ERROR] LogOutputStream:75 - [STDERR_REDIRECT] 
2026-05-14 15:14:02,282 [ERROR] LogOutputStream:75 - [STDERR_REDIRECT] [Fatal Error] :1:1: Premature end of file.
2026-05-14 15:14:02,282 [ERROR] LogOutputStream:75 - [STDERR_REDIRECT] 
2026-05-14 15:14:03,280 [ERROR] LogOutputStream:75 - [STDERR_REDIRECT] [Fatal Error] :1:1: Premature end of file.
2026-05-14 15:14:03,280 [ERROR] LogOutputStream:75 - [STDERR_REDIRECT] 
2026-05-14 15:14:04,276 [ERROR] LogOutputStream:75 - [STDERR_REDIRECT] [Fatal Error] :1:1: Premature end of file.
2026-05-14 15:14:04,276 [ERROR] LogOutputStream:75 - [STDERR_REDIRECT] 
2026-05-14 15:14:05,277 [ERROR] LogOutputStream:75 - [STDERR_REDIRECT] [Fatal Error] :1:1: Premature end of file.
2026-05-14 15:14:05,277 [ERROR] LogOutputStream:75 - [STDERR_REDIRECT] 
2026-05-14 15:14:06,275 [ERROR] LogOutputStream:75 - [STDERR_REDIRECT] [Fatal Error] :1:1: Premature end of file.
2026-05-14 15:14:06,275 [ERROR] LogOutputStream:75 - [STDERR_REDIRECT] 
2026-05-14 15:14:07,282 [ERROR] LogOutputStream:75 - [STDERR_REDIRECT] [Fatal Error] :1:1: Premature end of file.
2026-05-14 15:14:07,282 [ERROR] LogOutputStream:75 - [STDERR_REDIRECT] 
2026-05-14 15:14:08,296 [ERROR] LogOutputStream:75 - [STDERR_REDIRECT] [Fatal Error] :1:1: Premature end of file.
2026-05-14 15:14:08,296 [ERROR] LogOutputStream:75 - [STDERR_REDIRECT] 
2026-05-14 15:14:09,286 [ERROR] LogOutputStream:75 - [STDERR_REDIRECT] [Fatal Error] :1:1: Premature end of file.
2026-05-14 15:14:09,286 [ERROR] LogOutputStream:75 - [STDERR_REDIRECT] 
2026-05-14 15:14:10,278 [ERROR] LogOutputStream:75 - [STDERR_REDIRECT] [Fatal Error] :1:1: Premature end of file.
2026-05-14 15:14:10,278 [ERROR] LogOutputStream:75 - [STDERR_REDIRECT] 
2026-05-14 15:14:11,274 [ERROR] LogOutputStream:75 - [STDERR_REDIRECT] [Fatal Error] :1:1: Premature end of file.
2026-05-14 15:14:11,274 [ERROR] LogOutputStream:75 - [STDERR_REDIRECT] 
2026-05-14 15:14:12,279 [ERROR] LogOutputStream:75 - [STDERR_REDIRECT] [Fatal Error] :1:1: Premature end of file.
2026-05-14 15:14:12,279 [ERROR] LogOutputStream:75 - [STDERR_REDIRECT] 
2026-05-14 15:14:13,274 [ERROR] LogOutputStream:75 - [STDERR_REDIRECT] [Fatal Error] :1:1: Premature end of file.
2026-05-14 15:14:13,274 [ERROR] LogOutputStream:75 - [STDERR_REDIRECT] 
2026-05-14 15:14:14,273 [ERROR] LogOutputStream:75 - [STDERR_REDIRECT] [Fatal Error] :1:1: Premature end of file.
2026-05-14 15:14:14,273 [ERROR] LogOutputStream:75 - [STDERR_REDIRECT] 
2026-05-14 15:14:15,284 [ERROR] LogOutputStream:75 - [STDERR_REDIRECT] [Fatal Error] :1:1: Premature end of file.
2026-05-14 15:14:15,284 [ERROR] LogOutputStream:75 - [STDERR_REDIRECT] 
2026-05-14 15:14:16,268 [ERROR] LogOutputStream:75 - [STDERR_REDIRECT] [Fatal Error] :1:1: Premature end of file.
2026-05-14 15:14:16,268 [ERROR] LogOutputStream:75 - [STDERR_REDIRECT] 
2026-05-14 15:14:17,281 [ERROR] LogOutputStream:75 - [STDERR_REDIRECT] [Fatal Error] :1:1: Premature end of file.
2026-05-14 15:14:17,281 [ERROR] LogOutputStream:75 - [STDERR_REDIRECT] 
2026-05-14 15:14:18,274 [ERROR] LogOutputStream:75 - [STDERR_REDIRECT] [Fatal Error] :1:1: Premature end of file.
2026-05-14 15:14:18,274 [ERROR] LogOutputStream:75 - [STDERR_REDIRECT] 
2026-05-14 15:14:19,274 [ERROR] LogOutputStream:75 - [STDERR_REDIRECT] [Fatal Error] :1:1: Premature end of file.
2026-05-14 15:14:19,274 [ERROR] LogOutputStream:75 - [STDERR_REDIRECT] 
2026-05-14 15:14:20,271 [ERROR] LogOutputStream:75 - [STDERR_REDIRECT] [Fatal Error] :1:1: Premature end of file.
2026-05-14 15:14:20,271 [ERROR] LogOutputStream:75 - [STDERR_REDIRECT] 
2026-05-14 15:14:21,276 [ERROR] LogOutputStream:75 - [STDERR_REDIRECT] [Fatal Error] :1:1: Premature end of file.
2026-05-14 15:14:21,278 [ERROR] LogOutputStream:75 - [STDERR_REDIRECT] 
2026-05-14 15:14:22,273 [ERROR] LogOutputStream:75 - [STDERR_REDIRECT] [Fatal Error] :1:1: Premature end of file.
2026-05-14 15:14:22,273 [ERROR] LogOutputStream:75 - [STDERR_REDIRECT] 
2026-05-14 15:14:23,297 [ERROR] LogOutputStream:75 - [STDERR_REDIRECT] [Fatal Error] :1:1: Premature end of file.
2026-05-14 15:14:23,297 [ERROR] LogOutputStream:75 - [STDERR_REDIRECT] 
2026-05-14 15:14:24,277 [ERROR] LogOutputStream:75 - [STDERR_REDIRECT] [Fatal Error] :1:1: Premature end of file.
2026-05-14 15:14:24,277 [ERROR] LogOutputStream:75 - [STDERR_REDIRECT] 
2026-05-14 15:14:25,285 [ERROR] LogOutputStream:75 - [STDERR_REDIRECT] [Fatal Error] :1:1: Premature end of file.
2026-05-14 15:14:25,285 [ERROR] LogOutputStream:75 - [STDERR_REDIRECT] 
2026-05-14 15:14:26,293 [ERROR] LogOutputStream:75 - [STDERR_REDIRECT] [Fatal Error] :1:1: Premature end of file.
2026-05-14 15:14:26,293 [ERROR] LogOutputStream:75 - [STDERR_REDIRECT] 
2026-05-14 15:14:27,285 [ERROR] LogOutputStream:75 - [STDERR_REDIRECT] [Fatal Error] :1:1: Premature end of file.
2026-05-14 15:14:27,285 [ERROR] LogOutputStream:75 - [STDERR_REDIRECT] 
2026-05-14 15:14:28,283 [ERROR] LogOutputStream:75 - [STDERR_REDIRECT] [Fatal Error] :1:1: Premature end of file.
2026-05-14 15:14:28,283 [ERROR] LogOutputStream:75 - [STDERR_REDIRECT] 
2026-05-14 15:14:29,282 [ERROR] LogOutputStream:75 - [STDERR_REDIRECT] [Fatal Error] :1:1: Premature end of file.
2026-05-14 15:14:29,282 [ERROR] LogOutputStream:75 - [STDERR_REDIRECT] 
2026-05-14 15:14:30,280 [ERROR] LogOutputStream:75 - [STDERR_REDIRECT] [Fatal Error] :1:1: Premature end of file.
2026-05-14 15:14:30,280 [ERROR] LogOutputStream:75 - [STDERR_REDIRECT] 
2026-05-14 15:14:31,283 [ERROR] LogOutputStream:75 - [STDERR_REDIRECT] [Fatal Error] :1:1: Premature end of file.
2026-05-14 15:14:31,283 [ERROR] LogOutputStream:75 - [STDERR_REDIRECT] 
2026-05-14 15:14:32,279 [ERROR] LogOutputStream:75 - [STDERR_REDIRECT] [Fatal Error] :1:1: Premature end of file.
2026-05-14 15:14:32,279 [ERROR] LogOutputStream:75 - [STDERR_REDIRECT] 
2026-05-14 15:14:33,275 [ERROR] LogOutputStream:75 - [STDERR_REDIRECT] [Fatal Error] :1:1: Premature end of file.
2026-05-14 15:14:33,275 [ERROR] LogOutputStream:75 - [STDERR_REDIRECT] 
2026-05-14 15:14:34,277 [ERROR] LogOutputStream:75 - [STDERR_REDIRECT] [Fatal Error] :1:1: Premature end of file.
2026-05-14 15:14:34,277 [ERROR] LogOutputStream:75 - [STDERR_REDIRECT] 
2026-05-14 15:14:35,287 [ERROR] LogOutputStream:75 - [STDERR_REDIRECT] [Fatal Error] :1:1: Premature end of file.
2026-05-14 15:14:35,287 [ERROR] LogOutputStream:75 - [STDERR_REDIRECT] 
2026-05-14 15:14:36,279 [ERROR] LogOutputStream:75 - [STDERR_REDIRECT] [Fatal Error] :1:1: Premature end of file.
2026-05-14 15:14:36,279 [ERROR] LogOutputStream:75 - [STDERR_REDIRECT] 
2026-05-14 15:14:37,290 [ERROR] LogOutputStream:75 - [STDERR_REDIRECT] [Fatal Error] :1:1: Premature end of file.
2026-05-14 15:14:37,290 [ERROR] LogOutputStream:75 - [STDERR_REDIRECT] 
2026-05-14 15:14:38,275 [ERROR] LogOutputStream:75 - [STDERR_REDIRECT] [Fatal Error] :1:1: Premature end of file.
2026-05-14 15:14:38,275 [ERROR] LogOutputStream:75 - [STDERR_REDIRECT] 
2026-05-14 15:14:39,283 [ERROR] LogOutputStream:75 - [STDERR_REDIRECT] [Fatal Error] :1:1: Premature end of file.
2026-05-14 15:14:39,283 [ERROR] LogOutputStream:75 - [STDERR_REDIRECT] 
2026-05-14 15:14:40,281 [ERROR] LogOutputStream:75 - [STDERR_REDIRECT] [Fatal Error] :1:1: Premature end of file.
2026-05-14 15:14:40,281 [ERROR] LogOutputStream:75 - [STDERR_REDIRECT] 
2026-05-14 15:14:41,287 [ERROR] LogOutputStream:75 - [STDERR_REDIRECT] [Fatal Error] :1:1: Premature end of file.
2026-05-14 15:14:41,287 [ERROR] LogOutputStream:75 - [STDERR_REDIRECT] 
2026-05-14 15:14:42,280 [ERROR] LogOutputStream:75 - [STDERR_REDIRECT] [Fatal Error] :1:1: Premature end of file.
2026-05-14 15:14:42,280 [ERROR] LogOutputStream:75 - [STDERR_REDIRECT] 
2026-05-14 15:14:43,285 [ERROR] LogOutputStream:75 - [STDERR_REDIRECT] [Fatal Error] :1:1: Premature end of file.
2026-05-14 15:14:43,285 [ERROR] LogOutputStream:75 - [STDERR_REDIRECT] 
2026-05-14 15:14:44,283 [ERROR] LogOutputStream:75 - [STDERR_REDIRECT] [Fatal Error] :1:1: Premature end of file.
2026-05-14 15:14:44,283 [ERROR] LogOutputStream:75 - [STDERR_REDIRECT] 
2026-05-14 15:14:45,273 [ERROR] LogOutputStream:75 - [STDERR_REDIRECT] [Fatal Error] :1:1: Premature end of file.
2026-05-14 15:14:45,273 [ERROR] LogOutputStream:75 - [STDERR_REDIRECT] 
2026-05-14 15:14:46,275 [ERROR] LogOutputStream:75 - [STDERR_REDIRECT] [Fatal Error] :1:1: Premature end of file.
2026-05-14 15:14:46,275 [ERROR] LogOutputStream:75 - [STDERR_REDIRECT] 
2026-05-14 15:14:47,275 [ERROR] LogOutputStream:75 - [STDERR_REDIRECT] [Fatal Error] :1:1: Premature end of file.
2026-05-14 15:14:47,275 [ERROR] LogOutputStream:75 - [STDERR_REDIRECT] 
2026-05-14 15:14:48,279 [ERROR] LogOutputStream:75 - [STDERR_REDIRECT] [Fatal Error] :1:1: Premature end of file.
2026-05-14 15:14:48,279 [ERROR] LogOutputStream:75 - [STDERR_REDIRECT] 
2026-05-14 15:14:49,281 [ERROR] LogOutputStream:75 - [STDERR_REDIRECT] [Fatal Error] :1:1: Premature end of file.
2026-05-14 15:14:49,281 [ERROR] LogOutputStream:75 - [STDERR_REDIRECT] 
2026-05-14 15:14:50,284 [ERROR] LogOutputStream:75 - [STDERR_REDIRECT] [Fatal Error] :1:1: Premature end of file.
2026-05-14 15:14:50,284 [ERROR] LogOutputStream:75 - [STDERR_REDIRECT] 
2026-05-14 15:14:51,287 [ERROR] LogOutputStream:75 - [STDERR_REDIRECT] [Fatal Error] :1:1: Premature end of file.
2026-05-14 15:14:51,287 [ERROR] LogOutputStream:75 - [STDERR_REDIRECT] 
2026-05-14 15:14:52,273 [ERROR] LogOutputStream:75 - [STDERR_REDIRECT] [Fatal Error] :1:1: Premature end of file.
2026-05-14 15:14:52,273 [ERROR] LogOutputStream:75 - [STDERR_REDIRECT] 
2026-05-14 15:14:53,276 [ERROR] LogOutputStream:75 - [STDERR_REDIRECT] [Fatal Error] :1:1: Premature end of file.
2026-05-14 15:14:53,276 [ERROR] LogOutputStream:75 - [STDERR_REDIRECT] 
2026-05-14 15:14:54,279 [ERROR] LogOutputStream:75 - [STDERR_REDIRECT] [Fatal Error] :1:1: Premature end of file.
2026-05-14 15:14:54,279 [ERROR] LogOutputStream:75 - [STDERR_REDIRECT] 
2026-05-14 15:14:55,281 [ERROR] LogOutputStream:75 - [STDERR_REDIRECT] [Fatal Error] :1:1: Premature end of file.
2026-05-14 15:14:55,281 [ERROR] LogOutputStream:75 - [STDERR_REDIRECT] 
2026-05-14 15:14:56,295 [ERROR] LogOutputStream:75 - [STDERR_REDIRECT] [Fatal Error] :1:1: Premature end of file.
2026-05-14 15:14:56,295 [ERROR] LogOutputStream:75 - [STDERR_REDIRECT] 
2026-05-14 15:14:57,270 [ERROR] LogOutputStream:75 - [STDERR_REDIRECT] [Fatal Error] :1:1: Premature end of file.
2026-05-14 15:14:57,270 [ERROR] LogOutputStream:75 - [STDERR_REDIRECT] 
2026-05-14 15:14:58,290 [ERROR] LogOutputStream:75 - [STDERR_REDIRECT] [Fatal Error] :1:1: Premature end of file.
2026-05-14 15:14:58,290 [ERROR] LogOutputStream:75 - [STDERR_REDIRECT] 
2026-05-14 15:14:59,272 [ERROR] LogOutputStream:75 - [STDERR_REDIRECT] [Fatal Error] :1:1: Premature end of file.
2026-05-14 15:14:59,272 [ERROR] LogOutputStream:75 - [STDERR_REDIRECT] 
2026-05-14 15:15:00,281 [ERROR] LogOutputStream:75 - [STDERR_REDIRECT] [Fatal Error] :1:1: Premature end of file.
2026-05-14 15:15:00,281 [ERROR] LogOutputStream:75 - [STDERR_REDIRECT] 
2026-05-14 15:15:01,275 [ERROR] LogOutputStream:75 - [STDERR_REDIRECT] [Fatal Error] :1:1: Premature end of file.
2026-05-14 15:15:01,275 [ERROR] LogOutputStream:75 - [STDERR_REDIRECT] 
2026-05-14 15:15:02,286 [ERROR] LogOutputStream:75 - [STDERR_REDIRECT] [Fatal Error] :1:1: Premature end of file.
2026-05-14 15:15:02,286 [ERROR] LogOutputStream:75 - [STDERR_REDIRECT] 
2026-05-14 15:15:03,272 [ERROR] LogOutputStream:75 - [STDERR_REDIRECT] [Fatal Error] :1:1: Premature end of file.
2026-05-14 15:15:03,272 [ERROR] LogOutputStream:75 - [STDERR_REDIRECT] 
2026-05-14 15:15:04,273 [ERROR] LogOutputStream:75 - [STDERR_REDIRECT] [Fatal Error] :1:1: Premature end of file.
2026-05-14 15:15:04,273 [ERROR] LogOutputStream:75 - [STDERR_REDIRECT] 
2026-05-14 15:15:05,275 [ERROR] LogOutputStream:75 - [STDERR_REDIRECT] [Fatal Error] :1:1: Premature end of file.
2026-05-14 15:15:05,275 [ERROR] LogOutputStream:75 - [STDERR_REDIRECT] 
2026-05-14 15:15:06,279 [ERROR] LogOutputStream:75 - [STDERR_REDIRECT] [Fatal Error] :1:1: Premature end of file.
2026-05-14 15:15:06,279 [ERROR] LogOutputStream:75 - [STDERR_REDIRECT] 
2026-05-14 15:15:07,281 [ERROR] LogOutputStream:75 - [STDERR_REDIRECT] [Fatal Error] :1:1: Premature end of file.
2026-05-14 15:15:07,281 [ERROR] LogOutputStream:75 - [STDERR_REDIRECT] 
2026-05-14 15:15:08,285 [ERROR] LogOutputStream:75 - [STDERR_REDIRECT] [Fatal Error] :1:1: Premature end of file.
2026-05-14 15:15:08,285 [ERROR] LogOutputStream:75 - [STDERR_REDIRECT] 
2026-05-14 15:15:09,274 [ERROR] LogOutputStream:75 - [STDERR_REDIRECT] [Fatal Error] :1:1: Premature end of file.
2026-05-14 15:15:09,275 [ERROR] LogOutputStream:75 - [STDERR_REDIRECT] 
2026-05-14 15:15:10,275 [ERROR] LogOutputStream:75 - [STDERR_REDIRECT] [Fatal Error] :1:1: Premature end of file.
2026-05-14 15:15:10,275 [ERROR] LogOutputStream:75 - [STDERR_REDIRECT] 
2026-05-14 15:15:11,272 [ERROR] LogOutputStream:75 - [STDERR_REDIRECT] [Fatal Error] :1:1: Premature end of file.
2026-05-14 15:15:11,272 [ERROR] LogOutputStream:75 - [STDERR_REDIRECT] 
2026-05-14 15:15:12,274 [ERROR] LogOutputStream:75 - [STDERR_REDIRECT] [Fatal Error] :1:1: Premature end of file.
2026-05-14 15:15:12,275 [ERROR] LogOutputStream:75 - [STDERR_REDIRECT] 
2026-05-14 15:15:13,272 [ERROR] LogOutputStream:75 - [STDERR_REDIRECT] [Fatal Error] :1:1: Premature end of file.
2026-05-14 15:15:13,272 [ERROR] LogOutputStream:75 - [STDERR_REDIRECT] 
2026-05-14 15:15:14,273 [ERROR] LogOutputStream:75 - [STDERR_REDIRECT] [Fatal Error] :1:1: Premature end of file.
2026-05-14 15:15:14,273 [ERROR] LogOutputStream:75 - [STDERR_REDIRECT] 
2026-05-14 15:15:15,272 [ERROR] LogOutputStream:75 - [STDERR_REDIRECT] [Fatal Error] :1:1: Premature end of file.
2026-05-14 15:15:15,272 [ERROR] LogOutputStream:75 - [STDERR_REDIRECT] 
2026-05-14 15:15:16,274 [ERROR] LogOutputStream:75 - [STDERR_REDIRECT] [Fatal Error] :1:1: Premature end of file.
2026-05-14 15:15:16,274 [ERROR] LogOutputStream:75 - [STDERR_REDIRECT] 
2026-05-14 15:15:17,275 [ERROR] LogOutputStream:75 - [STDERR_REDIRECT] [Fatal Error] :1:1: Premature end of file.
2026-05-14 15:15:17,275 [ERROR] LogOutputStream:75 - [STDERR_REDIRECT] 
2026-05-14 15:15:18,273 [ERROR] LogOutputStream:75 - [STDERR_REDIRECT] [Fatal Error] :1:1: Premature end of file.
2026-05-14 15:15:18,274 [ERROR] LogOutputStream:75 - [STDERR_REDIRECT] 
2026-05-14 15:15:18,405 [ERROR] LogOutputStream:75 - [STDERR_REDIRECT] 
